timestamp_local,PV_P_kW,PV_E_kWh,Load_kW,Load_E_kWh,Net_P_kW,Net_E_kWh,Import_kWh,Export_kWh,Buy_$,Sell_$,NetBill_$
2022-12-31 00:00:00-08:00,0.0809569425,0.0809569425,5.778870632646363,5.778870632646363,-5.697913690146363,-5.697913690146363,5.697913690146363,0.0,1.7093741070439088,0.0,1.7093741070439088
2023-01-01 00:00:00-08:00,8.183508381,8.183508381,24.80328549293223,24.80328549293223,-16.61977711193223,-16.61977711193223,17.90563970269412,1.28586259076189,5.371691910808236,0.19287938861428347,5.178812522193953
2023-01-02 00:00:00-08:00,0.8706292046999993,0.8706292046999993,25.26095823678763,25.26095823678763,-24.39032903208763,-24.39032903208763,24.39032903208763,0.0,7.317098709626289,0.0,7.317098709626289
2023-01-03 00:00:00-08:00,4.108011165899999,4.108011165899999,23.703420108013407,23.703420108013407,-19.59540894211341,-19.59540894211341,19.76351816488492,0.1681092227715129,5.929055449465476,0.025216383415726937,5.903839066049749
2023-01-04 00:00:00-08:00,1.2278887550999995,1.2278887550999995,24.633958713851904,24.633958713851904,-23.406069958751903,-23.406069958751903,23.406069958751903,0.0,7.021820987625571,0.0,7.021820987625571
2023-01-05 00:00:00-08:00,2.1777603434999993,2.1777603434999993,26.585661587691654,26.585661587691654,-24.407901244191656,-24.407901244191656,24.587381747044645,0.17948050285299033,7.376214524113394,0.02692207542794855,7.349292448685445
2023-01-06 00:00:00-08:00,5.229113095799999,5.229113095799999,26.122584699152654,26.122584699152654,-20.893471603352655,-20.893471603352655,20.911224235295492,0.017752631942836217,6.273367270588648,0.0026628947914254324,6.270704375797222
2023-01-07 00:00:00-08:00,1.6181523764999997,1.6181523764999997,28.608498842381834,28.608498842381834,-26.990346465881835,-26.990346465881835,26.990346465881835,0.0,8.09710393976455,0.0,8.09710393976455
2023-01-08 00:00:00-08:00,4.286003357699999,4.286003357699999,29.795460786220257,29.795460786220257,-25.509457428520257,-25.509457428520257,25.637356901739004,0.12789947321874906,7.691207070521701,0.019184920982812357,7.672022149538888
2023-01-09 00:00:00-08:00,2.5455471695999994,2.5455471695999994,25.254624374966767,25.254624374966767,-22.709077205366768,-22.709077205366768,22.709077205366768,0.0,6.81272316161003,0.0,6.81272316161003
2023-01-10 00:00:00-08:00,2.8569153734999992,2.8569153734999992,26.650837847850973,26.650837847850973,-23.793922474350975,-23.793922474350975,24.01877655513795,0.22485408078697855,7.205632966541385,0.03372811211804678,7.171904854423339
2023-01-11 00:00:00-08:00,0.8924546114999994,0.8924546114999994,24.43116842663258,24.43116842663258,-23.538713815132585,-23.538713815132585,23.538713815132585,0.0,7.061614144539775,0.0,7.061614144539775
2023-01-12 00:00:00-08:00,7.3963607085,7.3963607085,22.43184964229027,22.43184964229027,-15.03548893379027,-15.03548893379027,16.10386356647491,1.068374632684638,4.831159069942473,0.1602561949026957,4.670902875039777
2023-01-13 00:00:00-08:00,1.4407632755999993,1.4407632755999993,24.360553496389308,24.360553496389308,-22.91979022078931,-22.91979022078931,22.91979022078931,0.0,6.8759370662367925,0.0,6.8759370662367925
2023-01-14 00:00:00-08:00,2.1011056856999994,2.1011056856999994,26.586613854194685,26.586613854194685,-24.485508168494682,-24.485508168494682,24.485508168494682,0.0,7.345652450548404,0.0,7.345652450548404
2023-01-15 00:00:00-08:00,1.5091508141999994,1.5091508141999994,27.62743359070726,27.62743359070726,-26.11828277650726,-26.11828277650726,26.11828277650726,0.0,7.835484832952178,0.0,7.835484832952178
2023-01-16 00:00:00-08:00,4.203760815,4.203760815,25.172696443569137,25.172696443569137,-20.968935628569135,-20.968935628569135,21.439873187421462,0.4709375588523264,6.431961956226439,0.07064063382784896,6.36132132239859
2023-01-17 00:00:00-08:00,8.3835408969,8.3835408969,22.733443452429885,22.733443452429885,-14.349902555529885,-14.349902555529885,16.062978106799463,1.7130755512695777,4.818893432039839,0.25696133269043664,4.561932099349402
2023-01-18 00:00:00-08:00,6.380311558499998,6.380311558499998,26.348578523155744,26.348578523155744,-19.968266964655747,-19.968266964655747,20.177610388405494,0.2093434237497468,6.053283116521648,0.03140151356246202,6.021881602959186
2023-01-19 00:00:00-08:00,8.380693066499997,8.380693066499997,25.337532279419236,25.337532279419236,-16.95683921291924,-16.95683921291924,18.315587455639022,1.3587482427197841,5.494676236691706,0.2038122364079676,5.290864000283738
2023-01-20 00:00:00-08:00,8.8553062188,8.8553062188,23.44993214488025,23.44993214488025,-14.594625926080251,-14.594625926080251,16.442899084829037,1.8482731587487837,4.932869725448711,0.27724097381231755,4.655628751636393
2023-01-21 00:00:00-08:00,8.735235947099998,8.735235947099998,25.86320937147751,25.86320937147751,-17.12797342437751,-17.12797342437751,18.588112517293467,1.4601390929159535,5.57643375518804,0.219020863937393,5.357412891250647
2023-01-22 00:00:00-08:00,8.6584695687,8.6584695687,25.523334748115527,25.523334748115527,-16.864865179415528,-16.864865179415528,18.446685381764024,1.5818202023484926,5.534005614529207,0.23727303035227387,5.296732584176933
2023-01-23 00:00:00-08:00,8.9941862052,8.9941862052,25.862066134903525,25.862066134903525,-16.867879929703523,-16.867879929703523,18.66056649920894,1.7926865695054168,5.598169949762682,0.26890298542581254,5.3292669643368695
2023-01-24 00:00:00-08:00,8.848682708399998,8.848682708399998,22.20253262411112,22.20253262411112,-13.353849915711121,-13.353849915711121,15.620574544729406,2.266724629018284,4.686172363418821,0.3400086943527426,4.346163669066079
2023-01-25 00:00:00-08:00,8.8176222162,8.8176222162,23.17905330235841,23.17905330235841,-14.361431086158413,-14.361431086158413,16.32551097276555,1.9640798866071358,4.8976532918296645,0.2946119829910704,4.603041308838594
2023-01-26 00:00:00-08:00,8.895235395599999,8.895235395599999,23.683798496994434,23.683798496994434,-14.788563101394434,-14.788563101394434,16.74869090496247,1.9601278035680347,5.02460727148874,0.2940191705352052,4.730588100953535
2023-01-27 00:00:00-08:00,8.824031978399999,8.824031978399999,24.887971087045624,24.887971087045624,-16.063939108645627,-16.063939108645627,17.692981475399634,1.6290423667540073,5.30789444261989,0.24435635501310107,5.063538087606789
2023-01-28 00:00:00-08:00,8.218560186,8.218560186,27.52535468786177,27.52535468786177,-19.306794501861773,-19.306794501861773,20.4108205108381,1.1040260089763274,6.12324615325143,0.16560390134644912,5.957642251904981
2023-01-29 00:00:00-08:00,3.3623069867999997,3.3623069867999997,25.88755766273201,25.88755766273201,-22.525250675932014,-22.525250675932014,22.525250675932014,0.0,6.757575202779604,0.0,6.757575202779604
2023-01-30 00:00:00-08:00,9.394768611,9.394768611,24.181567448656587,24.181567448656587,-14.786798837656589,-14.786798837656589,16.964615075195155,2.177816237538568,5.089384522558547,0.3266724356307852,4.7627120869277615
2023-01-31 00:00:00-08:00,9.3159917694,9.3159917694,26.601255083100153,26.601255083100153,-17.285263313700156,-17.285263313700156,19.034272627920505,1.7490093142203507,5.710281788376151,0.2623513971330526,5.447930391243099
2023-02-01 00:00:00-08:00,8.773822621799999,8.773822621799999,22.17432323453407,22.17432323453407,-13.40050061273407,-13.40050061273407,15.327698111078673,1.9271974983446012,4.598309433323601,0.2890796247516902,4.309229808571911
2023-02-02 00:00:00-08:00,6.1764018803999985,6.1764018803999985,26.78703857743118,26.78703857743118,-20.61063669703118,-20.61063669703118,20.848668217179625,0.23803152014844475,6.254600465153888,0.035704728022266714,6.218895737131621
2023-02-03 00:00:00-08:00,1.9060814591999995,1.9060814591999995,23.72438730476638,23.72438730476638,-21.818305845566382,-21.818305845566382,21.818305845566382,0.0,6.545491753669914,0.0,6.545491753669914
2023-02-04 00:00:00-08:00,2.918747314799999,2.918747314799999,25.070209214137318,25.070209214137318,-22.151461899337317,-22.151461899337317,22.151461899337317,0.0,6.645438569801195,0.0,6.645438569801195
2023-02-05 00:00:00-08:00,6.073592271299999,6.073592271299999,27.673743443065337,27.673743443065337,-21.60015117176534,-21.60015117176534,22.15315640678512,0.5530052350197798,6.645946922035535,0.08295078525296697,6.562996136782568
2023-02-06 00:00:00-08:00,9.4129607196,9.4129607196,23.767243567140927,23.767243567140927,-14.35428284754093,-14.35428284754093,16.560538102534263,2.2062552549933354,4.968161430760278,0.3309382882490003,4.637223142511278
2023-02-07 00:00:00-08:00,8.6566153761,8.6566153761,23.900185837750307,23.900185837750307,-15.24357046165031,-15.24357046165031,17.059408360235572,1.8158378985852628,5.117822508070671,0.2723756847877894,4.845446823282882
2023-02-08 00:00:00-08:00,9.026434629899999,9.026434629899999,24.53381922415807,24.53381922415807,-15.50738459425807,-15.50738459425807,17.460808078650423,1.9534234843923526,5.238242423595127,0.2930135226588529,4.945228900936273
2023-02-09 00:00:00-08:00,9.471433058999999,9.471433058999999,25.053321910420795,25.053321910420795,-15.581888851420798,-15.581888851420798,17.71786217400017,2.135973322579373,5.315358652200051,0.3203959983869059,4.994962653813145
2023-02-10 00:00:00-08:00,6.392638335599999,6.392638335599999,22.080280621331777,22.080280621331777,-15.687642285731778,-15.687642285731778,17.597414088731465,1.9097718029996869,5.27922422661944,0.286465770449953,4.992758456169486
2023-02-11 00:00:00-08:00,4.678300065599999,4.678300065599999,27.08251067006523,27.08251067006523,-22.40421060446523,-22.40421060446523,22.93923637643565,0.5350257719704208,6.881770912930695,0.08025386579556311,6.801517047135132
2023-02-12 00:00:00-08:00,9.5873950917,9.5873950917,26.471389611907345,26.471389611907345,-16.883994520207345,-16.883994520207345,18.683917179581428,1.7999226593740842,5.605175153874428,0.26998839890611265,5.335186754968316
2023-02-13 00:00:00-08:00,9.5078080935,9.5078080935,23.677134682133666,23.677134682133666,-14.169326588633666,-14.169326588633666,16.40456298892149,2.2352364002878233,4.921368896676447,0.3352854600431735,4.586083436633274
2023-02-14 00:00:00-08:00,6.799457933099999,6.799457933099999,25.247130392955306,25.247130392955306,-18.44767245985531,-18.44767245985531,19.183120525158007,0.735448065302697,5.754936157547402,0.11031720979540455,5.644618947751997
2023-02-15 00:00:00-08:00,10.041689460825,10.041689460825,26.86932681175494,26.86932681175494,-16.827637350929944,-16.827637350929944,19.14107080138246,2.3134334504525214,5.742321240414738,0.34701501756787817,5.39530622284686
2023-02-16 00:00:00-08:00,7.619333844599999,7.619333844599999,23.560233624854117,23.560233624854117,-15.940899780254117,-15.940899780254117,17.529819485770318,1.5889197055162003,5.258945845731096,0.23833795582743003,5.0206078899036655
2023-02-17 00:00:00-08:00,9.680656744124999,9.680656744124999,24.437429655665703,24.437429655665703,-14.756772911540704,-14.756772911540704,16.99394428960766,2.237171378066958,5.098183286882298,0.3355757067100437,4.762607580172254
2023-02-18 00:00:00-08:00,8.5829584149,8.5829584149,24.93552772365098,24.93552772365098,-16.35256930875098,-16.35256930875098,17.67638760752413,1.3238182987731515,5.302916282257239,0.19857274481597273,5.104343537441266
2023-02-19 00:00:00-08:00,9.551553230925,9.551553230925,24.007301578580652,24.007301578580652,-14.455748347655652,-14.455748347655652,16.675791797494195,2.2200434498385433,5.002737539248258,0.33300651747578147,4.669731021772477
2023-02-20 00:00:00-08:00,9.148531497299999,9.148531497299999,27.116698310675144,27.116698310675144,-17.968166813375145,-17.968166813375145,19.752183620581253,1.78401680720611,5.925655086174376,0.2676025210809165,5.65805256509346
2023-02-21 00:00:00-08:00,9.225949252725,9.225949252725,24.531018249473693,24.531018249473693,-15.305068996748693,-15.305068996748693,17.321913489207656,2.016844492458963,5.196574046762296,0.3025266738688444,4.894047372893452
2023-02-22 00:00:00-08:00,8.743871791799998,8.743871791799998,22.727030173518802,22.727030173518802,-13.983158381718802,-13.983158381718802,16.019163573679037,2.0360051919602355,4.805749072103711,0.3054007787940353,4.500348293309676
2023-02-23 00:00:00-08:00,8.868288309525,8.868288309525,23.062343525354372,23.062343525354372,-14.194055215829373,-14.194055215829373,16.28257651839058,2.0885213025612073,4.884772955517174,0.31327819538418106,4.5714947601329925
2023-02-24 00:00:00-08:00,6.100698149099999,6.100698149099999,25.973502182641106,25.973502182641106,-19.872804033541104,-19.872804033541104,20.63073289040372,0.7579288568626148,6.189219867121116,0.11368932852939222,6.075530538591724
2023-02-25 00:00:00-08:00,6.386148795824999,6.386148795824999,26.733178849736582,26.733178849736582,-20.34703005391158,-20.34703005391158,20.44811569302335,0.10108563911176782,6.134434707907005,0.015162845866765173,6.1192718620402395
2023-02-26 00:00:00-08:00,2.0274438422249994,2.0274438422249994,27.775000383057336,27.775000383057336,-25.74755654083234,-25.74755654083234,25.74755654083234,0.0,7.724266962249701,0.0,7.724266962249701
2023-02-27 00:00:00-08:00,2.8197230111999994,2.8197230111999994,23.4498291901017,23.4498291901017,-20.6301061789017,-20.6301061789017,20.737926151333,0.10781997243129976,6.2213778453999,0.016172995864694964,6.205204849535205
2023-02-28 00:00:00-08:00,3.6037039718249995,3.6037039718249995,22.691040140795824,22.691040140795824,-19.087336168970822,-19.087336168970822,19.44474233714442,0.35740616817359466,5.833422701143325,0.0536109252260392,5.7798117759172865
2023-03-01 00:00:00-08:00,10.468858396724999,10.468858396724999,24.816831933270606,24.816831933270606,-14.347973536545606,-14.347973536545606,17.114353331483425,2.7663797949378175,5.1343059994450275,0.4149569692406726,4.719349030204355
2023-03-02 00:00:00-08:00,9.993554635725,9.993554635725,24.82121151435781,24.82121151435781,-14.82765687863281,-14.82765687863281,17.14700268130001,2.319345802667199,5.1441008043900025,0.34790187040007986,4.796198933989922
2023-03-03 00:00:00-08:00,8.636081575725,8.636081575725,27.057406465327677,27.057406465327677,-18.42132488960268,-18.42132488960268,19.75975471130364,1.3384298217009598,5.927926413391091,0.20076447325514396,5.7271619401359475
2023-03-04 00:00:00-08:00,5.909545487699999,5.909545487699999,25.844841405271364,25.844841405271364,-19.935295917571366,-19.935295917571366,20.961370723479963,1.0260748059085973,6.288411217043989,0.15391122088628958,6.134499996157699
2023-03-05 00:00:00-08:00,8.533090515824998,8.533090515824998,28.488167739688993,28.488167739688993,-19.955077223863995,-19.955077223863995,21.451604737644473,1.4965275137804777,6.435481421293342,0.22447912706707165,6.21100229422627
2023-03-06 00:00:00-08:00,7.785474169724999,7.785474169724999,26.761079175183472,26.761079175183472,-18.975605005458473,-18.975605005458473,20.484748413018167,1.5091434075596974,6.14542452390545,0.2263715111339546,5.919053012771496
2023-03-07 00:00:00-08:00,8.642848086225,8.642848086225,25.743454127895667,25.743454127895667,-17.10060604167067,-17.10060604167067,18.466708571178515,1.3661025295078446,5.540012571353555,0.20491537942617669,5.335097191927378
2023-03-08 00:00:00-08:00,8.03293093215,8.03293093215,23.631875483960027,23.631875483960027,-15.598944551810028,-15.598944551810028,17.201100325030442,1.6021557732204135,5.160330097509132,0.240323365983062,4.920006731526071
2023-03-09 00:00:00-08:00,1.5673456988999996,1.5673456988999996,22.696642866384035,22.696642866384035,-21.129297167484037,-21.129297167484037,21.129297167484037,0.0,6.338789150245211,0.0,6.338789150245211
2023-03-10 00:00:00-08:00,2.596887431999999,2.596887431999999,24.122957740320476,24.122957740320476,-21.526070308320477,-21.526070308320477,21.526070308320477,0.0,6.457821092496143,0.0,6.457821092496143
2023-03-11 00:00:00-08:00,6.592052689199999,6.592052689199999,26.744741590334105,26.744741590334105,-20.152688901134105,-20.152688901134105,21.090869197415277,0.9381802962811715,6.327260759224583,0.1407270444421757,6.186533714782407
2023-03-12 00:00:00-08:00,4.8923534925,4.8923534925,25.93865506949162,25.93865506949162,-21.046301576991624,-21.046301576991624,21.483259669161953,0.4369580921703298,6.444977900748586,0.06554371382554947,6.379434186923036
2023-03-13 00:00:00-07:00,5.905885902299999,5.905885902299999,23.949365856357744,23.949365856357744,-18.043479954057744,-18.043479954057744,18.90372206881474,0.8602421147569955,5.671116620644422,0.12903631721354933,5.542080303430873
2023-03-14 00:00:00-07:00,8.3991957345,8.3991957345,25.96837581532833,25.96837581532833,-17.569180080828332,-17.569180080828332,19.994247136581283,2.4250670557529532,5.9982741409743845,0.36376005836294295,5.6345140826114415
2023-03-15 00:00:00-07:00,9.769504637025,9.769504637025,23.470771136822975,23.470771136822975,-13.701266499797976,-13.701266499797976,16.806500181719993,3.105233681922016,5.041950054515998,0.46578505228830236,4.576165002227696
2023-03-16 00:00:00-07:00,10.158303743325,10.158303743325,22.615640934758645,22.615640934758645,-12.457337191433645,-12.457337191433645,15.749524476664515,3.2921872852308693,4.724857342999354,0.49382809278463036,4.231029250214724
2023-03-17 00:00:00-07:00,10.061558415224999,10.061558415224999,24.74828493474956,24.74828493474956,-14.686726519524559,-14.686726519524559,17.554444199779386,2.867717680254826,5.266333259933815,0.4301576520382239,4.8361756078955915
2023-03-18 00:00:00-07:00,5.0929524657,5.0929524657,27.260791778306988,27.260791778306988,-22.16783931260699,-22.16783931260699,22.504586321776962,0.3367470091699748,6.751375896533088,0.05051205137549622,6.700863845157592
2023-03-19 00:00:00-07:00,4.787357440275,4.787357440275,23.570705735264788,23.570705735264788,-18.78334829498979,-18.78334829498979,19.68870528263402,0.9053569876442323,5.906611584790206,0.13580354814663484,5.7708080366435714
2023-03-20 00:00:00-07:00,8.25837935265,8.25837935265,25.009610127389998,25.009610127389998,-16.751230774739998,-16.751230774739998,19.603203308688467,2.8519725339484676,5.88096099260654,0.42779588009227015,5.45316511251427
2023-03-21 00:00:00-07:00,1.6889130004499993,1.6889130004499993,23.372132239998628,23.372132239998628,-21.683219239548627,-21.683219239548627,21.683219239548627,0.0,6.504965771864588,0.0,6.504965771864588
2023-03-22 00:00:00-07:00,5.329390160249999,5.329390160249999,27.38930439444969,27.38930439444969,-22.059914234199695,-22.059914234199695,22.234722370079627,0.17480813587993438,6.670416711023888,0.026221220381990155,6.644195490641898
2023-03-23 00:00:00-07:00,8.910525071699999,8.910525071699999,24.551971993259645,24.551971993259645,-15.641446921559645,-15.641446921559645,18.45019814003563,2.8087512184759866,5.535059442010689,0.421312682771398,5.113746759239291
2023-03-24 00:00:00-07:00,10.847918877749999,10.847918877749999,22.915029995703684,22.915029995703684,-12.067111117953683,-12.067111117953683,15.683659325688106,3.6165482077344233,4.705097797706432,0.5424822311601635,4.162615566546268
2023-03-25 00:00:00-07:00,10.87540272045,10.87540272045,28.717504083724286,28.717504083724286,-17.842101363274285,-17.842101363274285,20.710916910796236,2.8688155475219514,6.21327507323887,0.4303223321282927,5.782952741110578
2023-03-26 00:00:00-07:00,11.053484779049999,11.053484779049999,27.187183464930584,27.187183464930584,-16.13369868588058,-16.13369868588058,19.31371017456797,3.180011488687388,5.794113052370391,0.47700172330310814,5.3171113290672825
2023-03-27 00:00:00-07:00,10.647463413599999,10.647463413599999,26.64135987661703,26.64135987661703,-15.993896463017032,-15.993896463017032,18.897279244716273,2.90338278169924,5.669183773414882,0.435507417254886,5.233676356159996
2023-03-28 00:00:00-07:00,2.494311352649999,2.494311352649999,26.78518674151738,26.78518674151738,-24.29087538886738,-24.29087538886738,24.29087538886738,0.0,7.287262616660214,0.0,7.287262616660214
2023-03-29 00:00:00-07:00,3.1771661629499994,3.1771661629499994,24.31789996057869,24.31789996057869,-21.140733797628688,-21.140733797628688,21.306026009412236,0.16529221178354553,6.391807802823671,0.02479383176753183,6.367013971056139
2023-03-30 00:00:00-07:00,8.477514890999998,8.477514890999998,23.586423657149698,23.586423657149698,-15.1089087661497,-15.1089087661497,16.891862331309802,1.782953565160104,5.067558699392941,0.2674430347740156,4.800115664618925
2023-03-31 00:00:00-07:00,9.300574245599998,9.300574245599998,23.84210064077572,23.84210064077572,-14.54152639517572,-14.54152639517572,16.616164755230514,2.074638360054793,4.984849426569154,0.3111957540082189,4.673653672560935
2023-04-01 00:00:00-07:00,10.8069136362,10.8069136362,27.426598839434906,27.426598839434906,-16.619685203234905,-16.619685203234905,19.40784880201711,2.7881635987822033,5.822354640605133,0.4182245398173305,5.404130100787802
2023-04-02 00:00:00-07:00,7.294474345499999,7.294474345499999,24.632435869001565,24.632435869001565,-17.337961523501566,-17.337961523501566,18.545048635141644,1.2070871116400792,5.563514590542493,0.18106306674601189,5.3824515237964805
2023-04-03 00:00:00-07:00,11.2746579534,11.2746579534,26.340551315240816,26.340551315240816,-15.065893361840816,-15.065893361840816,18.263705787194873,3.1978124253540567,5.479111736158462,0.4796718638031085,4.999439872355353
2023-04-04 00:00:00-07:00,10.974344305499999,10.974344305499999,25.17012325994244,25.17012325994244,-14.19577895444244,-14.19577895444244,17.523532518148887,3.3277535637064464,5.257059755444666,0.49916303455596694,4.757896720888699
2023-04-05 00:00:00-07:00,10.032214686299998,10.032214686299998,21.546171875021532,21.546171875021532,-11.513957188721532,-11.513957188721532,14.995490982571535,3.4815337938500033,4.498647294771461,0.5222300690775005,3.97641722569396
2023-04-06 00:00:00-07:00,8.1773201862,8.1773201862,24.92553242098233,24.92553242098233,-16.74821223478233,-16.74821223478233,18.459050507410083,1.7108382726277553,5.537715152223025,0.2566257408941633,5.281089411328861
2023-04-07 00:00:00-07:00,5.463261051299999,5.463261051299999,24.436667772366775,24.436667772366775,-18.973406721066777,-18.973406721066777,19.924201722140346,0.9507950010735691,5.977260516642104,0.14261925016103535,5.834641266481068
2023-04-08 00:00:00-07:00,8.4533809248,8.4533809248,26.33287964766623,26.33287964766623,-17.879498722866227,-17.879498722866227,20.290032305966193,2.410533583099963,6.0870096917898575,0.36158003746499445,5.725429654324863
2023-04-09 00:00:00-07:00,9.928476952199999,9.928476952199999,28.303174515491484,28.303174515491484,-18.374697563291484,-18.374697563291484,20.931719492480926,2.5570219291894434,6.279515847744277,0.3835532893784165,5.895962558365861
2023-04-10 00:00:00-07:00,9.9510350283,9.9510350283,23.688465639491454,23.688465639491454,-13.737430611191456,-13.737430611191456,16.83905399720889,3.1016233860174327,5.051716199162667,0.4652435079026149,4.5864726912600515
2023-04-11 00:00:00-07:00,9.506808294299999,9.506808294299999,24.472609734890042,24.472609734890042,-14.965801440590043,-14.965801440590043,17.914804985668383,2.949003545078337,5.374441495700514,0.44235053176175054,4.932090963938764
2023-04-12 00:00:00-07:00,10.526274159299998,10.526274159299998,23.10003194827942,23.10003194827942,-12.573757788979423,-12.573757788979423,16.185549848543946,3.6117920595645217,4.855664954563184,0.5417688089346783,4.313896145628505
2023-04-13 00:00:00-07:00,10.454374424249998,10.454374424249998,26.305518372767384,26.305518372767384,-15.851143948517386,-15.851143948517386,19.081472636411902,3.230328687894517,5.724441790923571,0.48454930318417755,5.239892487739393
2023-04-14 00:00:00-07:00,10.311109901099998,10.311109901099998,24.114161464628594,24.114161464628594,-13.803051563528596,-13.803051563528596,17.155960576338597,3.3529090128099996,5.146788172901579,0.5029363519214999,4.643851820980079
2023-04-15 00:00:00-07:00,9.9198111807,9.9198111807,25.00490109462237,25.00490109462237,-15.08508991392237,-15.08508991392237,18.186465601468292,3.1013756875459206,5.455939680440488,0.4652063531318881,4.990733327308599
2023-04-16 00:00:00-07:00,10.188519696449998,10.188519696449998,28.94645870472425,28.94645870472425,-18.757939008274253,-18.757939008274253,21.52656452313286,2.7686255148586048,6.4579693569398575,0.4152938272287907,6.042675529711067
2023-04-17 00:00:00-07:00,8.163018627749999,8.163018627749999,23.68848000449742,23.68848000449742,-15.525461376747423,-15.525461376747423,18.343473768624555,2.818012391877133,5.5030421305873665,0.4227018587815699,5.080340271805796
2023-04-18 00:00:00-07:00,10.109770124849998,10.109770124849998,27.028797220723767,27.028797220723767,-16.91902709587377,-16.91902709587377,19.847508336537263,2.928481240663494,5.954252500961179,0.4392721860995241,5.5149803148616545
2023-04-19 00:00:00-07:00,10.409758926299999,10.409758926299999,24.513131522736618,24.513131522736618,-14.103372596436618,-14.103372596436618,17.50997413085576,3.4066015344191407,5.252992239256728,0.510990230162871,4.7420020090938575
2023-04-20 00:00:00-07:00,10.061343478349999,10.061343478349999,26.262489520886447,26.262489520886447,-16.20114604253645,-16.20114604253645,19.174884228888605,2.973738186352156,5.752465268666581,0.44606072795282337,5.306404540713758
2023-04-21 00:00:00-07:00,9.903682066499998,9.903682066499998,24.925320494968993,24.925320494968993,-15.021638428468993,-15.021638428468993,18.00625644149145,2.984618013022457,5.4018769324474345,0.4476927019533686,4.954184230494066
2023-04-22 00:00:00-07:00,9.956299547699999,9.956299547699999,26.18132747845485,26.18132747845485,-16.22502793075485,-16.22502793075485,19.063561957843067,2.838534027088215,5.71906858735292,0.42578010406323225,5.293288483289688
2023-04-23 00:00:00-07:00,9.95117093685,9.95117093685,27.8741321366727,27.8741321366727,-17.9229611998227,-17.9229611998227,20.617780260073843,2.69481906025114,6.185334078022152,0.40422285903767097,5.781111218984481
2023-04-24 00:00:00-07:00,10.223250561899999,10.223250561899999,24.01909031060757,24.01909031060757,-13.795839748707573,-13.795839748707573,17.039159117859064,3.2433193691514917,5.111747735357719,0.48649790537272375,4.625249829984996
2023-04-25 00:00:00-07:00,10.033014734099998,10.033014734099998,26.585181037980774,26.585181037980774,-16.552166303880778,-16.552166303880778,19.432787737985684,2.880621434104908,5.829836321395705,0.43209321511573623,5.397743106279969
2023-04-26 00:00:00-07:00,9.986257736549998,9.986257736549998,23.746739734793486,23.746739734793486,-13.760481998243488,-13.760481998243488,17.06605910562647,3.3055771073829803,5.119817731687941,0.49583656610744703,4.623981165580494
2023-04-27 00:00:00-07:00,9.82675008765,9.82675008765,25.92509956048356,25.92509956048356,-16.098349472833558,-16.098349472833558,18.81648560509433,2.7181361322607707,5.644945681528299,0.4077204198391156,5.237225261689183
2023-04-28 00:00:00-07:00,9.873686533949998,9.873686533949998,23.484839163939277,23.484839163939277,-13.611152629989277,-13.611152629989277,16.660128620989564,3.048975991000287,4.998038586296869,0.45734639865004306,4.540692187646826
2023-04-29 00:00:00-07:00,9.673273944449999,9.673273944449999,27.84344540429212,27.84344540429212,-18.17017145984212,-18.17017145984212,20.788379627402698,2.6182081675605766,6.236513888220809,0.3927312251340865,5.8437826630867225
2023-04-30 00:00:00-07:00,9.7184388411,9.7184388411,28.109254950258478,28.109254950258478,-18.39081610915848,-18.39081610915848,20.935113344378337,2.544297235219857,6.280534003313501,0.38164458528297857,5.898889418030523
2023-05-01 00:00:00-07:00,6.268814884349999,6.268814884349999,24.357087905433456,24.357087905433456,-18.088273021083456,-18.088273021083456,18.944107881070767,0.8558348599873102,5.68323236432123,0.12837522899809653,5.554857135323134
2023-05-02 00:00:00-07:00,7.6238597303999995,7.6238597303999995,22.36202584247737,22.36202584247737,-14.738166112077371,-14.738166112077371,17.048201600356684,2.310035488279312,5.114460480107005,0.3465053232418968,4.767955156865108
2023-05-03 00:00:00-07:00,4.875803399699999,4.875803399699999,24.302254813937495,24.302254813937495,-19.426451414237498,-19.426451414237498,20.0812340078005,0.6547825935630032,6.02437020234015,0.09821738903445047,5.926152813305699
2023-05-04 00:00:00-07:00,3.107421654299999,3.107421654299999,26.224333023354614,26.224333023354614,-23.116911369054616,-23.116911369054616,23.116911369054616,0.0,6.9350734107163845,0.0,6.9350734107163845
2023-05-05 00:00:00-07:00,4.809365072099999,4.809365072099999,25.82732444463133,25.82732444463133,-21.017959372531333,-21.017959372531333,21.3894891345072,0.37152976197587073,6.4168467403521605,0.05572946429638061,6.36111727605578
2023-05-06 00:00:00-07:00,5.360144516999998,5.360144516999998,25.855577783405707,25.855577783405707,-20.49543326640571,-20.49543326640571,21.062371668790643,0.5669384023849355,6.318711500637193,0.08504076035774033,6.233670740279452
2023-05-07 00:00:00-07:00,8.868815896949998,8.868815896949998,28.59740919465949,28.59740919465949,-19.72859329770949,-19.72859329770949,22.063418853821066,2.3348255561115763,6.619025656146319,0.3502238334167364,6.268801822729583
2023-05-08 00:00:00-07:00,7.877592823049999,7.877592823049999,26.270066292677466,26.270066292677466,-18.39247346962747,-18.39247346962747,20.179567020027484,1.7870935504000178,6.053870106008245,0.26806403256000266,5.785806073448242
2023-05-09 00:00:00-07:00,9.009704082599999,9.009704082599999,26.689352214587164,26.689352214587164,-17.679648131987165,-17.679648131987165,20.126828067709532,2.4471799357223674,6.038048420312859,0.3670769903583551,5.670971429954504
2023-05-10 00:00:00-07:00,6.8228466560999985,6.8228466560999985,22.470532167867905,22.470532167867905,-15.647685511767907,-15.647685511767907,18.386745878258733,2.7390603664908233,5.5160237634776195,0.41085905497362346,5.105164708503996
2023-05-11 00:00:00-07:00,9.659696338349999,9.659696338349999,23.502597459662073,23.502597459662073,-13.842901121312073,-13.842901121312073,16.918838288000245,3.075937166688171,5.075651486400074,0.4613905750032256,4.6142609113968485
2023-05-12 00:00:00-07:00,9.895627005299998,9.895627005299998,22.47593717854206,22.47593717854206,-12.580310173242063,-12.580310173242063,15.786727815357535,3.2064176421154724,4.736018344607261,0.48096264631732083,4.25505569828994
2023-05-13 00:00:00-07:00,9.801848510099997,9.801848510099997,24.354650675327505,24.354650675327505,-14.552802165227508,-14.552802165227508,17.5301530933396,2.97735092811209,5.259045928001879,0.4466026392168135,4.812443288785066
2023-05-14 00:00:00-07:00,9.8746797411,9.8746797411,26.045122514563232,26.045122514563232,-16.170442773463233,-16.170442773463233,18.950697271983167,2.7802544985199353,5.68520918159495,0.41703817477799027,5.26817100681696
2023-05-15 00:00:00-07:00,9.84129557625,9.84129557625,24.662587922401777,24.662587922401777,-14.821292346151779,-14.821292346151779,17.851075604518265,3.0297832583664865,5.355322681355479,0.45446748875497295,4.900855192600506
2023-05-16 00:00:00-07:00,9.814690131299999,9.814690131299999,26.387509096599125,26.387509096599125,-16.572818965299128,-16.572818965299128,19.332294859129114,2.759475893829989,5.799688457738734,0.4139213840744983,5.385767073664235
2023-05-17 00:00:00-07:00,9.7470899154,9.7470899154,22.923099450077903,22.923099450077903,-13.176009534677902,-13.176009534677902,16.286241992423538,3.1102324577456364,4.885872597727061,0.46653486866184546,4.419337729065215
2023-05-18 00:00:00-07:00,10.04644935765,10.04644935765,24.014696931827856,24.014696931827856,-13.968247574177857,-13.968247574177857,17.21518330300536,3.2469357288275034,5.164554990901608,0.4870403593241255,4.677514631577482
2023-05-19 00:00:00-07:00,10.0168642116,10.0168642116,22.68827839733148,22.68827839733148,-12.67141418573148,-12.67141418573148,16.0265360086605,3.355121822929021,4.80796080259815,0.5032682734393531,4.304692529158797
2023-05-20 00:00:00-07:00,9.941659983,9.941659983,28.016619873607592,28.016619873607592,-18.074959890607595,-18.074959890607595,20.73269160656269,2.657731715955097,6.2198074819688065,0.39865975739326454,5.821147724575542
2023-05-21 00:00:00-07:00,9.788518984049999,9.788518984049999,25.406237891973973,25.406237891973973,-15.617718907923972,-15.617718907923972,18.45425250346001,2.8365335955360362,5.536275751038002,0.4254800393304054,5.110795711707597
2023-05-22 00:00:00-07:00,9.892589181299998,9.892589181299998,23.184480713834223,23.184480713834223,-13.291891532534224,-13.291891532534224,16.493308101031168,3.201416568496943,4.94799243030935,0.4802124852745414,4.467779945034809
2023-05-23 00:00:00-07:00,9.904143026699998,9.904143026699998,23.94582845251161,23.94582845251161,-14.04168542581161,-14.04168542581161,17.13143816988938,3.089752744077769,5.139431450966813,0.4634629116116653,4.675968539355148
2023-05-24 00:00:00-07:00,9.5516397261,9.5516397261,25.30376861058645,25.30376861058645,-15.75212888448645,-15.75212888448645,18.525625837507302,2.7734969530208513,5.557687751252191,0.4160245429531277,5.141663208299063
2023-05-25 00:00:00-07:00,9.4840064001,9.4840064001,23.459383341683143,23.459383341683143,-13.975376941583143,-13.975376941583143,16.701415171322537,2.7260382297393955,5.010424551396761,0.40890573446090933,4.601518816935851
2023-05-26 00:00:00-07:00,9.503734870799999,9.503734870799999,25.194816555427717,25.194816555427717,-15.691081684627717,-15.691081684627717,18.263034645525366,2.5719529608976495,5.47891039365761,0.38579294413464743,5.093117449522962
2023-05-27 00:00:00-07:00,9.762889013999999,9.762889013999999,27.684117615503794,27.684117615503794,-17.921228601503795,-17.921228601503795,20.604174076341334,2.682945474837539,6.1812522229024,0.4024418212256309,5.778810401676769
2023-05-28 00:00:00-07:00,7.278754659299999,7.278754659299999,27.34994173226103,27.34994173226103,-20.07118707296103,-20.07118707296103,21.899351598591377,1.828164525630343,6.569805479577413,0.27422467884455143,6.2955808007328615
2023-05-29 00:00:00-07:00,9.504088098299999,9.504088098299999,25.710500427189487,25.710500427189487,-16.20641232888949,-16.20641232888949,18.68914478800909,2.482732459119605,5.606743436402727,0.37240986886794075,5.234333567534787
2023-05-30 00:00:00-07:00,9.773929637999998,9.773929637999998,23.23347755098372,23.23347755098372,-13.459547912983723,-13.459547912983723,16.518957155489627,3.0594092425059034,4.955687146646888,0.45891138637588547,4.496775760271002
2023-05-31 00:00:00-07:00,9.9933005826,9.9933005826,23.059492637292703,23.059492637292703,-13.066192054692705,-13.066192054692705,16.27261275831172,3.2064207036190164,4.881783827493516,0.48096310554285243,4.400820721950663
2023-06-01 00:00:00-07:00,9.9496028646,9.9496028646,26.429475974142708,26.429475974142708,-16.47987310954271,-16.47987310954271,19.17702765236352,2.697154542820812,5.753108295709056,0.4045731814231218,5.348535114285934
2023-06-02 00:00:00-07:00,10.0425120975,10.0425120975,23.960801570113123,23.960801570113123,-13.918289472613123,-13.918289472613123,17.13291862224522,3.214629149632096,5.139875586673566,0.4821943724448144,4.657681214228751
2023-06-03 00:00:00-07:00,10.0004800635,10.0004800635,26.562340384411833,26.562340384411833,-16.561860320911833,-16.561860320911833,19.344933889690473,2.7830735687786405,5.803480166907142,0.41746103531679607,5.386019131590346
2023-06-04 00:00:00-07:00,9.941374989899998,9.941374989899998,27.979032763875214,27.979032763875214,-18.037657773975216,-18.037657773975216,20.487408452622,2.449750678646784,6.1462225357866,0.36746260179701756,5.7787599339895825
2023-06-05 00:00:00-07:00,8.872492312799999,8.872492312799999,25.048692517367698,25.048692517367698,-16.1762002045677,-16.1762002045677,18.497579142976345,2.321378938408647,5.549273742892903,0.34820684076129704,5.201066902131606
2023-06-06 00:00:00-07:00,6.128126169299999,6.128126169299999,23.122093638587366,23.122093638587366,-16.993967469287366,-16.993967469287366,19.076128669467757,2.082161200180392,5.722838600840327,0.3123241800270588,5.410514420813269
2023-06-07 00:00:00-07:00,7.645960256399999,7.645960256399999,22.74160081205117,22.74160081205117,-15.09564055565117,-15.09564055565117,17.384786766894308,2.2891462112431378,5.215436030068292,0.3433719316864707,4.872064098381822
2023-06-08 00:00:00-07:00,9.669430925099999,9.669430925099999,23.30642990929742,23.30642990929742,-13.636998984197422,-13.636998984197422,16.559465247253332,2.9224662630559095,4.967839574176,0.4383699394583864,4.529469634717613
2023-06-09 00:00:00-07:00,9.107216140499999,9.107216140499999,22.056524041124607,22.056524041124607,-12.949307900624607,-12.949307900624607,15.758601705154003,2.8092938045293954,4.727580511546201,0.4213940706794093,4.306186440866791
2023-06-10 00:00:00-07:00,7.050880561499999,7.050880561499999,27.308578418217984,27.308578418217984,-20.257697856717986,-20.257697856717986,21.183651962197242,0.9259541054792582,6.3550955886591725,0.1388931158218887,6.216202472837284
2023-06-11 00:00:00-07:00,9.3445028487,9.3445028487,27.39043641313487,27.39043641313487,-18.045933564434872,-18.045933564434872,20.264076156363227,2.2181425919283546,6.079222846908968,0.33272138878925317,5.746501458119715
2023-06-12 00:00:00-07:00,9.390284702099999,9.390284702099999,22.214664548416525,22.214664548416525,-12.824379846316527,-12.824379846316527,15.75342968927084,2.9290498429543135,4.726028906781252,0.439357476443147,4.286671430338105
2023-06-13 00:00:00-07:00,9.630701468999998,9.630701468999998,24.05763326943832,24.05763326943832,-14.426931800438322,-14.426931800438322,17.21387551834326,2.78694371790494,5.164162655502978,0.41804155768574097,4.7461210978172375
2023-06-14 00:00:00-07:00,9.639875326499999,9.639875326499999,25.838826812928488,25.838826812928488,-16.19895148642849,-16.19895148642849,18.774877159661663,2.575925673233172,5.632463147898499,0.38638885098497583,5.246074296913523
2023-06-15 00:00:00-07:00,9.8307328806,9.8307328806,22.73978021845932,22.73978021845932,-12.90904733785932,-12.90904733785932,15.902111974174968,2.993064636315649,4.77063359225249,0.4489596954473473,4.321673896805143
2023-06-16 00:00:00-07:00,9.810150974999999,9.810150974999999,26.17733309432447,26.17733309432447,-16.36718211932447,-16.36718211932447,18.989240573140272,2.6220584538157996,5.696772171942081,0.3933087680723699,5.303463403869712
2023-06-17 00:00:00-07:00,9.764567830799999,9.764567830799999,26.89176621120651,26.89176621120651,-17.127198380406508,-17.127198380406508,19.6969457892436,2.569747408837092,5.90908373677308,0.3854621113255638,5.523621625447516
2023-06-18 00:00:00-07:00,9.8635418334,9.8635418334,29.088074364456705,29.088074364456705,-19.224532531056706,-19.224532531056706,21.742678328341412,2.5181457972847086,6.522803498502424,0.37772186959270626,6.145081628909717
2023-06-19 00:00:00-07:00,10.2940579566,10.2940579566,25.54918649978873,25.54918649978873,-15.255128543188727,-15.255128543188727,18.420030508340925,3.1649019651522,5.526009152502278,0.47473529477282994,5.051273857729448
2023-06-20 00:00:00-07:00,10.220380148699999,10.220380148699999,24.17338504825696,24.17338504825696,-13.953004899556964,-13.953004899556964,17.237908445434698,3.2849035458777363,5.171372533630409,0.4927355318816604,4.678637001748749
2023-06-21 00:00:00-07:00,10.1483307108,10.1483307108,23.342160628542302,23.342160628542302,-13.193829917742303,-13.193829917742303,16.5106215961703,3.3167916784279985,4.95318647885109,0.49751875176419974,4.45566772708689
2023-06-22 00:00:00-07:00,9.910895184,9.910895184,26.225845742499036,26.225845742499036,-16.314950558499035,-16.314950558499035,19.052865875730564,2.7379153172315283,5.715859762719169,0.4106872975847292,5.305172465134439
2023-06-23 00:00:00-07:00,9.123201333899999,9.123201333899999,22.276620573482866,22.276620573482866,-13.153419239582867,-13.153419239582867,15.978710052916856,2.8252908133339902,4.7936130158750565,0.4237936220000985,4.369819393874958
2023-06-24 00:00:00-07:00,9.600398704799998,9.600398704799998,23.955466068940552,23.955466068940552,-14.355067364140556,-14.355067364140556,17.161685002129545,2.806617637988989,5.148505500638863,0.4209926456983483,4.727512854940515
2023-06-25 00:00:00-07:00,9.7493994576,9.7493994576,27.797544839037094,27.797544839037094,-18.048145381437095,-18.048145381437095,20.55712385203281,2.5089784705957143,6.167137155609843,0.3763467705893571,5.790790385020485
2023-06-26 00:00:00-07:00,9.9812802582,9.9812802582,26.522148574791274,26.522148574791274,-16.540868316591276,-16.540868316591276,19.24509756797408,2.7042292513828086,5.773529270392224,0.4056343877074213,5.367894882684803
2023-06-27 00:00:00-07:00,9.7055416782,9.7055416782,23.23875012904959,23.23875012904959,-13.53320845084959,-13.53320845084959,16.3731180228276,2.8399095719780116,4.91193540684828,0.42598643579670176,4.485948971051578
2023-06-28 00:00:00-07:00,10.036778898599998,10.036778898599998,25.595739891302276,25.595739891302276,-15.558960992702279,-15.558960992702279,18.39053302276059,2.8315720300583127,5.5171599068281765,0.4247358045087469,5.09242410231943
2023-06-29 00:00:00-07:00,9.827601914699999,9.827601914699999,22.711806670832743,22.711806670832743,-12.884204756132744,-12.884204756132744,16.040684938582192,3.156480182449448,4.812205481574657,0.4734720273674172,4.33873345420724
2023-06-30 00:00:00-07:00,9.640315831499999,9.640315831499999,23.792397767688737,23.792397767688737,-14.152081936188738,-14.152081936188738,17.10502114079541,2.9529392046066723,5.131506342238623,0.44294088069100085,4.688565461547622
2023-07-01 00:00:00-07:00,9.5291671347,9.5291671347,28.951460539310737,28.951460539310737,-19.42229340461074,-19.42229340461074,21.626544800395365,2.2042513957846257,6.48796344011861,0.3306377093676938,6.157325730750916
2023-07-02 00:00:00-07:00,9.6034342122,9.6034342122,27.69438804734572,27.69438804734572,-18.090953835145722,-18.090953835145722,20.66148684950533,2.5705330143596106,6.1984460548515985,0.3855799521539416,5.812866102697657
2023-07-03 00:00:00-07:00,9.907165981799999,9.907165981799999,26.031513869678896,26.031513869678896,-16.124347887878898,-16.124347887878898,18.900628851822248,2.7762809639433503,5.670188655546674,0.4164421445915025,5.253746510955172
2023-07-04 00:00:00-07:00,10.126417931999997,10.126417931999997,25.141276689880296,25.141276689880296,-15.014858757880297,-15.014858757880297,18.10561226265,3.0907535047697006,5.431683678794999,0.46361302571545504,4.968070653079544
2023-07-05 00:00:00-07:00,10.1594027196,10.1594027196,22.69180012875145,22.69180012875145,-12.53239740915145,-12.53239740915145,15.94325555762417,3.4108581484727214,4.782976667287251,0.5116287222709082,4.271347945016343
2023-07-06 00:00:00-07:00,10.153849896899999,10.153849896899999,22.462567661177566,22.462567661177566,-12.308717764277567,-12.308717764277567,15.694916130838351,3.3861983665607824,4.7084748392515055,0.5079297549841173,4.200545084267388
2023-07-07 00:00:00-07:00,10.253715871499999,10.253715871499999,22.74416833781345,22.74416833781345,-12.490452466313448,-12.490452466313448,15.797881931789874,3.307429465476426,4.739364579536962,0.49611441982146387,4.2432501597154975
2023-07-08 00:00:00-07:00,10.389627013499998,10.389627013499998,27.643992198531596,27.643992198531596,-17.2543651850316,-17.2543651850316,20.20840438956744,2.9540392045358415,6.0625213168702325,0.4431058806803762,5.619415436189857
2023-07-09 00:00:00-07:00,10.420230843899999,10.420230843899999,27.733506606267213,27.733506606267213,-17.313275762367212,-17.313275762367212,20.158714924260874,2.8454391618936623,6.047614477278262,0.4268158742840493,5.6207986029942125
2023-07-10 00:00:00-07:00,10.193701023449998,10.193701023449998,24.180871663951024,24.180871663951024,-13.987170640501027,-13.987170640501027,17.171147161612275,3.1839765211112483,5.151344148483682,0.4775964781666872,4.673747670316995
2023-07-11 00:00:00-07:00,9.96504946875,9.96504946875,25.84446602540557,25.84446602540557,-15.87941655665557,-15.87941655665557,18.695307120600287,2.8158905639447145,5.608592136180086,0.42238358459170716,5.186208551588378
2023-07-12 00:00:00-07:00,10.01760163425,10.01760163425,25.394954801321365,25.394954801321365,-15.377353167071364,-15.377353167071364,18.3333937875387,2.956040620467336,5.50001813626161,0.44340609307010037,5.056612043191509
2023-07-13 00:00:00-07:00,9.903083436,9.903083436,23.744603679017068,23.744603679017068,-13.841520243017069,-13.841520243017069,16.862663396827845,3.0211431538107756,5.058799019048354,0.4531714730716163,4.605627545976738
2023-07-14 00:00:00-07:00,9.885833235899998,9.885833235899998,25.829085735208043,25.829085735208043,-15.943252499308043,-15.943252499308043,18.780322292266643,2.8370697929585993,5.6340966876799925,0.4255604689437899,5.208536218736203
2023-07-15 00:00:00-07:00,9.852966825749998,9.852966825749998,25.704802623641985,25.704802623641985,-15.851835797891985,-15.851835797891985,18.78594756712318,2.934111769231194,5.635784270136954,0.4401167653846791,5.195667504752275
2023-07-16 00:00:00-07:00,8.6805991629,8.6805991629,26.301925458406902,26.301925458406902,-17.6213262955069,-17.6213262955069,19.667293645829133,2.045967350322231,5.900188093748739,0.30689510254833463,5.593292991200405
2023-07-17 00:00:00-07:00,9.58405817385,9.58405817385,25.62709676378083,25.62709676378083,-16.04303858993083,-16.04303858993083,18.76563821416726,2.7225996242364277,5.629691464250178,0.40838994363546416,5.2213015206147135
2023-07-18 00:00:00-07:00,9.79650756315,9.79650756315,22.2809116203863,22.2809116203863,-12.484404057236297,-12.484404057236297,15.7468990284626,3.262494971226302,4.72406970853878,0.4893742456839453,4.234695462854835
2023-07-19 00:00:00-07:00,10.0403762085,10.0403762085,24.799434473371846,24.799434473371846,-14.759058264871845,-14.759058264871845,17.812404869001913,3.0533466041300663,5.343721460700574,0.4580019906195099,4.885719470081064
2023-07-20 00:00:00-07:00,9.946008777149999,9.946008777149999,23.50849359855954,23.50849359855954,-13.56248482140954,-13.56248482140954,16.722346960689126,3.1598621392795847,5.016704088206738,0.47397932089193767,4.5427247673148
2023-07-21 00:00:00-07:00,9.842589896849999,9.842589896849999,26.020258756654364,26.020258756654364,-16.177668859804367,-16.177668859804367,18.98007301983772,2.802404160033357,5.694021905951316,0.4203606240050035,5.273661281946312
2023-07-22 00:00:00-07:00,9.790874111699999,9.790874111699999,25.878063073289606,25.878063073289606,-16.087188961589607,-16.087188961589607,18.843354129614845,2.756165168025238,5.653006238884453,0.4134247752037857,5.2395814636806675
2023-07-23 00:00:00-07:00,9.720297479249998,9.720297479249998,26.361837444217937,26.361837444217937,-16.64153996496794,-16.64153996496794,19.310350123316905,2.6688101583489674,5.793105036995072,0.4003215237523451,5.392783513242726
2023-07-24 00:00:00-07:00,10.005465699899998,10.005465699899998,23.0019703326189,23.0019703326189,-12.9965046327189,-12.9965046327189,16.29622634534434,3.299721712625442,4.888867903603302,0.4949582568938163,4.393909646709486
2023-07-25 00:00:00-07:00,9.811109997449998,9.811109997449998,23.866614935128084,23.866614935128084,-14.055504937678085,-14.055504937678085,17.089840092262587,3.0343351545845034,5.126952027678776,0.4551502731876755,4.6718017544911
2023-07-26 00:00:00-07:00,9.887468351849998,9.887468351849998,21.788740227214255,21.788740227214255,-11.901271875364257,-11.901271875364257,15.166414125125876,3.2651422497616176,4.549924237537763,0.4897713374642426,4.06015290007352
2023-07-27 00:00:00-07:00,10.024067526749999,10.024067526749999,22.194202620407893,22.194202620407893,-12.170135093657892,-12.170135093657892,15.635511320672038,3.4653762270141457,4.690653396201611,0.5198064340521218,4.17084696214949
2023-07-28 00:00:00-07:00,9.952400990699998,9.952400990699998,26.711781829335802,26.711781829335802,-16.759380838635803,-16.759380838635803,19.493475682171557,2.7340948435357517,5.8480427046514665,0.4101142265303627,5.437928478121104
2023-07-29 00:00:00-07:00,9.9141033105,9.9141033105,25.42015115780097,25.42015115780097,-15.506047847300971,-15.506047847300971,18.4588708390106,2.9528229917096303,5.53766125170318,0.4429234487564445,5.094737802946735
2023-07-30 00:00:00-07:00,9.985774972499998,9.985774972499998,24.849822121462118,24.849822121462118,-14.86404714896212,-14.86404714896212,17.825933368299605,2.961886219337484,5.347780010489881,0.4442829329006226,4.903497077589258
2023-07-31 00:00:00-07:00,10.056892284,10.056892284,23.381061958494772,23.381061958494772,-13.324169674494772,-13.324169674494772,16.60175932020211,3.277589645707339,4.980527796060633,0.4916384468561008,4.488889349204532
2023-08-01 00:00:00-07:00,9.9733108545,9.9733108545,25.795181984775816,25.795181984775816,-15.821871130275817,-15.821871130275817,18.785167216639362,2.963296086363545,5.635550164991808,0.44449441295453174,5.191055752037276
2023-08-02 00:00:00-07:00,10.055657363399998,10.055657363399998,22.21156696850002,22.21156696850002,-12.155909605100021,-12.155909605100021,15.521631433142579,3.3657218280425574,4.6564894299427735,0.5048582742063836,4.15163115573639
2023-08-03 00:00:00-07:00,10.123786555199999,10.123786555199999,23.588559952968787,23.588559952968787,-13.464773397768788,-13.464773397768788,16.728516483513733,3.2637430857449443,5.018554945054119,0.4895614628617416,4.528993482192377
2023-08-04 00:00:00-07:00,9.989731941299999,9.989731941299999,22.690446043859954,22.690446043859954,-12.700714102559953,-12.700714102559953,15.944956126399063,3.244242023839109,4.783486837919718,0.48663630357586635,4.296850534343852
2023-08-05 00:00:00-07:00,9.75861437265,9.75861437265,26.953100021658823,26.953100021658823,-17.194485649008826,-17.194485649008826,19.809763451611296,2.6152778026024723,5.942929035483389,0.39229167039037083,5.550637365093018
2023-08-06 00:00:00-07:00,9.673323235649999,9.673323235649999,29.10026935567534,29.10026935567534,-19.42694612002534,-19.42694612002534,21.892851252952376,2.465905132927033,6.5678553758857126,0.369885769939055,6.197969605946658
2023-08-07 00:00:00-07:00,9.763463613149998,9.763463613149998,22.330611245550603,22.330611245550603,-12.567147632400603,-12.567147632400603,15.82664745067358,3.2594998182729755,4.747994235202074,0.4889249727409463,4.259069262461128
2023-08-08 00:00:00-07:00,9.937171916099999,9.937171916099999,22.259908300529936,22.259908300529936,-12.322736384429938,-12.322736384429938,15.645301298870569,3.322564914440632,4.69359038966117,0.49838473716609477,4.195205652495075
2023-08-09 00:00:00-07:00,9.86636743605,9.86636743605,25.859863289003435,25.859863289003435,-15.993495852953437,-15.993495852953437,18.894825900510707,2.901330047557269,5.668447770153212,0.43519950713359035,5.233248263019622
2023-08-10 00:00:00-07:00,9.849156635699998,9.849156635699998,24.203950349118138,24.203950349118138,-14.354793713418138,-14.354793713418138,17.471016302622193,3.1162225892040545,5.241304890786657,0.46743338838060816,4.773871502406049
2023-08-11 00:00:00-07:00,9.562827934799998,9.562827934799998,23.640495012119747,23.640495012119747,-14.077667077319747,-14.077667077319747,16.96328501675656,2.885617939436815,5.088985505026968,0.43284269091552224,4.656142814111446
2023-08-12 00:00:00-07:00,9.534906404549998,9.534906404549998,27.103787712646017,27.103787712646017,-17.568881308096017,-17.568881308096017,20.197778877941253,2.6288975698452353,6.059333663382376,0.39433463547678527,5.664999027905591
2023-08-13 00:00:00-07:00,9.271606801499999,9.271606801499999,28.214013758195748,28.214013758195748,-18.94240695669575,-18.94240695669575,21.145563312622706,2.203156355926957,6.343668993786811,0.33047345338904355,6.013195540397768
2023-08-14 00:00:00-07:00,7.684712535599999,7.684712535599999,23.575918756851834,23.575918756851834,-15.891206221251835,-15.891206221251835,18.48945929663974,2.5982530753879067,5.546837788991922,0.389737961308186,5.157099827683735
2023-08-15 00:00:00-07:00,9.3273129315,9.3273129315,23.53525071053581,23.53525071053581,-14.207937779035811,-14.207937779035811,17.049796526916207,2.8418587478803956,5.114938958074862,0.4262788121820593,4.688660145892802
2023-08-16 00:00:00-07:00,9.440380288799998,9.440380288799998,23.32765112648539,23.32765112648539,-13.887270837685389,-13.887270837685389,16.819386469698518,2.932115632013129,5.045815940909555,0.4398173448019693,4.605998596107586
2023-08-17 00:00:00-07:00,9.234037266749999,9.234037266749999,22.029197427327443,22.029197427327443,-12.795160160577444,-12.795160160577444,15.7551528729961,2.9599927124186545,4.726545861898829,0.44399890686279814,4.2825469550360316
2023-08-18 00:00:00-07:00,8.838601769699999,8.838601769699999,21.514848272738167,21.514848272738167,-12.67624650303817,-12.67624650303817,15.377910032303491,2.701663529265322,4.613373009691047,0.4052495293897983,4.208123480301249
2023-08-19 00:00:00-07:00,9.541065905099998,9.541065905099998,27.265854317808472,27.265854317808472,-17.724788412708474,-17.724788412708474,20.301248628224585,2.5764602155161116,6.090374588467375,0.38646903232741675,5.703905556139958
2023-08-20 00:00:00-07:00,9.3296912211,9.3296912211,28.664242377394068,28.664242377394068,-19.33455115629407,-19.33455115629407,21.655892421646893,2.321341265352826,6.496767726494068,0.34820118980292386,6.148566536691144
2023-08-21 00:00:00-07:00,2.524262102999999,2.524262102999999,26.51609784797652,26.51609784797652,-23.991835744976523,-23.991835744976523,23.991835744976523,0.0,7.197550723492957,0.0,7.197550723492957
2023-08-22 00:00:00-07:00,9.0839796462,9.0839796462,24.032346150676823,24.032346150676823,-14.948366504476823,-14.948366504476823,17.587910355962492,2.6395438514856684,5.276373106788747,0.39593157772285026,4.880441529065897
2023-08-23 00:00:00-07:00,9.263573600849998,9.263573600849998,24.62732460302769,24.62732460302769,-15.363751002177692,-15.363751002177692,17.98966438113958,2.6259133789618865,5.396899314341874,0.39388700684428296,5.003012307497591
2023-08-24 00:00:00-07:00,9.541122092099998,9.541122092099998,24.90894430328001,24.90894430328001,-15.367822211180009,-15.367822211180009,18.201926877873007,2.8341046666929977,5.460578063361901,0.42511570000394966,5.035462363357952
2023-08-25 00:00:00-07:00,8.731495449449998,8.731495449449998,24.1221565794089,24.1221565794089,-15.390661129958904,-15.390661129958904,18.08578241194085,2.695121281981947,5.425734723582255,0.40426819229729205,5.021466531284963
2023-08-26 00:00:00-07:00,9.171212018399999,9.171212018399999,25.876299695773337,25.876299695773337,-16.70508767737334,-16.70508767737334,19.30726501810346,2.6021773407301234,5.792179505431038,0.3903266011095185,5.40185290432152
2023-08-27 00:00:00-07:00,9.997609786649999,9.997609786649999,27.648567359551627,27.648567359551627,-17.65095757290163,-17.65095757290163,20.39023659944513,2.739279026543503,6.11707097983354,0.41089185398152545,5.706179125852014
2023-08-28 00:00:00-07:00,9.942273007199999,9.942273007199999,24.644685852490934,24.644685852490934,-14.702412845290935,-14.702412845290935,17.746721441663155,3.04430859637222,5.324016432498946,0.45664628945583297,4.8673701430431136
2023-08-29 00:00:00-07:00,9.936978940349999,9.936978940349999,23.58300518226545,23.58300518226545,-13.646026241915452,-13.646026241915452,16.857691568491376,3.211665326575926,5.057307470547412,0.48174979898638887,4.5755576715610236
2023-08-30 00:00:00-07:00,9.39751884045,9.39751884045,24.724830360909113,24.724830360909113,-15.327311520459114,-15.327311520459114,18.097660040798097,2.770348520338983,5.429298012239429,0.41555227805084743,5.013745734188582
2023-08-31 00:00:00-07:00,8.969889159,8.969889159,22.72671300923645,22.72671300923645,-13.75682385023645,-13.75682385023645,16.29624990798353,2.5394260577470806,4.888874972395059,0.3809139086620621,4.507961063732997
2023-09-01 00:00:00-07:00,8.580766195799999,8.580766195799999,24.49832965156239,24.49832965156239,-15.91756345576239,-15.91756345576239,18.092018678074954,2.174455222312562,5.427605603422486,0.3261682833468843,5.101437320075601
2023-09-02 00:00:00-07:00,1.8321028469999991,1.8321028469999991,24.23549989427908,24.23549989427908,-22.40339704727908,-22.40339704727908,22.40339704727908,0.0,6.721019114183723,0.0,6.721019114183723
2023-09-03 00:00:00-07:00,7.733989201499999,7.733989201499999,26.892508423729346,26.892508423729346,-19.158519222229348,-19.158519222229348,20.25803058604462,1.0995113638152694,6.0774091758133855,0.1649267045722904,5.912482471241095
2023-09-04 00:00:00-07:00,10.2197045493,10.2197045493,26.341125410241624,26.341125410241624,-16.121420860941626,-16.121420860941626,18.78406031238457,2.6626394514429452,5.6352180937153715,0.3993959177164418,5.23582217599893
2023-09-05 00:00:00-07:00,10.254249734399998,10.254249734399998,22.69847064645244,22.69847064645244,-12.444220912052439,-12.444220912052439,15.53626104995887,3.0920401379064315,4.660878314987661,0.4638060206859647,4.197072294301696
2023-09-06 00:00:00-07:00,10.262657807099998,10.262657807099998,25.934875437017258,25.934875437017258,-15.672217629917258,-15.672217629917258,18.45522064807479,2.78300301815753,5.536566194422437,0.4174504527236295,5.119115741698807
2023-09-07 00:00:00-07:00,10.231237882799999,10.231237882799999,25.815974204428013,25.815974204428013,-15.584736321628013,-15.584736321628013,18.40299622715754,2.818259905529527,5.520898868147262,0.4227389858294291,5.098159882317833
2023-09-08 00:00:00-07:00,10.2669226002,10.2669226002,26.246036434737977,26.246036434737977,-15.979113834537976,-15.979113834537976,18.766322229074007,2.7872083945360298,5.629896668722202,0.41808125918040445,5.2118154095417975
2023-09-09 00:00:00-07:00,9.508273635599998,9.508273635599998,26.92644161461034,26.92644161461034,-17.41816797901034,-17.41816797901034,19.73781812284677,2.3196501438364328,5.921345436854032,0.3479475215754649,5.573397915278567
2023-09-10 00:00:00-07:00,10.4852727423,10.4852727423,25.298449477386843,25.298449477386843,-14.813176735086845,-14.813176735086845,17.76378387979105,2.950607144704204,5.329135163937314,0.44259107170563056,4.886544092231683
2023-09-11 00:00:00-07:00,10.339034286599999,10.339034286599999,26.200217515002986,26.200217515002986,-15.861183228402986,-15.861183228402986,18.609948579389368,2.748765350986381,5.58298457381681,0.4123148026479571,5.1706697711688525
2023-09-12 00:00:00-07:00,10.1508365808,10.1508365808,25.288910617862143,25.288910617862143,-15.138074037062145,-15.138074037062145,17.820192785638003,2.6821187485758573,5.346057835691401,0.4023178122863786,4.943740023405022
2023-09-13 00:00:00-07:00,10.117003798799999,10.117003798799999,24.660372272609234,24.660372272609234,-14.543368473809236,-14.543368473809236,17.24854716900003,2.7051786951907957,5.174564150700009,0.40577680427861934,4.76878734642139
2023-09-14 00:00:00-07:00,9.7696415061,9.7696415061,26.595541121218986,26.595541121218986,-16.825899615118985,-16.825899615118985,19.147064022545205,2.3211644074262194,5.744119206763561,0.3481746611139329,5.395944545649629
2023-09-15 00:00:00-07:00,8.8973882433,8.8973882433,25.135066042559675,25.135066042559675,-16.237677799259675,-16.237677799259675,18.600137854562913,2.362460055303237,5.5800413563688736,0.35436900829548557,5.225672348073388
2023-09-16 00:00:00-07:00,7.073716742324999,7.073716742324999,27.843621721892838,27.843621721892838,-20.769904979567837,-20.769904979567837,22.857225693161546,2.0873207135937077,6.857167707948464,0.31309810703905616,6.544069600909408
2023-09-17 00:00:00-07:00,9.681492035699998,9.681492035699998,26.23762318653152,26.23762318653152,-16.55613115083152,-16.55613115083152,18.916740303850037,2.36060915301852,5.675022091155011,0.354091372952778,5.3209307182022325
2023-09-18 00:00:00-07:00,9.712341025425,9.712341025425,25.468354760040388,25.468354760040388,-15.756013734615387,-15.756013734615387,18.2597533557291,2.503739621113714,5.47792600671873,0.3755609431670571,5.102365063551672
2023-09-19 00:00:00-07:00,9.655220586825,9.655220586825,22.014530145015943,22.014530145015943,-12.359309558190944,-12.359309558190944,15.320653180963575,2.961343622772631,4.5961959542890725,0.44420154341589463,4.151994410873177
2023-09-20 00:00:00-07:00,9.6240842712,9.6240842712,23.39937899764118,23.39937899764118,-13.77529472644118,-13.77529472644118,16.528236145616656,2.752941419175476,4.958470843684997,0.4129412128763214,4.545529630808676
2023-09-21 00:00:00-07:00,9.890911952099998,9.890911952099998,23.53254865838193,23.53254865838193,-13.641636706281933,-13.641636706281933,16.550815880566418,2.909179174284487,4.965244764169925,0.436376876142673,4.528867888027252
2023-09-22 00:00:00-07:00,9.747414069299998,9.747414069299998,23.67915169909035,23.67915169909035,-13.931737629790351,-13.931737629790351,16.58604939334673,2.6543117635563775,4.975814818004019,0.3981467645334566,4.577668053470562
2023-09-23 00:00:00-07:00,9.068194161,9.068194161,24.1729269096178,24.1729269096178,-15.104732748617803,-15.104732748617803,17.428842546270637,2.3241097976528353,5.228652763881191,0.3486164696479253,4.880036294233265
2023-09-24 00:00:00-07:00,9.59935286655,9.59935286655,26.965939174914244,26.965939174914244,-17.366586308364244,-17.366586308364244,19.788539595396173,2.42195328703193,5.936561878618852,0.3632929930547895,5.573268885564062
2023-09-25 00:00:00-07:00,9.577641455775,9.577641455775,22.05970138232901,22.05970138232901,-12.48205992655401,-12.48205992655401,15.415494192612691,2.9334342660586823,4.624648257783807,0.4400151399088023,4.184633117875005
2023-09-26 00:00:00-07:00,8.73562544505,8.73562544505,23.56210749613481,23.56210749613481,-14.826482051084813,-14.826482051084813,17.21112817013355,2.3846461190487367,5.163338451040064,0.3576969178573105,4.8056415331827536
2023-09-27 00:00:00-07:00,9.771490635524998,9.771490635524998,22.769637534297793,22.769637534297793,-12.998146898772795,-12.998146898772795,15.751444107659617,2.7532972088868224,4.725433232297885,0.41299458133302336,4.312438650964861
2023-09-28 00:00:00-07:00,9.705864905324999,9.705864905324999,24.900530571838857,24.900530571838857,-15.19466566651386,-15.19466566651386,17.728595272570768,2.533929606056909,5.31857858177123,0.38008944090853636,4.938489140862694
2023-09-29 00:00:00-07:00,6.4360053353249995,6.4360053353249995,25.922604126192653,25.922604126192653,-19.486598790867653,-19.486598790867653,20.25360212475254,0.7670033338848867,6.076080637425762,0.115050500082733,5.9610301373430294
2023-09-30 00:00:00-07:00,6.724568820824999,6.724568820824999,25.72554186915156,25.72554186915156,-19.00097304832656,-19.00097304832656,20.28986654844822,1.2888935001216593,6.086959964534466,0.1933340250182489,5.893625939516217
2023-10-01 00:00:00-07:00,9.507976775324998,9.507976775324998,25.23125031076612,25.23125031076612,-15.723273535441123,-15.723273535441123,18.11010699100626,2.386833455565136,5.4330320973018775,0.3580250183347704,5.075007078967107
2023-10-02 00:00:00-07:00,9.609142286925,9.609142286925,21.947457805869902,21.947457805869902,-12.338315518944905,-12.338315518944905,15.217420281694942,2.8791047627500377,4.565226084508482,0.43186571441250565,4.133360370095977
2023-10-03 00:00:00-07:00,9.5143475286,9.5143475286,22.309283389730904,22.309283389730904,-12.794935861130902,-12.794935861130902,15.551298560420012,2.756362699289108,4.665389568126003,0.4134544048933662,4.251935163232637
2023-10-04 00:00:00-07:00,9.274468561199999,9.274468561199999,23.03432492740989,23.03432492740989,-13.759856366209892,-13.759856366209892,16.305493761892915,2.5456373956830216,4.891648128567875,0.3818456093524532,4.509802519215421
2023-10-05 00:00:00-07:00,9.212928352199999,9.212928352199999,26.074511654698235,26.074511654698235,-16.861583302498236,-16.861583302498236,18.913636745530116,2.0520534430318795,5.6740910236590345,0.3078080164547819,5.366283007204252
2023-10-06 00:00:00-07:00,9.172227952799998,9.172227952799998,24.75636188338171,24.75636188338171,-15.584133930581713,-15.584133930581713,17.9832101015422,2.3990761709604866,5.39496303046266,0.359861425644073,5.035101604818586
2023-10-07 00:00:00-07:00,9.063439816725,9.063439816725,28.398068406940926,28.398068406940926,-19.334628590215928,-19.334628590215928,21.12078040444606,1.7861518142301298,6.336234121333818,0.2679227721345195,6.068311349199298
2023-10-08 00:00:00-07:00,9.277689293999998,9.277689293999998,29.20826900878637,29.20826900878637,-19.930579714786372,-19.930579714786372,21.865025311981192,1.9344455971948193,6.559507593594358,0.2901668395792229,6.2693407540151345
2023-10-09 00:00:00-07:00,3.4251178799249993,3.4251178799249993,25.55679106591615,25.55679106591615,-22.13167318599115,-22.13167318599115,22.396683739566505,0.26501055357535325,6.719005121869952,0.03975158303630299,6.679253538833649
2023-10-10 00:00:00-07:00,7.674258373199999,7.674258373199999,23.9925230270978,23.9925230270978,-16.3182646538978,-16.3182646538978,17.70128663135514,1.3830219774573402,5.310385989406542,0.20745329661860104,5.102932692787941
2023-10-11 00:00:00-07:00,9.6408293391,9.6408293391,22.83463580966403,22.83463580966403,-13.193806470564027,-13.193806470564027,15.942864893312503,2.7490584227484756,4.782859467993751,0.41235876341227135,4.370500704581479
2023-10-12 00:00:00-07:00,9.138355510499999,9.138355510499999,25.522634700617516,25.522634700617516,-16.384279190117518,-16.384279190117518,18.674844109081786,2.2905649189642685,5.602453232724535,0.3435847378446403,5.258868494879895
2023-10-13 00:00:00-07:00,7.633838851424999,7.633838851424999,25.357171012325313,25.357171012325313,-17.723332160900313,-17.723332160900313,18.859190860330745,1.1358586994304307,5.657757258099223,0.1703788049145646,5.487378453184658
2023-10-14 00:00:00-07:00,8.497618590824999,8.497618590824999,27.678344921938834,27.678344921938834,-19.18072633111383,-19.18072633111383,20.901333134710224,1.7206068035963926,6.270399940413067,0.25809102053945887,6.0123089198736075
2023-10-15 00:00:00-07:00,8.703133529625,8.703133529625,24.462679697478507,24.462679697478507,-15.759546167853507,-15.759546167853507,17.924870739982687,2.16532457212918,5.377461221994806,0.324798685819377,5.052662536175429
2023-10-16 00:00:00-07:00,7.736363362799999,7.736363362799999,26.03006064953213,26.03006064953213,-18.29369728673213,-18.29369728673213,19.568591866918776,1.274894580186649,5.870577560075633,0.19123418702799733,5.679343373047636
2023-10-17 00:00:00-07:00,8.481823247925,8.481823247925,23.635611844533724,23.635611844533724,-15.153788596608726,-15.153788596608726,17.413098261244468,2.259309664635741,5.22392947837334,0.33889644969536115,4.885033028677979
2023-10-18 00:00:00-07:00,8.7064105878,8.7064105878,23.548943816378312,23.548943816378312,-14.842533228578311,-14.842533228578311,17.13885070777415,2.29631747919584,5.141655212332245,0.344447621879376,4.797207590452869
2023-10-19 00:00:00-07:00,8.470800236699999,8.470800236699999,25.000461076663523,25.000461076663523,-16.529660839963523,-16.529660839963523,18.506583366722015,1.976922526758493,5.551975010016604,0.29653837901377395,5.25543663100283
2023-10-20 00:00:00-07:00,8.426615527125,8.426615527125,22.663431830422553,22.663431830422553,-14.236816303297553,-14.236816303297553,16.36317823679775,2.1263619335001973,4.908953471039325,0.31895429002502956,4.589999181014296
2023-10-21 00:00:00-07:00,8.207253603224999,8.207253603224999,26.857600095047935,26.857600095047935,-18.650346491822937,-18.650346491822937,20.36033543388266,1.709988942059724,6.108100630164798,0.2564983413089586,5.851602288855839
2023-10-22 00:00:00-07:00,3.895922701799999,3.895922701799999,24.346578190767712,24.346578190767712,-20.450655488967712,-20.450655488967712,20.803210377357733,0.35255488839002047,6.24096311320732,0.05288323325850307,6.188079879948817
2023-10-23 00:00:00-07:00,8.5080750138,8.5080750138,26.349617535686626,26.349617535686626,-17.84154252188663,-17.84154252188663,19.88632175939996,2.044779237513329,5.965896527819988,0.30671688562699934,5.6591796421929885
2023-10-24 00:00:00-07:00,7.806063597524998,7.806063597524998,22.748744655403996,22.748744655403996,-14.942681057878996,-14.942681057878996,16.945828378033273,2.0031473201542767,5.083748513409982,0.3004720980231415,4.78327641538684
2023-10-25 00:00:00-07:00,6.4423562489999995,6.4423562489999995,25.72774780992387,25.72774780992387,-19.28539156092387,-19.28539156092387,19.98139088550838,0.6959993245845092,5.994417265652514,0.10439989868767638,5.8900173669648375
2023-10-26 00:00:00-07:00,9.033759907424999,9.033759907424999,25.211820276440495,25.211820276440495,-16.178060369015494,-16.178060369015494,18.445489779980452,2.267429410964958,5.533646933994135,0.3401144116447437,5.1935325223493916
2023-10-27 00:00:00-07:00,8.2392321744,8.2392321744,22.84239441710101,22.84239441710101,-14.603162242701007,-14.603162242701007,16.76197634208565,2.15881409938464,5.028592902625695,0.323822114907696,4.704770787717999
2023-10-28 00:00:00-07:00,9.064093725,9.064093725,24.091416678453026,24.091416678453026,-15.027322953453028,-15.027322953453028,17.281180326078204,2.2538573726251747,5.184354097823461,0.3380786058937762,4.846275491929685
2023-10-29 00:00:00-07:00,9.1143886635,9.1143886635,28.749859763355722,28.749859763355722,-19.635471099855724,-19.635471099855724,21.582856814957278,1.9473857151015537,6.474857044487183,0.29210785726523303,6.18274918722195
2023-10-30 00:00:00-07:00,8.874822258899998,8.874822258899998,22.709189268042138,22.709189268042138,-13.834367009142138,-13.834367009142138,16.262565127023905,2.4281981178817675,4.878769538107171,0.36422971768226514,4.514539820424906
2023-10-31 00:00:00-07:00,8.6292873396,8.6292873396,25.739974609975327,25.739974609975327,-17.110687270375326,-17.110687270375326,19.011933175153242,1.9012459047779153,5.703579952545972,0.28518688571668727,5.418393066829285
2023-11-01 00:00:00-07:00,8.257978763099999,8.257978763099999,25.564052439965934,25.564052439965934,-17.306073676865932,-17.306073676865932,18.941518150179853,1.6354444733139188,5.6824554450539555,0.24531667099708782,5.4371387740568675
2023-11-02 00:00:00-07:00,8.208680594399999,8.208680594399999,24.97724037615761,24.97724037615761,-16.76855978175761,-16.76855978175761,18.528924212230546,1.7603644304729362,5.558677263669163,0.2640546645709404,5.294622599098223
2023-11-03 00:00:00-07:00,8.097992884799998,8.097992884799998,26.599202424181748,26.599202424181748,-18.501209539381748,-18.501209539381748,20.19860186318224,1.6973923238004918,6.059580558954672,0.25460884857007376,5.804971710384598
2023-11-04 00:00:00-07:00,8.004824848799998,8.004824848799998,28.38467826761967,28.38467826761967,-20.37985341881967,-20.37985341881967,21.87703182113758,1.4971784023179118,6.563109546341274,0.22457676034768675,6.338532785993587
2023-11-05 00:00:00-07:00,6.908460362099999,6.908460362099999,28.449784469317013,28.449784469317013,-21.541324107217015,-21.541324107217015,21.67302258547768,0.1316984782606655,6.501906775643303,0.019754771739099824,6.482152003904203
2023-11-06 00:00:00-08:00,3.6342134108999997,3.6342134108999997,25.72732562775032,25.72732562775032,-22.093112216850322,-22.093112216850322,22.144215058901246,0.051102842050922526,6.6432645176703735,0.007665426307638379,6.635599091362735
2023-11-07 00:00:00-08:00,8.353716885899999,8.353716885899999,25.213644945396616,25.213644945396616,-16.859928059496617,-16.859928059496617,18.75912380801227,1.8991957485156514,5.627737142403681,0.2848793622773477,5.342857780126333
2023-11-08 00:00:00-08:00,9.0664575939,9.0664575939,24.671892214928686,24.671892214928686,-15.605434621028685,-15.605434621028685,17.58638266555079,1.9809480445221053,5.2759147996652365,0.29714220667831576,4.978772592986921
2023-11-09 00:00:00-08:00,7.605868544999999,7.605868544999999,22.261472771495235,22.261472771495235,-14.655604226495234,-14.655604226495234,16.112765568560278,1.4571613420650436,4.833829670568083,0.21857420130975652,4.615255469258327
2023-11-10 00:00:00-08:00,8.6643339336,8.6643339336,23.610685415074865,23.610685415074865,-14.946351481474865,-14.946351481474865,17.112782363894656,2.16643088241979,5.133834709168396,0.3249646323629685,4.8088700768054276
2023-11-11 00:00:00-08:00,8.7399237141,8.7399237141,25.256539565376183,25.256539565376183,-16.516615851276182,-16.516615851276182,18.39601006960783,1.8793942183316472,5.518803020882348,0.28190913274974705,5.2368938881326015
2023-11-12 00:00:00-08:00,8.5792078044,8.5792078044,27.38510258336371,27.38510258336371,-18.80589477896371,-18.80589477896371,20.350396760092536,1.544501981128826,6.105119028027761,0.2316752971693239,5.873443730858437
2023-11-13 00:00:00-08:00,8.3021693013,8.3021693013,26.044753361386583,26.044753361386583,-17.742584060086585,-17.742584060086585,19.33852961910584,1.5959455590192586,5.801558885731752,0.23939183385288879,5.5621670518788635
2023-11-14 00:00:00-08:00,6.550939570499999,6.550939570499999,24.132870535695783,24.132870535695783,-17.581930965195784,-17.581930965195784,18.181489359237766,0.5995583940419815,5.45444680777133,0.08993375910629722,5.3645130486650325
2023-11-15 00:00:00-08:00,3.1850662508999994,3.1850662508999994,24.704095029865822,24.704095029865822,-21.519028778965822,-21.519028778965822,21.519028778965822,0.0,6.4557086336897465,0.0,6.4557086336897465
2023-11-16 00:00:00-08:00,4.931286247799999,4.931286247799999,23.883379396069202,23.883379396069202,-18.952093148269203,-18.952093148269203,19.24054503526059,0.2884518869913854,5.772163510578176,0.04326778304870781,5.728895727529468
2023-11-17 00:00:00-08:00,3.180759942599999,3.180759942599999,21.772506669749465,21.772506669749465,-18.591746727149467,-18.591746727149467,19.550092867794838,0.9583461406453695,5.865027860338452,0.14375192109680543,5.721275939241647
2023-11-18 00:00:00-08:00,4.520495417399999,4.520495417399999,25.39025473190308,25.39025473190308,-20.86975931450308,-20.86975931450308,21.094774494670034,0.22501518016695116,6.32843234840101,0.03375227702504267,6.294680071375967
2023-11-19 00:00:00-08:00,8.7419532636,8.7419532636,25.632302775222296,25.632302775222296,-16.890349511622297,-16.890349511622297,18.663578094596563,1.7732285829742656,5.5990734283789685,0.26598428744613983,5.333089140932828
2023-11-20 00:00:00-08:00,8.785406388599998,8.785406388599998,23.143863399934315,23.143863399934315,-14.358457011334316,-14.358457011334316,16.692426013073902,2.333969001739586,5.007727803922171,0.3500953502609379,4.657632453661233
2023-11-21 00:00:00-08:00,5.8861645326,5.8861645326,23.955145740372146,23.955145740372146,-18.068981207772147,-18.068981207772147,19.10898523816799,1.0400040303958424,5.732695571450397,0.15600060455937637,5.57669496689102
2023-11-22 00:00:00-08:00,7.277663878199999,7.277663878199999,26.275394330316495,26.275394330316495,-18.997730452116496,-18.997730452116496,20.090324829821842,1.0925943777053444,6.027097448946552,0.16388915665580164,5.863208292290751
2023-11-23 00:00:00-08:00,8.4834261306,8.4834261306,26.77004495690116,26.77004495690116,-18.286618826301158,-18.286618826301158,19.84839572905681,1.5617769027556536,5.954518718717043,0.23426653541334802,5.720252183303695
2023-11-24 00:00:00-08:00,9.068925131999999,9.068925131999999,25.259603715843934,25.259603715843934,-16.190678583843933,-16.190678583843933,18.256516378374783,2.06583779453085,5.476954913512435,0.3098756691796275,5.1670792443328075
2023-11-25 00:00:00-08:00,8.629535285999998,8.629535285999998,24.26504101536819,24.26504101536819,-15.635505729368191,-15.635505729368191,17.62051706108493,1.9850113317167395,5.286155118325478,0.2977516997575109,4.988403418567968
2023-11-26 00:00:00-08:00,6.964876492199999,6.964876492199999,25.162045397546883,25.162045397546883,-18.197168905346885,-18.197168905346885,19.51960112693375,1.3224322215868651,5.855880338080125,0.19836483323802975,5.657515504842095
2023-11-27 00:00:00-08:00,8.634808203744349,8.634808203744349,25.72194095658604,25.72194095658604,-17.08713275284169,-17.08713275284169,18.806189109007658,1.7190563561659693,5.641856732702297,0.2578584534248954,5.383998279277401
2023-11-28 00:00:00-08:00,8.3799834201,8.3799834201,24.384282614988518,24.384282614988518,-16.00429919488852,-16.00429919488852,17.707255173202274,1.7029559783137547,5.312176551960682,0.2554433967470632,5.056733155213618
2023-11-29 00:00:00-08:00,7.390351712699999,7.390351712699999,24.108389119806095,24.108389119806095,-16.718037407106095,-16.718037407106095,17.9120889111726,1.194051504066505,5.3736266733517795,0.17910772560997573,5.194518947741804
2023-11-30 00:00:00-08:00,6.8603680242,6.8603680242,24.973243780315595,24.973243780315595,-18.112875756115596,-18.112875756115596,19.017863823839452,0.9049880677238558,5.705359147151835,0.13574821015857835,5.569610936993257
2023-12-01 00:00:00-08:00,7.802645141699999,7.802645141699999,22.448094193320923,22.448094193320923,-14.645449051620924,-14.645449051620924,16.195078173661273,1.54962912204035,4.858523452098382,0.23244436830605247,4.626079083792329
2023-12-02 00:00:00-08:00,3.4697258468999994,3.4697258468999994,28.13485652720231,28.13485652720231,-24.665130680302312,-24.665130680302312,24.837727412451496,0.1725967321491853,7.4513182237354485,0.025889509822377796,7.425428713913071
2023-12-03 00:00:00-08:00,4.895177843699999,4.895177843699999,25.699069180680365,25.699069180680365,-20.803891336980367,-20.803891336980367,21.64999421005004,0.8461028730696719,6.494998263015011,0.12691543096045077,6.368082832054561
2023-12-04 00:00:00-08:00,7.436155703399999,7.436155703399999,23.65429510695375,23.65429510695375,-16.218139403553753,-16.218139403553753,17.383623368501876,1.1654839649481223,5.215087010550563,0.17482259474221834,5.040264415808345
2023-12-05 00:00:00-08:00,7.183985121,7.183985121,24.84566953231895,24.84566953231895,-17.66168441131895,-17.66168441131895,18.623679787914163,0.9619953765952121,5.587103936374249,0.1442993064892818,5.442804629884967
2023-12-06 00:00:00-08:00,3.4706676959999996,3.4706676959999996,24.39399913946008,24.39399913946008,-20.923331443460082,-20.923331443460082,21.148646745650854,0.22531530219076928,6.344594023695256,0.03379729532861539,6.310796728366641
2023-12-07 00:00:00-08:00,4.5331352136,4.5331352136,27.44458150493595,27.44458150493595,-22.911446291335952,-22.911446291335952,23.66525220455261,0.7538059132166575,7.099575661365782,0.11307088698249862,6.986504774383284
2023-12-08 00:00:00-08:00,8.4918546828,8.4918546828,22.35645883697612,22.35645883697612,-13.864604154176122,-13.864604154176122,16.003543142281117,2.138938988104994,4.801062942684335,0.32084084821574904,4.480222094468586
2023-12-09 00:00:00-08:00,8.1439509159,8.1439509159,24.854068576493436,24.854068576493436,-16.710117660593436,-16.710117660593436,18.279495070955733,1.5693774103622966,5.48384852128672,0.23540661155434447,5.248441909732375
2023-12-10 00:00:00-08:00,7.861513611599999,7.861513611599999,27.131356578069475,27.131356578069475,-19.269842966469476,-19.269842966469476,20.391376673645475,1.1215337071759999,6.117413002093643,0.1682300560764,5.949182946017243
2023-12-11 00:00:00-08:00,8.1852753744,8.1852753744,25.72617740477065,25.72617740477065,-17.54090203037065,-17.54090203037065,18.996535288718075,1.4556332583474267,5.6989605866154225,0.218344988752114,5.480615597863308
2023-12-12 00:00:00-08:00,6.717795485399999,6.717795485399999,25.79047947013173,25.79047947013173,-19.07268398473173,-19.07268398473173,19.77951363915212,0.7068296544203915,5.933854091745636,0.10602444816305871,5.827829643582578
2023-12-13 00:00:00-08:00,7.879760327699999,7.879760327699999,22.549721370844892,22.549721370844892,-14.669961043144893,-14.669961043144893,16.243381096956213,1.5734200538113192,4.873014329086864,0.23601300807169787,4.637001321015166
2023-12-14 00:00:00-08:00,6.4010740887,6.4010740887,22.773715270508323,22.773715270508323,-16.372641181808323,-16.372641181808323,17.140818778846718,0.7681775970383957,5.142245633654015,0.11522663955575935,5.027018994098256
2023-12-15 00:00:00-08:00,7.7796002205,7.7796002205,24.310276784594873,24.310276784594873,-16.530676564094872,-16.530676564094872,17.89586505255623,1.3651884884613545,5.368759515766868,0.20477827326920317,5.163981242497665
2023-12-16 00:00:00-08:00,7.993599520499999,7.993599520499999,26.936270155932576,26.936270155932576,-18.942670635432577,-18.942670635432577,20.14759575199418,1.2049251165616057,6.044278725598255,0.18073876748424086,5.863539958114014
2023-12-17 00:00:00-08:00,1.4806555244999993,1.4806555244999993,27.592566703865305,27.592566703865305,-26.111911179365308,-26.111911179365308,26.111911179365308,0.0,7.833573353809592,0.0,7.833573353809592
2023-12-18 00:00:00-08:00,1.8189140921999993,1.8189140921999993,25.65993997878722,25.65993997878722,-23.84102588658722,-23.84102588658722,23.84102588658722,0.0,7.1523077659761665,0.0,7.1523077659761665
2023-12-19 00:00:00-08:00,3.5360820080999997,3.5360820080999997,24.415186764282446,24.415186764282446,-20.879104756182446,-20.879104756182446,21.198437680890002,0.31933292470755453,6.3595313042670005,0.047899938706133176,6.311631365560867
2023-12-20 00:00:00-08:00,1.5367830164999994,1.5367830164999994,22.72509989387378,22.72509989387378,-21.188316877373783,-21.188316877373783,21.188316877373783,0.0,6.356495063212135,0.0,6.356495063212135
2023-12-21 00:00:00-08:00,2.8665052145999996,2.8665052145999996,22.45141877355437,22.45141877355437,-19.58491355895437,-19.58491355895437,19.939663490013604,0.35474993105923547,5.981899047004081,0.053212489658885316,5.928686557345196
2023-12-22 00:00:00-08:00,7.225417803599999,7.225417803599999,21.906976175043287,21.906976175043287,-14.681558371443288,-14.681558371443288,15.914391387518284,1.232833016074996,4.774317416255485,0.1849249524112494,4.589392463844236
2023-12-23 00:00:00-08:00,8.3059364817,8.3059364817,24.26778929195516,24.26778929195516,-15.961852810255163,-15.961852810255163,17.696123330480813,1.7342705202256508,5.308836999144243,0.2601405780338476,5.048696421110396
2023-12-24 00:00:00-08:00,6.2804509002,6.2804509002,24.4394406692858,24.4394406692858,-18.1589897690858,-18.1589897690858,19.29983549633512,1.1408457272493178,5.789950648900536,0.17112685908739766,5.618823789813138
2023-12-25 00:00:00-08:00,6.887782889999999,6.887782889999999,24.043555259490024,24.043555259490024,-17.155772369490027,-17.155772369490027,17.770890336256027,0.6151179667660016,5.331267100876808,0.09226769501490024,5.238999405861907
2023-12-26 00:00:00-08:00,4.360686831899999,4.360686831899999,24.435518611134185,24.435518611134185,-20.074831779234188,-20.074831779234188,20.074831779234188,0.0,6.022449533770256,0.0,6.022449533770256
2023-12-27 00:00:00-08:00,1.5647517656999992,1.5647517656999992,25.375756866136907,25.375756866136907,-23.81100510043691,-23.81100510043691,23.81100510043691,0.0,7.1433015301310725,0.0,7.1433015301310725
2023-12-28 00:00:00-08:00,3.368806982999999,3.368806982999999,22.471496232820165,22.471496232820165,-19.102689249820163,-19.102689249820163,19.102689249820163,0.0,5.730806774946049,0.0,5.730806774946049
2023-12-29 00:00:00-08:00,2.1064050485999997,2.1064050485999997,22.845308564949676,22.845308564949676,-20.738903516349673,-20.738903516349673,20.738903516349673,0.0,6.221671054904902,0.0,6.221671054904902
2023-12-30 00:00:00-08:00,4.5387022599,4.5387022599,24.77989977459824,24.77989977459824,-20.24119751469824,-20.24119751469824,20.43200508752269,0.19080757282444838,6.129601526256807,0.028621135923667256,6.10098039033314
2023-12-31 00:00:00-08:00,2.7613235177999993,2.7613235177999993,28.549701431018107,28.549701431018107,-25.788377913218106,-25.788377913218106,25.788377913218106,0.0,7.7365133739654315,0.0,7.7365133739654315
2024-01-01 00:00:00-08:00,7.750713849299999,7.750713849299999,24.698240669026685,24.698240669026685,-16.947526819726683,-16.947526819726683,18.109743268796947,1.1622164490702622,5.432922980639084,0.17433246736053934,5.258590513278545
2024-01-02 00:00:00-08:00,4.0205371868999995,4.0205371868999995,22.77378346095368,22.77378346095368,-18.75324627405368,-18.75324627405368,18.812218420845145,0.05897214679146312,5.643665526253543,0.008845822018719468,5.634819704234824
2024-01-03 00:00:00-08:00,2.7855863738999993,2.7855863738999993,22.76818575262184,22.76818575262184,-19.982599378721837,-19.982599378721837,20.247794301146794,0.26519492242495685,6.074338290344038,0.03977923836374352,6.0345590519802945
2024-01-04 00:00:00-08:00,7.863094526399999,7.863094526399999,22.712093079621905,22.712093079621905,-14.848998553221904,-14.848998553221904,16.115391446222667,1.2663928930007633,4.8346174338668,0.18995893395011448,4.644658499916686
2024-01-05 00:00:00-08:00,7.7228274069,7.7228274069,23.64468847140343,23.64468847140343,-15.92186106450343,-15.92186106450343,17.161737163275895,1.239876098772464,5.148521148982768,0.18598141481586958,4.962539734166898
2024-01-06 00:00:00-08:00,1.8194826122999994,1.8194826122999994,24.80131495908251,24.80131495908251,-22.98183234678251,-22.98183234678251,22.98183234678251,0.0,6.894549704034753,0.0,6.894549704034753
2024-01-07 00:00:00-08:00,8.353771822799999,8.353771822799999,25.490432969660983,25.490432969660983,-17.136661146860984,-17.136661146860984,18.49974606392925,1.363084917068266,5.549923819178775,0.2044627375602399,5.345461081618535
2024-01-08 00:00:00-08:00,7.945804765799999,7.945804765799999,25.56969085888917,25.56969085888917,-17.623886093089173,-17.623886093089173,18.860486218131246,1.2366001250420746,5.658145865439374,0.1854900187563112,5.472655846683063
2024-01-09 00:00:00-08:00,2.5805274515999996,2.5805274515999996,24.314864996305197,24.314864996305197,-21.7343375447052,-21.7343375447052,21.766953971786698,0.03261642708150192,6.530086191536009,0.0048924640622252874,6.525193727473784
2024-01-10 00:00:00-08:00,1.3349144303999994,1.3349144303999994,23.153992083345948,23.153992083345948,-21.81907765294595,-21.81907765294595,21.81907765294595,0.0,6.545723295883785,0.0,6.545723295883785
2024-01-11 00:00:00-08:00,8.5570162587,8.5570162587,21.91660272619176,21.91660272619176,-13.35958646749176,-13.35958646749176,15.305263114990195,1.945676647498436,4.591578934497059,0.2918514971247654,4.299727437372293
2024-01-12 00:00:00-08:00,5.108490657899999,5.108490657899999,22.982451947909187,22.982451947909187,-17.873961290009188,-17.873961290009188,18.40793206869091,0.5339707786817252,5.522379620607273,0.08009561680225877,5.442284003805014
2024-01-13 00:00:00-08:00,1.4792061509999992,1.4792061509999992,25.305758923760212,25.305758923760212,-23.826552772760213,-23.826552772760213,23.826552772760213,0.0,7.147965831828063,0.0,7.147965831828063
2024-01-14 00:00:00-08:00,7.934038929899999,7.934038929899999,25.395855819304796,25.395855819304796,-17.461816889404798,-17.461816889404798,18.66512803903685,1.2033111496320517,5.599538411711055,0.18049667244480774,5.419041739266247
2024-01-15 00:00:00-08:00,6.1000378370999995,6.1000378370999995,24.93897286375757,24.93897286375757,-18.838935026657573,-18.838935026657573,19.81738203120344,0.9784470045458674,5.945214609361032,0.14676705068188012,5.798447558679152
2024-01-16 00:00:00-08:00,3.2171474942999994,3.2171474942999994,22.246522775487602,22.246522775487602,-19.029375281187605,-19.029375281187605,19.03093391970501,0.001558638517408506,5.709280175911503,0.0002337957776112759,5.709046380133891
2024-01-17 00:00:00-08:00,6.3730835343,6.3730835343,24.203416248950163,24.203416248950163,-17.83033271465016,-17.83033271465016,18.672002051177177,0.8416693365270151,5.601600615353153,0.12625040047905225,5.4753502148741005
2024-01-18 00:00:00-08:00,4.566829998599999,4.566829998599999,23.084254190410455,23.084254190410455,-18.517424191810456,-18.517424191810456,19.208028410502102,0.6906042186916463,5.76240852315063,0.10359063280374695,5.658817890346883
2024-01-19 00:00:00-08:00,0.8606918114999993,0.8606918114999993,23.561879384858297,23.561879384858297,-22.7011875733583,-22.7011875733583,22.7011875733583,0.0,6.81035627200749,0.0,6.81035627200749
2024-01-20 00:00:00-08:00,1.6930868831999992,1.6930868831999992,27.813330959750814,27.813330959750814,-26.120244076550815,-26.120244076550815,26.120244076550815,0.0,7.836073222965244,0.0,7.836073222965244
2024-01-21 00:00:00-08:00,3.534650792099999,3.534650792099999,28.53471964677537,28.53471964677537,-25.00006885467537,-25.00006885467537,25.16474183723559,0.1646729825602225,7.549422551170676,0.024700947384033375,7.5247216037866425
2024-01-22 00:00:00-08:00,2.9174614073999994,2.9174614073999994,27.26164836571837,27.26164836571837,-24.34418695831837,-24.34418695831837,24.34418695831837,0.0,7.303256087495511,0.0,7.303256087495511
2024-01-23 00:00:00-08:00,6.073709707799999,6.073709707799999,26.989518917722013,26.989518917722013,-20.915809209922013,-20.915809209922013,21.538539031569037,0.622729821647023,6.461561709470711,0.09340947324705344,6.368152236223658
2024-01-24 00:00:00-08:00,3.874634052299999,3.874634052299999,23.53625472123676,23.53625472123676,-19.66162066893676,-19.66162066893676,19.703981667019832,0.04236099808307353,5.91119450010595,0.006354149712461029,5.9048403503934885
2024-01-25 00:00:00-08:00,8.651729464199999,8.651729464199999,27.330656082696972,27.330656082696972,-18.67892661849697,-18.67892661849697,20.02390072077601,1.344974102279036,6.007170216232803,0.2017461153418554,5.8054241008909475
2024-01-26 00:00:00-08:00,2.9453124635999997,2.9453124635999997,23.35047424857388,23.35047424857388,-20.405161784973885,-20.405161784973885,20.405161784973885,0.0,6.121548535492165,0.0,6.121548535492165
2024-01-27 00:00:00-08:00,5.8811130513,5.8811130513,25.466303556474248,25.466303556474248,-19.58519050517425,-19.58519050517425,20.419487145443902,0.8342966402696537,6.12584614363317,0.12514449604044806,6.000701647592722
2024-01-28 00:00:00-08:00,5.374647242999999,5.374647242999999,27.844861188058104,27.844861188058104,-22.470213945058106,-22.470213945058106,22.655281388118443,0.18506744306033918,6.7965844164355325,0.027760116459050875,6.768824299976481
2024-01-29 00:00:00-08:00,8.214830187299999,8.214830187299999,21.76528106828161,21.76528106828161,-13.55045088098161,-13.55045088098161,15.248823939812864,1.6983730588312533,4.574647181943859,0.254755958824688,4.31989122311917
2024-01-30 00:00:00-08:00,6.540896318399999,6.540896318399999,25.232250116793036,25.232250116793036,-18.69135379839304,-18.69135379839304,19.37046840011419,0.679114601721153,5.811140520034257,0.10186719025817295,5.709273329776084
2024-01-31 00:00:00-08:00,0.6771061133999993,0.6771061133999993,23.387129062945654,23.387129062945654,-22.710022949545657,-22.710022949545657,22.710022949545657,0.0,6.813006884863697,0.0,6.813006884863697
2024-02-01 00:00:00-08:00,5.3971185005999995,5.3971185005999995,26.908428889085066,26.908428889085066,-21.511310388485068,-21.511310388485068,21.820415304967238,0.30910491648217,6.546124591490171,0.046365737472325495,6.499758854017846
2024-02-02 00:00:00-08:00,5.7155727572999995,5.7155727572999995,24.318148485174596,24.318148485174596,-18.602575727874598,-18.602575727874598,19.857650977931087,1.2550752500564886,5.9572952933793255,0.1882612875084733,5.769034005870852
2024-02-03 00:00:00-08:00,2.7861979373999994,2.7861979373999994,27.732529880291786,27.732529880291786,-24.946331942891785,-24.946331942891785,24.946331942891785,0.0,7.483899582867535,0.0,7.483899582867535
2024-02-04 00:00:00-08:00,1.5172694954999992,1.5172694954999992,26.859441574150154,26.859441574150154,-25.342172078650155,-25.342172078650155,25.342172078650155,0.0,7.602651623595046,0.0,7.602651623595046
2024-02-05 00:00:00-08:00,4.0367014065,4.0367014065,22.302473094548123,22.302473094548123,-18.265771688048122,-18.265771688048122,18.358332820034096,0.09256113198597132,5.507499846010229,0.013884169797895697,5.493615676212333
2024-02-06 00:00:00-08:00,6.996255206399999,6.996255206399999,26.046596393111184,26.046596393111184,-19.050341186711186,-19.050341186711186,20.309219502960353,1.2588783162491666,6.092765850888106,0.188831747437375,5.903934103450731
2024-02-07 00:00:00-08:00,2.4874524576,2.4874524576,24.456832469588623,24.456832469588623,-21.969380011988623,-21.969380011988623,22.331909765800773,0.36252975381215147,6.699572929740232,0.05437946307182272,6.64519346666841
2024-02-08 00:00:00-08:00,5.694879852,5.694879852,22.551838685446583,22.551838685446583,-16.856958833446583,-16.856958833446583,17.57271574919366,0.7157569157470745,5.271814724758097,0.10736353736206117,5.164451187396036
2024-02-09 00:00:00-08:00,9.0923228757,9.0923228757,24.725921937207712,24.725921937207712,-15.633599061507711,-15.633599061507711,17.345035808723008,1.7114367472152956,5.203510742616902,0.2567155120822943,4.946795230534607
2024-02-10 00:00:00-08:00,9.478476875699998,9.478476875699998,27.57512668006208,27.57512668006208,-18.096649804362084,-18.096649804362084,19.83878270944936,1.7421329050872794,5.951634812834809,0.26131993576309187,5.6903148770717165
2024-02-11 00:00:00-08:00,9.370807212599999,9.370807212599999,26.780276894328487,26.780276894328487,-17.40946968172849,-17.40946968172849,19.13327902669523,1.7238093449667442,5.739983708008569,0.25857140174501164,5.481412306263557
2024-02-12 00:00:00-08:00,8.573219863199999,8.573219863199999,22.80406284195935,22.80406284195935,-14.230842978759352,-14.230842978759352,16.150506981792997,1.9196640030336456,4.845152094537899,0.2879496004550468,4.557202494082852
2024-02-13 00:00:00-08:00,6.747205910399999,6.747205910399999,25.153241770713194,25.153241770713194,-18.406035860313196,-18.406035860313196,18.73468382167643,0.3286479613632344,5.620405146502929,0.049297194204485154,5.571107952298443
2024-02-14 00:00:00-08:00,1.9696533776999992,1.9696533776999992,22.274864698023745,22.274864698023745,-20.305211320323746,-20.305211320323746,20.305211320323746,0.0,6.091563396097124,0.0,6.091563396097124
2024-02-15 00:00:00-08:00,8.292342261824999,8.292342261824999,23.12696598817521,23.12696598817521,-14.83462372635021,-14.83462372635021,16.261908309424154,1.4272845830739436,4.878572492827246,0.21409268746109153,4.664479805366154
2024-02-16 00:00:00-08:00,2.8261224371249996,2.8261224371249996,25.349442111625983,25.349442111625983,-22.523319674500982,-22.523319674500982,22.523319674500982,0.0,6.756995902350295,0.0,6.756995902350295
2024-02-17 00:00:00-08:00,1.2115501127999995,1.2115501127999995,24.81157964991284,24.81157964991284,-23.600029537112842,-23.600029537112842,23.600029537112842,0.0,7.0800088611338525,0.0,7.0800088611338525
2024-02-18 00:00:00-08:00,6.2868941687249995,6.2868941687249995,26.840735062799382,26.840735062799382,-20.553840894074384,-20.553840894074384,21.017954982028726,0.4641140879543435,6.3053864946086176,0.06961711319315152,6.235769381415466
2024-02-19 00:00:00-08:00,5.578468700625,5.578468700625,26.20539542241917,26.20539542241917,-20.62692672179417,-20.62692672179417,20.800071053834042,0.1731443320398695,6.240021316150212,0.025971649805980424,6.2140496663442315
2024-02-20 00:00:00-08:00,2.2202595983249998,2.2202595983249998,22.880313164675893,22.880313164675893,-20.660053566350896,-20.660053566350896,20.660053566350896,0.0,6.198016069905269,0.0,6.198016069905269
2024-02-21 00:00:00-08:00,8.242180785,8.242180785,24.59159556990247,24.59159556990247,-16.349414784902468,-16.349414784902468,17.9148701847687,1.5654553998662275,5.37446105543061,0.2348183099799341,5.139642745450676
2024-02-22 00:00:00-08:00,9.352653308999999,9.352653308999999,22.17020006612491,22.17020006612491,-12.817546757124909,-12.817546757124909,15.291057293388764,2.473510536263856,4.5873171880166295,0.3710265804395784,4.216290607577051
2024-02-23 00:00:00-08:00,7.221816910124999,7.221816910124999,22.285945869640614,22.285945869640614,-15.064128959515616,-15.064128959515616,16.314390549161185,1.2502615896455707,4.894317164748355,0.1875392384468356,4.70677792630152
2024-02-24 00:00:00-08:00,9.381432832425,9.381432832425,25.696093269835732,25.696093269835732,-16.314660437410733,-16.314660437410733,18.13606447058072,1.8214040331699886,5.440819341174216,0.27321060497549826,5.167608736198718
2024-02-25 00:00:00-08:00,9.584337813524998,9.584337813524998,26.152267936729857,26.152267936729857,-16.567930123204857,-16.567930123204857,18.546710491945685,1.978780368740828,5.564013147583705,0.2968170553111242,5.267196092272581
2024-02-26 00:00:00-08:00,4.9718933001,4.9718933001,22.42862563897382,22.42862563897382,-17.45673233887382,-17.45673233887382,18.781429651031182,1.324697312157364,5.634428895309354,0.19870459682360458,5.4357242984857495
2024-02-27 00:00:00-08:00,9.969257306025,9.969257306025,25.260876667502615,25.260876667502615,-15.291619361477615,-15.291619361477615,17.523038985203193,2.2314196237255777,5.256911695560958,0.33471294355883663,4.922198752002121
2024-02-28 00:00:00-08:00,9.814546412999999,9.814546412999999,22.031971065036462,22.031971065036462,-12.217424652036462,-12.217424652036462,14.918990514046229,2.7015658620097676,4.475697154213869,0.4052348793014651,4.070462274912403
2024-02-29 00:00:00-08:00,3.3531672593249993,3.3531672593249993,24.887603609372743,24.887603609372743,-21.534436350047745,-21.534436350047745,21.534436350047745,0.0,6.460330905014323,0.0,6.460330905014323
2024-03-01 00:00:00-08:00,5.044090454999999,5.044090454999999,25.36220799918602,25.36220799918602,-20.31811754418602,-20.31811754418602,20.607058711432106,0.2889411672460864,6.182117613429631,0.04334117508691295,6.138776438342719
2024-03-02 00:00:00-08:00,4.3719833187,4.3719833187,28.693086918660534,28.693086918660534,-24.321103599960534,-24.321103599960534,24.321103599960534,0.0,7.2963310799881596,0.0,7.2963310799881596
2024-03-03 00:00:00-08:00,5.664624469424999,5.664624469424999,26.02844408167926,26.02844408167926,-20.363819612254265,-20.363819612254265,20.56948811391978,0.20566850166551537,6.1708464341759335,0.030850275249827305,6.139996158926106
2024-03-04 00:00:00-08:00,5.091249161924999,5.091249161924999,25.025601770833816,25.025601770833816,-19.934352608908817,-19.934352608908817,20.288293513434482,0.3539409045256621,6.086488054030345,0.053091135678849315,6.033396918351495
2024-03-05 00:00:00-08:00,4.154853127725,4.154853127725,26.081190530371586,26.081190530371586,-21.926337402646585,-21.926337402646585,21.926337402646585,0.0,6.577901220793975,0.0,6.577901220793975
2024-03-06 00:00:00-08:00,4.134250170224999,4.134250170224999,22.951133000166458,22.951133000166458,-18.816882829941456,-18.816882829941456,18.875800017294296,0.058917187352839406,5.662740005188288,0.008837578102925911,5.653902427085362
2024-03-07 00:00:00-08:00,7.317457891649998,7.317457891649998,26.588726402184786,26.588726402184786,-19.27126851053479,-19.27126851053479,20.78221907683347,1.5109505662986846,6.234665723050041,0.2266425849448027,6.008023138105238
2024-03-08 00:00:00-08:00,9.938231176725,9.938231176725,23.3882095610197,23.3882095610197,-13.449978384294702,-13.449978384294702,16.195575112751612,2.7455967284569116,4.858672533825484,0.41183950926853674,4.4468330245569465
2024-03-09 00:00:00-08:00,8.715240272925,8.715240272925,26.328693714967887,26.328693714967887,-17.61345344204289,-17.61345344204289,18.89480727918991,1.2813538371470214,5.668442183756972,0.1922030755720532,5.476239108184918
2024-03-10 00:00:00-08:00,8.3070938502,8.3070938502,25.70171099370618,25.70171099370618,-17.39461714350618,-17.39461714350618,18.920586764448615,1.5259696209424356,5.676176029334584,0.22889544314136534,5.447280586193219
2024-03-11 00:00:00-07:00,6.405380739899999,6.405380739899999,24.51772595134656,24.51772595134656,-18.11234521144656,-18.11234521144656,18.852698105393095,0.740352893946536,5.655809431617929,0.1110529340919804,5.544756497525948
2024-03-12 00:00:00-07:00,5.924774502899999,5.924774502899999,23.940889864309504,23.940889864309504,-18.016115361409508,-18.016115361409508,19.1005702193881,1.0844548579785933,5.73017106581643,0.16266822869678899,5.567502837119641
2024-03-13 00:00:00-07:00,10.1392717653,10.1392717653,25.94580680487424,25.94580680487424,-15.806535039574243,-15.806535039574243,18.573853925891065,2.767318886316824,5.57215617776732,0.41509783294752356,5.157058344819796
2024-03-14 00:00:00-07:00,10.395144676124998,10.395144676124998,24.628707946287726,24.628707946287726,-14.23356327016273,-14.23356327016273,17.578308374234965,3.344745104072235,5.273492512270489,0.5017117656108352,4.771780746659654
2024-03-15 00:00:00-07:00,10.144158878699999,10.144158878699999,22.230238194533026,22.230238194533026,-12.086079315833027,-12.086079315833027,15.433905048460298,3.347825732627271,4.630171514538089,0.5021738598940907,4.127997654643998
2024-03-16 00:00:00-07:00,10.270674308249998,10.270674308249998,24.739373991150494,24.739373991150494,-14.468699682900494,-14.468699682900494,17.429805322807557,2.9611056399070623,5.228941596842267,0.44416584598605935,4.784775750856207
2024-03-17 00:00:00-07:00,10.325773699649998,10.325773699649998,24.97756665324787,24.97756665324787,-14.651792953597871,-14.651792953597871,17.747557784344245,3.0957648307463725,5.324267335303273,0.4643647246119559,4.859902610691317
2024-03-18 00:00:00-07:00,10.226054058974999,10.226054058974999,22.060965708073876,22.060965708073876,-11.834911649098878,-11.834911649098878,15.089886709759464,3.254975060660586,4.526966012927839,0.48824625909908786,4.038719753828751
2024-03-19 00:00:00-07:00,10.3375672389,10.3375672389,22.47903307917473,22.47903307917473,-12.14146584027473,-12.14146584027473,15.602197975053116,3.460732134778386,4.680659392515935,0.5191098202167579,4.161549572299177
2024-03-20 00:00:00-07:00,10.000062690075,10.000062690075,25.435936550986643,25.435936550986643,-15.435873860911645,-15.435873860911645,18.381309097279676,2.945435236368031,5.5143927291839026,0.44181528545520465,5.072577443728698
2024-03-21 00:00:00-07:00,9.990529534799999,9.990529534799999,25.885492074284986,25.885492074284986,-15.894962539484988,-15.894962539484988,18.596813911631106,2.7018513721461193,5.579044173489332,0.40527770582191786,5.173766467667414
2024-03-22 00:00:00-07:00,4.377989212199999,4.377989212199999,26.211253881884073,26.211253881884073,-21.833264669684073,-21.833264669684073,22.026656036471056,0.1933913667869852,6.607996810941317,0.02900870501804778,6.578988105923269
2024-03-23 00:00:00-07:00,8.380649923199998,8.380649923199998,29.733412354687573,29.733412354687573,-21.352762431487577,-21.352762431487577,22.993147981222428,1.6403855497348547,6.8979443943667285,0.2460578324602282,6.6518865619065
2024-03-24 00:00:00-07:00,9.509932373849999,9.509932373849999,29.057413346194732,29.057413346194732,-19.547480972344733,-19.547480972344733,21.83691759133084,2.2894366189861106,6.551075277399252,0.34341549284791656,6.2076597845513355
2024-03-25 00:00:00-07:00,8.77563585675,8.77563585675,22.653088681022055,22.653088681022055,-13.877452824272057,-13.877452824272057,16.616194196425617,2.738741372153561,4.984858258927685,0.41081120582303415,4.574047053104651
2024-03-26 00:00:00-07:00,8.673790749749998,8.673790749749998,23.33072617163923,23.33072617163923,-14.656935421889232,-14.656935421889232,17.65477272945415,2.9978373075649203,5.296431818836245,0.449675596134738,4.846756222701507
2024-03-27 00:00:00-07:00,2.7701986702499997,2.7701986702499997,26.592012251783274,26.592012251783274,-23.821813581533274,-23.821813581533274,23.821813581533274,0.0,7.146544074459982,0.0,7.146544074459982
2024-03-28 00:00:00-07:00,8.9462319561,8.9462319561,24.839952454614675,24.839952454614675,-15.893720498514677,-15.893720498514677,18.168018189520804,2.274297691006129,5.450405456856241,0.34114465365091934,5.109260803205322
2024-03-29 00:00:00-07:00,3.3302226140999993,3.3302226140999993,25.6143620781031,25.6143620781031,-22.284139464003097,-22.284139464003097,22.474952470297136,0.19081300629403825,6.742485741089141,0.028621950944105735,6.713863790145035
2024-03-30 00:00:00-07:00,6.1074840644999995,6.1074840644999995,28.28657952274138,28.28657952274138,-22.17909545824138,-22.17909545824138,22.464552221321455,0.28545676308007506,6.739365666396436,0.04281851446201126,6.696547151934425
2024-03-31 00:00:00-07:00,9.9539062974,9.9539062974,25.86536690363501,25.86536690363501,-15.91146060623501,-15.91146060623501,18.76409514103524,2.8526345348002295,5.629228542310572,0.4278951802200344,5.201333362090537
2024-04-01 00:00:00-07:00,10.803323705399999,10.803323705399999,25.99900744678545,25.99900744678545,-15.195683741385452,-15.195683741385452,18.215828137007513,3.020144395622062,5.4647484411022536,0.4530216593433093,5.011726781758944
2024-04-02 00:00:00-07:00,10.6820764362,10.6820764362,24.611271003830083,24.611271003830083,-13.929194567630086,-13.929194567630086,17.04257876907514,3.1133842014450517,5.1127736307225415,0.46700763021675773,4.645766000505784
2024-04-03 00:00:00-07:00,10.056723590699999,10.056723590699999,23.176341698478126,23.176341698478126,-13.119618107778127,-13.119618107778127,16.199259907533825,3.0796417997556986,4.859777972260147,0.46194626996335475,4.397831702296792
2024-04-04 00:00:00-07:00,5.960734946999999,5.960734946999999,24.36338792660992,24.36338792660992,-18.402652979609922,-18.402652979609922,19.906443447548742,1.5037904679388205,5.971933034264622,0.22556857019082308,5.746364464073799
2024-04-05 00:00:00-07:00,9.2343515076,9.2343515076,24.355017794963704,24.355017794963704,-15.120666287363704,-15.120666287363704,18.070015455315087,2.949349167951382,5.4210046365945255,0.44240237519270725,4.978602261401818
2024-04-06 00:00:00-07:00,10.006365456,10.006365456,25.418433161418957,25.418433161418957,-15.412067705418957,-15.412067705418957,18.369152354605742,2.9570846491867857,5.510745706381722,0.44356269737801785,5.067183009003704
2024-04-07 00:00:00-07:00,9.7470935172,9.7470935172,26.03080565534124,26.03080565534124,-16.28371213814124,-16.28371213814124,18.84158435418608,2.557872216044837,5.652475306255823,0.3836808324067255,5.2687944738490975
2024-04-08 00:00:00-07:00,9.8853941241,9.8853941241,24.133437780809984,24.133437780809984,-14.248043656709985,-14.248043656709985,17.426952980783117,3.178909324073132,5.228085894234935,0.47683639861096977,4.7512494956239655
2024-04-09 00:00:00-07:00,9.9536768811,9.9536768811,26.70522958895053,26.70522958895053,-16.75155270785053,-16.75155270785053,19.627456735452572,2.875904027602042,5.8882370206357715,0.43138560414030624,5.456851416495465
2024-04-10 00:00:00-07:00,9.8323998039,9.8323998039,26.11978084157068,26.11978084157068,-16.28738103767068,-16.28738103767068,19.127901619925588,2.8405205822549098,5.7383704859776765,0.42607808733823643,5.31229239863944
2024-04-11 00:00:00-07:00,9.928610654849999,9.928610654849999,24.027921062372172,24.027921062372172,-14.099310407522172,-14.099310407522172,17.270688675051254,3.1713782675290836,5.181206602515376,0.47570674012936254,4.705499862386013
2024-04-12 00:00:00-07:00,9.6850328616,9.6850328616,23.83831539066467,23.83831539066467,-14.15328252906467,-14.15328252906467,17.091555224258254,2.9382726951935836,5.127466567277476,0.4407409042790375,4.686725662998438
2024-04-13 00:00:00-07:00,2.8262530556999987,2.8262530556999987,28.95847829394745,28.95847829394745,-26.13222523824745,-26.13222523824745,26.13222523824745,0.0,7.8396675714742345,0.0,7.8396675714742345
2024-04-14 00:00:00-07:00,8.3911497804,8.3911497804,27.43949525782912,27.43949525782912,-19.048345477429123,-19.048345477429123,21.339516427961794,2.2911709505326727,6.401854928388538,0.3436756425799009,6.058179285808637
2024-04-15 00:00:00-07:00,8.9487631278,8.9487631278,23.506896544194234,23.506896544194234,-14.558133416394234,-14.558133416394234,17.4413621036474,2.883228687253167,5.23240863109422,0.4324843030879751,4.799924328006245
2024-04-16 00:00:00-07:00,9.99455436405,9.99455436405,23.158003796691393,23.158003796691393,-13.163449432641391,-13.163449432641391,16.4167852853569,3.2533358527155087,4.925035585607071,0.4880003779073263,4.437035207699744
2024-04-17 00:00:00-07:00,9.728940732749999,9.728940732749999,22.11234348087143,22.11234348087143,-12.38340274812143,-12.38340274812143,15.612926567312622,3.229523819191191,4.6838779701937865,0.4844285728786786,4.199449397315108
2024-04-18 00:00:00-07:00,9.530113476599999,9.530113476599999,23.486953690852904,23.486953690852904,-13.956840214252905,-13.956840214252905,16.898384837158506,2.941544622905601,5.069515451147551,0.4412316934358401,4.628283757711711
2024-04-19 00:00:00-07:00,9.783261345599998,9.783261345599998,22.681637169738075,22.681637169738075,-12.898375824138075,-12.898375824138075,16.15788731328402,3.259511489145948,4.847366193985207,0.4889267233718922,4.358439470613314
2024-04-20 00:00:00-07:00,10.224059072849998,10.224059072849998,26.706925454931774,26.706925454931774,-16.482866382081777,-16.482866382081777,19.55963162528065,3.076765243198873,5.867889487584195,0.4615147864798309,5.406374701104364
2024-04-21 00:00:00-07:00,9.992549745,9.992549745,26.672306397849106,26.672306397849106,-16.679756652849107,-16.679756652849107,19.580095913321212,2.9003392604721077,5.874028773996364,0.4350508890708161,5.4389778849255475
2024-04-22 00:00:00-07:00,9.853610211449999,9.853610211449999,22.042585343524905,22.042585343524905,-12.188975132074905,-12.188975132074905,15.404331187361125,3.2153560552862195,4.621299356208337,0.4823034082929329,4.138995947915404
2024-04-23 00:00:00-07:00,6.051322174499998,6.051322174499998,22.23475675881672,22.23475675881672,-16.18343458431672,-16.18343458431672,17.79084959290199,1.6074150085852703,5.337254877870596,0.24111225128779054,5.096142626582806
2024-04-24 00:00:00-07:00,4.530349071449999,4.530349071449999,23.94497014413814,23.94497014413814,-19.414621072688142,-19.414621072688142,19.977250788865106,0.5626297161769667,5.993175236659532,0.084394457426545,5.908780779232987
2024-04-25 00:00:00-07:00,8.21147052195,8.21147052195,26.337170170773224,26.337170170773224,-18.125699648823225,-18.125699648823225,19.893235894111037,1.7675362452878114,5.967970768233311,0.2651304367931717,5.7028403314401395
2024-04-26 00:00:00-07:00,9.243397584899999,9.243397584899999,26.318924015464837,26.318924015464837,-17.075526430564835,-17.075526430564835,19.79027103322085,2.7147446026560123,5.937081309966255,0.4072116903984018,5.529869619567854
2024-04-27 00:00:00-07:00,10.184008266449998,10.184008266449998,25.428750531285996,25.428750531285996,-15.244742264835997,-15.244742264835997,18.299314025384273,3.0545717605482747,5.489794207615282,0.4581857640822412,5.031608443533041
2024-04-28 00:00:00-07:00,10.258639760249999,10.258639760249999,25.904246489945052,25.904246489945052,-15.645606729695052,-15.645606729695052,18.791518803905443,3.1459120742103917,5.637455641171633,0.4718868111315587,5.165568830040074
2024-04-29 00:00:00-07:00,10.35007284375,10.35007284375,25.813624550894247,25.813624550894247,-15.463551707144246,-15.463551707144246,18.599843630902832,3.1362919237585842,5.579953089270849,0.4704437885637876,5.109509300707061
2024-04-30 00:00:00-07:00,10.31992125255,10.31992125255,23.33673965141218,23.33673965141218,-13.016818398862181,-13.016818398862181,16.43790876672841,3.4210903678662268,4.931372630018522,0.513163555179934,4.418209074838589
2024-05-01 00:00:00-07:00,10.129784562,10.129784562,22.0212545923243,22.0212545923243,-11.891470030324301,-11.891470030324301,15.406488406183195,3.5150183758588933,4.621946521854959,0.527252756378834,4.094693765476125
2024-05-02 00:00:00-07:00,9.950216899949998,9.950216899949998,22.992040006899586,22.992040006899586,-13.041823106949588,-13.041823106949588,16.298559135873226,3.2567360289236365,4.889567740761968,0.4885104043385454,4.401057336423422
2024-05-03 00:00:00-07:00,10.002335381999998,10.002335381999998,22.151594365976948,22.151594365976948,-12.149258983976948,-12.149258983976948,15.529534097655944,3.380275113678996,4.658860229296783,0.5070412670518494,4.151818962244934
2024-05-04 00:00:00-07:00,4.115510895149998,4.115510895149998,24.96814279426328,24.96814279426328,-20.852631899113284,-20.852631899113284,22.32830388653116,1.4756719874178774,6.698491165959347,0.2213507981126816,6.4771403678466655
2024-05-05 00:00:00-07:00,10.396677424949997,10.396677424949997,28.8873831197386,28.8873831197386,-18.490705694788602,-18.490705694788602,21.333791754410928,2.8430860596223235,6.400137526323278,0.42646290894334854,5.973674617379929
2024-05-06 00:00:00-07:00,10.18177048215,10.18177048215,26.49766671310693,26.49766671310693,-16.315896230956934,-16.315896230956934,19.312489025492724,2.996592794535792,5.793746707647817,0.44948891918036876,5.3442577884674485
2024-05-07 00:00:00-07:00,10.173502076399998,10.173502076399998,22.37639315621958,22.37639315621958,-12.202891079819585,-12.202891079819585,15.517205706588856,3.3143146267692707,4.655161711976657,0.4971471940153906,4.158014517961266
2024-05-08 00:00:00-07:00,10.132902260099998,10.132902260099998,25.669494404609594,25.669494404609594,-15.536592144509596,-15.536592144509596,18.543384137779125,3.006791993269528,5.563015241333737,0.4510187989904292,5.111996442343308
2024-05-09 00:00:00-07:00,9.85987301805,9.85987301805,24.163501456753057,24.163501456753057,-14.303628438703056,-14.303628438703056,17.379127104418732,3.075498665715676,5.213738131325619,0.46132479985735136,4.752413331468268
2024-05-10 00:00:00-07:00,9.82918328445,9.82918328445,24.77102789668322,24.77102789668322,-14.94184461223322,-14.94184461223322,17.832103372856217,2.8902587606229977,5.349631011856865,0.43353881409344963,4.916092197763415
2024-05-11 00:00:00-07:00,9.934171658549998,9.934171658549998,26.008595172876102,26.008595172876102,-16.074423514326103,-16.074423514326103,18.984144433895747,2.9097209195696427,5.695243330168724,0.4364581379354464,5.258785192233278
2024-05-12 00:00:00-07:00,9.86264415765,9.86264415765,25.612428046870026,25.612428046870026,-15.749783889220025,-15.749783889220025,18.623293345363766,2.873509456143741,5.58698800360913,0.43102641842156114,5.155961585187568
2024-05-13 00:00:00-07:00,9.9102350178,9.9102350178,25.38222091560886,25.38222091560886,-15.471985897808858,-15.471985897808858,18.323954125636845,2.8519682278279874,5.497186237691054,0.4277952341741981,5.069391003516856
2024-05-14 00:00:00-07:00,9.891117399149998,9.891117399149998,23.19621296111631,23.19621296111631,-13.305095561966311,-13.305095561966311,16.44741403715551,3.1423184751892004,4.934224211146653,0.47134777127838,4.462876439868273
2024-05-15 00:00:00-07:00,9.836009068049998,9.836009068049998,26.21105662875415,26.21105662875415,-16.37504756070415,-16.37504756070415,19.230264304155003,2.8552167434508537,5.769079291246501,0.42828251151762803,5.340796779728874
2024-05-16 00:00:00-07:00,9.9949355973,9.9949355973,26.51177752078205,26.51177752078205,-16.51684192348205,-16.51684192348205,19.36230652601664,2.845464602534586,5.808691957804991,0.4268196903801879,5.381872267424804
2024-05-17 00:00:00-07:00,10.053269021699998,10.053269021699998,23.127968038040535,23.127968038040535,-13.074699016340537,-13.074699016340537,16.332379702517223,3.2576806861766863,4.899713910755167,0.4886521029265029,4.411061807828664
2024-05-18 00:00:00-07:00,9.8790472287,9.8790472287,27.016004393007925,27.016004393007925,-17.136957164307926,-17.136957164307926,19.88573573975153,2.748778575443603,5.965720721925459,0.41231678631654045,5.553403935608919
2024-05-19 00:00:00-07:00,10.0875931875,10.0875931875,26.813812461999948,26.813812461999948,-16.726219274499947,-16.726219274499947,19.52586360875781,2.799644334257861,5.857759082627343,0.41994665013867916,5.437812432488664
2024-05-20 00:00:00-07:00,9.908721519299998,9.908721519299998,25.423968856444027,25.423968856444027,-15.515247337144027,-15.515247337144027,18.342694222460718,2.8274468853166894,5.502808266738215,0.4241170327975034,5.078691233940712
2024-05-21 00:00:00-07:00,9.9104503293,9.9104503293,26.711347900909182,26.711347900909182,-16.800897571609184,-16.800897571609184,19.580729249108053,2.779831677498871,5.874218774732416,0.4169747516248306,5.457244023107585
2024-05-22 00:00:00-07:00,9.831086846549999,9.831086846549999,25.731860235742822,25.731860235742822,-15.900773389192823,-15.900773389192823,18.693335143275455,2.7925617540826306,5.608000542982636,0.4188842631123946,5.189116279870242
2024-05-23 00:00:00-07:00,10.088625240899999,10.088625240899999,23.32810325246109,23.32810325246109,-13.23947801156109,-13.23947801156109,16.532935222139074,3.2934572105779845,4.959880566641722,0.49401858158669765,4.4658619850550245
2024-05-24 00:00:00-07:00,10.0776414708,10.0776414708,22.682950881240057,22.682950881240057,-12.605309410440057,-12.605309410440057,16.032928798874728,3.4276193884346693,4.8098786396624185,0.5141429082652004,4.295735731397218
2024-05-25 00:00:00-07:00,7.6984993188,7.6984993188,28.179080989736295,28.179080989736295,-20.480581670936296,-20.480581670936296,22.552466847381037,2.0718851764447415,6.765740054214311,0.3107827764667112,6.4549572777476
2024-05-26 00:00:00-07:00,9.9717862509,9.9717862509,25.604095401687008,25.604095401687008,-15.632309150787009,-15.632309150787009,18.452986736622314,2.820677585835304,5.535896020986694,0.4231016378752956,5.112794383111399
2024-05-27 00:00:00-07:00,9.993830457599998,9.993830457599998,25.11747632328715,25.11747632328715,-15.123645865687152,-15.123645865687152,18.149079821612652,3.0254339559255,5.444723946483795,0.453815093388825,4.99090885309497
2024-05-28 00:00:00-07:00,9.996965238599998,9.996965238599998,22.653699054561216,22.653699054561216,-12.656733815961216,-12.656733815961216,15.9459439670154,3.289210151054185,4.78378319010462,0.49338152265812774,4.290401667446492
2024-05-29 00:00:00-07:00,9.9450292806,9.9450292806,22.703412304882686,22.703412304882686,-12.758383024282686,-12.758383024282686,15.925716623626371,3.1673335993436864,4.777714987087911,0.4751000399015529,4.302614947186359
2024-05-30 00:00:00-07:00,9.809302559399999,9.809302559399999,24.81673565147901,24.81673565147901,-15.007433092079012,-15.007433092079012,17.84983633903963,2.842403246960618,5.354950901711889,0.42636048704409274,4.928590414667796
2024-05-31 00:00:00-07:00,9.769879233,9.769879233,26.016837779240564,26.016837779240564,-16.246958546240563,-16.246958546240563,19.078617296542692,2.831658750302129,5.723585188962807,0.4247488125453193,5.298836376417488
2024-06-01 00:00:00-07:00,9.937220910299999,9.937220910299999,28.442893441350165,28.442893441350165,-18.505672531050166,-18.505672531050166,21.010578566457095,2.5049060354069295,6.303173569937129,0.3757359053110394,5.92743766462609
2024-06-02 00:00:00-07:00,9.6059900214,9.6059900214,25.176870425239994,25.176870425239994,-15.570880403839993,-15.570880403839993,18.247131857764845,2.6762514539248525,5.474139557329454,0.40143771808872786,5.072701839240726
2024-06-03 00:00:00-07:00,8.331910422299998,8.331910422299998,25.531539904279704,25.531539904279704,-17.199629481979706,-17.199629481979706,19.512806986212688,2.3131775042329825,5.853842095863806,0.34697662563494736,5.506865470228859
2024-06-04 00:00:00-07:00,9.5443984503,9.5443984503,24.31458629584114,24.31458629584114,-14.770187845541141,-14.770187845541141,17.57765681121063,2.80746896566949,5.273297043363189,0.42112034485042343,4.852176698512766
2024-06-05 00:00:00-07:00,9.4442195943,9.4442195943,24.752179403253315,24.752179403253315,-15.307959808953314,-15.307959808953314,17.888605182911164,2.580645373957849,5.366581554873349,0.38709680609367736,4.979484748779671
2024-06-06 00:00:00-07:00,9.748439264699998,9.748439264699998,22.969540203037255,22.969540203037255,-13.221100938337255,-13.221100938337255,16.349402300733548,3.128301362396293,4.904820690220064,0.46924520435944395,4.43557548586062
2024-06-07 00:00:00-07:00,10.0258702344,10.0258702344,22.941642152125322,22.941642152125322,-12.915771917725321,-12.915771917725321,16.050604120329286,3.1348322026039632,4.815181236098786,0.4702248303905945,4.344956405708191
2024-06-08 00:00:00-07:00,9.796133919599999,9.796133919599999,27.51951628779179,27.51951628779179,-17.723382368191793,-17.723382368191793,20.247639528981498,2.524257160789704,6.074291858694449,0.37863857411845564,5.695653284575994
2024-06-09 00:00:00-07:00,9.8292901815,9.8292901815,25.63912796374507,25.63912796374507,-15.809837782245072,-15.809837782245072,18.591014594377942,2.7811768121328693,5.577304378313382,0.41717652181993037,5.160127856493451
2024-06-10 00:00:00-07:00,9.7004065401,9.7004065401,24.38164938114439,24.38164938114439,-14.681242841044389,-14.681242841044389,17.39846993335489,2.7172270923105,5.2195409800064665,0.407584063846575,4.811956916159891
2024-06-11 00:00:00-07:00,9.5575927077,9.5575927077,22.512262650761482,22.512262650761482,-12.954669943061484,-12.954669943061484,16.00659984378583,3.0519299007243426,4.801979953135748,0.45778948510865136,4.344190468027097
2024-06-12 00:00:00-07:00,9.9530441901,9.9530441901,24.271124822144575,24.271124822144575,-14.318080632044575,-14.318080632044575,17.320857193105745,3.0027765610611694,5.196257157931723,0.4504164841591754,4.745840673772547
2024-06-13 00:00:00-07:00,10.0849433967,10.0849433967,21.86889107900911,21.86889107900911,-11.783947682309112,-11.783947682309112,15.119612445015056,3.335664762705944,4.535883733504517,0.5003497144058916,4.035534019098625
2024-06-14 00:00:00-07:00,10.0216852587,10.0216852587,25.82918768947293,25.82918768947293,-15.807502430772931,-15.807502430772931,18.628099527564082,2.82059709679115,5.588429858269224,0.42308956451867247,5.1653402937505515
2024-06-15 00:00:00-07:00,10.029089895299999,10.029089895299999,24.967161293034128,24.967161293034128,-14.938071397734129,-14.938071397734129,17.970399781532716,3.032328383798587,5.391119934459815,0.454849257569788,4.936270676890027
2024-06-16 00:00:00-07:00,9.9685156977,9.9685156977,27.082938915897,27.082938915897,-17.114423218197,-17.114423218197,19.733256776481422,2.618833558284422,5.919977032944426,0.3928250337426633,5.527151999201763
2024-06-17 00:00:00-07:00,10.1012080833,10.1012080833,24.03571522723484,24.03571522723484,-13.934507143934837,-13.934507143934837,17.11157437828795,3.177067234353112,5.1334723134863856,0.4765600851529668,4.656912228333419
2024-06-18 00:00:00-07:00,9.384260742899999,9.384260742899999,24.91883834205369,24.91883834205369,-15.534577599153693,-15.534577599153693,18.140768825189255,2.6061912260355635,5.4422306475567765,0.39092868390533453,5.051301963651442
2024-06-19 00:00:00-07:00,10.031626199699998,10.031626199699998,22.7908273568694,22.7908273568694,-12.759201157169402,-12.759201157169402,15.994319526278014,3.235118369108612,4.798295857883404,0.4852677553662918,4.313028102517112
2024-06-20 00:00:00-07:00,10.041382528199998,10.041382528199998,25.401015295054858,25.401015295054858,-15.359632766854858,-15.359632766854858,18.19820986598117,2.838577099126309,5.459462959794351,0.42578656486894634,5.033676394925404
2024-06-21 00:00:00-07:00,9.8879704317,9.8879704317,23.431921579412894,23.431921579412894,-13.543951147712894,-13.543951147712894,16.63447563052856,3.0905244828156664,4.990342689158568,0.46357867242234996,4.526764016736218
2024-06-22 00:00:00-07:00,9.760386659399998,9.760386659399998,27.61663548829384,27.61663548829384,-17.856248828893843,-17.856248828893843,20.29921549456175,2.4429666656679063,6.089764648368525,0.3664449998501859,5.723319648518339
2024-06-23 00:00:00-07:00,9.8111066697,9.8111066697,28.777896202940337,28.777896202940337,-18.966789533240338,-18.966789533240338,21.3603811863975,2.3935916531571615,6.40811435591925,0.3590387479735742,6.049075607945675
2024-06-24 00:00:00-07:00,8.813006609399999,8.813006609399999,25.805703473723515,25.805703473723515,-16.992696864323516,-16.992696864323516,19.04952369228184,2.056826827958327,5.714857107684552,0.308524024193749,5.406333083490804
2024-06-25 00:00:00-07:00,8.3985328818,8.3985328818,22.735587502870228,22.735587502870228,-14.337054621070228,-14.337054621070228,16.51384734775854,2.176792726688311,4.954154204327561,0.32651890900324665,4.627635295324314
2024-06-26 00:00:00-07:00,9.914967704699999,9.914967704699999,22.026940662893622,22.026940662893622,-12.111972958193626,-12.111972958193626,15.361213698104395,3.2492407399107703,4.608364109431318,0.48738611098661555,4.120977998444703
2024-06-27 00:00:00-07:00,10.053496766699999,10.053496766699999,24.163320329345463,24.163320329345463,-14.109823562645465,-14.109823562645465,17.150911494047588,3.041087931402123,5.145273448214276,0.45616318971031844,4.689110258503957
2024-06-28 00:00:00-07:00,9.821445264,9.821445264,26.330198914776844,26.330198914776844,-16.508753650776843,-16.508753650776843,19.184146430461276,2.6753927796844312,5.755243929138382,0.4013089169526647,5.353935012185717
2024-06-29 00:00:00-07:00,9.806732937,9.806732937,25.376474758696126,25.376474758696126,-15.569741821696127,-15.569741821696127,18.400001019254102,2.8302591975579743,5.520000305776231,0.42453887963369613,5.095461426142535
2024-06-30 00:00:00-07:00,9.821411627399998,9.821411627399998,26.896313691218634,26.896313691218634,-17.074902063818634,-17.074902063818634,19.68832586834243,2.6134238045237965,5.906497760502729,0.39201357067856946,5.514484189824159
2024-07-01 00:00:00-07:00,9.829171856699999,9.829171856699999,25.830574125062647,25.830574125062647,-16.00140226836265,-16.00140226836265,18.769649636819224,2.7682473684565743,5.6308948910457675,0.4152371052684861,5.215657785777282
2024-07-02 00:00:00-07:00,9.585411844499998,9.585411844499998,26.521333302895876,26.521333302895876,-16.935921458395878,-16.935921458395878,19.47064829028716,2.534726831891282,5.841194487086147,0.3802090247836923,5.460985462302455
2024-07-03 00:00:00-07:00,9.531730871099999,9.531730871099999,23.362823005598788,23.362823005598788,-13.831092134498787,-13.831092134498787,16.781236154913763,2.9501440204149767,5.034370846474129,0.44252160306224647,4.5918492434118825
2024-07-04 00:00:00-07:00,9.560985711299999,9.560985711299999,22.1447180177421,22.1447180177421,-12.583732306442101,-12.583732306442101,15.558782237218317,2.975049930776216,4.667634671165495,0.44625748961643236,4.221377181549063
2024-07-05 00:00:00-07:00,9.804323994299999,9.804323994299999,23.811169306192625,23.811169306192625,-14.006845311892624,-14.006845311892624,17.023850738840455,3.01700542694783,5.107155221652136,0.4525508140421745,4.654604407609962
2024-07-06 00:00:00-07:00,9.5798149092,9.5798149092,24.417571375506885,24.417571375506885,-14.837756466306887,-14.837756466306887,17.594345567722417,2.75658910141553,5.278303670316725,0.4134883652123295,4.864815305104395
2024-07-07 00:00:00-07:00,9.7040391066,9.7040391066,26.922982919701454,26.922982919701454,-17.218943813101454,-17.218943813101454,19.795414437211324,2.576470624109872,5.938624331163397,0.3864705936164808,5.5521537375469165
2024-07-08 00:00:00-07:00,9.9174072654,9.9174072654,22.569011235689885,22.569011235689885,-12.651603970289884,-12.651603970289884,15.830077911861514,3.17847394157163,4.749023373558454,0.47677109123574446,4.272252282322709
2024-07-09 00:00:00-07:00,9.915330707549998,9.915330707549998,23.171718081660615,23.171718081660615,-13.256387374110616,-13.256387374110616,16.303613796997038,3.0472264228864225,4.891084139099111,0.45708396343296337,4.434000175666148
2024-07-10 00:00:00-07:00,9.7866671958,9.7866671958,24.4401036504273,24.4401036504273,-14.6534364546273,-14.6534364546273,17.544085435712702,2.890648981085402,5.26322563071381,0.4335973471628103,4.829628283551
2024-07-11 00:00:00-07:00,9.380774415149999,9.380774415149999,23.972776193397817,23.972776193397817,-14.592001778247818,-14.592001778247818,17.351685489209242,2.7596837109614247,5.205505646762773,0.4139525566442137,4.791553090118559
2024-07-12 00:00:00-07:00,9.3270300498,9.3270300498,23.610048559840617,23.610048559840617,-14.283018510040616,-14.283018510040616,17.07916523881366,2.796146728773043,5.1237495716440975,0.41942200931595647,4.704327562328141
2024-07-13 00:00:00-07:00,8.994741707249998,8.994741707249998,27.385794048071304,27.385794048071304,-18.391052340821304,-18.391052340821304,20.534940420715074,2.14388807989377,6.160482126214522,0.3215832119840655,5.838898914230457
2024-07-14 00:00:00-07:00,9.50195196765,9.50195196765,27.720708421189155,27.720708421189155,-18.218756453539157,-18.218756453539157,20.59709375134825,2.3783372978090958,6.179128125404475,0.35675059467136433,5.82237753073311
2024-07-15 00:00:00-07:00,9.686700287099999,9.686700287099999,26.162084884673778,26.162084884673778,-16.47538459757378,-16.47538459757378,19.2255133648836,2.7501287673098203,5.76765400946508,0.41251931509647305,5.355134694368607
2024-07-16 00:00:00-07:00,10.001342947049999,10.001342947049999,22.1012056946991,22.1012056946991,-12.099862747649103,-12.099862747649103,15.454845745912948,3.3549829982638455,4.636453723773884,0.5032474497395768,4.133206274034307
2024-07-17 00:00:00-07:00,9.985659897149999,9.985659897149999,26.052805052625587,26.052805052625587,-16.067145155475586,-16.067145155475586,18.974918162920588,2.907773007445001,5.692475448876176,0.4361659511167501,5.2563094977594265
2024-07-18 00:00:00-07:00,9.755946489149999,9.755946489149999,23.538764808208285,23.538764808208285,-13.782818319058284,-13.782818319058284,16.695715633049684,2.9128973139914005,5.008714689914905,0.4369345970987101,4.571780092816195
2024-07-19 00:00:00-07:00,9.559318528799999,9.559318528799999,24.46195342734497,24.46195342734497,-14.902634898544969,-14.902634898544969,17.735223251666227,2.832588353121259,5.320566975499868,0.42488825296818883,4.895678722531679
2024-07-20 00:00:00-07:00,9.645746465699998,9.645746465699998,28.167326404905875,28.167326404905875,-18.521579939205875,-18.521579939205875,20.955578535963912,2.4339985967580393,6.286673560789174,0.36509978951370586,5.921573771275468
2024-07-21 00:00:00-07:00,9.97351763805,9.97351763805,26.362384574929706,26.362384574929706,-16.388866936879708,-16.388866936879708,19.14615734819125,2.7572904113115415,5.743847204457374,0.4135935616967312,5.330253642760643
2024-07-22 00:00:00-07:00,9.5787787788,9.5787787788,25.159959670572658,25.159959670572658,-15.581180891772657,-15.581180891772657,18.22694988571058,2.645768993937924,5.4680849657131745,0.39686534909068855,5.071219616622486
2024-07-23 00:00:00-07:00,9.213102535949998,9.213102535949998,23.369804295933147,23.369804295933147,-14.156701759983148,-14.156701759983148,16.935284070706416,2.7785823107232663,5.0805852212119245,0.41678734660848993,4.663797874603435
2024-07-24 00:00:00-07:00,9.147049186499999,9.147049186499999,22.13067782257544,22.13067782257544,-12.98362863607544,-12.98362863607544,15.908946359794406,2.925317723718966,4.772683907938322,0.43879765855784486,4.333886249380477
2024-07-25 00:00:00-07:00,9.663591424499998,9.663591424499998,26.013715065812764,26.013715065812764,-16.350123641312766,-16.350123641312766,19.09496479257663,2.7448411512638637,5.728489437772988,0.41172617268957956,5.3167632650834085
2024-07-26 00:00:00-07:00,9.852789384449999,9.852789384449999,23.977358286254574,23.977358286254574,-14.124568901804576,-14.124568901804576,17.27485257102297,3.150283669218394,5.18245577130689,0.47254255038275905,4.709913220924132
2024-07-27 00:00:00-07:00,8.774620821449998,8.774620821449998,27.875089396037474,27.875089396037474,-19.100468574587477,-19.100468574587477,21.53128423680423,2.430815662216754,6.459385271041269,0.3646223493325131,6.094762921708756
2024-07-28 00:00:00-07:00,9.7354826343,9.7354826343,25.555884242231148,25.555884242231148,-15.820401607931148,-15.820401607931148,18.618832516279426,2.7984309083482795,5.5856497548838275,0.4197646362522419,5.165885118631586
2024-07-29 00:00:00-07:00,9.850972206149999,9.850972206149999,22.996718544045468,22.996718544045468,-13.145746337895469,-13.145746337895469,16.302135049610403,3.1563887117149343,4.8906405148831205,0.4734583067572401,4.4171822081258805
2024-07-30 00:00:00-07:00,9.91300993875,9.91300993875,24.75557307126003,24.75557307126003,-14.84256313251003,-14.84256313251003,17.73622792952017,2.8936647970101386,5.3208683788560505,0.4340497195515208,4.88681865930453
2024-07-31 00:00:00-07:00,9.840788802449998,9.840788802449998,24.809674297241205,24.809674297241205,-14.968885494791206,-14.968885494791206,17.927782721535344,2.9588972267441362,5.378334816460603,0.4438345840116204,4.934500232448983
2024-08-01 00:00:00-07:00,9.577197225449998,9.577197225449998,26.900031774034446,26.900031774034446,-17.322834548584446,-17.322834548584446,19.95270771889319,2.6298731703087435,5.985812315667957,0.3944809755463115,5.591331340121645
2024-08-02 00:00:00-07:00,6.563052944999999,6.563052944999999,25.62874013787686,25.62874013787686,-19.06568719287686,-19.06568719287686,20.081234560126845,1.0155473672499844,6.024370368038054,0.15233210508749764,5.872038262950556
2024-08-03 00:00:00-07:00,9.3388843215,9.3388843215,26.21923732586768,26.21923732586768,-16.88035300436768,-16.88035300436768,19.311079560068464,2.430726555700781,5.793323868020539,0.3646089833551171,5.428714884665422
2024-08-04 00:00:00-07:00,9.369218126249999,9.369218126249999,24.04406282064319,24.04406282064319,-14.67484469439319,-14.67484469439319,17.547976171574494,2.8731314771813046,5.264392851472348,0.43096972157719565,4.833423129895152
2024-08-05 00:00:00-07:00,9.425991184199999,9.425991184199999,22.595752433246812,22.595752433246812,-13.169761249046811,-13.169761249046811,16.132818786795347,2.9630575377485355,4.839845636038604,0.4444586306622803,4.395387005376324
2024-08-06 00:00:00-07:00,9.549951587549998,9.549951587549998,23.163875628189032,23.163875628189032,-13.613924040639034,-13.613924040639034,16.567020630387727,2.9530965897486943,4.970106189116318,0.44296448846230413,4.527141700654013
2024-08-07 00:00:00-07:00,9.496004664149998,9.496004664149998,23.217758549822143,23.217758549822143,-13.721753885672143,-13.721753885672143,16.648890629838625,2.92713674416648,4.9946671889515875,0.43907051162497196,4.555596677326616
2024-08-08 00:00:00-07:00,9.526191065099999,9.526191065099999,25.835194030280707,25.835194030280707,-16.30900296518071,-16.30900296518071,19.01650263322135,2.707499668040641,5.7049507899664045,0.4061249502060961,5.298825839760308
2024-08-09 00:00:00-07:00,9.637513205849999,9.637513205849999,24.633924503715793,24.633924503715793,-14.996411297865796,-14.996411297865796,17.90509250644123,2.9086812085754334,5.371527751932368,0.436302181286315,4.935225570646053
2024-08-10 00:00:00-07:00,9.693017981999999,9.693017981999999,25.333209314451032,25.333209314451032,-15.640191332451034,-15.640191332451034,18.559353592224156,2.9191622597731217,5.567806077667247,0.4378743389659682,5.129931738701279
2024-08-11 00:00:00-07:00,8.329692819149999,8.329692819149999,25.55098510408692,25.55098510408692,-17.22129228493692,-17.22129228493692,18.762641370969828,1.5413490860329078,5.628792411290948,0.23120236290493615,5.397590048386012
2024-08-12 00:00:00-07:00,9.870510048749999,9.870510048749999,25.72052091661543,25.72052091661543,-15.850010867865434,-15.850010867865434,18.75322580541376,2.9032149375483267,5.625967741624128,0.435482240632249,5.190485500991879
2024-08-13 00:00:00-07:00,9.90681737535,9.90681737535,22.448075133146986,22.448075133146986,-12.541257757796988,-12.541257757796988,15.849394154063393,3.3081363962664057,4.754818246219018,0.49622045943996085,4.258597786779057
2024-08-14 00:00:00-07:00,9.854372033999999,9.854372033999999,25.417618354936128,25.417618354936128,-15.563246320936129,-15.563246320936129,18.51562952733336,2.952383206397233,5.554688858200008,0.44285748095958494,5.1118313772404225
2024-08-15 00:00:00-07:00,9.91562114115,9.91562114115,25.104813345532925,25.104813345532925,-15.189192204382925,-15.189192204382925,18.25405897727959,3.0648667728966665,5.4762176931838775,0.45973001593449997,5.016487677249377
2024-08-16 00:00:00-07:00,9.866709702899998,9.866709702899998,25.693736521921334,25.693736521921334,-15.827026819021336,-15.827026819021336,18.639787377922833,2.812760558901495,5.59193621337685,0.4219140838352242,5.170022129541626
2024-08-17 00:00:00-07:00,9.433115054549999,9.433115054549999,28.286772310711452,28.286772310711452,-18.853657256161455,-18.853657256161455,21.205242120184568,2.351584864023115,6.36157263605537,0.3527377296034673,6.008834906451902
2024-08-18 00:00:00-07:00,9.968210048249999,9.968210048249999,24.314615689498087,24.314615689498087,-14.34640564124809,-14.34640564124809,17.501062099713288,3.1546564584651984,5.250318629913986,0.4731984687697797,4.7771201611442065
2024-08-19 00:00:00-07:00,9.92298645495,9.92298645495,22.442160514967565,22.442160514967565,-12.519174060017566,-12.519174060017566,15.758172000566407,3.2389979405488423,4.727451600169922,0.48584969108232634,4.241601909087596
2024-08-20 00:00:00-07:00,9.739887387299998,9.739887387299998,26.083763433601614,26.083763433601614,-16.343876046301617,-16.343876046301617,19.082984147405387,2.739108101103773,5.724895244221616,0.41086621516556593,5.314029029056051
2024-08-21 00:00:00-07:00,9.95062467285,9.95062467285,24.56608055081866,24.56608055081866,-14.615455877968664,-14.615455877968664,17.696076273110027,3.0806203951413633,5.308822881933008,0.4620930592712045,4.846729822661803
2024-08-22 00:00:00-07:00,8.103693405599998,8.103693405599998,24.81696598642679,24.81696598642679,-16.713272580826793,-16.713272580826793,19.206582469236846,2.4933098884100535,5.761974740771054,0.37399648326150803,5.387978257509546
2024-08-23 00:00:00-07:00,5.928466115699999,5.928466115699999,24.514252958274312,24.514252958274312,-18.585786842574315,-18.585786842574315,19.012917659733873,0.42713081715955903,5.7038752979201615,0.06406962257393385,5.639805675346228
2024-08-24 00:00:00-07:00,7.895030072399999,7.895030072399999,28.752894226120812,28.752894226120812,-20.85786415372081,-20.85786415372081,22.695233581205198,1.8373694274843875,6.808570074361559,0.2756054141226581,6.532964660238901
2024-08-25 00:00:00-07:00,9.701477185949999,9.701477185949999,26.910776808785656,26.910776808785656,-17.209299622835655,-17.209299622835655,19.92639003255745,2.7170904097217927,5.977917009767235,0.4075635614582689,5.570353448308966
2024-08-26 00:00:00-07:00,9.591233332049999,9.591233332049999,22.85939830613235,22.85939830613235,-13.268164974082348,-13.268164974082348,16.37330026948471,3.1051352954023614,4.911990080845412,0.4657702943103542,4.446219786535059
2024-08-27 00:00:00-07:00,9.551252471849999,9.551252471849999,23.75602491267629,23.75602491267629,-14.20477244082629,-14.20477244082629,17.10937603242237,2.9046035915960835,5.132812809726711,0.4356905387394125,4.697122270987299
2024-08-28 00:00:00-07:00,9.6727261752,9.6727261752,22.321119266222578,22.321119266222578,-12.64839309102258,-12.64839309102258,15.874402562995138,3.2260094719725574,4.762320768898541,0.4839014207958836,4.278419348102657
2024-08-29 00:00:00-07:00,9.54089107335,9.54089107335,25.17543937826585,25.17543937826585,-15.634548304915848,-15.634548304915848,18.359974657196684,2.7254263522808353,5.507992397159005,0.4088139528421253,5.0991784443168795
2024-08-30 00:00:00-07:00,9.45541111455,9.45541111455,24.15234280059823,24.15234280059823,-14.69693168604823,-14.69693168604823,17.57551304492337,2.878581358875139,5.2726539134770105,0.43178720383127084,4.84086670964574
2024-08-31 00:00:00-07:00,9.452014008299999,9.452014008299999,25.501144617305222,25.501144617305222,-16.049130609005225,-16.049130609005225,18.87876196863053,2.8296313596253087,5.663628590589159,0.4244447039437963,5.239183886645363
2024-09-01 00:00:00-07:00,9.798630798599998,9.798630798599998,24.671240518781616,24.671240518781616,-14.872609720181618,-14.872609720181618,17.816598744118444,2.943989023936826,5.344979623235533,0.4415983535905239,4.903381269645009
2024-09-02 00:00:00-07:00,10.5113434428,10.5113434428,23.820975058650408,23.820975058650408,-13.30963161585041,-13.30963161585041,16.47892477660585,3.1692931607554393,4.943677432981755,0.47539397411331585,4.46828345886844
2024-09-03 00:00:00-07:00,10.108892080799999,10.108892080799999,26.166660765882266,26.166660765882266,-16.057768685082266,-16.057768685082266,18.683381673853237,2.6256129887709703,5.605014502155971,0.3938419483156455,5.211172553840325
2024-09-04 00:00:00-07:00,10.178951580899998,10.178951580899998,24.856407029209436,24.856407029209436,-14.677455448309436,-14.677455448309436,17.46081921493429,2.783363766624852,5.238245764480287,0.4175045649937278,4.82074119948656
2024-09-05 00:00:00-07:00,9.998540086499998,9.998540086499998,21.983010773444015,21.983010773444015,-11.984470686944015,-11.984470686944015,15.090059715267042,3.1055890283230263,4.527017914580113,0.46583835424845393,4.0611795603316585
2024-09-06 00:00:00-07:00,9.938348287199998,9.938348287199998,27.37617118952478,27.37617118952478,-17.43782290232478,-17.43782290232478,19.831423992372226,2.3936010900474467,5.9494271977116675,0.359040163507117,5.59038703420455
2024-09-07 00:00:00-07:00,9.998138618099999,9.998138618099999,28.690722790121242,28.690722790121242,-18.692584172021242,-18.692584172021242,21.0310028082471,2.338418636225855,6.309300842474129,0.3507627954338782,5.958538047040251
2024-09-08 00:00:00-07:00,9.9133719399,9.9133719399,25.81743040748083,25.81743040748083,-15.904058467580832,-15.904058467580832,18.51392119923067,2.609862731649837,5.5541763597692,0.3914794097474755,5.162696950021725
2024-09-09 00:00:00-07:00,9.984770097299998,9.984770097299998,25.123016076445612,25.123016076445612,-15.138245979145614,-15.138245979145614,17.95923935692367,2.8209933777780565,5.387771807077101,0.42314900666670846,4.9646228004103925
2024-09-10 00:00:00-07:00,9.327208360499998,9.327208360499998,27.065356832590155,27.065356832590155,-17.738148472090156,-17.738148472090156,20.15422039918233,2.416071927092172,6.046266119754699,0.3624107890638258,5.683855330690873
2024-09-11 00:00:00-07:00,10.229438996999999,10.229438996999999,25.635463719112405,25.635463719112405,-15.406024722112406,-15.406024722112406,18.241406984666,2.835382262553594,5.4724220953998,0.4253073393830391,5.047114756016761
2024-09-12 00:00:00-07:00,10.173857760899999,10.173857760899999,22.236323186124977,22.236323186124977,-12.062465425224977,-12.062465425224977,15.318960549873854,3.2564951246488754,4.595688164962156,0.4884742686973313,4.107213896264825
2024-09-13 00:00:00-07:00,10.040596693199998,10.040596693199998,26.526894696591746,26.526894696591746,-16.48629800339175,-16.48629800339175,19.10707236083363,2.620774357441882,5.732121708250089,0.39311615361628227,5.339005554633807
2024-09-14 00:00:00-07:00,10.126331561699999,10.126331561699999,27.21941598451747,27.21941598451747,-17.093084422817473,-17.093084422817473,19.62221156787352,2.529127145056049,5.886663470362056,0.37936907175840734,5.507294398603649
2024-09-15 00:00:00-07:00,7.979621439599999,7.979621439599999,29.388592840485234,29.388592840485234,-21.408971400885235,-21.408971400885235,22.261834744071578,0.8528633431863427,6.678550423221473,0.1279295014779514,6.550620921743522
2024-09-16 00:00:00-07:00,6.719718486824998,6.719718486824998,24.545086677655704,24.545086677655704,-17.825368190830705,-17.825368190830705,19.3269547569081,1.501586566077397,5.79808642707243,0.22523798491160954,5.57284844216082
2024-09-17 00:00:00-07:00,8.295840862424999,8.295840862424999,26.010809412307637,26.010809412307637,-17.714968549882638,-17.714968549882638,19.626448754764198,1.9114802048815602,5.887934626429259,0.286722030732234,5.601212595697025
2024-09-18 00:00:00-07:00,6.755573496599999,6.755573496599999,25.842018970130276,25.842018970130276,-19.086445473530276,-19.086445473530276,19.695696424012592,0.6092509504823138,5.908708927203778,0.09138764257234706,5.81732128463143
2024-09-19 00:00:00-07:00,9.4311359559,9.4311359559,25.965901300422303,25.965901300422303,-16.534765344522302,-16.534765344522302,18.99561831850332,2.4608529739810154,5.698685495550995,0.3691279460971523,5.329557549453843
2024-09-20 00:00:00-07:00,9.516328296525,9.516328296525,23.09035297369226,23.09035297369226,-13.574024677167257,-13.574024677167257,16.215521870348546,2.6414971931812894,4.864656561104564,0.3962245789771934,4.46843198212737
2024-09-21 00:00:00-07:00,9.530965215899998,9.530965215899998,25.395472604242407,25.395472604242407,-15.864507388342407,-15.864507388342407,18.332754194288782,2.4682468059463774,5.499826258286634,0.3702370208919566,5.129589237394677
2024-09-22 00:00:00-07:00,9.025025061149998,9.025025061149998,25.57846288450854,25.57846288450854,-16.55343782335854,-16.55343782335854,18.716627972771594,2.1631901494130545,5.614988391831478,0.3244785224119582,5.29050986941952
2024-09-23 00:00:00-07:00,9.2428287084,9.2428287084,26.775582159897414,26.775582159897414,-17.532753451497413,-17.532753451497413,19.62719253419534,2.094439082697926,5.888157760258602,0.31416586240468886,5.573991897853913
2024-09-24 00:00:00-07:00,9.131449511925,9.131449511925,25.69384891616614,25.69384891616614,-16.56239940424114,-16.56239940424114,18.852774486469784,2.2903750822286417,5.655832345940935,0.34355626233429626,5.312276083606639
2024-09-25 00:00:00-07:00,9.298021210649999,9.298021210649999,22.124013021377262,22.124013021377262,-12.825991810727263,-12.825991810727263,15.590137520434542,2.7641457097072784,4.677041256130362,0.41462185645609173,4.26241939967427
2024-09-26 00:00:00-07:00,9.6131340783,9.6131340783,24.21913361548207,24.21913361548207,-14.605999537182074,-14.605999537182074,17.273761110032936,2.6677615728508637,5.182128333009881,0.40016423592762956,4.781964097082251
2024-09-27 00:00:00-07:00,9.819639857699999,9.819639857699999,26.98878065422203,26.98878065422203,-17.16914079652203,-17.16914079652203,19.54791862898052,2.3787778324584883,5.8643755886941555,0.3568166748687732,5.507558913825382
2024-09-28 00:00:00-07:00,9.7277869242,9.7277869242,26.693044433863133,26.693044433863133,-16.965257509663132,-16.965257509663132,19.4120342414488,2.446776731785668,5.82361027243464,0.36701650976785016,5.45659376266679
2024-09-29 00:00:00-07:00,9.812710174725,9.812710174725,25.245864611661744,25.245864611661744,-15.433154436936745,-15.433154436936745,17.9496099744094,2.516455537472658,5.3848829923228205,0.3774683306208987,5.0074146617019215
2024-09-30 00:00:00-07:00,9.4435768782,9.4435768782,23.626303906213163,23.626303906213163,-14.182727028013165,-14.182727028013165,16.74898919147819,2.566262163465027,5.024696757443457,0.38493932451975404,4.639757432923703
2024-10-01 00:00:00-07:00,9.063677270925,9.063677270925,22.124727753780316,22.124727753780316,-13.061050482855316,-13.061050482855316,15.49252881998604,2.4314783371307236,4.647758645995812,0.36472175056960854,4.2830368954262035
2024-10-02 00:00:00-07:00,9.059754025799998,9.059754025799998,24.639759531921225,24.639759531921225,-15.580005506121225,-15.580005506121225,17.752100719718804,2.1720952135975775,5.325630215915641,0.32581428203963664,4.999815933876005
2024-10-03 00:00:00-07:00,9.1506985902,9.1506985902,24.02406997362978,24.02406997362978,-14.873371383429777,-14.873371383429777,17.19111192259182,2.317740539162041,5.157333576777545,0.34766108087430614,4.809672495903239
2024-10-04 00:00:00-07:00,9.065241640124999,9.065241640124999,25.820662273586592,25.820662273586592,-16.755420633461593,-16.755420633461593,18.801297540835716,2.0458769073741228,5.640389262250714,0.3068815361061184,5.333507726144596
2024-10-05 00:00:00-07:00,8.8891008093,8.8891008093,29.815804859578073,29.815804859578073,-20.926704050278076,-20.926704050278076,22.465748081653306,1.5390440313752314,6.739724424495992,0.2308566047062847,6.508867819789708
2024-10-06 00:00:00-07:00,8.666361927225,8.666361927225,28.00346228095374,28.00346228095374,-19.33710035372874,-19.33710035372874,20.901718199056994,1.5646178453282527,6.270515459717098,0.2346926767992379,6.03582278291786
2024-10-07 00:00:00-07:00,8.664010346024998,8.664010346024998,27.07579930133663,27.07579930133663,-18.411788955311632,-18.411788955311632,20.196382167779166,1.784593212467535,6.05891465033375,0.26768898187013024,5.791225668463619
2024-10-08 00:00:00-07:00,9.1954241928,9.1954241928,25.006093904878373,25.006093904878373,-15.810669712078372,-15.810669712078372,18.005856749359435,2.195187037281062,5.40175702480783,0.3292780555921593,5.0724789692156715
2024-10-09 00:00:00-07:00,9.145301654699999,9.145301654699999,23.562255664158975,23.562255664158975,-14.416954009458978,-14.416954009458978,16.695954065934917,2.279000056475939,5.0087862197804744,0.34185000847139085,4.666936211309084
2024-10-10 00:00:00-07:00,8.587351319624998,8.587351319624998,22.4362367572569,22.4362367572569,-13.848885437631901,-13.848885437631901,15.890924399572036,2.042038961940134,4.767277319871611,0.3063058442910201,4.460971475580591
2024-10-11 00:00:00-07:00,9.154366625924999,9.154366625924999,23.24562793206556,23.24562793206556,-14.091261306140561,-14.091261306140561,16.529845938901023,2.43858463276046,4.958953781670306,0.365787694914069,4.593166086756238
2024-10-12 00:00:00-07:00,8.395543074599999,8.395543074599999,25.68897900169388,25.68897900169388,-17.29343592709388,-17.29343592709388,19.042693052250147,1.749257125156265,5.712807915675044,0.26238856877343975,5.4504193469016045
2024-10-13 00:00:00-07:00,7.8722623574999995,7.8722623574999995,27.662480092131787,27.662480092131787,-19.79021773463179,-19.79021773463179,21.399245349661413,1.6090276150296257,6.419773604898424,0.24135414225444385,6.17841946264398
2024-10-14 00:00:00-07:00,8.334303626024997,8.334303626024997,22.781737990193143,22.781737990193143,-14.447434364168146,-14.447434364168146,16.669509112603087,2.222074748434943,5.000852733780926,0.33331121226524146,4.667541521515685
2024-10-15 00:00:00-07:00,8.8923755502,8.8923755502,25.1239634050726,25.1239634050726,-16.2315878548726,-16.2315878548726,18.43477777074828,2.2031899158756816,5.530433331224484,0.3304784873813522,5.199954843843131
2024-10-16 00:00:00-07:00,5.861492633924999,5.861492633924999,25.869122307480566,25.869122307480566,-20.007629673555567,-20.007629673555567,21.637832072428164,1.6302023988726004,6.491349621728449,0.24453035983089005,6.246819261897559
2024-10-17 00:00:00-07:00,9.037975484925,9.037975484925,25.4760305057856,25.4760305057856,-16.438055020860602,-16.438055020860602,18.729681947556692,2.2916269266960927,5.618904584267008,0.3437440390044139,5.275160545262594
2024-10-18 00:00:00-07:00,9.0547898382,9.0547898382,25.06298226824071,25.06298226824071,-16.00819243004071,-16.00819243004071,18.22843307954822,2.2202406495075095,5.468529923864466,0.33303609742612644,5.135493826438339
2024-10-19 00:00:00-07:00,8.8770470265,8.8770470265,24.87462257026056,24.87462257026056,-15.997575543760558,-15.997575543760558,18.192181910535712,2.194606366775153,5.457654573160713,0.329190955016273,5.1284636181444405
2024-10-20 00:00:00-07:00,8.741207274525,8.741207274525,25.213900165627862,25.213900165627862,-16.472692891102863,-16.472692891102863,18.593667965189766,2.1209750740869047,5.57810038955693,0.3181462611130357,5.259954128443894
2024-10-21 00:00:00-07:00,8.734978757925,8.734978757925,22.877565407023685,22.877565407023685,-14.142586649098686,-14.142586649098686,16.48719923264055,2.3446125835418647,4.946159769792165,0.3516918875312797,4.5944678822608855
2024-10-22 00:00:00-07:00,8.3149834878,8.3149834878,24.380448587418527,24.380448587418527,-16.065465099618528,-16.065465099618528,18.077503257805695,2.0120381581871647,5.423250977341708,0.3018057237280747,5.121445253613634
2024-10-23 00:00:00-07:00,8.7704010198,8.7704010198,26.77468962347936,26.77468962347936,-18.004288603679363,-18.004288603679363,19.99370516026798,1.9894165565886164,5.998111548080393,0.29841248348829247,5.6996990645921
2024-10-24 00:00:00-07:00,8.9106073407,8.9106073407,23.62389986786782,23.62389986786782,-14.71329252716782,-14.71329252716782,17.037145240851256,2.323852713683436,5.111143572255377,0.3485779070525154,4.762565665202861
2024-10-25 00:00:00-07:00,7.852247985824999,7.852247985824999,24.89208197236272,24.89208197236272,-17.039833986537722,-17.039833986537722,18.878994122206002,1.8391601356682807,5.6636982366618005,0.2758740203502421,5.387824216311558
2024-10-26 00:00:00-07:00,7.9988555997,7.9988555997,25.248342067781127,25.248342067781127,-17.24948646808113,-17.24948646808113,18.792397591821906,1.542911123740776,5.637719277546572,0.2314366685611164,5.406282608985456
2024-10-27 00:00:00-07:00,7.091607139424999,7.091607139424999,25.62889837023458,25.62889837023458,-18.537291230809583,-18.537291230809583,19.41598452150351,0.8786932906939282,5.824795356451053,0.13180399360408923,5.692991362846963
2024-10-28 00:00:00-07:00,6.2979853644,6.2979853644,26.597967935042284,26.597967935042284,-20.299982570642282,-20.299982570642282,21.435312839221158,1.135330268578874,6.430593851766347,0.17029954028683109,6.260294311479516
2024-10-29 00:00:00-07:00,8.812036232099999,8.812036232099999,22.960752855857997,22.960752855857997,-14.148716623757998,-14.148716623757998,16.540946812626267,2.3922301888682687,4.9622840437878795,0.35883452833024027,4.60344951545764
2024-10-30 00:00:00-07:00,8.5923651096,8.5923651096,22.837099263803154,22.837099263803154,-14.244734154203156,-14.244734154203156,16.58528283427916,2.3405486800760027,4.975584850283748,0.3510823020114004,4.624502548272347
2024-10-31 00:00:00-07:00,8.453582593199998,8.453582593199998,22.04472839726117,22.04472839726117,-13.591145804061172,-13.591145804061172,15.803592127458163,2.212446323396991,4.741077638237448,0.3318669485095486,4.4092106897278995
2024-11-01 00:00:00-07:00,7.189037185499999,7.189037185499999,21.913269602165975,21.913269602165975,-14.724232416665975,-14.724232416665975,16.007766416018903,1.2835339993529296,4.802329924805671,0.19253009990293943,4.609799824902731
2024-11-02 00:00:00-07:00,8.2885376358,8.2885376358,24.57132372068551,24.57132372068551,-16.282786084885508,-16.282786084885508,18.223403750700268,1.9406176658147576,5.46702112521008,0.2910926498722136,5.175928475337867
2024-11-03 00:00:00-07:00,8.514182454299998,8.514182454299998,26.91024123836477,26.91024123836477,-18.39605878406477,-18.39605878406477,19.755178426065292,1.3591196420005227,5.926553527819587,0.2038679463000784,5.722685581519509
2024-11-04 00:00:00-08:00,8.2873638513,8.2873638513,26.06945150974318,26.06945150974318,-17.782087658443178,-17.782087658443178,19.020323262841988,1.2382356043988088,5.706096978852596,0.1857353406598213,5.5203616381927745
2024-11-05 00:00:00-08:00,8.621490795299998,8.621490795299998,24.810666458444953,24.810666458444953,-16.189175663144955,-16.189175663144955,17.929305606729915,1.740129943584962,5.378791682018974,0.2610194915377443,5.11777219048123
2024-11-06 00:00:00-08:00,9.0093850425,9.0093850425,24.843466050434184,24.843466050434184,-15.834081007934184,-15.834081007934184,17.902051346609614,2.067970338675429,5.370615403982884,0.31019555080131433,5.06041985318157
2024-11-07 00:00:00-08:00,8.829598168799999,8.829598168799999,25.92814324672655,25.92814324672655,-17.098545077926552,-17.098545077926552,18.99297917318987,1.89443409526332,5.69789375195696,0.284165114289498,5.413728637667463
2024-11-08 00:00:00-08:00,8.7819858315,8.7819858315,24.649428733645333,24.649428733645333,-15.867442902145331,-15.867442902145331,17.772099522521017,1.904656620375686,5.331629856756305,0.2856984930563529,5.045931363699952
2024-11-09 00:00:00-08:00,8.7477094314,8.7477094314,25.897241011488788,25.897241011488788,-17.149531580088787,-17.149531580088787,18.905804887251236,1.75627330716245,5.67174146617537,0.2634409960743675,5.408300470101003
2024-11-10 00:00:00-08:00,8.764071566399998,8.764071566399998,26.588284267476354,26.588284267476354,-17.824212701076355,-17.824212701076355,19.52582393976247,1.7016112386861169,5.857747181928741,0.2552416858029175,5.602505496125824
2024-11-11 00:00:00-08:00,3.8634420716999984,3.8634420716999984,22.78805898834303,22.78805898834303,-18.92461691664303,-18.92461691664303,19.701759997230827,0.777143080587797,5.910527999169248,0.11657146208816954,5.793956537081078
2024-11-12 00:00:00-08:00,8.8106021109,8.8106021109,26.249547536618657,26.249547536618657,-17.438945425718657,-17.438945425718657,19.219575140308393,1.7806297145897365,5.765872542092517,0.2670944571884605,5.498778084904057
2024-11-13 00:00:00-08:00,4.015757339099999,4.015757339099999,23.9540673286424,23.9540673286424,-19.9383099895424,-19.9383099895424,21.037003609056633,1.0986936195142354,6.3111010827169896,0.1648040429271353,6.146297039789855
2024-11-14 00:00:00-08:00,4.542628319099999,4.542628319099999,25.77889081999596,25.77889081999596,-21.236262500895965,-21.236262500895965,21.853470681303552,0.6172081804075902,6.556041204391065,0.09258122706113853,6.463459977329927
2024-11-15 00:00:00-08:00,8.7598547793,8.7598547793,21.938841855317733,21.938841855317733,-13.178987076017734,-13.178987076017734,15.404136231338088,2.2251491553203544,4.621240869401426,0.33377237329805315,4.287468496103372
2024-11-16 00:00:00-08:00,8.874603685799999,8.874603685799999,25.484851556381674,25.484851556381674,-16.610247870581677,-16.610247870581677,18.458693458148332,1.8484455875666552,5.5376080374445,0.27726683813499825,5.260341199309502
2024-11-17 00:00:00-08:00,5.320436561999999,5.320436561999999,26.142807661534558,26.142807661534558,-20.822371099534557,-20.822371099534557,21.55574826377523,0.7333771642406692,6.466724479132568,0.11000657463610038,6.356717904496468
2024-11-18 00:00:00-08:00,8.625872817,8.625872817,21.4625156058179,21.4625156058179,-12.8366427888179,-12.8366427888179,15.20455992106281,2.3679171322449104,4.561367976318842,0.35518756983673655,4.206180406482106
2024-11-19 00:00:00-08:00,6.347216054699999,6.347216054699999,22.85687497053485,22.85687497053485,-16.50965891583485,-16.50965891583485,17.64205831289262,1.1323993970577684,5.292617493867786,0.16985990955866526,5.12275758430912
2024-11-20 00:00:00-08:00,2.171675869199999,2.171675869199999,22.69140905582514,22.69140905582514,-20.519733186625142,-20.519733186625142,20.58463710919022,0.06490392256507738,6.175391132757065,0.009735588384761606,6.165655544372304
2024-11-21 00:00:00-08:00,1.4182785611999993,1.4182785611999993,25.470480772040652,25.470480772040652,-24.052202210840655,-24.052202210840655,24.052202210840655,0.0,7.215660663252196,0.0,7.215660663252196
2024-11-22 00:00:00-08:00,0.7532676134999989,0.7532676134999989,25.658790597741245,25.658790597741245,-24.905522984241248,-24.905522984241248,24.905522984241248,0.0,7.471656895272374,0.0,7.471656895272374
2024-11-23 00:00:00-08:00,7.390447797599999,7.390447797599999,27.98569999377385,27.98569999377385,-20.59525219617385,-20.59525219617385,21.577667708676444,0.9824155125025933,6.473300312602933,0.147362326875389,6.325937985727544
2024-11-24 00:00:00-08:00,8.186393665799999,8.186393665799999,26.449905761301384,26.449905761301384,-18.263512095501383,-18.263512095501383,19.804017784757132,1.5405056892557487,5.9412053354271395,0.23107585338836228,5.710129482038777
2024-11-25 00:00:00-08:00,1.2664141694999997,1.2664141694999997,25.384739966674086,25.384739966674086,-24.118325797174087,-24.118325797174087,24.118325797174087,0.0,7.235497739152226,0.0,7.235497739152226
2024-11-26 00:00:00-08:00,2.1079967903999997,2.1079967903999997,26.52059952667434,26.52059952667434,-24.41260273627434,-24.41260273627434,24.41260273627434,0.0,7.323780820882302,0.0,7.323780820882302
2024-11-27 00:00:00-08:00,8.9364251808,8.9364251808,25.712098773038747,25.712098773038747,-16.775673592238746,-16.775673592238746,18.655605443298967,1.8799318510602174,5.59668163298969,0.2819897776590326,5.314691855330658
2024-11-28 00:00:00-08:00,8.614326267,8.614326267,22.87547436956002,22.87547436956002,-14.26114810256002,-14.26114810256002,16.182301345789483,1.9211532432294618,4.854690403736845,0.28817298648441925,4.566517417252426
2024-11-29 00:00:00-08:00,7.930209068999999,7.930209068999999,26.180708244222814,26.180708244222814,-18.250499175222817,-18.250499175222817,19.548798480002002,1.298299304779185,5.8646395440006005,0.19474489571687775,5.669894648283723
2024-11-30 00:00:00-08:00,8.092345068,8.092345068,28.469389123919093,28.469389123919093,-20.377044055919093,-20.377044055919093,21.541435464304755,1.1643914083856628,6.462430639291426,0.1746587112578494,6.287771928033577
2024-12-01 00:00:00-08:00,6.688139516999999,6.688139516999999,26.53317763012891,26.53317763012891,-19.84503811312891,-19.84503811312891,20.788232061688646,0.9431939485597342,6.236469618506594,0.1414790922839601,6.094990526222634
2024-12-02 00:00:00-08:00,8.0424047178,8.0424047178,23.873688736381112,23.873688736381112,-15.831284018581114,-15.831284018581114,17.410559376785823,1.5792753582047105,5.223167813035746,0.23689130373070658,4.98627650930504
2024-12-03 00:00:00-08:00,8.165806317,8.165806317,22.846429905843227,22.846429905843227,-14.680623588843225,-14.680623588843225,16.503237485086803,1.8226138962435765,4.95097124552604,0.27339208443653645,4.677579161089504
2024-12-04 00:00:00-08:00,8.165849049899998,8.165849049899998,24.76899500692314,24.76899500692314,-16.603145957023145,-16.603145957023145,18.20926873374625,1.6061227767231048,5.462780620123874,0.2409184165084657,5.221862203615409
2024-12-05 00:00:00-08:00,7.478285242499999,7.478285242499999,22.27799014656756,22.27799014656756,-14.79970490406756,-14.79970490406756,16.16337952156527,1.3636746174977088,4.84901385646958,0.20455119262465632,4.644462663844924
2024-12-06 00:00:00-08:00,8.237032319699999,8.237032319699999,26.285188431046816,26.285188431046816,-18.048156111346817,-18.048156111346817,19.496798335594374,1.4486422242475572,5.849039500678312,0.21729633363713358,5.631743167041178
2024-12-07 00:00:00-08:00,7.637702390099999,7.637702390099999,28.04291266241784,28.04291266241784,-20.40521027231784,-20.40521027231784,21.370727798905364,0.9655175265875193,6.411218339671609,0.1448276289881279,6.266390710683481
2024-12-08 00:00:00-08:00,7.968087050399999,7.968087050399999,24.786821210578786,24.786821210578786,-16.81873416017879,-16.81873416017879,18.344158379908023,1.5254242197292347,5.503247513972407,0.2288136329593852,5.274433881013022
2024-12-09 00:00:00-08:00,8.731411270199999,8.731411270199999,26.15743574425315,26.15743574425315,-17.42602447405315,-17.42602447405315,19.111390803227867,1.6853663291747165,5.73341724096836,0.25280494937620746,5.480612291592153
2024-12-10 00:00:00-08:00,8.345909322899999,8.345909322899999,22.237908656033884,22.237908656033884,-13.891999333133885,-13.891999333133885,15.921665479703357,2.0296661465694723,4.776499643911007,0.3044499219854208,4.472049721925586
2024-12-11 00:00:00-08:00,8.335827325799999,8.335827325799999,24.68253686208642,24.68253686208642,-16.34670953628642,-16.34670953628642,18.031197041216753,1.6844875049303352,5.409359112365026,0.25267312573955025,5.156685986625476
2024-12-12 00:00:00-08:00,3.8430573092999993,3.8430573092999993,26.20675753068079,26.20675753068079,-22.36370022138079,-22.36370022138079,22.929629105990337,0.5659288846095483,6.878888731797101,0.08488933269143224,6.793999399105669
2024-12-13 00:00:00-08:00,1.8567996848999995,1.8567996848999995,21.939686010970373,21.939686010970373,-20.082886326070373,-20.082886326070373,20.082886326070373,0.0,6.024865897821112,0.0,6.024865897821112
2024-12-14 00:00:00-08:00,3.4870256486999995,3.4870256486999995,28.242568983113742,28.242568983113742,-24.755543334413744,-24.755543334413744,24.755543334413744,0.0,7.4266630003241225,0.0,7.4266630003241225
2024-12-15 00:00:00-08:00,7.9008691437,7.9008691437,25.159892042598283,25.159892042598283,-17.259022898898284,-17.259022898898284,18.708017332764694,1.4489944338664107,5.612405199829408,0.2173491650799616,5.395056034749446
2024-12-16 00:00:00-08:00,1.0765638773999993,1.0765638773999993,23.628219866163306,23.628219866163306,-22.551655988763308,-22.551655988763308,22.551655988763308,0.0,6.765496796628992,0.0,6.765496796628992
2024-12-17 00:00:00-08:00,6.0866713764,6.0866713764,25.168490408967617,25.168490408967617,-19.08181903256762,-19.08181903256762,19.773677294697702,0.6918582621300828,5.93210318840931,0.10377873931951243,5.828324449089798
2024-12-18 00:00:00-08:00,7.9659288054,7.9659288054,23.44336790162404,23.44336790162404,-15.477439096224042,-15.477439096224042,16.951364655660683,1.4739255594366407,5.085409396698204,0.2210888339154961,4.864320562782709
2024-12-19 00:00:00-08:00,8.304383290499999,8.304383290499999,25.005343323080925,25.005343323080925,-16.700960032580927,-16.700960032580927,18.34193270523503,1.6409726726541047,5.502579811570509,0.2461459008981157,5.256433910672394
2024-12-20 00:00:00-08:00,4.840762197599999,4.840762197599999,23.275126016051807,23.275126016051807,-18.434363818451807,-18.434363818451807,19.113378460057962,0.6790146416061547,5.734013538017389,0.10185219624092319,5.632161341776466
2024-12-21 00:00:00-08:00,1.3148720033531827,1.3148720033531827,26.00269538947428,26.00269538947428,-24.687823386121096,-24.687823386121096,24.687823386121096,0.0,7.406347015836328,0.0,7.406347015836328
2024-12-22 00:00:00-08:00,3.8145115322999996,3.8145115322999996,25.05388296317908,25.05388296317908,-21.239371430879082,-21.239371430879082,21.239371430879082,0.0,6.371811429263724,0.0,6.371811429263724
2024-12-23 00:00:00-08:00,2.0777761898999993,2.0777761898999993,22.524975757881442,22.524975757881442,-20.447199567981446,-20.447199567981446,20.447199567981446,0.0,6.134159870394433,0.0,6.134159870394433
2024-12-24 00:00:00-08:00,3.199813583399999,3.199813583399999,23.88179019031025,23.88179019031025,-20.68197660691025,-20.68197660691025,20.930661176172258,0.24868456926200566,6.279198352851677,0.03730268538930085,6.241895667462376
2024-12-25 00:00:00-08:00,3.3027371999999997,3.3027371999999997,25.21110363229098,25.21110363229098,-21.90836643229098,-21.90836643229098,21.90836643229098,0.0,6.5725099296872935,0.0,6.5725099296872935
2024-12-26 00:00:00-08:00,3.2046322031999996,3.2046322031999996,26.648274236166003,26.648274236166003,-23.443642032966004,-23.443642032966004,23.443642032966004,0.0,7.033092609889801,0.0,7.033092609889801
2024-12-27 00:00:00-08:00,5.8250175002999995,5.8250175002999995,23.077939217292805,23.077939217292805,-17.252921716992805,-17.252921716992805,18.027750818893317,0.7748291019005102,5.408325245667995,0.11622436528507653,5.292100880382918
2024-12-28 00:00:00-08:00,2.8958829074999994,2.8958829074999994,28.985156447953237,28.985156447953237,-26.089273540453238,-26.089273540453238,26.089273540453238,0.0,7.826782062135971,0.0,7.826782062135971
2024-12-29 00:00:00-08:00,3.589796402099999,3.589796402099999,25.603064969585912,25.603064969585912,-22.013268567485913,-22.013268567485913,22.013268567485913,0.0,6.603980570245773,0.0,6.603980570245773
2024-12-30 00:00:00-08:00,7.878289283999999,7.878289283999999,24.827953709465017,24.827953709465017,-16.94966442546502,-16.94966442546502,18.10339205163648,1.1537276261714597,5.431017615490943,0.17305914392571894,5.257958471565225
2024-12-31 00:00:00-08:00,8.0507632563,8.0507632563,24.59663774423,24.59663774423,-16.545874487930003,-16.545874487930003,18.014851314610812,1.4689768266808083,5.404455394383244,0.22034652400212124,5.184108870381123
2025-01-01 00:00:00-08:00,5.5991517786,5.5991517786,23.614091825258487,23.614091825258487,-18.014940046658488,-18.014940046658488,18.139327951252874,0.12438790459438709,5.441798385375862,0.01865818568915806,5.423140199686705
2025-01-02 00:00:00-08:00,7.636393948499999,7.636393948499999,24.269054302121333,24.269054302121333,-16.632660353621336,-16.632660353621336,17.756108192644117,1.12344783902278,5.326832457793235,0.168517175853417,5.158315281939818
2025-01-03 00:00:00-08:00,2.7673403219999995,2.7673403219999995,25.458112337814356,25.458112337814356,-22.690772015814357,-22.690772015814357,22.961938826063307,0.2711668102489478,6.888581647818992,0.04067502153734217,6.84790662628165
2025-01-04 00:00:00-08:00,4.630056011999999,4.630056011999999,27.1438983531414,27.1438983531414,-22.513842341141398,-22.513842341141398,22.639311958788827,0.1254696176474277,6.791793587636648,0.018820442647114154,6.772973144989534
2025-01-05 00:00:00-08:00,7.690691267099999,7.690691267099999,25.944831048170535,25.944831048170535,-18.254139781070535,-18.254139781070535,19.206324135760596,0.9521843546900599,5.761897240728179,0.142827653203509,5.61906958752467
2025-01-06 00:00:00-08:00,7.715274108299999,7.715274108299999,22.314439719834688,22.314439719834688,-14.599165611534689,-14.599165611534689,16.081692527146835,1.4825269156121446,4.82450775814405,0.22237903734182168,4.602128720802229
2025-01-07 00:00:00-08:00,8.0998927695,8.0998927695,21.756123208317284,21.756123208317284,-13.656230438817285,-13.656230438817285,15.254060665214334,1.5978302263970487,4.5762181995643,0.2396745339595573,4.336543665604743
2025-01-08 00:00:00-08:00,8.248879368899999,8.248879368899999,24.125739449447575,24.125739449447575,-15.876860080547576,-15.876860080547576,17.40324795444618,1.5263878738986025,5.220974386333854,0.22895818108479038,4.9920162052490635
2025-01-09 00:00:00-08:00,8.0685926496,8.0685926496,24.07715065728267,24.07715065728267,-16.00855800768267,-16.00855800768267,17.445214078716106,1.4366560710334353,5.233564223614832,0.2154984106550153,5.018065812959817
2025-01-10 00:00:00-08:00,8.001836207999999,8.001836207999999,22.515323392477434,22.515323392477434,-14.513487184477434,-14.513487184477434,16.03387641902233,1.520389234544898,4.810162925706699,0.22805838518173469,4.5821045405249645
2025-01-11 00:00:00-08:00,8.429355787499999,8.429355787499999,24.858391996125967,24.858391996125967,-16.42903620862597,-16.42903620862597,18.02479841591424,1.5957622072882713,5.407439524774272,0.23936433109324068,5.168075193681031
2025-01-12 00:00:00-08:00,8.4558816189,8.4558816189,28.056492769914165,28.056492769914165,-19.600611151014164,-19.600611151014164,20.813448757157058,1.2128376061428934,6.244034627147117,0.181925640921434,6.062108986225684
2025-01-13 00:00:00-08:00,8.3856576807,8.3856576807,22.751346378768645,22.751346378768645,-14.365688698068645,-14.365688698068645,16.10609148864848,1.7404027905798367,4.831827446594544,0.2610604185869755,4.570767028007569
2025-01-14 00:00:00-08:00,8.339444413199999,8.339444413199999,24.70061128617344,24.70061128617344,-16.36116687297344,-16.36116687297344,17.752758122199143,1.3915912492257019,5.3258274366597425,0.2087386873838553,5.117088749275887
2025-01-15 00:00:00-08:00,8.3776683672,8.3776683672,23.033245110472905,23.033245110472905,-14.655576743272904,-14.655576743272904,16.4669120703161,1.8113353270431953,4.94007362109483,0.2717002990564793,4.6683733220383505
2025-01-16 00:00:00-08:00,8.4689303112,8.4689303112,24.65088153253223,24.65088153253223,-16.181951221332234,-16.181951221332234,17.740934965997557,1.558983744665325,5.322280489799267,0.23384756169979873,5.0884329280994685
2025-01-17 00:00:00-08:00,7.791572476799999,7.791572476799999,25.688886074343745,25.688886074343745,-17.897313597543747,-17.897313597543747,18.988262180055052,1.0909485825113046,5.6964786540165155,0.16364228737669567,5.5328363666398195
2025-01-18 00:00:00-08:00,8.551860028199998,8.551860028199998,29.336484014792912,29.336484014792912,-20.784623986592912,-20.784623986592912,21.846024613561823,1.0614006269689102,6.553807384068547,0.15921009404533654,6.39459729002321
2025-01-19 00:00:00-08:00,3.110230256399999,3.110230256399999,28.000270184707556,28.000270184707556,-24.890039928307555,-24.890039928307555,25.233888201206817,0.34384827289926034,7.570166460362045,0.05157724093488905,7.518589219427156
2025-01-20 00:00:00-08:00,9.0250387623,9.0250387623,26.37935896236177,26.37935896236177,-17.35432020006177,-17.35432020006177,18.932052593267027,1.5777323932052565,5.679615777980108,0.23665985898078845,5.44295591899932
2025-01-21 00:00:00-08:00,8.7596002719,8.7596002719,22.099271517046095,22.099271517046095,-13.339671245146095,-13.339671245146095,15.467616903272576,2.1279456581264817,4.640285070981773,0.31919184871897227,4.3210932222628005
2025-01-22 00:00:00-08:00,8.7799802283,8.7799802283,23.422942381506754,23.422942381506754,-14.642962153206755,-14.642962153206755,16.642508829493575,1.9995466762868224,4.9927526488480725,0.29993200144302334,4.692820647405049
2025-01-23 00:00:00-08:00,8.6291607069,8.6291607069,24.897247965576444,24.897247965576444,-16.268087258676445,-16.268087258676445,17.97155734179494,1.7034700831184968,5.391467202538482,0.2555205124677745,5.135946690070708
2025-01-24 00:00:00-08:00,7.180802698499999,7.180802698499999,25.785851527723356,25.785851527723356,-18.605048829223357,-18.605048829223357,19.11404394487733,0.508995115653976,5.734213183463199,0.0763492673480964,5.657863916115103
2025-01-25 00:00:00-08:00,2.5004771738999994,2.5004771738999994,28.124728093012024,28.124728093012024,-25.624250919112022,-25.624250919112022,25.624250919112022,0.0,7.687275275733606,0.0,7.687275275733606
2025-01-26 00:00:00-08:00,6.974280727199999,6.974280727199999,26.747393614484874,26.747393614484874,-19.773112887284878,-19.773112887284878,20.796628502781264,1.0235156154963867,6.238988550834379,0.153527342324458,6.085461208509921
2025-01-27 00:00:00-08:00,8.874287753399999,8.874287753399999,22.02882631436073,22.02882631436073,-13.154538560960733,-13.154538560960733,15.35761941768846,2.2030808567277274,4.607285825306538,0.33046212850915907,4.276823696797379
2025-01-28 00:00:00-08:00,8.9163854892,8.9163854892,24.9321945848715,24.9321945848715,-16.0158090956715,-16.0158090956715,17.77190571076384,1.7560966150923394,5.331571713229152,0.2634144922638509,5.0681572209653005
2025-01-29 00:00:00-08:00,6.017237898299999,6.017237898299999,26.06806311367877,26.06806311367877,-20.050825215378772,-20.050825215378772,21.170504715148247,1.1196794997694757,6.351151414544474,0.16795192496542136,6.183199489579053
2025-01-30 00:00:00-08:00,6.0262323326999985,6.0262323326999985,24.857419824788522,24.857419824788522,-18.831187492088524,-18.831187492088524,20.15930875872712,1.3281212666385964,6.047792627618136,0.19921818999578947,5.8485744376223465
2025-01-31 00:00:00-08:00,0.9792589364999994,0.9792589364999994,23.95702272225459,23.95702272225459,-22.97776378575459,-22.97776378575459,22.97776378575459,0.0,6.893329135726376,0.0,6.893329135726376
2025-02-01 00:00:00-08:00,0.9329067134999993,0.9329067134999993,27.8099918023015,27.8099918023015,-26.8770850888015,-26.8770850888015,26.8770850888015,0.0,8.06312552664045,0.0,8.06312552664045
2025-02-02 00:00:00-08:00,2.538876471299999,2.538876471299999,26.26395924191951,26.26395924191951,-23.725082770619508,-23.725082770619508,23.725082770619508,0.0,7.117524831185852,0.0,7.117524831185852
2025-02-03 00:00:00-08:00,1.9704146102999995,1.9704146102999995,22.15076055305917,22.15076055305917,-20.180345942759168,-20.180345942759168,20.180345942759168,0.0,6.05410378282775,0.0,6.05410378282775
2025-02-04 00:00:00-08:00,1.2898658834999992,1.2898658834999992,23.134244413724726,23.134244413724726,-21.844378530224727,-21.844378530224727,21.844378530224727,0.0,6.553313559067418,0.0,6.553313559067418
2025-02-05 00:00:00-08:00,9.499410375299998,9.499410375299998,22.606603703593862,22.606603703593862,-13.107193328293862,-13.107193328293862,15.439189082241795,2.3319957539479317,4.631756724672538,0.34979936309218973,4.281957361580348
2025-02-06 00:00:00-08:00,3.569060302199999,3.569060302199999,25.959597780842135,25.959597780842135,-22.390537478642134,-22.390537478642134,22.390537478642134,0.0,6.71716124359264,0.0,6.71716124359264
2025-02-07 00:00:00-08:00,3.8187032201999993,3.8187032201999993,23.420771492434625,23.420771492434625,-19.60206827223463,-19.60206827223463,19.688684330062756,0.08661605782812842,5.9066052990188265,0.012992408674219262,5.893612890344607
2025-02-08 00:00:00-08:00,9.6592199166,9.6592199166,27.3464769783733,27.3464769783733,-17.6872570617733,-17.6872570617733,19.551506483405564,1.8642494216322647,5.865451945021669,0.2796374132448397,5.58581453177683
2025-02-09 00:00:00-08:00,9.8890162713,9.8890162713,27.540407928525667,27.540407928525667,-17.65139165722567,-17.65139165722567,19.663234704875453,2.011843047649784,5.898970411462636,0.3017764571474676,5.597193954315168
2025-02-10 00:00:00-08:00,9.578851071299999,9.578851071299999,24.689021012316704,24.689021012316704,-15.110169941016705,-15.110169941016705,17.151324408499807,2.0411544674831004,5.145397322549942,0.30617317012246503,4.8392241524274775
2025-02-11 00:00:00-08:00,5.893958884499999,5.893958884499999,22.069355689314392,22.069355689314392,-16.175396804814394,-16.175396804814394,17.04364392712085,0.8682471223064566,5.113093178136255,0.1302370683459685,4.982856109790287
2025-02-12 00:00:00-08:00,3.4984597166999993,3.4984597166999993,24.822001262500184,24.822001262500184,-21.323541545800186,-21.323541545800186,21.661419234801794,0.337877689001609,6.498425770440538,0.05068165335024135,6.447744117090297
2025-02-13 00:00:00-08:00,2.9448322820999993,2.9448322820999993,22.77084439138941,22.77084439138941,-19.82601210928941,-19.82601210928941,19.992518647131128,0.16650653784171787,5.997755594139338,0.02497598067625768,5.97277961346308
2025-02-14 00:00:00-08:00,7.733008736325,7.733008736325,26.54423886636638,26.54423886636638,-18.81123013004138,-18.81123013004138,20.1363898623004,1.32515973225902,6.04091695869012,0.19877395983885301,5.842142998851267
2025-02-15 00:00:00-08:00,8.292956636025,8.292956636025,28.864682860336117,28.864682860336117,-20.57172622431112,-20.57172622431112,21.418241189832592,0.8465149655214737,6.425472356949777,0.12697724482822104,6.298495112121556
2025-02-16 00:00:00-08:00,5.447903096924999,5.447903096924999,27.101384044416534,27.101384044416534,-21.653480947491538,-21.653480947491538,21.834297992458342,0.18081704496680495,6.550289397737503,0.027122556745020742,6.523166840992482
2025-02-17 00:00:00-08:00,6.918107531624999,6.918107531624999,25.516873367939098,25.516873367939098,-18.5987658363141,-18.5987658363141,19.518881694852716,0.9201158585386142,5.855664508455814,0.13801737878079212,5.717647129675022
2025-02-18 00:00:00-08:00,8.787349658924999,8.787349658924999,23.12166474785874,23.12166474785874,-14.334315088933742,-14.334315088933742,16.198755660761616,1.8644405718278725,4.859626698228484,0.27966608577418084,4.579960612454304
2025-02-19 00:00:00-08:00,3.826618617824999,3.826618617824999,26.827632198097167,26.827632198097167,-23.001013580272165,-23.001013580272165,23.284909607229043,0.28389602695687693,6.985472882168713,0.04258440404353154,6.942888478125181
2025-02-20 00:00:00-08:00,9.745336637325,9.745336637325,24.19721984963571,24.19721984963571,-14.451883212310713,-14.451883212310713,16.998311666174757,2.5464284538640434,5.099493499852427,0.3819642680796065,4.71752923177282
2025-02-21 00:00:00-08:00,9.583044105793224,9.583044105793224,24.39849477087995,24.39849477087995,-14.815450665086727,-14.815450665086727,16.986013576878648,2.1705629117919183,5.0958040730635945,0.32558443676878773,4.770219636294807
2025-02-22 00:00:00-08:00,9.054381663,9.054381663,25.856532301325423,25.856532301325423,-16.802150638325426,-16.802150638325426,18.368035795951428,1.5658851576260018,5.510410738785429,0.23488277364390026,5.275527965141529
2025-02-23 00:00:00-08:00,6.005854827225,6.005854827225,25.535578327217515,25.535578327217515,-19.529723499992514,-19.529723499992514,19.853729466550423,0.3240059665579093,5.956118839965127,0.048600894983686395,5.90751794498144
2025-02-24 00:00:00-08:00,5.650950722399999,5.650950722399999,26.595471509770842,26.595471509770842,-20.94452078737084,-20.94452078737084,21.296912123362407,0.35239133599156447,6.389073637008722,0.05285870039873467,6.336214936609987
2025-02-25 00:00:00-08:00,9.0285510843,9.0285510843,25.858835500612084,25.858835500612084,-16.830284416312086,-16.830284416312086,18.49936926585555,1.6690848495434631,5.5498107797566645,0.25036272743151944,5.299448052325145
2025-02-26 00:00:00-08:00,9.886916613599999,9.886916613599999,22.706898403147736,22.706898403147736,-12.81998178954774,-12.81998178954774,15.509459042220799,2.689477252673061,4.65283771266624,0.4034215879009591,4.249416124765281
2025-02-27 00:00:00-08:00,9.0971069841,9.0971069841,21.850612829640063,21.850612829640063,-12.753505845540063,-12.753505845540063,15.117422911581803,2.363917066041739,4.5352268734745405,0.35458755990626084,4.18063931356828
2025-02-28 00:00:00-08:00,8.1425277297,8.1425277297,21.970267222803276,21.970267222803276,-13.827739493103275,-13.827739493103275,15.1622859567622,1.334546463658926,4.54868578702866,0.20018196954883888,4.348503817479821
2025-03-01 00:00:00-08:00,6.980514486524998,6.980514486524998,26.941170696896524,26.941170696896524,-19.960656210371525,-19.960656210371525,20.173869615900717,0.21321340552919177,6.052160884770215,0.031982010829378765,6.020178873940837
2025-03-02 00:00:00-08:00,7.575079037624999,7.575079037624999,24.96684276681408,24.96684276681408,-17.39176372918908,-17.39176372918908,18.646950144507965,1.2551864153188852,5.594085043352389,0.18827796229783278,5.405807081054556
2025-03-03 00:00:00-08:00,9.263491834724999,9.263491834724999,25.25649888717462,25.25649888717462,-15.99300705244962,-15.99300705244962,17.895342705417068,1.9023356529674484,5.36860281162512,0.28535034794511727,5.083252463680003
2025-03-04 00:00:00-08:00,6.741145607849999,6.741145607849999,25.722052213015182,25.722052213015182,-18.98090660516518,-18.98090660516518,19.866376208313106,0.8854696031479248,5.9599128624939315,0.13282044047218872,5.827092422021742
2025-03-05 00:00:00-08:00,4.321485545399999,4.321485545399999,24.704549417767304,24.704549417767304,-20.383063872367302,-20.383063872367302,21.14153532165224,0.7584714492849364,6.3424605964956715,0.11377071739274044,6.228689879102931
2025-03-06 00:00:00-08:00,8.227797711525,8.227797711525,25.23256340115493,25.23256340115493,-17.00476568962993,-17.00476568962993,18.63903354379016,1.6342678541602296,5.5917100631370475,0.24514017812403444,5.346569885013013
2025-03-07 00:00:00-08:00,10.19159400285,10.19159400285,25.490993233940827,25.490993233940827,-15.299399231090828,-15.299399231090828,17.79983465052048,2.500435419429652,5.339950395156144,0.3750653129144478,4.964885082241697
2025-03-08 00:00:00-08:00,10.051768860525,10.051768860525,27.87177434415651,27.87177434415651,-17.820005483631512,-17.820005483631512,19.786651994048988,1.9666465104174762,5.935995598214697,0.2949969765626214,5.640998621652075
2025-03-09 00:00:00-08:00,10.105065850725,10.105065850725,27.49134756725623,27.49134756725623,-17.38628171653123,-17.38628171653123,20.14006873426674,2.7537870177355113,6.042020620280022,0.4130680526603267,5.628952567619695
2025-03-10 00:00:00-07:00,8.958192177825,8.958192177825,24.235670518688842,24.235670518688842,-15.277478340863844,-15.277478340863844,17.57955774997231,2.302079409108468,5.273867324991692,0.3453119113662702,4.928555413625422
2025-03-11 00:00:00-07:00,9.605141046899998,9.605141046899998,24.919412785031184,24.919412785031184,-15.314271738131186,-15.314271738131186,18.01224240102186,2.697970662890675,5.403672720306559,0.4046955994336012,4.998977120872958
2025-03-12 00:00:00-07:00,3.1838750561249993,3.1838750561249993,21.467861874242498,21.467861874242498,-18.283986818117498,-18.283986818117498,18.283986818117498,0.0,5.4851960454352495,0.0,5.4851960454352495
2025-03-13 00:00:00-07:00,8.5273687953,8.5273687953,24.13243153207153,24.13243153207153,-15.60506273677153,-15.60506273677153,18.375187898949424,2.770125162177895,5.512556369684827,0.4155187743266842,5.097037595358143
2025-03-14 00:00:00-07:00,4.59328755375,4.59328755375,22.37501745304094,22.37501745304094,-17.78172989929094,-17.78172989929094,18.194791343423052,0.41306144413211254,5.458437403026916,0.061959216619816876,5.396478186407099
2025-03-15 00:00:00-07:00,5.427733495499999,5.427733495499999,28.085160087742878,28.085160087742878,-22.657426592242878,-22.657426592242878,22.76447097748697,0.1070443852440911,6.829341293246091,0.016056657786613665,6.813284635459477
2025-03-16 00:00:00-07:00,4.945045142024999,4.945045142024999,29.26444018312109,29.26444018312109,-24.31939504109609,-24.31939504109609,24.560621513570737,0.2412264724746459,7.368186454071221,0.03618397087119688,7.332002483200024
2025-03-17 00:00:00-07:00,6.063636786749999,6.063636786749999,25.489359188615467,25.489359188615467,-19.425722401865468,-19.425722401865468,20.192383066954193,0.766660665088725,6.057714920086258,0.11499909976330874,5.942715820322949
2025-03-18 00:00:00-07:00,10.57641179445,10.57641179445,24.487541775828973,24.487541775828973,-13.911129981378973,-13.911129981378973,17.221081555833774,3.3099515744547996,5.166324466750132,0.49649273616821993,4.669831730581913
2025-03-19 00:00:00-07:00,8.021781019575,8.021781019575,23.838684358305883,23.838684358305883,-15.816903338730883,-15.816903338730883,18.05554008241494,2.238636743684056,5.416662024724482,0.3357955115526084,5.080866513171873
2025-03-20 00:00:00-07:00,10.328124796875,10.328124796875,24.495359086896546,24.495359086896546,-14.167234290021545,-14.167234290021545,17.23044046019816,3.063206170176615,5.169132138059448,0.4594809255264922,4.709651212532956
2025-03-21 00:00:00-07:00,10.229875038899998,10.229875038899998,23.788706515784796,23.788706515784796,-13.558831476884798,-13.558831476884798,16.700927075729176,3.1420955988443766,5.010278122718753,0.4713143398266565,4.538963782892097
2025-03-22 00:00:00-07:00,6.9624953932499976,6.9624953932499976,26.845715591716527,26.845715591716527,-19.883220198466528,-19.883220198466528,21.010925504658744,1.1277053061922169,6.3032776513976225,0.16915579592883254,6.13412185546879
2025-03-23 00:00:00-07:00,10.357313428349999,10.357313428349999,27.288217940265316,27.288217940265316,-16.930904511915315,-16.930904511915315,19.780396513051283,2.849492001135969,5.934118953915385,0.42742380017039533,5.50669515374499
2025-03-24 00:00:00-07:00,10.17153691245,10.17153691245,26.073094241166526,26.073094241166526,-15.901557328716526,-15.901557328716526,18.68323439441523,2.7816770656987035,5.604970318324569,0.4172515598548055,5.187718758469764
2025-03-25 00:00:00-07:00,10.0375735896,10.0375735896,24.123151737056638,24.123151737056638,-14.085578147456639,-14.085578147456639,16.96110386384608,2.8755257163894417,5.088331159153824,0.43132885745841626,4.657002301695408
2025-03-26 00:00:00-07:00,9.718351520399999,9.718351520399999,24.240811062546857,24.240811062546857,-14.522459542146857,-14.522459542146857,17.106308625841837,2.583849083694978,5.131892587752551,0.3875773625542467,4.744315225198305
2025-03-27 00:00:00-07:00,4.343064866099999,4.343064866099999,22.409412702488357,22.409412702488357,-18.066347836388356,-18.066347836388356,18.40973151736813,0.3433836809797717,5.522919455210439,0.05150755214696575,5.471411903063474
2025-03-28 00:00:00-07:00,6.608801356199999,6.608801356199999,25.62756316267306,25.62756316267306,-19.01876180647306,-19.01876180647306,20.415574661442673,1.3968128549696126,6.124672398432802,0.20952192824544189,5.91515047018736
2025-03-29 00:00:00-07:00,8.862551306999999,8.862551306999999,24.99287170163038,24.99287170163038,-16.130320394630385,-16.130320394630385,17.924783219761714,1.7944628251313313,5.377434965928514,0.26916942376969966,5.108265542158814
2025-03-30 00:00:00-07:00,9.3086035299,9.3086035299,26.803825457559633,26.803825457559633,-17.495221927659635,-17.495221927659635,19.967128295179965,2.4719063675203317,5.990138488553989,0.37078595512804974,5.619352533425939
2025-03-31 00:00:00-07:00,6.518162682899999,6.518162682899999,26.55415476268129,26.55415476268129,-20.03599207978129,-20.03599207978129,20.25487326745395,0.21888118767265907,6.076461980236185,0.03283217815089886,6.043629802085286
2025-04-01 00:00:00-07:00,7.0190233721999995,7.0190233721999995,24.519750182427224,24.519750182427224,-17.500726810227224,-17.500726810227224,18.68831167075746,1.187584860530237,5.606493501227238,0.17813772907953554,5.428355772147702
2025-04-02 00:00:00-07:00,10.2326085648,10.2326085648,25.730380402710605,25.730380402710605,-15.497771837910607,-15.497771837910607,18.15566363281784,2.6578917949072336,5.446699089845352,0.398683769236085,5.0480153206092675
2025-04-03 00:00:00-07:00,10.658473657199998,10.658473657199998,25.409955379935646,25.409955379935646,-14.751481722735647,-14.751481722735647,17.854248745114138,3.102767022378489,5.356274623534241,0.4654150533567733,4.890859570177468
2025-04-04 00:00:00-07:00,10.1878204383,10.1878204383,23.527767822119046,23.527767822119046,-13.339947383819046,-13.339947383819046,16.694664152406855,3.354716768587807,5.008399245722056,0.503207515288171,4.505191730433885
2025-04-05 00:00:00-07:00,10.044750675599998,10.044750675599998,25.131179603800092,25.131179603800092,-15.086428928200094,-15.086428928200094,18.24137808722162,3.1549491590215246,5.472413426166486,0.47324237385322865,4.999171052313257
2025-04-06 00:00:00-07:00,9.926674650899999,9.926674650899999,28.114306572991573,28.114306572991573,-18.187631922091573,-18.187631922091573,20.663028932399328,2.4753970103077543,6.198908679719798,0.37130955154616313,5.827599128173635
2025-04-07 00:00:00-07:00,6.9168367772999995,6.9168367772999995,23.109710524067957,23.109710524067957,-16.192873746767958,-16.192873746767958,18.110246244973354,1.9173724982053948,5.433073873492006,0.28760587473080923,5.145467998761196
2025-04-08 00:00:00-07:00,9.9478721403,9.9478721403,24.155692627785427,24.155692627785427,-14.207820487485428,-14.207820487485428,17.344357127355263,3.1365366398698336,5.203307138206578,0.47048049598047503,4.732826642226104
2025-04-09 00:00:00-07:00,10.036088068499998,10.036088068499998,25.367793676867635,25.367793676867635,-15.331705608367637,-15.331705608367637,18.466435182326315,3.1347295739586793,5.539930554697894,0.4702094360938019,5.069721118604092
2025-04-10 00:00:00-07:00,10.060492318199998,10.060492318199998,24.06353301119959,24.06353301119959,-14.00304069299959,-14.00304069299959,17.13066046525004,3.1276197722504473,5.1391981395750115,0.4691429658375671,4.6700551737374445
2025-04-11 00:00:00-07:00,9.849646514249999,9.849646514249999,24.599896623893226,24.599896623893226,-14.750250109643227,-14.750250109643227,18.000753255067288,3.2505031454240614,5.400225976520186,0.48757547181360916,4.912650504706577
2025-04-12 00:00:00-07:00,10.458231973649998,10.458231973649998,28.789993789886488,28.789993789886488,-18.33176181623649,-18.33176181623649,21.162973268987,2.83121145275051,6.3488919806960995,0.42468171791257653,5.924210262783523
2025-04-13 00:00:00-07:00,10.0842174126,10.0842174126,27.83993938566304,27.83993938566304,-17.755721973063043,-17.755721973063043,20.582712991248254,2.826991018185212,6.174813897374476,0.4240486527277818,5.750765244646694
2025-04-14 00:00:00-07:00,9.982038430349998,9.982038430349998,23.024690572171522,23.024690572171522,-13.042652141821524,-13.042652141821524,16.247140480125932,3.2044883383044076,4.874142144037779,0.48067325074566114,4.393468893292118
2025-04-15 00:00:00-07:00,8.26287563295,8.26287563295,26.877734820449927,26.877734820449927,-18.61485918749993,-18.61485918749993,20.610950006701398,1.9960908192014684,6.183285002010419,0.2994136228802202,5.883871379130198
2025-04-16 00:00:00-07:00,10.047941410049999,10.047941410049999,24.72922682707757,24.72922682707757,-14.681285417027572,-14.681285417027572,17.88411277827831,3.2028273612507396,5.365233833483493,0.48042410418761095,4.884809729295882
2025-04-17 00:00:00-07:00,3.8331734638499992,3.8331734638499992,23.694207460358207,23.694207460358207,-19.86103399650821,-19.86103399650821,20.602164978915802,0.7411309824075956,6.18064949367474,0.11116964736113934,6.069479846313601
2025-04-18 00:00:00-07:00,9.230802708599999,9.230802708599999,24.834687138905913,24.834687138905913,-15.603884430305913,-15.603884430305913,18.428522529741212,2.8246380994352998,5.528556758922363,0.42369571491529495,5.104861044007068
2025-04-19 00:00:00-07:00,9.72649318005,9.72649318005,24.52708911257616,24.52708911257616,-14.800595932526159,-14.800595932526159,17.83276944967075,3.0321735171445883,5.3498308349012245,0.4548260275716882,4.895004807329537
2025-04-20 00:00:00-07:00,10.097336371049998,10.097336371049998,25.94939638512327,25.94939638512327,-15.852060014073269,-15.852060014073269,18.87445957940998,3.0223995653367113,5.6623378738229935,0.4533599348005067,5.208977939022486
2025-04-21 00:00:00-07:00,10.196105478749999,10.196105478749999,25.04140872237853,25.04140872237853,-14.84530324362853,-14.84530324362853,18.114587920760275,3.2692846771317448,5.434376376228083,0.49039270156976167,4.9439836746583214
2025-04-22 00:00:00-07:00,9.9812307456,9.9812307456,22.272140364487587,22.272140364487587,-12.290909618887587,-12.290909618887587,15.661077758304257,3.3701681394166685,4.698323327491277,0.5055252209125003,4.192798106578777
2025-04-23 00:00:00-07:00,10.0551525093,10.0551525093,22.58781477166413,22.58781477166413,-12.532662262364134,-12.532662262364134,15.91629650234265,3.383634239978517,4.7748889507027945,0.5075451359967775,4.267343814706017
2025-04-24 00:00:00-07:00,3.542153649299999,3.542153649299999,25.78838950288475,25.78838950288475,-22.24623585358475,-22.24623585358475,22.31088580708057,0.06464995349582003,6.693265742124171,0.009697493024373005,6.683568249099798
2025-04-25 00:00:00-07:00,3.533004630449999,3.533004630449999,22.870672510847506,22.870672510847506,-19.337667880397508,-19.337667880397508,19.337667880397508,0.0,5.801300364119252,0.0,5.801300364119252
2025-04-26 00:00:00-07:00,6.905929961249999,6.905929961249999,28.912288128272408,28.912288128272408,-22.00635816702241,-22.00635816702241,22.86277123607839,0.8564130690559818,6.858831370823517,0.12846196035839727,6.73036941046512
2025-04-27 00:00:00-07:00,5.40331144065,5.40331144065,29.49775993237737,29.49775993237737,-24.09444849172737,-24.09444849172737,24.543811002588846,0.44936251086147605,7.363143300776653,0.0674043766292214,7.2957389241474315
2025-04-28 00:00:00-07:00,10.159545872249998,10.159545872249998,22.932780131715557,22.932780131715557,-12.773234259465557,-12.773234259465557,16.266792327792295,3.493558068326737,4.880037698337689,0.5240337102490105,4.356003988088679
2025-04-29 00:00:00-07:00,9.922158494549999,9.922158494549999,22.045022858609585,22.045022858609585,-12.122864364059588,-12.122864364059588,15.437404653068816,3.314540289009228,4.631221395920645,0.4971810433513842,4.134040352569261
2025-04-30 00:00:00-07:00,9.670589567999999,9.670589567999999,22.559424918646638,22.559424918646638,-12.888835350646639,-12.888835350646639,15.960202133534102,3.0713667828874627,4.78806064006023,0.46070501743311937,4.327355622627111
2025-05-01 00:00:00-07:00,9.966985814249998,9.966985814249998,23.509820633282743,23.509820633282743,-13.542834819032745,-13.542834819032745,16.71315465382383,3.170319834791083,5.013946396147149,0.47554797521866243,4.538398420928486
2025-05-02 00:00:00-07:00,10.107762561449999,10.107762561449999,25.276915649642092,25.276915649642092,-15.169153088192095,-15.169153088192095,18.088480110992805,2.91932702280071,5.426544033297842,0.43789905342010654,4.988644979877735
2025-05-03 00:00:00-07:00,8.9610454629,8.9610454629,27.776373242241668,27.776373242241668,-18.81532777934167,-18.81532777934167,21.223348541990628,2.4080207626489574,6.367004562597188,0.3612031143973436,6.005801448199844
2025-05-04 00:00:00-07:00,10.040972575049999,10.040972575049999,28.685078155372587,28.685078155372587,-18.644105580322588,-18.644105580322588,21.31081771056202,2.666712130239429,6.393245313168606,0.4000068195359143,5.993238493632692
2025-05-05 00:00:00-07:00,9.964714043699999,9.964714043699999,25.44153515998781,25.44153515998781,-15.47682111628781,-15.47682111628781,18.502154039694183,3.025332923406373,5.550646211908255,0.4537999385109559,5.096846273397299
2025-05-06 00:00:00-07:00,10.0700763327,10.0700763327,23.18363255780018,23.18363255780018,-13.113556225100183,-13.113556225100183,16.524485540828987,3.410929315728805,4.957345662248696,0.5116393973593207,4.445706264889376
2025-05-07 00:00:00-07:00,10.064300959799999,10.064300959799999,26.541648613015457,26.541648613015457,-16.47734765321546,-16.47734765321546,19.292478310535763,2.815130657320305,5.787743493160729,0.42226959859804575,5.365473894562683
2025-05-08 00:00:00-07:00,9.97232887125,9.97232887125,25.394439882533646,25.394439882533646,-15.422111011283647,-15.422111011283647,18.32212674725392,2.900015735970274,5.4966380241761765,0.4350023603955411,5.061635663780636
2025-05-09 00:00:00-07:00,9.89088207255,9.89088207255,24.831585004711076,24.831585004711076,-14.940702932161077,-14.940702932161077,17.913848411280668,2.973145479119589,5.3741545233842,0.4459718218679383,4.928182701516262
2025-05-10 00:00:00-07:00,9.931604447249999,9.931604447249999,27.939504639271927,27.939504639271927,-18.00790019202193,-18.00790019202193,20.599649032925708,2.5917488409037803,6.179894709877712,0.38876232613556705,5.791132383742145
2025-05-11 00:00:00-07:00,10.137636280799999,10.137636280799999,25.158929612889196,25.158929612889196,-15.021293332089195,-15.021293332089195,18.232022709095308,3.210729377006111,5.469606812728592,0.4816094065509166,4.9879974061776755
2025-05-12 00:00:00-07:00,9.358657679699999,9.358657679699999,26.609634932617993,26.609634932617993,-17.250977252917995,-17.250977252917995,19.976765009155045,2.7257877562370494,5.993029502746514,0.4088681634355574,5.584161339310956
2025-05-13 00:00:00-07:00,9.72567217215,9.72567217215,26.848902166088347,26.848902166088347,-17.12322999393835,-17.12322999393835,19.586556722052045,2.463326728113694,5.875967016615613,0.3694990092170541,5.506468007398559
2025-05-14 00:00:00-07:00,9.987318619199998,9.987318619199998,22.894667591863865,22.894667591863865,-12.907348972663865,-12.907348972663865,16.165153788282183,3.257804815618318,4.849546136484655,0.48867072234274767,4.3608754141419075
2025-05-15 00:00:00-07:00,9.9354474747,9.9354474747,24.465798096154078,24.465798096154078,-14.530350621454078,-14.530350621454078,17.471605168474774,2.941254547020698,5.241481550542432,0.44118818205310467,4.800293368489328
2025-05-16 00:00:00-07:00,9.8226257823,9.8226257823,26.145131615593897,26.145131615593897,-16.3225058332939,-16.3225058332939,19.07290358503837,2.750397751744473,5.721871075511511,0.41255966276167094,5.30931141274984
2025-05-17 00:00:00-07:00,9.70607852055,9.70607852055,25.547237636096302,25.547237636096302,-15.841159115546303,-15.841159115546303,18.658341263386248,2.8171821478399437,5.597502379015874,0.42257732217599153,5.174925056839883
2025-05-18 00:00:00-07:00,10.004515984349998,10.004515984349998,27.68423090344164,27.68423090344164,-17.679714919091644,-17.679714919091644,20.39559035508291,2.715875435991267,6.118677106524872,0.40738131539869005,5.711295791126182
2025-05-19 00:00:00-07:00,9.892170642149997,9.892170642149997,23.430902871267204,23.430902871267204,-13.538732229117207,-13.538732229117207,16.659025452152637,3.1202932230354317,4.997707635645791,0.4680439834553147,4.529663652190477
2025-05-20 00:00:00-07:00,10.097220296699998,10.097220296699998,23.6786015984145,23.6786015984145,-13.581381301714499,-13.581381301714499,16.73175827144827,3.1503769697337725,5.019527481434481,0.47255654546006587,4.546970935974415
2025-05-21 00:00:00-07:00,10.01244453435,10.01244453435,22.288875773742685,22.288875773742685,-12.276431239392688,-12.276431239392688,15.587269517702586,3.310838278309898,4.6761808553107755,0.4966257417464847,4.179555113564291
2025-05-22 00:00:00-07:00,10.18739583225,10.18739583225,23.44435635510428,23.44435635510428,-13.256960522854282,-13.256960522854282,16.515884729259398,3.2589242064051156,4.954765418777819,0.4888386309607673,4.465926787817051
2025-05-23 00:00:00-07:00,10.19354479065,10.19354479065,26.1845927817162,26.1845927817162,-15.991047991066202,-15.991047991066202,18.96495553854598,2.9739075474797785,5.689486661563794,0.44608613212196674,5.243400529441827
2025-05-24 00:00:00-07:00,10.125360236699999,10.125360236699999,28.704546585982847,28.704546585982847,-18.57918634928285,-18.57918634928285,21.23058797503192,2.65140162574907,6.3691763925095755,0.3977102438623605,5.971466148647215
2025-05-25 00:00:00-07:00,10.133614066499998,10.133614066499998,25.62649080527109,25.62649080527109,-15.49287673877109,-15.49287673877109,18.45638059861971,2.9635038598486187,5.536914179585913,0.4445255789772928,5.09238860060862
2025-05-26 00:00:00-07:00,9.882902005199998,9.882902005199998,23.99722754846849,23.99722754846849,-14.11432554326849,-14.11432554326849,17.15020476392367,3.035879220655182,5.145061429177101,0.4553818830982773,4.689679546078824
2025-05-27 00:00:00-07:00,9.8756001819,9.8756001819,21.973641191989,21.973641191989,-12.098041010089002,-12.098041010089002,15.438528501010026,3.340487490921024,4.631558550303008,0.5010731236381536,4.130485426664854
2025-05-28 00:00:00-07:00,9.878462060399999,9.878462060399999,25.15679410598179,25.15679410598179,-15.27833204558179,-15.27833204558179,18.07307944261609,2.7947473970343015,5.421923832784827,0.4192121095551452,5.002711723229682
2025-05-29 00:00:00-07:00,9.9150002613,9.9150002613,24.043320744155473,24.043320744155473,-14.128320482855473,-14.128320482855473,17.063241459498453,2.93492097664298,5.118972437849536,0.44023814649644694,4.678734291353089
2025-05-30 00:00:00-07:00,9.648672695999998,9.648672695999998,23.03132860540681,23.03132860540681,-13.382655909406811,-13.382655909406811,16.41368535657077,3.0310294471639603,4.924105606971231,0.45465441707459403,4.4694511898966365
2025-05-31 00:00:00-07:00,9.660130016399998,9.660130016399998,26.146673419177855,26.146673419177855,-16.486543402777855,-16.486543402777855,19.113522024317035,2.6269786215391795,5.73405660729511,0.39404679323087693,5.340009814064233
2025-06-01 00:00:00-07:00,10.004732196299999,10.004732196299999,24.896643675844473,24.896643675844473,-14.891911479544476,-14.891911479544476,17.898569983929015,3.0066585043845384,5.369570995178704,0.45099877565768076,4.918572219521024
2025-06-02 00:00:00-07:00,9.8442653589,9.8442653589,25.364304580685708,25.364304580685708,-15.52003922178571,-15.52003922178571,18.317639905584247,2.797600683798537,5.495291971675274,0.4196401025697805,5.075651869105494
2025-06-03 00:00:00-07:00,9.919976714999999,9.919976714999999,24.244659161808404,24.244659161808404,-14.324682446808405,-14.324682446808405,17.260485373216273,2.935802926407868,5.178145611964882,0.44037043896118017,4.737775173003702
2025-06-04 00:00:00-07:00,9.728252026199998,9.728252026199998,24.174146331145785,24.174146331145785,-14.445894304945787,-14.445894304945787,17.265292077423062,2.8193977724772745,5.179587623226919,0.4229096658715912,4.756677957355327
2025-06-05 00:00:00-07:00,9.7710941493,9.7710941493,25.90611733839758,25.90611733839758,-16.13502318909758,-16.13502318909758,18.79668749024827,2.66166430115069,5.639006247074481,0.39924964517260353,5.2397566019018775
2025-06-06 00:00:00-07:00,9.731435593499999,9.731435593499999,23.114638207765772,23.114638207765772,-13.383202614265773,-13.383202614265773,16.46890647946457,3.0857038651987976,4.940671943839371,0.4628555797798196,4.477816364059551
2025-06-07 00:00:00-07:00,9.274650176699998,9.274650176699998,28.26302454566475,28.26302454566475,-18.988374368964752,-18.988374368964752,21.308744357532145,2.320369988567393,6.392623307259643,0.34805549828510896,6.044567808974534
2025-06-08 00:00:00-07:00,9.718835886899999,9.718835886899999,25.841859022826256,25.841859022826256,-16.123023135926257,-16.123023135926257,18.74044772704851,2.6174245911222567,5.622134318114553,0.3926136886683385,5.229520629446215
2025-06-09 00:00:00-07:00,9.845838548999998,9.845838548999998,22.98483031848248,22.98483031848248,-13.138991769482482,-13.138991769482482,16.316296120218112,3.177304350735631,4.894888836065434,0.47659565261034464,4.418293183455089
2025-06-10 00:00:00-07:00,9.898019013599999,9.898019013599999,22.08827395757354,22.08827395757354,-12.190254943973544,-12.190254943973544,15.3678281714049,3.1775732274313557,4.61034845142147,0.4766359841147033,4.133712467306767
2025-06-11 00:00:00-07:00,10.342350645299998,10.342350645299998,26.035845509596633,26.035845509596633,-15.693494864296635,-15.693494864296635,18.737585051422297,3.044090187125661,5.621275515426689,0.45661352806884914,5.16466198735784
2025-06-12 00:00:00-07:00,10.1852653257,10.1852653257,23.9830010539081,23.9830010539081,-13.797735728208101,-13.797735728208101,16.916741276048057,3.1190055478399574,5.075022382814417,0.4678508321759936,4.607171550638424
2025-06-13 00:00:00-07:00,10.210115175299999,10.210115175299999,25.67808127351117,25.67808127351117,-15.467966098211171,-15.467966098211171,18.487266291639582,3.01930019342841,5.546179887491874,0.4528950290142615,5.093284858477613
2025-06-14 00:00:00-07:00,10.0890467919,10.0890467919,25.754634297710123,25.754634297710123,-15.665587505810123,-15.665587505810123,18.67362545840406,3.0080379525939365,5.602087637521218,0.45120569288909046,5.150881944632127
2025-06-15 00:00:00-07:00,10.0820161539,10.0820161539,29.281311731774494,29.281311731774494,-19.199295577874494,-19.199295577874494,21.823349976292107,2.624054398417612,6.547004992887632,0.3936081597626418,6.15339683312499
2025-06-16 00:00:00-07:00,10.189555406999999,10.189555406999999,25.640298843899618,25.640298843899618,-15.450743436899618,-15.450743436899618,18.459174040591307,3.0084306036916906,5.537752212177392,0.45126459055375356,5.086487621623639
2025-06-17 00:00:00-07:00,10.009993826699999,10.009993826699999,22.72116936240921,22.72116936240921,-12.71117553570921,-12.71117553570921,16.02182216140783,3.3106466256986185,4.806546648422349,0.4965969938547927,4.309949654567556
2025-06-18 00:00:00-07:00,9.863256537899998,9.863256537899998,26.72258115001195,26.72258115001195,-16.859324612111955,-16.859324612111955,19.607539098471886,2.7482144863599323,5.882261729541566,0.41223217295398984,5.470029556587575
2025-06-19 00:00:00-07:00,10.2483721881,10.2483721881,23.73430964190573,23.73430964190573,-13.485937453805729,-13.485937453805729,16.83876139633149,3.352823942525758,5.051628418899447,0.5029235913788637,4.548704827520583
2025-06-20 00:00:00-07:00,10.150826571899998,10.150826571899998,22.3299853250852,22.3299853250852,-12.1791587531852,-12.1791587531852,15.56495291797445,3.3857941647892487,4.6694858753923345,0.5078691247183873,4.161616750673947
2025-06-21 00:00:00-07:00,10.2029209281,10.2029209281,27.345253607014456,27.345253607014456,-17.142332678914457,-17.142332678914457,19.892473601210305,2.750140922295846,5.967742080363092,0.41252113834437687,5.555220942018715
2025-06-22 00:00:00-07:00,9.9995406876,9.9995406876,28.414128265429838,28.414128265429838,-18.41458757782984,-18.41458757782984,20.961014373307204,2.546426795477366,6.288304311992161,0.3819640193216049,5.906340292670556
2025-06-23 00:00:00-07:00,9.8902973349,9.8902973349,25.293929046966408,25.293929046966408,-15.403631712066408,-15.403631712066408,18.298578270597666,2.8949465585312586,5.4895734811793,0.43424198377968876,5.055331497399611
2025-06-24 00:00:00-07:00,9.9825967782,9.9825967782,25.460466294885528,25.460466294885528,-15.477869516685528,-15.477869516685528,18.25149677656805,2.7736272598825207,5.475449032970415,0.4160440889823781,5.059404943988037
2025-06-25 00:00:00-07:00,10.0950470694,10.0950470694,25.74630837631895,25.74630837631895,-15.65126130691895,-15.65126130691895,18.52156274270393,2.8703014357849796,5.556468822811179,0.4305452153677469,5.125923607443432
2025-06-26 00:00:00-07:00,9.988450988399999,9.988450988399999,24.621340169580645,24.621340169580645,-14.632889181180646,-14.632889181180646,17.63030481226402,2.997415631083372,5.289091443679205,0.44961234466250577,4.8394790990167
2025-06-27 00:00:00-07:00,9.7429316751,9.7429316751,26.688102442429223,26.688102442429223,-16.945170767329223,-16.945170767329223,19.651829323104955,2.706658555775733,5.895548796931487,0.4059987833663599,5.489550013565127
2025-06-28 00:00:00-07:00,9.7679566845,9.7679566845,25.90705560134716,25.90705560134716,-16.13909891684716,-16.13909891684716,18.91357983922486,2.7744809223776983,5.674073951767458,0.41617213835665473,5.257901813410803
2025-06-29 00:00:00-07:00,9.863383059899999,9.863383059899999,25.164638816397353,25.164638816397353,-15.301255756497353,-15.301255756497353,18.15080156539605,2.8495458088987,5.445240469618815,0.427431871334805,5.01780859828401
2025-06-30 00:00:00-07:00,9.862397119799999,9.862397119799999,23.414170494635634,23.414170494635634,-13.551773374835635,-13.551773374835635,16.60081255605239,3.049039181216753,4.9802437668157165,0.45735587718251297,4.522887889633203
2025-07-01 00:00:00-07:00,9.870607649699998,9.870607649699998,25.581964380185646,25.581964380185646,-15.711356730485646,-15.711356730485646,18.500708607081336,2.789351876595688,5.5502125821244,0.41840278148935317,5.131809800635047
2025-07-02 00:00:00-07:00,9.780113774699998,9.780113774699998,26.085241928068687,26.085241928068687,-16.305128153368685,-16.305128153368685,18.94133471011034,2.636206556741653,5.682400413033101,0.3954309835112479,5.286969429521854
2025-07-03 00:00:00-07:00,9.8810406171,9.8810406171,23.736578641230466,23.736578641230466,-13.855538024130468,-13.855538024130468,16.970640105182063,3.1151020810515964,5.091192031554619,0.4672653121577394,4.62392671939688
2025-07-04 00:00:00-07:00,10.058648229,10.058648229,23.34425883255406,23.34425883255406,-13.285610603554062,-13.285610603554062,16.508258275567503,3.2226476720134416,4.9524774826702505,0.48339715080201623,4.469080331868234
2025-07-05 00:00:00-07:00,10.077960851099999,10.077960851099999,26.226098130566076,26.226098130566076,-16.148137279466074,-16.148137279466074,18.981862454697616,2.833725175231542,5.6945587364092844,0.42505877628473127,5.269499960124553
2025-07-06 00:00:00-07:00,10.007657430299998,10.007657430299998,27.614437905706826,27.614437905706826,-17.60678047540683,-17.60678047540683,20.182259118468235,2.5754786430614063,6.05467773554047,0.38632179645921094,5.668355939081259
2025-07-07 00:00:00-07:00,9.960718535099998,9.960718535099998,26.575221367664028,26.575221367664028,-16.61450283256403,-16.61450283256403,19.36620728535726,2.7517044527932297,5.8098621856071775,0.41275566791898444,5.397106517688193
2025-07-08 00:00:00-07:00,10.0620185256,10.0620185256,22.569802972821556,22.569802972821556,-12.507784447221558,-12.507784447221558,15.93508426606012,3.427299818838561,4.780525279818035,0.5140949728257841,4.266430306992251
2025-07-09 00:00:00-07:00,9.9139956021,9.9139956021,23.281588336198773,23.281588336198773,-13.367592734098773,-13.367592734098773,16.519706784630607,3.152114050531833,4.955912035389182,0.4728171075797749,4.483094927809407
2025-07-10 00:00:00-07:00,9.844968517199998,9.844968517199998,26.583311490336424,26.583311490336424,-16.738342973136426,-16.738342973136426,19.404922189024404,2.6665792158879777,5.821476656707321,0.39998688238319663,5.421489774324124
2025-07-11 00:00:00-07:00,9.7791813054,9.7791813054,22.3574656335575,22.3574656335575,-12.578284328157501,-12.578284328157501,15.765066992653617,3.1867826644961155,4.729520097796085,0.4780173996744173,4.2515026981216675
2025-07-12 00:00:00-07:00,9.865008277649999,9.865008277649999,24.25388564588784,24.25388564588784,-14.388877368237843,-14.388877368237843,17.42064139998355,3.031764031745704,5.226192419995065,0.4547646047618556,4.771427815233209
2025-07-13 00:00:00-07:00,9.943618364549998,9.943618364549998,29.32307043000088,29.32307043000088,-19.37945206545088,-19.37945206545088,21.992892885889184,2.6134408204383055,6.597867865766755,0.3920161230657458,6.205851742701009
2025-07-14 00:00:00-07:00,9.932406781949998,9.932406781949998,26.29750535455947,26.29750535455947,-16.36509857260947,-16.36509857260947,19.278024749932776,2.9129261773233055,5.783407424979832,0.4369389265984958,5.346468498381336
2025-07-15 00:00:00-07:00,10.001744291249999,10.001744291249999,25.128410150404456,25.128410150404456,-15.126665859154457,-15.126665859154457,18.100836448255308,2.9741705891008494,5.430250934476592,0.4461255883651274,4.9841253461114645
2025-07-16 00:00:00-07:00,9.965968811999998,9.965968811999998,22.470699515011802,22.470699515011802,-12.504730703011802,-12.504730703011802,15.807565262621397,3.3028345596095945,4.742269578786419,0.49542518394143914,4.24684439484498
2025-07-17 00:00:00-07:00,9.99455809545,9.99455809545,24.623015266636568,24.623015266636568,-14.628457171186566,-14.628457171186566,17.621521498309097,2.9930643271225277,5.286456449492729,0.44895964906837915,4.83749680042435
2025-07-18 00:00:00-07:00,9.878234312699998,9.878234312699998,24.716921837053626,24.716921837053626,-14.83868752435363,-14.83868752435363,17.82347421448244,2.984786690128812,5.347042264344732,0.4477180035193218,4.89932426082541
2025-07-19 00:00:00-07:00,9.571258807649999,9.571258807649999,25.165782305926495,25.165782305926495,-15.594523498276498,-15.594523498276498,18.36475059674017,2.7702270984636725,5.509425179022051,0.41553406476955085,5.0938911142525
2025-07-20 00:00:00-07:00,9.96895251855,9.96895251855,25.88067696561192,25.88067696561192,-15.91172444706192,-15.91172444706192,18.85353730574804,2.9418128586861223,5.656061191724413,0.4412719288029183,5.214789262921494
2025-07-21 00:00:00-07:00,9.966168740249998,9.966168740249998,22.697843131145465,22.697843131145465,-12.731674390895467,-12.731674390895467,15.948370266354376,3.216695875458909,4.784511079906313,0.48250438131883633,4.302006698587476
2025-07-22 00:00:00-07:00,8.0563365531,8.0563365531,25.229927146010503,25.229927146010503,-17.173590592910504,-17.173590592910504,19.097809477828697,1.9242188849181965,5.729342843348609,0.28863283273772944,5.440710010610879
2025-07-23 00:00:00-07:00,9.867665528549999,9.867665528549999,24.385011789209262,24.385011789209262,-14.517346260659263,-14.517346260659263,17.488684507920855,2.971338247261591,5.246605352376256,0.44570073708923863,4.800904615287017
2025-07-24 00:00:00-07:00,9.47069020395,9.47069020395,23.5983492557052,23.5983492557052,-14.127659051755202,-14.127659051755202,16.956332086368924,2.82867303461372,5.086899625910677,0.424300955192058,4.662598670718619
2025-07-25 00:00:00-07:00,9.753305071049999,9.753305071049999,26.50851250688024,26.50851250688024,-16.755207435830243,-16.755207435830243,19.415348763517365,2.6601413276871244,5.82460462905521,0.39902119915306866,5.425583429902141
2025-07-26 00:00:00-07:00,9.808529715449998,9.808529715449998,28.54988150595339,28.54988150595339,-18.74135179050339,-18.74135179050339,21.293606386228316,2.5522545957249236,6.3880819158684945,0.38283818935873853,6.005243726509756
2025-07-27 00:00:00-07:00,9.819863247599999,9.819863247599999,26.592465934614317,26.592465934614317,-16.772602687014317,-16.772602687014317,19.589136143914573,2.816533456900254,5.876740843174372,0.4224800185350381,5.454260824639334
2025-07-28 00:00:00-07:00,9.859793403149999,9.859793403149999,25.997368940014198,25.997368940014198,-16.137575536864198,-16.137575536864198,18.925278172273266,2.7877026354090693,5.67758345168198,0.41815539531136037,5.25942805637062
2025-07-29 00:00:00-07:00,9.979868858849999,9.979868858849999,25.09634460204511,25.09634460204511,-15.116475743195112,-15.116475743195112,18.017537150781514,2.9010614075864023,5.405261145234454,0.43515921113796036,4.970101934096494
2025-07-30 00:00:00-07:00,10.052641019249998,10.052641019249998,25.643258400770478,25.643258400770478,-15.590617381520481,-15.590617381520481,18.64670785031576,3.056090468795281,5.594012355094728,0.45841357031929214,5.135598784775436
2025-07-31 00:00:00-07:00,9.958493321999999,9.958493321999999,24.78638728149883,24.78638728149883,-14.827893959498832,-14.827893959498832,17.874408870717883,3.0465149112190524,5.362322661215365,0.45697723668285783,4.905345424532507
2025-08-01 00:00:00-07:00,10.02192395895,10.02192395895,24.84162333736988,24.84162333736988,-14.81969937841988,-14.81969937841988,17.907368219680105,3.087668841260226,5.372210465904032,0.46315032618903385,4.909060139714998
2025-08-02 00:00:00-07:00,10.0785073122,10.0785073122,28.666056166068046,28.666056166068046,-18.58754885386805,-18.58754885386805,21.18781886717434,2.6002700133062895,6.356345660152302,0.3900405019959434,5.966305158156358
2025-08-03 00:00:00-07:00,10.163939715899998,10.163939715899998,24.699919547013955,24.699919547013955,-14.535979831113956,-14.535979831113956,17.760054047542678,3.2240742164287215,5.328016214262803,0.4836111324643082,4.844405081798495
2025-08-04 00:00:00-07:00,10.0751273766,10.0751273766,25.3315031850039,25.3315031850039,-15.256375808403902,-15.256375808403902,18.406579871943897,3.150204063539994,5.521973961583169,0.4725306095309991,5.04944335205217
2025-08-05 00:00:00-07:00,9.997703365949999,9.997703365949999,22.689590026364723,22.689590026364723,-12.691886660414724,-12.691886660414724,16.046446370495786,3.3545597100810642,4.813933911148736,0.5031839565121596,4.3107499546365755
2025-08-06 00:00:00-07:00,9.780860849849999,9.780860849849999,25.322363517355942,25.322363517355942,-15.541502667505945,-15.541502667505945,18.522288331701333,2.9807856641953876,5.556686499510399,0.4471178496293081,5.1095686498810915
2025-08-07 00:00:00-07:00,9.6691327722,9.6691327722,25.225112981173947,25.225112981173947,-15.555980208973946,-15.555980208973946,18.48435702409396,2.9283768151200116,5.545307107228187,0.4392565222680017,5.106050584960186
2025-08-08 00:00:00-07:00,9.6826103325,9.6826103325,23.463551708063708,23.463551708063708,-13.780941375563708,-13.780941375563708,16.785534037654514,3.0045926620908032,5.035660211296354,0.45068889931362044,4.584971311982733
2025-08-09 00:00:00-07:00,9.671399987849998,9.671399987849998,25.89759110455808,25.89759110455808,-16.226191116708083,-16.226191116708083,18.921245931968297,2.6950548152602125,5.676373779590489,0.40425822228903185,5.272115557301457
2025-08-10 00:00:00-07:00,9.642313819349997,9.642313819349997,24.892556657873126,24.892556657873126,-15.250242838523128,-15.250242838523128,18.178461715319166,2.928218876796037,5.45353851459575,0.4392328315194055,5.014305683076344
2025-08-11 00:00:00-07:00,9.635625233549998,9.635625233549998,23.126759749880097,23.126759749880097,-13.491134516330098,-13.491134516330098,16.537709180405837,3.0465746640757407,4.961312754121751,0.4569861996113611,4.50432655451039
2025-08-12 00:00:00-07:00,9.649869990749998,9.649869990749998,22.08687965111779,22.08687965111779,-12.437009660367794,-12.437009660367794,15.742822956531544,3.30581329616375,4.722846886959463,0.4958719944245625,4.2269748925349
2025-08-13 00:00:00-07:00,9.352985295599998,9.352985295599998,22.607592289492853,22.607592289492853,-13.254606993892853,-13.254606993892853,16.348808162803746,3.094201168910892,4.904642448841123,0.46413017533663375,4.440512273504489
2025-08-14 00:00:00-07:00,9.437438735999999,9.437438735999999,25.272777868710826,25.272777868710826,-15.835339132710827,-15.835339132710827,18.59122734990797,2.755888217197142,5.577368204972391,0.4133832325795713,5.16398497239282
2025-08-15 00:00:00-07:00,9.806456677049999,9.806456677049999,24.48136339620025,24.48136339620025,-14.674906719150254,-14.674906719150254,17.630560709702962,2.95565399055271,5.289168212910888,0.44334809858290647,4.8458201143279815
2025-08-16 00:00:00-07:00,7.349391944549999,7.349391944549999,25.193793281554687,25.193793281554687,-17.844401337004687,-17.844401337004687,20.049084175767174,2.204682838762487,6.014725252730152,0.33070242581437304,5.684022826915779
2025-08-17 00:00:00-07:00,9.941768795699998,9.941768795699998,27.633124824977227,27.633124824977227,-17.69135602927723,-17.69135602927723,20.452310153963342,2.760954124686113,6.135693046189003,0.4141431187029169,5.721549927486086
2025-08-18 00:00:00-07:00,9.9276302187,9.9276302187,24.032407548590225,24.032407548590225,-14.104777329890227,-14.104777329890227,17.240134344095853,3.1353570142056273,5.172040303228756,0.47030355213084407,4.701736751097911
2025-08-19 00:00:00-07:00,10.013251800599999,10.013251800599999,22.66186014808456,22.66186014808456,-12.648608347484561,-12.648608347484561,16.039181113580298,3.3905727660957368,4.811754334074089,0.5085859149143604,4.303168419159729
2025-08-20 00:00:00-07:00,9.763325058599998,9.763325058599998,22.238375696865166,22.238375696865166,-12.475050638265168,-12.475050638265168,15.71537734792601,3.2403267096608426,4.714613204377803,0.48604900644912635,4.2285641979286765
2025-08-21 00:00:00-07:00,9.728358061949999,9.728358061949999,22.93312459910298,22.93312459910298,-13.204766537152985,-13.204766537152985,16.35410308949985,3.149336552346867,4.906230926849955,0.47240048285203,4.433830443997925
2025-08-22 00:00:00-07:00,9.416810109599998,9.416810109599998,22.144484661694023,22.144484661694023,-12.727674552094026,-12.727674552094026,15.667773859327445,2.9400993072334196,4.7003321577982335,0.44101489608501293,4.25931726171322
2025-08-23 00:00:00-07:00,9.3464213202,9.3464213202,26.60913468060169,26.60913468060169,-17.262713360401694,-17.262713360401694,19.664518823839217,2.4018054634375234,5.899355647151765,0.3602708195156285,5.539084827636136
2025-08-24 00:00:00-07:00,8.60999577885,8.60999577885,25.83040807348768,25.83040807348768,-17.22041229463768,-17.22041229463768,19.658579682973137,2.438167388335459,5.897573904891941,0.36572510825031884,5.531848796641622
2025-08-25 00:00:00-07:00,9.089623129499998,9.089623129499998,25.59145458028114,25.59145458028114,-16.501831450781143,-16.501831450781143,18.957374309406006,2.4555428586248635,5.687212292821802,0.36833142879372954,5.318880864028072
2025-08-26 00:00:00-07:00,9.470422158749999,9.470422158749999,25.714830434618285,25.714830434618285,-16.244408275868285,-16.244408275868285,18.878452171404003,2.6340438955357177,5.663535651421201,0.39510658433035767,5.268429067090843
2025-08-27 00:00:00-07:00,9.73285233615,9.73285233615,22.303201933536513,22.303201933536513,-12.570349597386516,-12.570349597386516,15.81324942885339,3.242899831466873,4.743974828656016,0.48643497472003094,4.257539853935985
2025-08-28 00:00:00-07:00,9.40310528895,9.40310528895,24.838249533001456,24.838249533001456,-15.435144244051457,-15.435144244051457,18.17113854270404,2.7359942986525825,5.451341562811211,0.41039914479788736,5.040942418013324
2025-08-29 00:00:00-07:00,9.36109872,9.36109872,22.28515215763666,22.28515215763666,-12.924053437636658,-12.924053437636658,15.954911529975107,3.030858092338447,4.786473458992532,0.45462871385076703,4.3318447451417645
2025-08-30 00:00:00-07:00,9.519059109599999,9.519059109599999,25.197318397046846,25.197318397046846,-15.67825928744685,-15.67825928744685,18.479789205849404,2.8015299184025557,5.5439367617548205,0.4202294877603833,5.123707273994437
2025-08-31 00:00:00-07:00,9.487152350999999,9.487152350999999,27.301686758736118,27.301686758736118,-17.81453440773612,-17.81453440773612,20.186131396802484,2.3715969890663677,6.055839419040745,0.35573954835995514,5.7000998706807895
2025-09-01 00:00:00-07:00,9.340595233199998,9.340595233199998,23.765259819483017,23.765259819483017,-14.424664586283017,-14.424664586283017,17.215396413570485,2.7907318272874693,5.164618924071145,0.4186097740931204,4.746009149978025
2025-09-02 00:00:00-07:00,10.079004252599999,10.079004252599999,25.6624199208968,25.6624199208968,-15.5834156682968,-15.5834156682968,18.21562941876698,2.6322137504701812,5.464688825630094,0.39483206257052716,5.069856763059566
2025-09-03 00:00:00-07:00,10.301664663899999,10.301664663899999,24.51654532184294,24.51654532184294,-14.214880657942942,-14.214880657942942,17.16442453771693,2.949543879773987,5.149327361315079,0.442431581966098,4.706895779348981
2025-09-04 00:00:00-07:00,9.438435089999999,9.438435089999999,22.11562629464407,22.11562629464407,-12.677191204644071,-12.677191204644071,15.50639877727095,2.8292075726268804,4.651919633181285,0.42438113589403204,4.227538497287252
2025-09-05 00:00:00-07:00,9.191315308499998,9.191315308499998,26.333237045731057,26.333237045731057,-17.14192173723106,-17.14192173723106,19.514395791445573,2.3724740542145133,5.854318737433672,0.355871108132177,5.498447629301495
2025-09-06 00:00:00-07:00,9.8506640187,9.8506640187,26.8714560699594,26.8714560699594,-17.020792051259402,-17.020792051259402,19.49438724377158,2.4735951925121773,5.848316173131474,0.3710392788768266,5.477276894254648
2025-09-07 00:00:00-07:00,9.8999062353,9.8999062353,26.670032339618594,26.670032339618594,-16.770126104318592,-16.770126104318592,19.36583409332537,2.5957079890067742,5.80975022799761,0.38935619835101615,5.4203940296465944
2025-09-08 00:00:00-07:00,9.6760089054,9.6760089054,23.503979091000915,23.503979091000915,-13.827970185600915,-13.827970185600915,16.479171053654383,2.6512008680534693,4.943751316096315,0.3976801302080204,4.5460711858882945
2025-09-09 00:00:00-07:00,6.409244537099999,6.409244537099999,23.823223489590955,23.823223489590955,-17.413978952490954,-17.413978952490954,19.037024587524815,1.6230456350338618,5.711107376257444,0.24345684525507927,5.467650531002365
2025-09-10 00:00:00-07:00,4.958721358199999,4.958721358199999,25.05232275982036,25.05232275982036,-20.09360140162036,-20.09360140162036,20.451049179344775,0.35744777772441355,6.135314753803432,0.05361716665866203,6.08169758714477
2025-09-11 00:00:00-07:00,9.603290936699999,9.603290936699999,24.246912750669058,24.246912750669058,-14.643621813969059,-14.643621813969059,17.18606471921102,2.542442905241964,5.155819415763307,0.3813664357862946,4.774452979977012
2025-09-12 00:00:00-07:00,9.626335336799999,9.626335336799999,24.868563795320313,24.868563795320313,-15.242228458520312,-15.242228458520312,17.80213504530574,2.5599065867854267,5.340640513591722,0.383985988017814,4.956654525573907
2025-09-13 00:00:00-07:00,9.6709464243,9.6709464243,26.253736470251717,26.253736470251717,-16.582790045951718,-16.582790045951718,19.092728331777103,2.5099382858253865,5.7278184995331305,0.37649074287380796,5.351327756659322
2025-09-14 00:00:00-07:00,10.013657184,10.013657184,26.06482487974089,26.06482487974089,-16.051167695740894,-16.051167695740894,18.61884727995136,2.567679584210469,5.585654183985408,0.38515193763157035,5.200502246353838
2025-09-15 00:00:00-07:00,9.9265204431,9.9265204431,27.087574307469005,27.087574307469005,-17.161053864369002,-17.161053864369002,19.63807143258621,2.4770175682172053,5.891421429775862,0.3715526352325808,5.519868794543282
2025-09-16 00:00:00-07:00,9.772174834424998,9.772174834424998,23.998291120317717,23.998291120317717,-14.226116285892719,-14.226116285892719,17.040794127296003,2.814677841403283,5.112238238188801,0.4222016762104925,4.690036561978308
2025-09-17 00:00:00-07:00,8.7398468748,8.7398468748,21.96653763569908,21.96653763569908,-13.22669076089908,-13.22669076089908,15.225673427593795,1.9989826666947148,4.567702028278139,0.29984740000420723,4.267854628273931
2025-09-18 00:00:00-07:00,4.736138384924999,4.736138384924999,25.438486655383613,25.438486655383613,-20.702348270458614,-20.702348270458614,20.87713661955293,0.17478834909431668,6.2631409858658795,0.0262182523641475,6.236922733501732
2025-09-19 00:00:00-07:00,8.958495244725,8.958495244725,27.208989157182266,27.208989157182266,-18.250493912457266,-18.250493912457266,20.255705068611988,2.005211156154722,6.076711520583596,0.30078167342320833,5.775929847160388
2025-09-20 00:00:00-07:00,9.236738510099999,9.236738510099999,25.696385149593336,25.696385149593336,-16.459646639493336,-16.459646639493336,18.741455789241446,2.2818091497481108,5.622436736772434,0.3422713724622166,5.280165364310217
2025-09-21 00:00:00-07:00,8.979686433,8.979686433,28.617422673308134,28.617422673308134,-19.637736240308136,-19.637736240308136,21.651550155510265,2.01381391520213,6.495465046653079,0.3020720872803195,6.193392959372759
2025-09-22 00:00:00-07:00,9.556430492699999,9.556430492699999,25.098718050018345,25.098718050018345,-15.542287557318344,-15.542287557318344,18.002535330611995,2.4602477732936494,5.400760599183598,0.3690371659940474,5.03172343318955
2025-09-23 00:00:00-07:00,9.161504559899997,9.161504559899997,22.542874938664358,22.542874938664358,-13.381370378764359,-13.381370378764359,15.980560501114844,2.5991901223504863,4.794168150334453,0.3898785183525729,4.4042896319818805
2025-09-24 00:00:00-07:00,4.706089326224999,4.706089326224999,25.12737608469778,25.12737608469778,-20.42128675847278,-20.42128675847278,21.738107515654654,1.3168207571818746,6.521432254696396,0.1975231135772812,6.323909141119115
2025-09-25 00:00:00-07:00,8.9320353318,8.9320353318,24.147468153736046,24.147468153736046,-15.215432821936048,-15.215432821936048,17.575153846126618,2.3597210241905717,5.272546153837985,0.35395815362858574,4.918588000209399
2025-09-26 00:00:00-07:00,9.437547938175,9.437547938175,23.263373039795695,23.263373039795695,-13.825825101620698,-13.825825101620698,16.424143653552033,2.598318551931335,4.9272430960656095,0.3897477827897003,4.537495313275909
2025-09-27 00:00:00-07:00,9.389077520625,9.389077520625,28.894950734079245,28.894950734079245,-19.505873213454247,-19.505873213454247,21.380396986630608,1.8745237731763604,6.414119095989182,0.2811785659764541,6.132940530012728
2025-09-28 00:00:00-07:00,2.3798290346999993,2.3798290346999993,24.910681791080375,24.910681791080375,-22.530852756380376,-22.530852756380376,22.530852756380376,0.0,6.759255826914113,0.0,6.759255826914113
2025-09-29 00:00:00-07:00,6.1228815955779,6.1228815955779,24.835455762109973,24.835455762109973,-18.71257416653207,-18.71257416653207,20.53846431332956,1.825890146797487,6.161539293998867,0.27388352201962307,5.887655771979245
2025-09-30 00:00:00-07:00,9.267476327386152,9.267476327386152,22.486536853182766,22.486536853182766,-13.219060525796616,-13.219060525796616,15.769842147096954,2.5507816213003376,4.730952644129086,0.38261724319505064,4.348335400934036
2025-10-01 00:00:00-07:00,9.033879562717733,9.033879562717733,23.562531883943294,23.562531883943294,-14.52865232122556,-14.52865232122556,16.799260059858614,2.2706077386330548,5.039778017957584,0.3405911607949582,4.699186857162625
2025-10-02 00:00:00-07:00,8.959269341502207,8.959269341502207,26.509539526533576,26.509539526533576,-17.55027018503137,-17.55027018503137,19.507699788104883,1.957429603073514,5.852309936431465,0.2936144404610271,5.558695495970437
2025-10-03 00:00:00-07:00,8.870138601175858,8.870138601175858,24.94063548703969,24.94063548703969,-16.07049688586383,-16.07049688586383,18.30266077631557,2.2321638904517407,5.4907982328946705,0.33482458356776107,5.155973649326909
2025-10-04 00:00:00-07:00,8.745346419144987,8.745346419144987,24.476713875537726,24.476713875537726,-15.73136745639274,-15.73136745639274,17.85624286131676,2.124875404924018,5.356872858395027,0.3187313107386027,5.038141547656425
2025-10-05 00:00:00-07:00,8.744949454798286,8.744949454798286,28.241817623809087,28.241817623809087,-19.496868169010803,-19.496868169010803,21.148888796045508,1.652020627034706,6.344666638813652,0.2478030940552059,6.096863544758446
2025-10-06 00:00:00-07:00,8.64364059044146,8.64364059044146,24.975839756480006,24.975839756480006,-16.33219916603855,-16.33219916603855,18.307400284140357,1.9752011181018099,5.492220085242107,0.2962801677152715,5.195939917526836
2025-10-07 00:00:00-07:00,8.581329506966288,8.581329506966288,24.851831308692756,24.851831308692756,-16.270501801726468,-16.270501801726468,18.239861211299257,1.9693594095727909,5.471958363389777,0.2954039114359186,5.176554451953859
2025-10-08 00:00:00-07:00,8.71878464388231,8.71878464388231,25.189467782635823,25.189467782635823,-16.47068313875351,-16.47068313875351,18.475464935920254,2.0047817971667428,5.542639480776076,0.3007172695750114,5.241922211201064
2025-10-09 00:00:00-07:00,8.932689525762802,8.932689525762802,25.03606700076299,25.03606700076299,-16.10337747500019,-16.10337747500019,18.17468626505206,2.0713087900518694,5.452405879515617,0.3106963185077804,5.141709561007837
2025-10-10 00:00:00-07:00,9.02126472399177,9.02126472399177,22.83662421563045,22.83662421563045,-13.815359491638683,-13.815359491638683,16.23412517489503,2.418765683256349,4.870237552468509,0.3628148524884523,4.507422699980056
2025-10-11 00:00:00-07:00,8.997492306634454,8.997492306634454,25.563280091033,25.563280091033,-16.565787784398545,-16.565787784398545,18.73764700855948,2.1718592241609356,5.621294102567844,0.3257788836241403,5.295515218943703
2025-10-12 00:00:00-07:00,8.621145488566558,8.621145488566558,28.686888367665677,28.686888367665677,-20.06574287909912,-20.06574287909912,21.722207076949573,1.6564641978504537,6.516662123084871,0.24846962967756805,6.2681924934073034
2025-10-13 00:00:00-07:00,8.602254809839321,8.602254809839321,25.457233454813203,25.457233454813203,-16.85497864497388,-16.85497864497388,18.952175800332874,2.097197155358992,5.685652740099862,0.3145795733038488,5.371073166796013
2025-10-14 00:00:00-07:00,8.571732940568802,8.571732940568802,24.647428950278684,24.647428950278684,-16.075696009709883,-16.075696009709883,18.095590187920468,2.0198941782105857,5.428677056376141,0.30298412673158787,5.125692929644552
2025-10-15 00:00:00-07:00,8.570679513320888,8.570679513320888,23.833323404117905,23.833323404117905,-15.262643890797015,-15.262643890797015,17.455415649760038,2.1927717589630245,5.236624694928011,0.32891576384445365,4.907708931083557
2025-10-16 00:00:00-07:00,8.542263154435163,8.542263154435163,23.608359618967455,23.608359618967455,-15.066096464532293,-15.066096464532293,17.308556524498,2.2424600599657074,5.1925669573494,0.3363690089948561,4.856197948354544
2025-10-17 00:00:00-07:00,8.51811101518693,8.51811101518693,23.30921069835262,23.30921069835262,-14.791099683165687,-14.791099683165687,16.9259344798056,2.1348347966399155,5.07778034394168,0.3202252194959873,4.757555124445693
2025-10-18 00:00:00-07:00,8.441876037027876,8.441876037027876,29.173632075153307,29.173632075153307,-20.731756038125432,-20.731756038125432,22.27100686744414,1.5392508293187093,6.681302060233242,0.23088762439780638,6.450414435835436
2025-10-19 00:00:00-07:00,8.341172780374212,8.341172780374212,27.924096534808093,27.924096534808093,-19.58292375443388,-19.58292375443388,21.174669376553037,1.5917456221191573,6.352400812965911,0.2387618433178736,6.113638969648037
2025-10-20 00:00:00-07:00,8.460852785633488,8.460852785633488,23.552483656418328,23.552483656418328,-15.091630870784842,-15.091630870784842,17.216482888131818,2.1248520173469765,5.164944866439545,0.3187278026020465,4.846217063837499
2025-10-21 00:00:00-07:00,8.493651305342015,8.493651305342015,23.42365775732171,23.42365775732171,-14.930006451979695,-14.930006451979695,17.081165485612495,2.1511590336327995,5.124349645683748,0.3226738550449199,4.801675790638828
2025-10-22 00:00:00-07:00,8.540268771466737,8.540268771466737,26.158955372191343,26.158955372191343,-17.618686600724608,-17.618686600724608,19.63327458390684,2.014587983182232,5.8899823751720515,0.30218819747733483,5.587794177694716
2025-10-23 00:00:00-07:00,8.50402717139614,8.50402717139614,25.45953461673186,25.45953461673186,-16.95550744533572,-16.95550744533572,18.939420856833724,1.9839134114980037,5.681826257050117,0.29758701172470053,5.384239245325417
2025-10-24 00:00:00-07:00,8.442187977858985,8.442187977858985,22.783791732621598,22.783791732621598,-14.341603754762614,-14.341603754762614,16.531272735542164,2.1896689807795497,4.9593818206626485,0.32845034711693244,4.630931473545716
2025-10-25 00:00:00-07:00,8.478327872448213,8.478327872448213,28.660889499785252,28.660889499785252,-20.182561627337037,-20.182561627337037,21.922749001862076,1.740187374525038,6.576824700558623,0.2610281061787557,6.315796594379867
2025-10-26 00:00:00-07:00,8.428409095944687,8.428409095944687,27.188323637585796,27.188323637585796,-18.75991454164111,-18.75991454164111,20.485134593461645,1.7252200518205352,6.145540378038493,0.2587830077730803,5.886757370265413
2025-10-27 00:00:00-07:00,8.36357183997105,8.36357183997105,22.998437290160812,22.998437290160812,-14.634865450189764,-14.634865450189764,16.71807072465431,2.0832052744645484,5.015421217396293,0.31248079116968225,4.70294042622661
2025-10-28 00:00:00-07:00,8.359320520124898,8.359320520124898,25.340876176140526,25.340876176140526,-16.981555656015626,-16.981555656015626,18.90408998362176,1.9225343276061309,5.671226995086528,0.28838014914091964,5.3828468459456085
2025-10-29 00:00:00-07:00,8.312086354568505,8.312086354568505,22.90601654023359,22.90601654023359,-14.593930185665087,-14.593930185665087,16.627178466723684,2.0332482810585972,4.988153540017105,0.3049872421587896,4.683166297858316
2025-10-30 00:00:00-07:00,8.2224189611772,8.2224189611772,24.415140431534446,24.415140431534446,-16.192721470357245,-16.192721470357245,18.15635853600374,1.9636370656464925,5.4469075608011215,0.2945455598469739,5.152362000954148
2025-10-31 00:00:00-07:00,8.167773276445246,8.167773276445246,22.96825274850634,22.96825274850634,-14.800479472061097,-14.800479472061097,16.831373502183485,2.03089403012239,5.049412050655046,0.3046341045183585,4.744777946136687
2025-11-01 00:00:00-07:00,8.101341065311786,8.101341065311786,24.79555440659715,24.79555440659715,-16.694213341285366,-16.694213341285366,18.653730515978665,1.9595171746933002,5.596119154793599,0.293927576203995,5.302191578589604
2025-11-02 00:00:00-07:00,8.42689379670718,8.42689379670718,29.30279889922331,29.30279889922331,-20.875905102516125,-20.875905102516125,22.015888709762077,1.1399836072459522,6.604766612928623,0.17099754108689283,6.433769071841731
2025-11-03 00:00:00-08:00,8.379774330712234,8.379774330712234,24.05423246247236,24.05423246247236,-15.674458131760126,-15.674458131760126,17.258160587976434,1.5837024562163076,5.17744817639293,0.23755536843244612,4.939892807960484
2025-11-04 00:00:00-08:00,8.271536095984244,8.271536095984244,22.505959259380344,22.505959259380344,-14.234423163396098,-14.234423163396098,16.038599572542857,1.8041764091467587,4.811579871762857,0.2706264613720138,4.540953410390843
2025-11-05 00:00:00-08:00,8.555299465692126,8.555299465692126,25.53573943009322,25.53573943009322,-16.980439964401093,-16.980439964401093,18.73474784011751,1.7543078757164192,5.620424352035253,0.26314618135746287,5.35727817067779
2025-11-06 00:00:00-08:00,8.560743418071226,8.560743418071226,22.274496171920816,22.274496171920816,-13.71375275384959,-13.71375275384959,15.927124524566185,2.213371770716596,4.778137357369856,0.33200576560748934,4.4461315917623665
2025-11-07 00:00:00-08:00,8.52917585033693,8.52917585033693,22.674898578441425,22.674898578441425,-14.145722728104495,-14.145722728104495,16.187042246614922,2.041319518510426,4.856112673984477,0.30619792777656385,4.549914746207913
2025-11-08 00:00:00-08:00,8.288147004461885,8.288147004461885,24.22041895389331,24.22041895389331,-15.932271949431426,-15.932271949431426,17.579362943067967,1.6470909936365392,5.27380888292039,0.24706364904548087,5.026745233874909
2025-11-09 00:00:00-08:00,8.2743307726402,8.2743307726402,28.948825876496024,28.948825876496024,-20.674495103855826,-20.674495103855826,22.09510901993526,1.420613916079437,6.628532705980578,0.21309208741191557,6.415440618568662
2025-11-10 00:00:00-08:00,8.221447639686321,8.221447639686321,23.796367973446642,23.796367973446642,-15.574920333760321,-15.574920333760321,17.301777177578902,1.7268568438185818,5.1905331532736705,0.25902852657278724,4.9315046267008835
2025-11-11 00:00:00-08:00,8.008929300165418,8.008929300165418,23.213688527393682,23.213688527393682,-15.204759227228264,-15.204759227228264,16.981822082749602,1.7770628555213372,5.09454662482488,0.26655942832820056,4.82798719649668
2025-11-12 00:00:00-08:00,7.96128477327345,7.96128477327345,25.692431234485596,25.692431234485596,-17.731146461212145,-17.731146461212145,19.13170011528655,1.4005536540744041,5.739510034585964,0.2100830481111606,5.529426986474804
2025-11-13 00:00:00-08:00,7.902631501760833,7.902631501760833,22.508451964348694,22.508451964348694,-14.605820462587861,-14.605820462587861,16.298670258253743,1.6928497956658832,4.889601077476123,0.2539274693498825,4.635673608126241
2025-11-14 00:00:00-08:00,7.851428918823035,7.851428918823035,25.140151423309153,25.140151423309153,-17.288722504486117,-17.288722504486117,18.582387173987733,1.2936646695016143,5.57471615219632,0.19404970042524214,5.380666451771078
2025-11-15 00:00:00-08:00,7.84923398832867,7.84923398832867,27.287330360169108,27.287330360169108,-19.438096371840437,-19.438096371840437,20.73237567457847,1.2942793027380322,6.219712702373541,0.1941418954107048,6.025570806962836
2025-11-16 00:00:00-08:00,7.753204527884691,7.753204527884691,24.46154694666253,24.46154694666253,-16.708342418777843,-16.708342418777843,18.247530612441874,1.5391881936640337,5.4742591837325625,0.23087822904960503,5.243380954682958
2025-11-17 00:00:00-08:00,7.725427700311107,7.725427700311107,22.894186416023572,22.894186416023572,-15.168758715712466,-15.168758715712466,16.680074640364207,1.5113159246517427,5.004022392109262,0.2266973886977614,4.777325003411501
2025-11-18 00:00:00-08:00,7.72821546783733,7.72821546783733,24.098719796915713,24.098719796915713,-16.370504329078383,-16.370504329078383,17.86833830940148,1.497833980323096,5.360501492820444,0.2246750970484644,5.135826395771979
2025-11-19 00:00:00-08:00,7.743507606029173,7.743507606029173,23.62376464470002,23.62376464470002,-15.880257038670848,-15.880257038670848,17.42517542409367,1.5449183854228203,5.227552627228101,0.23173775781342304,4.995814869414677
2025-11-20 00:00:00-08:00,7.679150161083431,7.679150161083431,22.702971262108946,22.702971262108946,-15.023821101025513,-15.023821101025513,16.599579183058278,1.5757580820327632,4.979873754917484,0.2363637123049145,4.743510042612569
2025-11-21 00:00:00-08:00,7.576685109846225,7.576685109846225,26.295318347687527,26.295318347687527,-18.718633237841303,-18.718633237841303,19.953314770032005,1.2346815321907028,5.985994431009601,0.1852022298286054,5.800792201180996
2025-11-22 00:00:00-08:00,7.436455306492534,7.436455306492534,29.00316237703702,29.00316237703702,-21.56670707054449,-21.56670707054449,22.566737252036244,1.0000301814917565,6.770021175610873,0.15000452722376348,6.62001664838711
2025-11-23 00:00:00-08:00,7.428741542902695,7.428741542902695,28.545499331648784,28.545499331648784,-21.11675778874609,-21.11675778874609,22.117498205167628,1.0007404164215374,6.635249461550289,0.1501110624632306,6.485138399087058
2025-11-24 00:00:00-08:00,7.4626785972757865,7.4626785972757865,24.872386185458044,24.872386185458044,-17.409707588182258,-17.409707588182258,18.66195798623931,1.2522503980570558,5.598587395871793,0.18783755970855837,5.410749836163235
2025-11-25 00:00:00-08:00,7.497914042124661,7.497914042124661,26.209438632334813,26.209438632334813,-18.71152459021015,-18.71152459021015,19.871109634372107,1.1595850441619573,5.961332890311632,0.1739377566242936,5.787395133687339
2025-11-26 00:00:00-08:00,7.59560695940603,7.59560695940603,25.927619050658727,25.927619050658727,-18.332012091252697,-18.332012091252697,19.50582446666361,1.173812375410916,5.851747339999084,0.17607185631163738,5.675675483687447
2025-11-27 00:00:00-08:00,7.5579683948744325,7.5579683948744325,25.194415768085396,25.194415768085396,-17.636447373210963,-17.636447373210963,18.916172761554396,1.279725388343435,5.674851828466319,0.19195880825151523,5.482893020214804
2025-11-28 00:00:00-08:00,7.562652232075812,7.562652232075812,23.381523462489362,23.381523462489362,-15.818871230413551,-15.818871230413551,17.238899985962185,1.4200287555486333,5.171669995788656,0.213004313332295,4.958665682456361
2025-11-29 00:00:00-08:00,7.7000709026976795,7.7000709026976795,26.28623130194133,26.28623130194133,-18.586160399243653,-18.586160399243653,19.77542158106566,1.189261181822007,5.932626474319698,0.17838917727330103,5.754237297046397
2025-11-30 00:00:00-08:00,7.702460805684073,7.702460805684073,24.779668649466604,24.779668649466604,-17.07720784378253,-17.07720784378253,18.45061620669829,1.3734083629157603,5.535184862009486,0.20601125443736404,5.329173607572122
2025-12-01 00:00:00-08:00,7.703369418923814,7.703369418923814,24.185819116228753,24.185819116228753,-16.48244969730494,-16.48244969730494,17.992856373296853,1.5104066759919101,5.397856911989056,0.22656100139878652,5.17129591059027
2025-12-02 00:00:00-08:00,7.7693634157736655,7.7693634157736655,25.97700520984542,25.97700520984542,-18.20764179407175,-18.20764179407175,19.590094701748267,1.3824529076765126,5.87702841052448,0.2073679361514769,5.6696604743730035
2025-12-03 00:00:00-08:00,7.769110973345193,7.769110973345193,22.380082787974825,22.380082787974825,-14.61097181462963,-14.61097181462963,16.38771869924836,1.7767468846187289,4.916315609774508,0.2665120326928093,4.649803577081699
2025-12-04 00:00:00-08:00,7.704509019707093,7.704509019707093,24.840760071575417,24.840760071575417,-17.136251051868324,-17.136251051868324,18.447441133849008,1.3111900819806812,5.534232340154702,0.19667851229710218,5.3375538278576
2025-12-05 00:00:00-08:00,7.600049443048161,7.600049443048161,23.10273538073551,23.10273538073551,-15.502685937687348,-15.502685937687348,16.949715822448347,1.447029884760999,5.084914746734504,0.21705448271414984,4.867860264020354
2025-12-06 00:00:00-08:00,7.617793877700965,7.617793877700965,26.356294656653787,26.356294656653787,-18.738500778952822,-18.738500778952822,19.84982141588843,1.1113206369356095,5.954946424766529,0.1666980955403414,5.788248329226188
2025-12-07 00:00:00-08:00,7.402690170924993,7.402690170924993,28.936848147191427,28.936848147191427,-21.534157976266435,-21.534157976266435,22.471369754451068,0.9372117781846359,6.741410926335321,0.14058176672769537,6.600829159607625
2025-12-08 00:00:00-08:00,7.368190178317743,7.368190178317743,23.637141382464222,23.637141382464222,-16.26895120414648,-16.26895120414648,17.633884947471838,1.3649337433253577,5.290165484241551,0.20474006149880364,5.085425422742747
2025-12-09 00:00:00-08:00,7.271417928718842,7.271417928718842,23.204988988102293,23.204988988102293,-15.933571059383452,-15.933571059383452,17.369866425922062,1.43629536653861,5.210959927776618,0.2154443049807915,4.995515622795827
2025-12-10 00:00:00-08:00,7.250995469329321,7.250995469329321,24.24213031692542,24.24213031692542,-16.9911348475961,-16.9911348475961,18.207107333160405,1.2159724855643061,5.462132199948122,0.18239587283464592,5.279736327113476
2025-12-11 00:00:00-08:00,7.144957011224337,7.144957011224337,25.806514973165477,25.806514973165477,-18.661557961941142,-18.661557961941142,19.618157007752004,0.9565990458108629,5.8854471023256005,0.14348985687162943,5.741957245453971
2025-12-12 00:00:00-08:00,7.070683447898021,7.070683447898021,23.093017551500495,23.093017551500495,-16.022334103602475,-16.022334103602475,17.323965551515457,1.3016314479129827,5.197189665454637,0.1952447171869474,5.001944948267689
2025-12-13 00:00:00-08:00,7.167098508285075,7.167098508285075,29.16791398960887,29.16791398960887,-22.000815481323798,-22.000815481323798,22.81909562844268,0.8182801471188823,6.8457286885328035,0.12274202206783234,6.722986666464971
2025-12-14 00:00:00-08:00,7.06419617470356,7.06419617470356,27.086537212602014,27.086537212602014,-20.022341037898453,-20.022341037898453,20.85890407008701,0.8365630321885561,6.257671221026103,0.1254844548282834,6.13218676619782
2025-12-15 00:00:00-08:00,7.0079043874232685,7.0079043874232685,24.069361131827346,24.069361131827346,-17.061456744404076,-17.061456744404076,18.135206579860853,1.0737498354567752,5.440561973958256,0.16106247531851628,5.27949949863974
2025-12-16 00:00:00-08:00,6.846035543867496,6.846035543867496,26.292977672670634,26.292977672670634,-19.446942128803137,-19.446942128803137,20.374007776134842,0.9270656473317058,6.112202332840453,0.13905984709975586,5.973142485740697
2025-12-17 00:00:00-08:00,6.723260056855325,6.723260056855325,23.733544480614412,23.733544480614412,-17.01028442375909,-17.01028442375909,17.998132759898752,0.9878483361396653,5.399439827969625,0.14817725042094979,5.251262577548675
2025-12-18 00:00:00-08:00,6.578330962202407,6.578330962202407,26.064826139483277,26.064826139483277,-19.48649517728087,-19.48649517728087,20.201021820697814,0.7145266434169469,6.060306546209344,0.10717899651254204,5.953127549696802
2025-12-19 00:00:00-08:00,6.312007896697815,6.312007896697815,24.06815587015702,24.06815587015702,-17.756147973459207,-17.756147973459207,18.57981992583466,0.8236719523754523,5.573945977750397,0.12355079285631784,5.450395184894079
