timestamp_local,PV_P_kW,PV_E_kWh,Load_kW,Load_E_kWh,Net_P_kW,Net_E_kWh,Import_kWh,Export_kWh,Buy_$,Sell_$,NetBill_$
2022-12-31 00:00:00-07:00,0.0,0.0,5.785875482334109,5.785875482334109,-5.785875482334109,-5.785875482334109,5.785875482334109,0.0,0.8100225675267754,0.0,0.8100225675267754
2023-01-01 00:00:00-07:00,2.7058129028999995,2.7058129028999995,28.85432279395859,28.85432279395859,-26.14850989105859,-26.14850989105859,26.14850989105859,0.0,3.660791384748203,0.0,3.660791384748203
2023-01-02 00:00:00-07:00,0.7624031498999996,0.7624031498999996,25.320657430394053,25.320657430394053,-24.558254280494054,-24.558254280494054,24.558254280494054,0.0,3.438155599269168,0.0,3.438155599269168
2023-01-03 00:00:00-07:00,3.3724692035999992,3.3724692035999992,22.055523063257166,22.055523063257166,-18.683053859657168,-18.683053859657168,18.724025286828187,0.04097142717101998,2.6213635401559463,0.002867999901971399,2.6184955402539747
2023-01-04 00:00:00-07:00,5.458044140999999,5.458044140999999,26.417944089226157,26.417944089226157,-20.95989994822616,-20.95989994822616,21.850432434457705,0.8905324862315479,3.059060540824079,0.06233727403620836,2.9967232667878707
2023-01-05 00:00:00-07:00,4.5323329275,4.5323329275,24.848891538671825,24.848891538671825,-20.316558611171825,-20.316558611171825,20.373340787852758,0.05678217668093166,2.8522677102993863,0.003974752367665217,2.848292957931721
2023-01-06 00:00:00-07:00,7.4651274162,7.4651274162,23.030783836463847,23.030783836463847,-15.565656420263847,-15.565656420263847,16.595334107544538,1.0296776872806919,2.3233467750562355,0.07207743810964844,2.2512693369465873
2023-01-07 00:00:00-07:00,5.893147923299999,5.893147923299999,27.472737184788574,27.472737184788574,-21.579589261488575,-21.579589261488575,22.10455923811817,0.5249699766295951,3.094638293336544,0.03674789836407166,3.0578903949724725
2023-01-08 00:00:00-07:00,6.437752333199999,6.437752333199999,29.12807176427705,29.12807176427705,-22.69031943107705,-22.69031943107705,23.48484133407125,0.7945219029942006,3.287877786769975,0.055616533209594046,3.232261253560381
2023-01-09 00:00:00-07:00,7.8471460341,7.8471460341,22.149824579694346,22.149824579694346,-14.302678545594347,-14.302678545594347,15.66536214101344,1.3626835954190928,2.1931506997418815,0.0953878516793365,2.097762848062545
2023-01-10 00:00:00-07:00,4.2433374339,4.2433374339,25.96521219256196,25.96521219256196,-21.72187475866196,-21.72187475866196,22.08458830198441,0.36271354332245087,3.0918423622778177,0.025389948032571562,3.066452414245246
2023-01-11 00:00:00-07:00,2.6424344690999995,2.6424344690999995,25.521615260475663,25.521615260475663,-22.879180791375664,-22.879180791375664,22.879180791375664,0.0,3.203085310792593,0.0,3.203085310792593
2023-01-12 00:00:00-07:00,7.994074339799999,7.994074339799999,24.038286797934084,24.038286797934084,-16.044212458134087,-16.044212458134087,17.324928083700797,1.2807156255667127,2.425489931718112,0.0896500937896699,2.3358398379284417
2023-01-13 00:00:00-07:00,6.534940731299999,6.534940731299999,22.859431696031674,22.859431696031674,-16.324490964731673,-16.324490964731673,17.273305619198865,0.9488146544671902,2.4182627866878414,0.06641702581270331,2.351845760875138
2023-01-14 00:00:00-07:00,3.104883338399999,3.104883338399999,27.355742434870226,27.355742434870226,-24.250859096470226,-24.250859096470226,24.250859096470226,0.0,3.395120273505832,0.0,3.395120273505832
2023-01-15 00:00:00-07:00,2.8400941979999996,2.8400941979999996,29.03588052155415,29.03588052155415,-26.195786323554152,-26.195786323554152,26.195786323554152,0.0,3.6674100852975817,0.0,3.6674100852975817
2023-01-16 00:00:00-07:00,8.017138619999999,8.017138619999999,22.102175696882487,22.102175696882487,-14.085037076882486,-14.085037076882486,15.553931290754296,1.4688942138718093,2.177550380705602,0.10282259497102667,2.074727785734575
2023-01-17 00:00:00-07:00,3.194599850999999,3.194599850999999,25.08007521893442,25.08007521893442,-21.885475367934422,-21.885475367934422,22.00532009463229,0.11984472669786633,3.0807448132485207,0.008389130868850644,3.07235568237967
2023-01-18 00:00:00-07:00,1.7336169881999992,1.7336169881999992,25.368438506279254,25.368438506279254,-23.634821518079256,-23.634821518079256,23.634821518079256,0.0,3.308875012531096,0.0,3.308875012531096
2023-01-19 00:00:00-07:00,8.3940521427,8.3940521427,24.13254778228967,24.13254778228967,-15.738495639589672,-15.738495639589672,17.027011858076364,1.2885162184866925,2.383781660130691,0.09019613529406849,2.2935855248366224
2023-01-20 00:00:00-07:00,4.449906954899999,4.449906954899999,25.058054351627238,25.058054351627238,-20.608147396727237,-20.608147396727237,20.8759531861525,0.2678057894252629,2.9226334460613503,0.018746405259768405,2.9038870408015818
2023-01-21 00:00:00-07:00,2.5279846226999996,2.5279846226999996,28.521018285908525,28.521018285908525,-25.993033663208525,-25.993033663208525,25.993033663208525,0.0,3.639024712849194,0.0,3.639024712849194
2023-01-22 00:00:00-07:00,8.915939252099998,8.915939252099998,25.764230481643196,25.764230481643196,-16.848291229543197,-16.848291229543197,18.395054490196724,1.546763260653526,2.5753076286275416,0.10827342824574683,2.4670342003817947
2023-01-23 00:00:00-07:00,3.9341939570999993,3.9341939570999993,25.267780296761796,25.267780296761796,-21.333586339661796,-21.333586339661796,21.333586339661796,0.0,2.9867020875526515,0.0,2.9867020875526515
2023-01-24 00:00:00-07:00,6.442882179299999,6.442882179299999,23.010515429279152,23.010515429279152,-16.567633249979156,-16.567633249979156,17.006712275856525,0.43907902587737224,2.380939718619914,0.03073553181141606,2.3502041868084977
2023-01-25 00:00:00-07:00,4.6115003537999995,4.6115003537999995,22.565012174974353,22.565012174974353,-17.953511821174356,-17.953511821174356,18.24820396742011,0.29469214624575624,2.554748555438816,0.020628450237202937,2.534120105201613
2023-01-26 00:00:00-07:00,6.180367275899999,6.180367275899999,24.904104222696503,24.904104222696503,-18.723736946796503,-18.723736946796503,20.062434242191166,1.3386972953946623,2.8087407939067637,0.09370881067762638,2.7150319832291374
2023-01-27 00:00:00-07:00,5.8140164448,5.8140164448,23.1045179832146,23.1045179832146,-17.2905015384146,-17.2905015384146,17.472168051158636,0.18166651274403783,2.4461035271622094,0.01271665589208265,2.4333868712701268
2023-01-28 00:00:00-07:00,1.9594945439999993,1.9594945439999993,24.608055336962863,24.608055336962863,-22.648560792962865,-22.648560792962865,22.648560792962865,0.0,3.1707985110148016,0.0,3.1707985110148016
2023-01-29 00:00:00-07:00,9.578435506199998,9.578435506199998,24.86993130671605,24.86993130671605,-15.291495800516053,-15.291495800516053,17.264531752055586,1.9730359515395333,2.4170344452877823,0.13811251660776735,2.278921928680015
2023-01-30 00:00:00-07:00,7.207025738399999,7.207025738399999,24.249817078989448,24.249817078989448,-17.04279134058945,-17.04279134058945,17.90243080631222,0.8596394657227713,2.506340312883711,0.060174762600594,2.446165550283117
2023-01-31 00:00:00-07:00,9.8136424179,9.8136424179,25.12752241866575,25.12752241866575,-15.313880000765753,-15.313880000765753,17.330074171262044,2.0161941704962913,2.4262103839766866,0.1411335919347404,2.2850767920419464
2023-02-01 00:00:00-07:00,9.454549589099999,9.454549589099999,25.58091507548928,25.58091507548928,-16.12636548638928,-16.12636548638928,17.98119321902696,1.8548277326376819,2.5173670506637746,0.12983794128463774,2.387529109379137
2023-02-02 00:00:00-07:00,9.1704228273,9.1704228273,23.23498165783086,23.23498165783086,-14.064558830530862,-14.064558830530862,16.04142697962319,1.9768681490923274,2.245799777147247,0.13838077043646294,2.107419006710784
2023-02-03 00:00:00-07:00,9.1623079341,9.1623079341,22.738695946655014,22.738695946655014,-13.576388012555013,-13.576388012555013,15.581244233965592,2.004856221410578,2.181374192755183,0.14033993549874046,2.0410342572564426
2023-02-04 00:00:00-07:00,6.235012891799999,6.235012891799999,27.615963989251544,27.615963989251544,-21.380951097451543,-21.380951097451543,22.455285561243663,1.0743344637921193,3.143739978574113,0.07520341246544836,3.0685365661086648
2023-02-05 00:00:00-07:00,5.588615889899999,5.588615889899999,24.219522486344694,24.219522486344694,-18.630906596444696,-18.630906596444696,19.801444367050436,1.170537770605742,2.7722022113870612,0.08193764394240195,2.6902645674446592
2023-02-06 00:00:00-07:00,6.225303942899999,6.225303942899999,23.265144816201122,23.265144816201122,-17.03984087330112,-17.03984087330112,18.170770615756645,1.1309297424555254,2.5439078862059303,0.07916508197188678,2.4647428042340436
2023-02-07 00:00:00-07:00,9.266119116299999,9.266119116299999,25.103577062448398,25.103577062448398,-15.837457946148398,-15.837457946148398,17.589580003707724,1.7521220575593253,2.4625412005190817,0.12264854402915278,2.339892656489929
2023-02-08 00:00:00-07:00,9.3175091829,9.3175091829,22.01353540927476,22.01353540927476,-12.69602622637476,-12.69602622637476,14.852689622486038,2.156663396111277,2.0793765471480454,0.15096643772778942,1.928410109420256
2023-02-09 00:00:00-07:00,3.660046033499999,3.660046033499999,25.495324774910205,25.495324774910205,-21.835278741410207,-21.835278741410207,21.88027260437655,0.04499386296634422,3.0632381646127174,0.003149570407644096,3.060088594205073
2023-02-10 00:00:00-07:00,9.818697325499999,9.818697325499999,23.024741967153982,23.024741967153982,-13.206044641653982,-13.206044641653982,15.477591606226783,2.2715469645728015,2.1668628248717496,0.15900828752009613,2.0078545373516534
2023-02-11 00:00:00-07:00,9.383096205899998,9.383096205899998,26.636277911996356,26.636277911996356,-17.253181706096356,-17.253181706096356,18.87375225920139,1.6205705531050296,2.642325316288195,0.11343993871735208,2.528885377570843
2023-02-12 00:00:00-07:00,8.401744931399998,8.401744931399998,28.183883646753923,28.183883646753923,-19.782138715353923,-19.782138715353923,21.334608456421687,1.5524697410677635,2.9868451838990366,0.10867288187474346,2.8781723020242933
2023-02-13 00:00:00-07:00,6.268662076499999,6.268662076499999,26.78597734544693,26.78597734544693,-20.517315268946934,-20.517315268946934,20.73299428413038,0.21567901518344995,2.9026191997782536,0.015097531062841498,2.887521668715412
2023-02-14 00:00:00-07:00,5.9212689119999995,5.9212689119999995,25.38738977518576,25.38738977518576,-19.46612086318576,-19.46612086318576,20.71464770659981,1.2485268434140482,2.9000506789239737,0.08739687903898338,2.8126537998849903
2023-02-15 00:00:00-07:00,0.7039698740999996,0.7039698740999996,24.41719874587894,24.41719874587894,-23.71322887177894,-23.71322887177894,23.71322887177894,0.0,3.3198520420490523,0.0,3.3198520420490523
2023-02-16 00:00:00-07:00,9.5524908498,9.5524908498,25.26893486886051,25.26893486886051,-15.716444019060509,-15.716444019060509,17.865121977127806,2.148677958067297,2.501117076797893,0.1504074570647108,2.3507096197331823
2023-02-17 00:00:00-07:00,10.019284847999998,10.019284847999998,25.129617007001244,25.129617007001244,-15.110332159001244,-15.110332159001244,17.186233332760075,2.0759011737588295,2.406072666586411,0.14531308216311808,2.260759584423293
2023-02-18 00:00:00-07:00,5.3130597273,5.3130597273,28.270597361015003,28.270597361015003,-22.957537633715003,-22.957537633715003,23.298624537974685,0.3410869042596828,3.2618074353164563,0.023876083298177798,3.2379313520182786
2023-02-19 00:00:00-07:00,9.110832199199999,9.110832199199999,28.3270880551041,28.3270880551041,-19.2162558559041,-19.2162558559041,20.426382202620164,1.2101263467160637,2.8596935083668233,0.08470884427012447,2.774984664096699
2023-02-20 00:00:00-07:00,4.684180049999999,4.684180049999999,26.299096515582008,26.299096515582008,-21.614916465582006,-21.614916465582006,21.73845784702917,0.12354138144716231,3.043384098584084,0.008647896701301363,3.0347362018827826
2023-02-21 00:00:00-07:00,9.000727049699998,9.000727049699998,23.75598114948065,23.75598114948065,-14.755254099780652,-14.755254099780652,16.453699808228688,1.6984457084480344,2.3035179731520166,0.11889119959136242,2.184626773560654
2023-02-22 00:00:00-07:00,2.838216793499999,2.838216793499999,23.400291639918933,23.400291639918933,-20.562074846418934,-20.562074846418934,20.562074846418934,0.0,2.878690478498651,0.0,2.878690478498651
2023-02-23 00:00:00-07:00,10.297553422499998,10.297553422499998,25.951782406555036,25.951782406555036,-15.654228984055036,-15.654228984055036,17.56195281821087,1.907723834155834,2.458673394549522,0.1335406683909084,2.3251327261586137
2023-02-24 00:00:00-07:00,9.874791512999998,9.874791512999998,24.993451858316572,24.993451858316572,-15.118660345316574,-15.118660345316574,16.90542190114688,1.786761555830304,2.3667590661605633,0.1250733089081213,2.241685757252442
2023-02-25 00:00:00-07:00,4.207763535299999,4.207763535299999,24.583354189989755,24.583354189989755,-20.37559065468976,-20.37559065468976,20.4977299628769,0.12213930818714241,2.8696821948027664,0.00854975157309997,2.8611324432296663
2023-02-26 00:00:00-07:00,5.848238347424999,5.848238347424999,25.73909407147442,25.73909407147442,-19.89085572404942,-19.89085572404942,19.89085572404942,0.0,2.784719801366919,0.0,2.784719801366919
2023-02-27 00:00:00-07:00,8.660568278025,8.660568278025,23.179919578902467,23.179919578902467,-14.519351300877469,-14.519351300877469,16.116934634258886,1.597583333381417,2.2563708487962444,0.11183083333669919,2.1445400154595453
2023-02-28 00:00:00-07:00,8.756837401724999,8.756837401724999,26.149577356023382,26.149577356023382,-17.392739954298385,-17.392739954298385,18.81467980516329,1.421939850864905,2.634055172722861,0.09953578956054336,2.5345193831623174
2023-03-01 00:00:00-07:00,4.246157564324999,4.246157564324999,24.79543608970426,24.79543608970426,-20.54927852537926,-20.54927852537926,20.678933373948006,0.12965484856874243,2.895050672352721,0.00907583939981197,2.885974832952909
2023-03-02 00:00:00-07:00,9.372393367425,9.372393367425,27.058677869830063,27.058677869830063,-17.686284502405066,-17.686284502405066,19.535243160865015,1.8489586584599498,2.734934042521102,0.1294271060921965,2.6055069364289056
2023-03-03 00:00:00-07:00,7.556533674524999,7.556533674524999,22.099416966867143,22.099416966867143,-14.542883292342143,-14.542883292342143,15.400729711525562,0.8578464191834188,2.156102159613579,0.06004924934283932,2.0960529102707395
2023-03-04 00:00:00-07:00,6.028008275925,6.028008275925,26.70374502153561,26.70374502153561,-20.675736745610607,-20.675736745610607,21.092947760989635,0.4172110153790249,2.9530126865385493,0.029204771076531744,2.9238079154620173
2023-03-05 00:00:00-07:00,9.375224252625,9.375224252625,25.652120139523806,25.652120139523806,-16.276895886898807,-16.276895886898807,18.38806867360731,2.1111727867085044,2.574329614305024,0.14778209506959533,2.4265475192354287
2023-03-06 00:00:00-07:00,9.690435355724999,9.690435355724999,25.578639528239794,25.578639528239794,-15.888204172514797,-15.888204172514797,17.98577068593713,2.097566513422335,2.5180078960311985,0.14682965593956346,2.371178240091635
2023-03-07 00:00:00-07:00,0.9948886613999997,0.9948886613999997,22.659745799037623,22.659745799037623,-21.664857137637625,-21.664857137637625,21.664857137637625,0.0,3.0330799992692676,0.0,3.0330799992692676
2023-03-08 00:00:00-07:00,1.3430663837999992,1.3430663837999992,26.440059312329133,26.440059312329133,-25.096992928529133,-25.096992928529133,25.096992928529133,0.0,3.513579009994079,0.0,3.513579009994079
2023-03-09 00:00:00-07:00,9.485157525524999,9.485157525524999,25.37575790141516,25.37575790141516,-15.89060037589016,-15.89060037589016,18.08226692855053,2.191666552660372,2.5315173699970748,0.15341665868622603,2.3781007113108488
2023-03-10 00:00:00-07:00,4.5696582998999995,4.5696582998999995,22.02503829369813,22.02503829369813,-17.45537999379813,-17.45537999379813,17.493810386279737,0.03843039248160557,2.4491334540791634,0.00269012747371239,2.446443326605451
2023-03-11 00:00:00-07:00,5.9564833865999995,5.9564833865999995,23.946153463476612,23.946153463476612,-17.989670076876614,-17.989670076876614,18.998353956556645,1.0086838796800313,2.6597695539179305,0.07060787157760219,2.589161682340328
2023-03-12 00:00:00-07:00,7.4941251887249996,7.4941251887249996,28.436889658000517,28.436889658000517,-20.942764469275517,-20.942764469275517,22.892024647209993,1.9492601779344767,3.2048834506093993,0.1364482124554134,3.068435238153986
2023-03-13 00:00:00-06:00,9.607255074,9.607255074,26.174161246418365,26.174161246418365,-16.566906172418367,-16.566906172418367,19.4022997366436,2.8353935642252344,2.716321963130104,0.19847754949576643,2.5178444136343376
2023-03-14 00:00:00-06:00,9.5765372523,9.5765372523,25.688600062880216,25.688600062880216,-16.112062810580216,-16.112062810580216,18.774721916256635,2.662659105676418,2.628461068275929,0.18638613739734927,2.44207493087858
2023-03-15 00:00:00-06:00,8.288481170025,8.288481170025,26.43973733633099,26.43973733633099,-18.151256166305988,-18.151256166305988,20.05902162594596,1.9077654596399718,2.8082630276324347,0.13354358217479803,2.6747194454576366
2023-03-16 00:00:00-06:00,3.954818957399999,3.954818957399999,27.41040421523476,27.41040421523476,-23.455585257834763,-23.455585257834763,23.92144712537136,0.46586186753659586,3.3490025975519906,0.03261033072756171,3.316392266824429
2023-03-17 00:00:00-06:00,8.220065073525,8.220065073525,26.050731551963935,26.050731551963935,-17.830666478438935,-17.830666478438935,19.93900074300803,2.108334264569095,2.7914601040211244,0.14758339851983665,2.6438767055012877
2023-03-18 00:00:00-06:00,10.496914170299998,10.496914170299998,27.030091716852976,27.030091716852976,-16.533177546552977,-16.533177546552977,19.51886308726926,2.9856855407162843,2.7326408322176965,0.20899798785013993,2.5236428443675565
2023-03-19 00:00:00-06:00,10.008919342799999,10.008919342799999,27.138777071323375,27.138777071323375,-17.129857728523376,-17.129857728523376,19.895075386947376,2.7652176584240005,2.785310554172633,0.19356523608968004,2.591745318082953
2023-03-20 00:00:00-06:00,9.009171741824998,9.009171741824998,26.572825626723063,26.572825626723063,-17.563653884898066,-17.563653884898066,20.171298345022333,2.6076444601242663,2.8239817683031267,0.18253511220869867,2.641446656094428
2023-03-21 00:00:00-06:00,7.085520872999999,7.085520872999999,25.160884080550698,25.160884080550698,-18.0753632075507,-18.0753632075507,19.90066686737549,1.8253036598247916,2.786093361432569,0.1277712561877354,2.6583221052448334
2023-03-22 00:00:00-06:00,8.5337727714,8.5337727714,24.009843662369967,24.009843662369967,-15.476070890969966,-15.476070890969966,17.928189791954047,2.452118900984082,2.509946570873567,0.17164832306888575,2.338298247804681
2023-03-23 00:00:00-06:00,9.088004746124998,9.088004746124998,22.7823676964694,22.7823676964694,-13.6943629503444,-13.6943629503444,16.625019919798483,2.9306569694540814,2.327502788771788,0.20514598786178573,2.1223568009100022
2023-03-24 00:00:00-06:00,5.391805634324999,5.391805634324999,22.47425320839134,22.47425320839134,-17.08244757406634,-17.08244757406634,19.06522265305273,1.9827750789863914,2.669131171427382,0.13879425552904742,2.5303369158983346
2023-03-25 00:00:00-06:00,7.653716986499999,7.653716986499999,28.93447077046149,28.93447077046149,-21.28075378396149,-21.28075378396149,24.050121601613384,2.7693678176518923,3.367017024225874,0.19385574723563248,3.1731612769902413
2023-03-26 00:00:00-06:00,7.972387430849999,7.972387430849999,23.889889495139002,23.889889495139002,-15.917502064289003,-15.917502064289003,18.722433475175787,2.8049314108867827,2.6211406865246105,0.19634519876207482,2.4247954877625357
2023-03-27 00:00:00-06:00,3.5625807274499994,3.5625807274499994,23.394700584068808,23.394700584068808,-19.832119856618807,-19.832119856618807,19.9712951000355,0.13917524341669296,2.7959813140049703,0.009742267039168508,2.7862390469658016
2023-03-28 00:00:00-06:00,9.04665749895,9.04665749895,26.50238845413737,26.50238845413737,-17.455730955187374,-17.455730955187374,20.41087550287097,2.955144547683595,2.857522570401936,0.20686011833785167,2.650662452064084
2023-03-29 00:00:00-06:00,8.615307071699998,8.615307071699998,25.556915661795507,25.556915661795507,-16.941608590095505,-16.941608590095505,19.537437021667966,2.5958284315724605,2.7352411830335153,0.18170799021007225,2.553533192823443
2023-03-30 00:00:00-06:00,9.525362431049999,9.525362431049999,26.295740026872338,26.295740026872338,-16.77037759582234,-16.77037759582234,19.20686487393315,2.4364872781108082,2.6889610823506414,0.1705541094677566,2.5184069728828846
2023-03-31 00:00:00-06:00,8.190222902999999,8.190222902999999,24.677443054234427,24.677443054234427,-16.48722015123443,-16.48722015123443,18.18078843034652,1.693568279112093,2.5453103802485133,0.11854977953784651,2.426760600710667
2023-04-01 00:00:00-06:00,9.779576997149999,9.779576997149999,28.49480193811276,28.49480193811276,-18.715224940962763,-18.715224940962763,21.168952437355795,2.453727496393031,2.9636533412298114,0.17176092474751217,2.791892416482299
2023-04-02 00:00:00-06:00,9.04709364345,9.04709364345,26.632498934190213,26.632498934190213,-17.585405290740212,-17.585405290740212,19.949387823230428,2.363982532490215,2.79291429525226,0.16547877727431506,2.627435517977945
2023-04-03 00:00:00-06:00,9.692071314749999,9.692071314749999,22.97366873173234,22.97366873173234,-13.28159741698234,-13.28159741698234,16.177364406750723,2.895766989768383,2.2648310169451014,0.20270368928378682,2.0621273276613143
2023-04-04 00:00:00-06:00,3.2183958865499993,3.2183958865499993,25.843449050951822,25.843449050951822,-22.625053164401823,-22.625053164401823,22.763419701084747,0.13836653668292326,3.186878758151865,0.009685657567804628,3.17719310058406
2023-04-05 00:00:00-06:00,10.247713713449999,10.247713713449999,23.653922124852294,23.653922124852294,-13.406208411402295,-13.406208411402295,16.6025939406755,3.1963855292732064,2.32436315169457,0.22374698704912446,2.1006161646454458
2023-04-06 00:00:00-06:00,10.212700109399998,10.212700109399998,25.423731216840736,25.423731216840736,-15.211031107440737,-15.211031107440737,18.156544488970084,2.9455133815293464,2.541916228455812,0.20618593670705426,2.335730291748758
2023-04-07 00:00:00-06:00,8.498299955399998,8.498299955399998,24.11544376363063,24.11544376363063,-15.61714380823063,-15.61714380823063,18.286041068987902,2.668897260757274,2.5600457496583067,0.18682280825300918,2.3732229414052974
2023-04-08 00:00:00-06:00,7.481335527,7.481335527,25.55861513437603,25.55861513437603,-18.07727960737603,-18.07727960737603,19.448505167962626,1.3712255605865926,2.722790723514768,0.09598578924106149,2.6268049342737063
2023-04-09 00:00:00-06:00,8.910700982099998,8.910700982099998,27.1180318305167,27.1180318305167,-18.207330848416703,-18.207330848416703,19.990698209988228,1.7833673615715275,2.798697749398352,0.12483571531000694,2.673862034088345
2023-04-10 00:00:00-06:00,9.988281061199999,9.988281061199999,22.00659923929378,22.00659923929378,-12.018318178093782,-12.018318178093782,15.326338073244738,3.308019895150956,2.1456873302542636,0.23156139266056694,1.9141259375936968
2023-04-11 00:00:00-06:00,9.7798665249,9.7798665249,24.99046185413381,24.99046185413381,-15.210595329233808,-15.210595329233808,17.995152078773284,2.7845567495394747,2.51932129102826,0.19491897246776324,2.3244023185604967
2023-04-12 00:00:00-06:00,9.588796540199999,9.588796540199999,24.189992709277288,24.189992709277288,-14.60119616907729,-14.60119616907729,17.467438413138936,2.8662422440616444,2.4454413778394515,0.20063695708431512,2.2448044207551363
2023-04-13 00:00:00-06:00,6.791839567199999,6.791839567199999,22.342181825740845,22.342181825740845,-15.550342258540844,-15.550342258540844,16.790768025153874,1.2404257666130316,2.3507075235215424,0.08682980366291222,2.2638777198586304
2023-04-14 00:00:00-06:00,2.2437900584999992,2.2437900584999992,22.932425890092656,22.932425890092656,-20.68863583159266,-20.68863583159266,20.68863583159266,0.0,2.8964090164229725,0.0,2.8964090164229725
2023-04-15 00:00:00-06:00,7.301391089399999,7.301391089399999,27.966851419218326,27.966851419218326,-20.665460329818327,-20.665460329818327,22.780713476185113,2.1152531463667863,3.1892998866659164,0.14806772024567505,3.041232166420241
2023-04-16 00:00:00-06:00,10.428020619299998,10.428020619299998,29.089420464135685,29.089420464135685,-18.661399844835685,-18.661399844835685,21.42523966380477,2.7638398189690845,2.999533552932668,0.19346878732783593,2.806064765604832
2023-04-17 00:00:00-06:00,9.757306267199999,9.757306267199999,22.889537181974944,22.889537181974944,-13.132230914774945,-13.132230914774945,16.30039843702662,3.1681675222516734,2.2820557811837268,0.22177172655761715,2.0602840546261096
2023-04-18 00:00:00-06:00,7.089666590699999,7.089666590699999,25.924851705505535,25.924851705505535,-18.835185114805537,-18.835185114805537,19.75619696224629,0.921011847440751,2.7658675747144805,0.06447082932085257,2.701396745393628
2023-04-19 00:00:00-06:00,9.646577169299999,9.646577169299999,24.942788199895347,24.942788199895347,-15.296211030595346,-15.296211030595346,18.088761992316623,2.792550961721277,2.5324266789243275,0.19547856732048943,2.336948111603838
2023-04-20 00:00:00-06:00,8.7171013026,8.7171013026,25.62118838568471,25.62118838568471,-16.90408708308471,-16.90408708308471,19.299316612660256,2.3952295295755452,2.701904325772436,0.1676660670702882,2.534238258702148
2023-04-21 00:00:00-06:00,8.116525630799998,8.116525630799998,23.705339545982177,23.705339545982177,-15.588813915182177,-15.588813915182177,17.509914650854963,1.921100735672785,2.4513880511196953,0.13447705149709496,2.3169109996226003
2023-04-22 00:00:00-06:00,9.4575140352,9.4575140352,24.9592267191823,24.9592267191823,-15.501712683982301,-15.501712683982301,18.07682808776363,2.5751154037813277,2.5307559322869086,0.18025807826469295,2.350497854022216
2023-04-23 00:00:00-06:00,8.595941815799998,8.595941815799998,27.891483129254418,27.891483129254418,-19.295541313454418,-19.295541313454418,21.299190279586355,2.0036489661319368,2.98188663914209,0.1402554276292356,2.841631211512855
2023-04-24 00:00:00-06:00,9.5156354367,9.5156354367,24.56696275798922,24.56696275798922,-15.05132732128922,-15.05132732128922,17.84923769114582,2.7979103698566004,2.498893276760415,0.19585372588996205,2.303039550870453
2023-04-25 00:00:00-06:00,1.4435881343999992,1.4435881343999992,26.654812810890093,26.654812810890093,-25.211224676490094,-25.211224676490094,25.211224676490094,0.0,3.5295714547086137,0.0,3.5295714547086137
2023-04-26 00:00:00-06:00,3.336010541999999,3.336010541999999,26.386451928369098,26.386451928369098,-23.0504413863691,-23.0504413863691,23.355162532193372,0.30472114582427107,3.2697227545070726,0.02133048020769898,3.248392274299374
2023-04-27 00:00:00-06:00,7.148899933199999,7.148899933199999,25.767362397689638,25.767362397689638,-18.61846246448964,-18.61846246448964,19.87229512129222,1.2538326568025793,2.782121316980911,0.08776828597618055,2.6943530310047303
2023-04-28 00:00:00-06:00,4.907032506899999,4.907032506899999,24.165684279892744,24.165684279892744,-19.258651772992746,-19.258651772992746,19.585731747811902,0.32707997481915624,2.7420024446936666,0.022895598237340938,2.7191068464563255
2023-04-29 00:00:00-06:00,9.3395080998,9.3395080998,27.903830282742724,27.903830282742724,-18.564322182942725,-18.564322182942725,20.880923812840265,2.316601629897541,2.9233293337976374,0.1621621140928279,2.7611672197048094
2023-04-30 00:00:00-06:00,9.967026464099998,9.967026464099998,24.34376369229364,24.34376369229364,-14.376737228193639,-14.376737228193639,17.34549233111681,2.968755102923169,2.4283689263563533,0.20781285720462184,2.2205560691517316
2023-05-01 00:00:00-06:00,9.978615849599999,9.978615849599999,25.446936276373187,25.446936276373187,-15.468320426773188,-15.468320426773188,18.450518698710923,2.982198271937733,2.5830726178195293,0.20875387903564133,2.374318738783888
2023-05-02 00:00:00-06:00,9.1705088925,9.1705088925,21.834870649957715,21.834870649957715,-12.664361757457716,-12.664361757457716,15.350482374823734,2.68612061736602,2.149067532475323,0.1880284432156214,1.9610390892597016
2023-05-03 00:00:00-06:00,7.7135488379999995,7.7135488379999995,23.801059850473735,23.801059850473735,-16.087511012473737,-16.087511012473737,18.166976399376775,2.07946538690304,2.5433766959127486,0.14556257708321282,2.397814118829536
2023-05-04 00:00:00-06:00,6.099099800399999,6.099099800399999,23.942410291133445,23.942410291133445,-17.843310490733444,-17.843310490733444,18.369046666125282,0.5257361753918366,2.57166653325754,0.036801532277428564,2.5348650009801115
2023-05-05 00:00:00-06:00,9.488537461799998,9.488537461799998,24.899755468569424,24.899755468569424,-15.411218006769424,-15.411218006769424,18.003094153517463,2.5918761467480396,2.520433181492445,0.1814313302723628,2.3390018512200825
2023-05-06 00:00:00-06:00,9.7141874238,9.7141874238,26.582213922924723,26.582213922924723,-16.868026499124724,-16.868026499124724,19.6461471366959,2.7781206375711758,2.7504605991374267,0.19446844462998233,2.5559921545074444
2023-05-07 00:00:00-06:00,6.8273401175999995,6.8273401175999995,25.661966002286192,25.661966002286192,-18.834625884686194,-18.834625884686194,20.24278147447087,1.4081555897846796,2.833989406425922,0.09857089128492758,2.7354185151409944
2023-05-08 00:00:00-06:00,9.350738285399999,9.350738285399999,23.85109352178538,23.85109352178538,-14.500355236385381,-14.500355236385381,17.10303907916779,2.6026838427824077,2.394425471083491,0.18218786899476855,2.2122376020887224
2023-05-09 00:00:00-06:00,9.1014635421,9.1014635421,23.98006465293133,23.98006465293133,-14.87860111083133,-14.87860111083133,17.381904074805497,2.5033029639741677,2.43346657047277,0.17523120747819176,2.2582353629945784
2023-05-10 00:00:00-06:00,6.197652278999999,6.197652278999999,23.27512289189908,23.27512289189908,-17.077470612899084,-17.077470612899084,18.74432811801423,1.666857505115146,2.6242059365219927,0.11668002535806023,2.5075259111639325
2023-05-11 00:00:00-06:00,1.8668538665999992,1.8668538665999992,23.66721878876543,23.66721878876543,-21.800364922165432,-21.800364922165432,21.91913472422673,0.1187698020612985,3.0686788613917426,0.008313886144290896,3.0603649752474515
2023-05-12 00:00:00-06:00,5.400742443299999,5.400742443299999,26.166667059695904,26.166667059695904,-20.765924616395903,-20.765924616395903,21.296615649364078,0.5306910329681735,2.981526190910971,0.037148372307772154,2.944377818603199
2023-05-13 00:00:00-06:00,4.013884149299999,4.013884149299999,24.374812421217868,24.374812421217868,-20.36092827191787,-20.36092827191787,20.421623573592885,0.060695301675016855,2.8590273003030044,0.00424867111725118,2.8547786291857533
2023-05-14 00:00:00-06:00,3.422456909099999,3.422456909099999,28.1511384919525,28.1511384919525,-24.728681582852506,-24.728681582852506,24.728681582852506,0.0,3.462015421599351,0.0,3.462015421599351
2023-05-15 00:00:00-06:00,2.821134305249999,2.821134305249999,21.39557833950464,21.39557833950464,-18.574444034254643,-18.574444034254643,18.671031153319188,0.09658711906454298,2.6139443614646867,0.00676109833451801,2.607183263130169
2023-05-16 00:00:00-06:00,8.723241441449998,8.723241441449998,23.00389268909122,23.00389268909122,-14.280651247641222,-14.280651247641222,16.660855690804492,2.3802044431632705,2.332519796712629,0.16661431102142896,2.1659054856912
2023-05-17 00:00:00-06:00,8.82410762835,8.82410762835,25.070955794900986,25.070955794900986,-16.246848166550986,-16.246848166550986,18.16930472969797,1.9224565631469854,2.543702662157716,0.134571959420289,2.4091307027374267
2023-05-18 00:00:00-06:00,5.196429192149999,5.196429192149999,25.38386102838858,25.38386102838858,-20.18743183623858,-20.18743183623858,20.69556292103665,0.5081310847980702,2.897378808945131,0.03556917593586492,2.8618096330092664
2023-05-19 00:00:00-06:00,5.168211963299999,5.168211963299999,23.68039466921298,23.68039466921298,-18.51218270591298,-18.51218270591298,19.546556503589077,1.0343737976760945,2.736517910502471,0.07240616583732662,2.6641117446651443
2023-05-20 00:00:00-06:00,8.154947423249999,8.154947423249999,28.18894749495778,28.18894749495778,-20.034000071707784,-20.034000071707784,21.123636047972486,1.089635976264702,2.9573090467161482,0.07627451833852915,2.881034528377619
2023-05-21 00:00:00-06:00,4.0048627742999985,4.0048627742999985,27.126046675059616,27.126046675059616,-23.121183900759615,-23.121183900759615,23.14050116736601,0.019317266606393824,3.2396701634312417,0.0013522086624475679,3.238317954768794
2023-05-22 00:00:00-06:00,6.3224891212499985,6.3224891212499985,22.61573103489951,22.61573103489951,-16.293241913649513,-16.293241913649513,17.345766840222364,1.0525249265728516,2.4284073576311314,0.07367674486009962,2.3547306127710317
2023-05-23 00:00:00-06:00,6.446795664599999,6.446795664599999,22.81260350899532,22.81260350899532,-16.36580784439532,-16.36580784439532,18.08183194528484,1.7160241008895185,2.531456472339878,0.12012168706226631,2.4113347852776115
2023-05-24 00:00:00-06:00,5.825407577399999,5.825407577399999,24.664733758388163,24.664733758388163,-18.839326180988163,-18.839326180988163,19.87602112759154,1.036694946603374,2.782642957862816,0.07256864626223618,2.7100743116005797
2023-05-25 00:00:00-06:00,7.029480840749999,7.029480840749999,26.011638069007628,26.011638069007628,-18.982157228257627,-18.982157228257627,20.444758297077446,1.4626010688198166,2.8622661615908425,0.10238207481738718,2.759884086773455
2023-05-26 00:00:00-06:00,7.400256364349999,7.400256364349999,23.865757782006142,23.865757782006142,-16.465501417656146,-16.465501417656146,18.707312836849063,2.2418114191929184,2.619023797158869,0.15692679934350431,2.462096997815365
2023-05-27 00:00:00-06:00,7.127115624449999,7.127115624449999,25.828244979486918,25.828244979486918,-18.70112935503692,-18.70112935503692,20.26462776908061,1.5634984140436927,2.837047887671286,0.1094448889830585,2.7276029986882273
2023-05-28 00:00:00-06:00,6.660548766449999,6.660548766449999,27.903691341159174,27.903691341159174,-21.243142574709175,-21.243142574709175,23.070221324842624,1.8270787501334511,3.229830985477968,0.12789551250934159,3.101935472968626
2023-05-29 00:00:00-06:00,8.3236614498,8.3236614498,26.403474449596864,26.403474449596864,-18.079812999796864,-18.079812999796864,20.288765111831957,2.20895211203509,2.840427115656474,0.15462664784245633,2.6858004678140177
2023-05-30 00:00:00-06:00,6.63574582125,6.63574582125,24.223030198249567,24.223030198249567,-17.58728437699957,-17.58728437699957,19.270397615852875,1.6831132388533068,2.697855666219403,0.11781792671973149,2.580037739499671
2023-05-31 00:00:00-06:00,6.847083688049998,6.847083688049998,22.459787967476792,22.459787967476792,-15.612704279426795,-15.612704279426795,17.449664590456642,1.8369603110298485,2.4429530426639303,0.1285872217720894,2.3143658208918407
2023-06-01 00:00:00-06:00,7.229907761849999,7.229907761849999,22.53682782771557,22.53682782771557,-15.306920065865569,-15.306920065865569,17.234978436927143,1.9280583710615737,2.4128969811698004,0.13496408597431017,2.2779328951954905
2023-06-02 00:00:00-06:00,5.763052403099999,5.763052403099999,22.829717980252223,22.829717980252223,-17.06666557715222,-17.06666557715222,17.889843119292387,0.8231775421401621,2.5045780367009343,0.05762242794981136,2.446955608751123
2023-06-03 00:00:00-06:00,2.4504965288999987,2.4504965288999987,29.115423578981094,29.115423578981094,-26.664927050081097,-26.664927050081097,26.664927050081097,0.0,3.733089787011354,0.0,3.733089787011354
2023-06-04 00:00:00-06:00,5.469246650249999,5.469246650249999,26.905576281250223,26.905576281250223,-21.436329631000223,-21.436329631000223,22.311386755125625,0.8750571241254016,3.123594145717588,0.061253998688778115,3.06234014702881
2023-06-05 00:00:00-06:00,8.430987115349998,8.430987115349998,23.215088713958142,23.215088713958142,-14.784101598608144,-14.784101598608144,17.38694356723531,2.6028419686271684,2.4341720994129434,0.1821989378039018,2.2519731616090417
2023-06-06 00:00:00-06:00,8.3566765503,8.3566765503,26.6600610805823,26.6600610805823,-18.3033845302823,-18.3033845302823,20.487393372385704,2.1840088421034016,2.8682350721339986,0.15288061894723812,2.7153544531867606
2023-06-07 00:00:00-06:00,8.059541828399999,8.059541828399999,25.276413592779754,25.276413592779754,-17.216871764379757,-17.216871764379757,19.19315310954355,1.9762813451637955,2.6870414353360976,0.1383396941614657,2.5487017411746318
2023-06-08 00:00:00-06:00,7.868665160999999,7.868665160999999,24.173226144668575,24.173226144668575,-16.304560983668576,-16.304560983668576,18.292870134071634,1.9883091504030588,2.561001818770029,0.13918164052821413,2.421820178241815
2023-06-09 00:00:00-06:00,5.1646610313,5.1646610313,24.021319619791456,24.021319619791456,-18.856658588491456,-18.856658588491456,19.193458582200176,0.3367999937087196,2.687084201508025,0.023575999559610376,2.6635082019484146
2023-06-10 00:00:00-06:00,8.661034509299999,8.661034509299999,26.381011318090916,26.381011318090916,-17.719976808790918,-17.719976808790918,20.10111015501526,2.381133346224344,2.8141554217021367,0.1666793342357041,2.6474760874664325
2023-06-11 00:00:00-06:00,5.6473972118999995,5.6473972118999995,26.374979870102365,26.374979870102365,-20.727582658202365,-20.727582658202365,21.302562534123666,0.5749798759213016,2.9823587547773136,0.040248591314491114,2.9421101634628224
2023-06-12 00:00:00-06:00,2.3914522457999987,2.3914522457999987,24.693673798969222,24.693673798969222,-22.302221553169225,-22.302221553169225,22.302221553169225,0.0,3.1223110174436917,0.0,3.1223110174436917
2023-06-13 00:00:00-06:00,8.502094654199999,8.502094654199999,23.5602180915043,23.5602180915043,-15.058123437304301,-15.058123437304301,17.78249029994761,2.724366862643309,2.489548641992666,0.19070568038503166,2.298842961607634
2023-06-14 00:00:00-06:00,8.317133713799999,8.317133713799999,23.803763147917092,23.803763147917092,-15.486629434117091,-15.486629434117091,17.843623918103077,2.3569944839859867,2.498107348534431,0.1649896138790191,2.333117734655412
2023-06-15 00:00:00-06:00,4.195939827599999,4.195939827599999,22.112133739066138,22.112133739066138,-17.91619391146614,-17.91619391146614,18.12764405346814,0.21145014200199913,2.5378701674855395,0.01480150994013994,2.5230686575453998
2023-06-16 00:00:00-06:00,7.0490890196999985,7.0490890196999985,24.748358825344116,24.748358825344116,-17.699269805644118,-17.699269805644118,19.499585425369332,1.8003156197252115,2.7299419595517067,0.1260220933807648,2.603919866170942
2023-06-17 00:00:00-06:00,7.005249889199999,7.005249889199999,29.1809704002903,29.1809704002903,-22.175720511090297,-22.175720511090297,23.477036658484604,1.3013161473943033,3.2867851321878447,0.09109213031760124,3.1956930018702434
2023-06-18 00:00:00-06:00,8.7362804637,8.7362804637,28.42583158575936,28.42583158575936,-19.689551122059363,-19.689551122059363,21.994180801268232,2.304629679208869,3.079185312177553,0.16132407754462083,2.917861234632932
2023-06-19 00:00:00-06:00,8.7177849777,8.7177849777,24.20053307334282,24.20053307334282,-15.48274809564282,-15.48274809564282,18.165217473484773,2.6824693778419544,2.5431304462878686,0.18777285644893682,2.3553575898389316
2023-06-20 00:00:00-06:00,7.315751052899999,7.315751052899999,26.471452842430487,26.471452842430487,-19.155701789530486,-19.155701789530486,20.741662092278357,1.5859603027478688,2.90383269291897,0.11101722119235083,2.792815471726619
2023-06-21 00:00:00-06:00,7.655584973399999,7.655584973399999,21.900448815449746,21.900448815449746,-14.244863842049746,-14.244863842049746,16.784525958784407,2.5396621167346622,2.3498336342298174,0.17777634817142637,2.172057286058391
2023-06-22 00:00:00-06:00,8.1057711123,8.1057711123,23.42069848468932,23.42069848468932,-15.314927372389324,-15.314927372389324,17.827824845593373,2.51289747320405,2.4958954783830722,0.1759028231242835,2.3199926552587886
2023-06-23 00:00:00-06:00,7.274378650499999,7.274378650499999,24.241261034522385,24.241261034522385,-16.966882384022387,-16.966882384022387,18.922016164575325,1.9551337805529387,2.6490822630405457,0.13685936463870574,2.51222289840184
2023-06-24 00:00:00-06:00,8.937925848899999,8.937925848899999,25.25421377201522,25.25421377201522,-16.31628792311522,-16.31628792311522,18.96473539092208,2.648447467806862,2.6550629547290914,0.18539132274648037,2.469671631982611
2023-06-25 00:00:00-06:00,8.8705474866,8.8705474866,28.702263713949662,28.702263713949662,-19.831716227349663,-19.831716227349663,22.097934964479442,2.266218737129778,3.0937108950271224,0.15863531159908448,2.9350755834280378
2023-06-26 00:00:00-06:00,8.7115960998,8.7115960998,25.626406473056132,25.626406473056132,-16.91481037325613,-16.91481037325613,19.451879249974983,2.537068876718849,2.723263094996498,0.17759482137031946,2.5456682736261786
2023-06-27 00:00:00-06:00,6.956713433699998,6.956713433699998,25.709839161618245,25.709839161618245,-18.753125727918246,-18.753125727918246,20.671870950515913,1.9187452225976664,2.894061933072228,0.13431216558183667,2.7597497674903915
2023-06-28 00:00:00-06:00,8.668242866699998,8.668242866699998,23.742845743360505,23.742845743360505,-15.074602876660503,-15.074602876660503,17.778247042902716,2.7036441662422135,2.4889545860063804,0.18925509163695498,2.2996994943694253
2023-06-29 00:00:00-06:00,6.9080563988999995,6.9080563988999995,23.03440873705758,23.03440873705758,-16.12635233815758,-16.12635233815758,17.807801579159275,1.6814492410016952,2.4930922210822986,0.11770144687011867,2.37539077421218
2023-06-30 00:00:00-06:00,5.193175985099999,5.193175985099999,21.643295886850044,21.643295886850044,-16.450119901750046,-16.450119901750046,17.093021564553364,0.6429016628033194,2.393023019037471,0.04500311639623236,2.3480199026412385
2023-07-01 00:00:00-06:00,8.312774844599998,8.312774844599998,24.008418673116214,24.008418673116214,-15.695643828516214,-15.695643828516214,18.141907266648037,2.446263438131822,2.5398670173307254,0.17123844066922755,2.368628576661498
2023-07-02 00:00:00-06:00,8.318126997899999,8.318126997899999,25.324783275804226,25.324783275804226,-17.006656277904227,-17.006656277904227,19.30366289186128,2.2970066139570515,2.7025128048605795,0.16079046297699362,2.541722341883586
2023-07-03 00:00:00-06:00,8.352494361,8.352494361,25.1803203260387,25.1803203260387,-16.827825965038702,-16.827825965038702,19.13343580286631,2.3056098378276086,2.6786810124012836,0.16139268864793263,2.517288323753351
2023-07-04 00:00:00-06:00,8.120618415,8.120618415,24.690314366546108,24.690314366546108,-16.56969595154611,-16.56969595154611,18.920265078288878,2.35056912674277,2.6488371109604434,0.16453983887199392,2.4842972720884493
2023-07-05 00:00:00-06:00,4.088951792999999,4.088951792999999,23.429298947175436,23.429298947175436,-19.34034715417544,-19.34034715417544,19.582220515642014,0.2418733614665768,2.7415108721898824,0.016931135302660376,2.724579736887222
2023-07-06 00:00:00-06:00,4.450064723999999,4.450064723999999,23.31284839968729,23.31284839968729,-18.86278367568729,-18.86278367568729,19.753730312828903,0.890946637141613,2.7655222437960467,0.062366264599912916,2.7031559791961337
2023-07-07 00:00:00-06:00,7.721129036699999,7.721129036699999,23.51363526448282,23.51363526448282,-15.792506227782821,-15.792506227782821,18.351757672500998,2.559251444718176,2.56924607415014,0.1791476011302723,2.3900984730198678
2023-07-08 00:00:00-06:00,4.827038642999998,4.827038642999998,26.380956615646234,26.380956615646234,-21.553917972646236,-21.553917972646236,22.38844016308007,0.834522190433836,3.13438162283121,0.05841655333036853,3.0759650695008416
2023-07-09 00:00:00-06:00,8.793731709,8.793731709,28.773510827958123,28.773510827958123,-19.979779118958124,-19.979779118958124,22.20072797740693,2.2209488584488093,3.108101916836971,0.15546642009141667,2.952635496745554
2023-07-10 00:00:00-06:00,7.072209970199999,7.072209970199999,22.54401527067128,22.54401527067128,-15.47180530047128,-15.47180530047128,16.74877293452973,1.2769676340584484,2.3448282108341623,0.0893877343840914,2.255440476450071
2023-07-11 00:00:00-06:00,8.0430686208,8.0430686208,24.402605204682565,24.402605204682565,-16.359536583882566,-16.359536583882566,18.52072662368888,2.1611900398063133,2.5929017273164434,0.15128330278644195,2.4416184245300014
2023-07-12 00:00:00-06:00,8.6124010347,8.6124010347,26.261544135919067,26.261544135919067,-17.649143101219067,-17.649143101219067,20.107941399186632,2.4587982979675624,2.815111795886129,0.1721158808577294,2.6429959150283997
2023-07-13 00:00:00-06:00,4.209236655299999,4.209236655299999,23.90318883630646,23.90318883630646,-19.693952181006463,-19.693952181006463,20.73459182788194,1.0406396468754775,2.902842855903472,0.07284477528128343,2.8299980806221883
2023-07-14 00:00:00-06:00,7.684464724199999,7.684464724199999,25.417406301782503,25.417406301782503,-17.732941577582505,-17.732941577582505,20.249952332632596,2.517010755050091,2.8349933265685636,0.17619075285350638,2.6588025737150573
2023-07-15 00:00:00-06:00,8.130680045999998,8.130680045999998,27.103675630287288,27.103675630287288,-18.972995584287286,-18.972995584287286,21.106699928083152,2.133704343795863,2.9549379899316417,0.14935930406571044,2.8055786858659313
2023-07-16 00:00:00-06:00,8.587429357049999,8.587429357049999,28.32695046723929,28.32695046723929,-19.73952111018929,-19.73952111018929,21.88662218351817,2.1471010733288782,3.064127105692544,0.15029707513302148,2.913830030559523
2023-07-17 00:00:00-06:00,8.455467486149999,8.455467486149999,25.347175869971537,25.347175869971537,-16.891708383821538,-16.891708383821538,19.26912756633133,2.3774191825097937,2.6976778592863866,0.16641934277568557,2.531258516510701
2023-07-18 00:00:00-06:00,7.518409468649999,7.518409468649999,23.76157277192768,23.76157277192768,-16.24316330327768,-16.24316330327768,18.293820634534917,2.050657331257239,2.561134888834889,0.14354601318800675,2.417588875646882
2023-07-19 00:00:00-06:00,5.41483891245,5.41483891245,26.06661112827892,26.06661112827892,-20.65177221582892,-20.65177221582892,21.34559840702333,0.6938261911944108,2.988383776983267,0.04856783338360876,2.9398159435996583
2023-07-20 00:00:00-06:00,2.957367164399999,2.957367164399999,26.96615368338306,26.96615368338306,-24.008786518983058,-24.008786518983058,24.38509881825852,0.3763122992754598,3.413913834556193,0.026341860949282186,3.387571973606911
2023-07-21 00:00:00-06:00,6.943124772449999,6.943124772449999,22.80973414016222,22.80973414016222,-15.866609367712222,-15.866609367712222,18.380889675464243,2.5142803077520215,2.5733245545649943,0.1759996215426415,2.397324933022353
2023-07-22 00:00:00-06:00,8.161866869849998,8.161866869849998,25.67459411992138,25.67459411992138,-17.512727250071382,-17.512727250071382,19.548769074266183,2.036041824194801,2.736827670397266,0.14252292769363606,2.59430474270363
2023-07-23 00:00:00-06:00,7.796040354449999,7.796040354449999,24.838175334852973,24.838175334852973,-17.042134980402974,-17.042134980402974,18.868363365331074,1.8262283849281005,2.641570871146351,0.12783598694496703,2.5137348842013836
2023-07-24 00:00:00-06:00,8.362602473849998,8.362602473849998,24.442808881528645,24.442808881528645,-16.08020640767865,-16.08020640767865,18.518210220422834,2.4380038127441854,2.5925494308591968,0.170660266892093,2.4218891639671036
2023-07-25 00:00:00-06:00,7.999664394149999,7.999664394149999,25.06010118012293,25.06010118012293,-17.060436785972932,-17.060436785972932,19.563792559409272,2.503355773436339,2.7389309583172983,0.17523490414054374,2.5636960541767544
2023-07-26 00:00:00-06:00,7.715819882249999,7.715819882249999,22.811313832657344,22.811313832657344,-15.095493950407343,-15.095493950407343,17.392058753444473,2.2965648030371284,2.4348882254822266,0.160759536212599,2.2741286892696277
2023-07-27 00:00:00-06:00,8.394736284899999,8.394736284899999,22.37591079088744,22.37591079088744,-13.981174505987438,-13.981174505987438,16.57970868349864,2.5985341775112034,2.3211592156898098,0.18189739242578426,2.1392618232640257
2023-07-28 00:00:00-06:00,8.223410177099998,8.223410177099998,23.075517371849163,23.075517371849163,-14.852107194749165,-14.852107194749165,17.41158121196557,2.5594740172164037,2.43762136967518,0.17916318120514826,2.2584581884700317
2023-07-29 00:00:00-06:00,8.487519662699999,8.487519662699999,24.810363857531502,24.810363857531502,-16.322844194831504,-16.322844194831504,18.99637578413447,2.6735315893029665,2.6594926097788263,0.18714721125120767,2.4723453985276187
2023-07-30 00:00:00-06:00,8.2659236913,8.2659236913,26.71154447174285,26.71154447174285,-18.44562078044285,-18.44562078044285,20.494105942099377,2.048485161656523,2.869174831893913,0.14339396131595664,2.7257808705779563
2023-07-31 00:00:00-06:00,8.304346307249999,8.304346307249999,24.987026745690418,24.987026745690418,-16.682680438440418,-16.682680438440418,19.095712108278658,2.4130316698382384,2.6733996951590124,0.1689122168886767,2.504487478270336
2023-08-01 00:00:00-06:00,7.8701730894,7.8701730894,25.73290641347697,25.73290641347697,-17.862733324076974,-17.862733324076974,19.95415213882942,2.0914188147524473,2.793581299436119,0.1463993170326713,2.6471819824034477
2023-08-02 00:00:00-06:00,7.990297996949999,7.990297996949999,25.202357925694375,25.202357925694375,-17.212059928744377,-17.212059928744377,19.574402075022178,2.362342146277802,2.7404162905031053,0.16536395023944614,2.5750523402636594
2023-08-03 00:00:00-06:00,8.026570845899998,8.026570845899998,22.30805556911496,22.30805556911496,-14.281484723214959,-14.281484723214959,16.673711530526365,2.392226807311405,2.3343196142736913,0.16745587651179836,2.166863737761893
2023-08-04 00:00:00-06:00,8.32612587885,8.32612587885,22.014422078648945,22.014422078648945,-13.688296199798945,-13.688296199798945,16.36172959739191,2.673433397592966,2.2906421436348676,0.18714033783150763,2.10350180580336
2023-08-05 00:00:00-06:00,6.090089603399998,6.090089603399998,27.027365566471236,27.027365566471236,-20.937275963071237,-20.937275963071237,21.944928379765305,1.0076524166940652,3.072289973167143,0.07053566916858457,3.0017543039985584
2023-08-06 00:00:00-06:00,7.501305900149999,7.501305900149999,24.288481166039535,24.288481166039535,-16.787175265889534,-16.787175265889534,18.630003197713016,1.8428279318234833,2.6082004476798226,0.12899795522764385,2.479202492452179
2023-08-07 00:00:00-06:00,7.890895628549999,7.890895628549999,26.63661019809275,26.63661019809275,-18.745714569542752,-18.745714569542752,20.70435846329724,1.958643893754488,2.8986101848616137,0.13710507256281418,2.7615051122987997
2023-08-08 00:00:00-06:00,6.704308865249998,6.704308865249998,22.941064621974387,22.941064621974387,-16.23675575672439,-16.23675575672439,17.652407409287246,1.4156516525628595,2.4713370373002146,0.09909561567940017,2.3722414216208145
2023-08-09 00:00:00-06:00,7.630738816049999,7.630738816049999,25.39448537330245,25.39448537330245,-17.76374655725245,-17.76374655725245,19.86380023491001,2.100053677657558,2.7809320328874017,0.1470037574360291,2.6339282754513724
2023-08-10 00:00:00-06:00,8.5983795783,8.5983795783,25.038441231843024,25.038441231843024,-16.440061653543022,-16.440061653543022,19.165664299755967,2.725602646212942,2.6831930019658357,0.19079218523490596,2.4924008167309295
2023-08-11 00:00:00-06:00,8.0661174408,8.0661174408,23.733290931109256,23.733290931109256,-15.667173490309256,-15.667173490309256,17.846749891356712,2.1795764010474548,2.4985449847899397,0.15257034807332184,2.3459746367166177
2023-08-12 00:00:00-06:00,4.143084427799999,4.143084427799999,28.316971749286594,28.316971749286594,-24.173887321486596,-24.173887321486596,24.260875388916595,0.08698806742999987,3.3965225544483237,0.006089164720099992,3.3904333897282237
2023-08-13 00:00:00-06:00,5.735800117799999,5.735800117799999,28.561911520039885,28.561911520039885,-22.826111402239885,-22.826111402239885,23.43025939405993,0.6041479918200459,3.2802363151683904,0.04229035942740322,3.237945955740987
2023-08-14 00:00:00-06:00,9.715467601799999,9.715467601799999,22.93656972924375,22.93656972924375,-13.221102127443752,-13.221102127443752,16.243979476028667,3.022877348584916,2.2741571266440137,0.21160141440094413,2.0625557122430696
2023-08-15 00:00:00-06:00,9.408636237599998,9.408636237599998,25.39774884775209,25.39774884775209,-15.989112610152091,-15.989112610152091,18.59372765989937,2.6046150497472786,2.6031218723859118,0.1823230534823095,2.4207988189036023
2023-08-16 00:00:00-06:00,9.1429759395,9.1429759395,21.882283494547814,21.882283494547814,-12.739307555047814,-12.739307555047814,15.600882355568249,2.861574800520435,2.184123529779555,0.20031023603643047,1.9838132937431245
2023-08-17 00:00:00-06:00,9.0988314606,9.0988314606,23.411444100154398,23.411444100154398,-14.3126126395544,-14.3126126395544,16.9803995731273,2.6677869335728994,2.377255940237822,0.18674508535010298,2.190510854887719
2023-08-18 00:00:00-06:00,9.000786995099999,9.000786995099999,25.696385720428566,25.696385720428566,-16.695598725328566,-16.695598725328566,19.105128005644747,2.4095292803161787,2.6747179207902647,0.16866704962213253,2.5060508711681324
2023-08-19 00:00:00-06:00,9.014981880599999,9.014981880599999,25.579573953020457,25.579573953020457,-16.564592072420457,-16.564592072420457,18.970522916673065,2.405930844252608,2.6558732083342296,0.16841515909768257,2.487458049236547
2023-08-20 00:00:00-06:00,9.1736845569,9.1736845569,26.833342245196498,26.833342245196498,-17.6596576882965,-17.6596576882965,19.929748396517574,2.2700907082210735,2.790164775512461,0.15890634957547517,2.6312584259369856
2023-08-21 00:00:00-06:00,9.068762721599999,9.068762721599999,21.65656111846919,21.65656111846919,-12.587798396869191,-12.587798396869191,15.382660582487402,2.79486218561821,2.1535724815482364,0.1956403529932747,1.9579321285549618
2023-08-22 00:00:00-06:00,8.9109116091,8.9109116091,25.271304473122562,25.271304473122562,-16.36039286402256,-16.36039286402256,18.658261045549366,2.2978681815268036,2.6121565463769114,0.16085077270687625,2.451305773670035
2023-08-23 00:00:00-06:00,8.7682438089,8.7682438089,24.65792801412571,24.65792801412571,-15.889684205225707,-15.889684205225707,18.238565730408055,2.348881525182348,2.553399202257128,0.16442170676276435,2.388977495494364
2023-08-24 00:00:00-06:00,8.894768041799999,8.894768041799999,22.781327321814164,22.781327321814164,-13.886559280014167,-13.886559280014167,16.41624011657662,2.529680836562454,2.298273616320727,0.1770776585593718,2.1211959577613553
2023-08-25 00:00:00-06:00,7.544880658799999,7.544880658799999,24.300832248063976,24.300832248063976,-16.755951589263976,-16.755951589263976,17.86389860393634,1.1079470146723636,2.500945804551088,0.07755629102706546,2.4233895135240227
2023-08-26 00:00:00-06:00,7.948136159099999,7.948136159099999,27.036853066535894,27.036853066535894,-19.08871690743589,-19.08871690743589,21.104932004898586,2.0162150974626942,2.9546904806858025,0.1411350568223886,2.8135554238634137
2023-08-27 00:00:00-06:00,9.107555012099999,9.107555012099999,27.845159616670344,27.845159616670344,-18.737604604570347,-18.737604604570347,20.92550594974768,2.187901345177334,2.9295708329646755,0.15315309416241338,2.776417738802262
2023-08-28 00:00:00-06:00,8.824832441999998,8.824832441999998,25.646824794389858,25.646824794389858,-16.821992352389856,-16.821992352389856,19.017571385564004,2.195579033174148,2.6624599939789606,0.15369053232219035,2.50876946165677
2023-08-29 00:00:00-06:00,8.625889783799998,8.625889783799998,22.62581834883886,22.62581834883886,-13.99992856503886,-13.99992856503886,16.37373832223489,2.3738097571960273,2.2923233651128845,0.16616668300372192,2.1261566821091624
2023-08-30 00:00:00-06:00,9.2603210202,9.2603210202,22.415914480217786,22.415914480217786,-13.155593460017787,-13.155593460017787,16.063307928217398,2.9077144681996105,2.248863109950436,0.20354001277397277,2.045323097176463
2023-08-31 00:00:00-06:00,9.001028842199998,9.001028842199998,24.85786110766703,24.85786110766703,-15.85683226546703,-15.85683226546703,18.251282920037887,2.3944506545708575,2.5551796088053047,0.16761154581996004,2.387568062985345
2023-09-01 00:00:00-06:00,8.982583541099999,8.982583541099999,23.710188369926676,23.710188369926676,-14.727604828826676,-14.727604828826676,17.24862310205215,2.521018273225474,2.4148072342873013,0.1764712791257832,2.238335955161518
2023-09-02 00:00:00-06:00,8.69475303,8.69475303,27.07632063459199,27.07632063459199,-18.38156760459199,-18.38156760459199,20.300501670350187,1.918934065758196,2.8420702338490265,0.13432538460307372,2.7077448492459526
2023-09-03 00:00:00-06:00,8.730096966899998,8.730096966899998,25.166435138687795,25.166435138687795,-16.436338171787796,-16.436338171787796,18.681890267836557,2.24555209604876,2.6154646374971184,0.1571886467234132,2.4582759907737053
2023-09-04 00:00:00-06:00,8.7784289433,8.7784289433,23.2669530655785,23.2669530655785,-14.488524122278502,-14.488524122278502,16.98553730928113,2.497013187002628,2.3779752232993587,0.17479092309018399,2.2031843002091747
2023-09-05 00:00:00-06:00,9.152219899799999,9.152219899799999,24.028542982860372,24.028542982860372,-14.876323083060376,-14.876323083060376,17.51154800125626,2.635224918195883,2.4516167201758763,0.18446574427371182,2.2671509759021644
2023-09-06 00:00:00-06:00,9.0922183128,9.0922183128,25.01091370393313,25.01091370393313,-15.918695391133129,-15.918695391133129,18.362818016521143,2.4441226253880113,2.5707945223129602,0.1710885837771608,2.3997059385357993
2023-09-07 00:00:00-06:00,8.585553151349998,8.585553151349998,26.140693346019955,26.140693346019955,-17.555140194669953,-17.555140194669953,19.56901322027028,2.0138730256003248,2.739661850837839,0.14097111179202274,2.5986907390458165
2023-09-08 00:00:00-06:00,8.580679560899998,8.580679560899998,25.139755750138207,25.139755750138207,-16.55907618923821,-16.55907618923821,18.63760527429573,2.078529085057524,2.6092647384014023,0.14549703595402672,2.4637677024473756
2023-09-09 00:00:00-06:00,8.243123990849998,8.243123990849998,25.530512747596905,25.530512747596905,-17.287388756746903,-17.287388756746903,19.11387445635445,1.8264856996075447,2.675942423889623,0.12785399897252814,2.5480884249170948
2023-09-10 00:00:00-06:00,2.8738362397499992,2.8738362397499992,26.834693598998005,26.834693598998005,-23.960857359248006,-23.960857359248006,23.960857359248006,0.0,3.3545200302947213,0.0,3.3545200302947213
2023-09-11 00:00:00-06:00,4.248620205974999,4.248620205974999,21.85896533415301,21.85896533415301,-17.610345128178007,-17.610345128178007,18.706009382780195,1.095664254602187,2.6188413135892277,0.0766964978221531,2.5421448157670747
2023-09-12 00:00:00-06:00,8.159664286799998,8.159664286799998,25.99576749040415,25.99576749040415,-17.836103203604146,-17.836103203604146,19.551961759770144,1.7158585561659958,2.7372746463678204,0.12011009893161972,2.6171645474362006
2023-09-13 00:00:00-06:00,5.750664862499998,5.750664862499998,25.539652859574606,25.539652859574606,-19.788987997074607,-19.788987997074607,21.107532468880102,1.3185444718054924,2.9550545456432147,0.09229811302638448,2.86275643261683
2023-09-14 00:00:00-06:00,6.386497791075,6.386497791075,26.109495280287025,26.109495280287025,-19.722997489212023,-19.722997489212023,21.191801086952037,1.4688035977400116,2.9668521521732854,0.10281625184180082,2.8640359003314844
2023-09-15 00:00:00-06:00,2.117832199199999,2.117832199199999,22.215098475321774,22.215098475321774,-20.097266276121776,-20.097266276121776,20.097266276121776,0.0,2.813617278657049,0.0,2.813617278657049
2023-09-16 00:00:00-06:00,8.905536647549999,8.905536647549999,28.85316349120508,28.85316349120508,-19.947626843655083,-19.947626843655083,21.832036743501376,1.884409899846294,3.056485144090193,0.1319086929892406,2.924576451100952
2023-09-17 00:00:00-06:00,9.0725381478,9.0725381478,25.045585579484207,25.045585579484207,-15.973047431684208,-15.973047431684208,18.43771244610934,2.464665014425133,2.581279742455308,0.17252655100975933,2.4087531914455482
2023-09-18 00:00:00-06:00,8.0907018885,8.0907018885,25.82271086909417,25.82271086909417,-17.73200898059417,-17.73200898059417,19.33214619590604,1.6001372153118731,2.7065004674268462,0.11200960507183114,2.594490862355015
2023-09-19 00:00:00-06:00,5.8887575991,5.8887575991,22.290105405679814,22.290105405679814,-16.401347806579814,-16.401347806579814,16.847235765418752,0.44588795883893784,2.3586130071586253,0.03121215711872565,2.3274008500398997
2023-09-20 00:00:00-06:00,8.282904671699999,8.282904671699999,25.24607550877855,25.24607550877855,-16.96317083707855,-16.96317083707855,18.887696232740232,1.9245253956616846,2.644277472583633,0.13471677769631793,2.509560694887315
2023-09-21 00:00:00-06:00,8.4313207719,8.4313207719,23.70182998213551,23.70182998213551,-15.270509210235511,-15.270509210235511,17.524092444053228,2.2535832338177175,2.453372942167452,0.15775082636724025,2.295622115800212
2023-09-22 00:00:00-06:00,8.526908965725,8.526908965725,25.913358831162565,25.913358831162565,-17.386449865437566,-17.386449865437566,19.680459021304213,2.294009155866647,2.75526426298259,0.16058064091066532,2.5946836220719245
2023-09-23 00:00:00-06:00,8.221954299299998,8.221954299299998,29.2153947392203,29.2153947392203,-20.993440439920303,-20.993440439920303,22.642152972616625,1.6487125326963243,3.169901416166328,0.11540987728874272,3.0544915388775853
2023-09-24 00:00:00-06:00,8.701727936624998,8.701727936624998,26.481963711307454,26.481963711307454,-17.780235774682456,-17.780235774682456,19.748791341716416,1.9685555670339574,2.7648307878402987,0.13779888969237702,2.6270318981479215
2023-09-25 00:00:00-06:00,8.536581254025,8.536581254025,23.19425722065157,23.19425722065157,-14.65767596662657,-14.65767596662657,16.715794604888853,2.058118638262281,2.3402112446844394,0.14406830467835968,2.1961429400060797
2023-09-26 00:00:00-06:00,8.346725219024998,8.346725219024998,26.32494311742393,26.32494311742393,-17.978217898398935,-17.978217898398935,19.699736171673077,1.721518273274144,2.757963064034231,0.1205062791291901,2.6374567849050408
2023-09-27 00:00:00-06:00,8.3391294744,8.3391294744,25.834795380983017,25.834795380983017,-17.495665906583017,-17.495665906583017,19.191781805457442,1.696115898874425,2.6868494527640423,0.11872811292120976,2.5681213398428326
2023-09-28 00:00:00-06:00,8.149290189524999,8.149290189524999,25.018300607652975,25.018300607652975,-16.869010418127974,-16.869010418127974,18.765982380121653,1.896971961993676,2.6272375332170315,0.13278803733955732,2.494449495877474
2023-09-29 00:00:00-06:00,8.330901642225,8.330901642225,22.95952856519285,22.95952856519285,-14.628626922967854,-14.628626922967854,16.674261838957452,2.0456349159896003,2.3343966574540436,0.14319444411927204,2.1912022133347717
2023-09-30 00:00:00-06:00,7.230445178625,7.230445178625,26.359181858425973,26.359181858425973,-19.128736679800973,-19.128736679800973,20.175135012917,1.0463983331160254,2.8245189018083803,0.07324788331812178,2.7512710184902587
2023-10-01 00:00:00-06:00,7.334894449799999,7.334894449799999,26.81654384831314,26.81654384831314,-19.48164939851314,-19.48164939851314,21.063474509028136,1.5818251105149956,2.9488864312639396,0.1107277577360497,2.83815867352789
2023-10-02 00:00:00-06:00,7.189309355624999,7.189309355624999,22.78316860134658,22.78316860134658,-15.593859245721584,-15.593859245721584,17.242393665852468,1.6485344201308827,2.413935113219346,0.1153974094091618,2.298537703810184
2023-10-03 00:00:00-06:00,6.193927383299999,6.193927383299999,23.67255862768091,23.67255862768091,-17.478631244380914,-17.478631244380914,18.57045123096679,1.0918199865858769,2.599863172335351,0.07642739906101138,2.5234357732743393
2023-10-04 00:00:00-06:00,8.373798443699998,8.373798443699998,23.34859071534379,23.34859071534379,-14.97479227164379,-14.97479227164379,16.984992771765068,2.0102005001212797,2.3778989880471095,0.14071403500848959,2.23718495303862
2023-10-05 00:00:00-06:00,8.364102645825,8.364102645825,22.200586424567835,22.200586424567835,-13.836483778742835,-13.836483778742835,15.885793863516872,2.049310084774037,2.224011140892362,0.1434517059341826,2.0805594349581797
2023-10-06 00:00:00-06:00,7.915449696524999,7.915449696524999,26.53483644514123,26.53483644514123,-18.619386748616233,-18.619386748616233,20.63077717673152,2.0113904281152886,2.888308804742413,0.1407973299680702,2.7475114747743428
2023-10-07 00:00:00-06:00,8.5223762226,8.5223762226,28.49701618023647,28.49701618023647,-19.974639957636473,-19.974639957636473,21.621813860700506,1.6471739030640349,3.027053940498071,0.11530217321448245,2.9117517672835884
2023-10-08 00:00:00-06:00,8.307211053825,8.307211053825,27.92507388956683,27.92507388956683,-19.61786283574183,-19.61786283574183,21.317607637704384,1.6997448019625578,2.984465069278614,0.11898213613737905,2.865482933141235
2023-10-09 00:00:00-06:00,8.310925320299999,8.310925320299999,23.498607571029307,23.498607571029307,-15.187682250729308,-15.187682250729308,17.14539611555674,1.957713864827432,2.4003554561779437,0.13703997053792025,2.2633154856400233
2023-10-10 00:00:00-06:00,8.0673171993,8.0673171993,25.73009925311331,25.73009925311331,-17.66278205381331,-17.66278205381331,19.384367712563684,1.7215856587503735,2.713811479758916,0.12051099611252615,2.5933004836463898
2023-10-11 00:00:00-06:00,7.547287252499999,7.547287252499999,22.821737528438668,22.821737528438668,-15.274450275938667,-15.274450275938667,16.95214933050938,1.6776990545707098,2.373300906271313,0.1174389338199497,2.2558619724513633
2023-10-12 00:00:00-06:00,3.9202406156249987,3.9202406156249987,22.199188966741847,22.199188966741847,-18.278948351116846,-18.278948351116846,18.61741432922625,0.3384659781094045,2.6064380060916754,0.023692618467658317,2.582745387624017
2023-10-13 00:00:00-06:00,6.980412643199999,6.980412643199999,23.938959048557848,23.938959048557848,-16.95854640535785,-16.95854640535785,19.06423242645885,2.1056860211010013,2.6689925397042393,0.1473980214770701,2.521594518227169
2023-10-14 00:00:00-06:00,7.990047586124999,7.990047586124999,25.828061101286124,25.828061101286124,-17.838013515161126,-17.838013515161126,19.783192952416947,1.9451794372558227,2.7696470133383726,0.1361625606079076,2.633484452730465
2023-10-15 00:00:00-06:00,8.1513249507,8.1513249507,28.535668837463753,28.535668837463753,-20.38434388676375,-20.38434388676375,22.03233973618582,1.6479958494220672,3.0845275630660147,0.11535970945954471,2.96916785360647
2023-10-16 00:00:00-06:00,7.773076872,7.773076872,25.613997086333313,25.613997086333313,-17.840920214333313,-17.840920214333313,19.54421866742099,1.7032984530876756,2.736190613438939,0.11923089171613731,2.6169597217228016
2023-10-17 00:00:00-06:00,7.514443798425,7.514443798425,24.081667841072523,24.081667841072523,-16.567224042647524,-16.567224042647524,18.267463402197365,1.700239359549843,2.557444876307631,0.11901675516848903,2.4384281211391423
2023-10-18 00:00:00-06:00,7.8159317660999985,7.8159317660999985,25.411811523577914,25.411811523577914,-17.595879757477917,-17.595879757477917,19.240771333835763,1.6448915763578487,2.693707986737007,0.11514241034504942,2.5785655763919575
2023-10-19 00:00:00-06:00,7.5823499843999995,7.5823499843999995,26.524954102583795,26.524954102583795,-18.942604118183798,-18.942604118183798,20.62467033825035,1.6820662200665528,2.8874538473550495,0.11774463540465871,2.7697092119503908
2023-10-20 00:00:00-06:00,7.460924185125,7.460924185125,23.119505629551973,23.119505629551973,-15.658581444426975,-15.658581444426975,17.352621151234107,1.6940397068071338,2.429366961172775,0.11858277947649938,2.3107841816962758
2023-10-21 00:00:00-06:00,7.941151730924999,7.941151730924999,26.506461999787412,26.506461999787412,-18.56531026886241,-18.56531026886241,19.979549616699572,1.414239347837161,2.7971369463379405,0.09899675434860129,2.698140191989339
2023-10-22 00:00:00-06:00,7.864851278024998,7.864851278024998,27.500270176407046,27.500270176407046,-19.635418898382046,-19.635418898382046,21.141695361708468,1.5062764633264232,2.959837350639186,0.10543935243284963,2.8543979982063363
2023-10-23 00:00:00-06:00,7.7898771036,7.7898771036,23.231005957194572,23.231005957194572,-15.441128853594572,-15.441128853594572,17.12855879502898,1.687429941434409,2.3979982313040575,0.11812009590040863,2.279878135403649
2023-10-24 00:00:00-06:00,7.134311317499999,7.134311317499999,22.83694030039597,22.83694030039597,-15.702628982895972,-15.702628982895972,17.46954260641888,1.7669136235229066,2.4457359648986436,0.12368395364660348,2.32205201125204
2023-10-25 00:00:00-06:00,4.837209788699999,4.837209788699999,22.82365433364858,22.82365433364858,-17.98644454494858,-17.98644454494858,19.545751836776198,1.5593072918276194,2.736405257148668,0.10915151042793336,2.6272537467207346
2023-10-26 00:00:00-06:00,3.3889868153999996,3.3889868153999996,26.194626417172564,26.194626417172564,-22.805639601772565,-22.805639601772565,22.805639601772565,0.0,3.1927895442481593,0.0,3.1927895442481593
2023-10-27 00:00:00-06:00,8.8342973649,8.8342973649,24.695136030705182,24.695136030705182,-15.860838665805183,-15.860838665805183,17.75153364323926,1.8906949774340753,2.4852147100534965,0.1323486484203853,2.352866061633111
2023-10-28 00:00:00-06:00,1.9716299693999995,1.9716299693999995,29.449873993851703,29.449873993851703,-27.478244024451705,-27.478244024451705,27.478244024451705,0.0,3.846954163423239,0.0,3.846954163423239
2023-10-29 00:00:00-06:00,2.457034084799999,2.457034084799999,28.88582502735797,28.88582502735797,-26.42879094255797,-26.42879094255797,26.42879094255797,0.0,3.7000307319581163,0.0,3.7000307319581163
2023-10-30 00:00:00-06:00,8.0744011056,8.0744011056,26.26263443795747,26.26263443795747,-18.18823333235747,-18.18823333235747,20.0762854392133,1.8880521068558296,2.8106799614898623,0.13216364747990808,2.678516314009954
2023-10-31 00:00:00-06:00,8.9928922761,8.9928922761,22.31995076926313,22.31995076926313,-13.32705849316313,-13.32705849316313,15.405361865307722,2.0783033721445916,2.1567506611430813,0.14548123605012142,2.01126942509296
2023-11-01 00:00:00-06:00,6.834354552899999,6.834354552899999,22.87449319364875,22.87449319364875,-16.04013864074875,-16.04013864074875,17.365278669849584,1.3251400291008326,2.431139013778942,0.09275980203705829,2.338379211741884
2023-11-02 00:00:00-06:00,8.338062807,8.338062807,23.833425708944056,23.833425708944056,-15.495362901944057,-15.495362901944057,17.187892680438683,1.692529778494626,2.4063049752614156,0.11847708449462384,2.287827890766792
2023-11-03 00:00:00-06:00,7.3294140599999995,7.3294140599999995,22.548015836166215,22.548015836166215,-15.218601776166215,-15.218601776166215,16.446710049637616,1.2281082734714026,2.3025394069492666,0.08596757914299819,2.2165718278062685
2023-11-04 00:00:00-06:00,8.2313281026,8.2313281026,28.259862930310558,28.259862930310558,-20.02853482771056,-20.02853482771056,21.39751158883583,1.36897676112527,2.995651622437016,0.0958283732787689,2.8998232491582474
2023-11-05 00:00:00-06:00,4.233633866099999,4.233633866099999,29.655525992814212,29.655525992814212,-25.421892126714212,-25.421892126714212,25.447832428648304,0.025940301934094023,3.562696540010763,0.0018158211353865817,3.5608807188753766
2023-11-06 00:00:00-07:00,7.9870304718,7.9870304718,25.758442205118925,25.758442205118925,-17.771411733318924,-17.771411733318924,18.44829903211145,0.6768872987925282,2.582761864495603,0.04738211091547698,2.535379753580126
2023-11-07 00:00:00-07:00,8.771941820699999,8.771941820699999,23.565989813904043,23.565989813904043,-14.794047993204044,-14.794047993204044,16.433814391317405,1.6397663981133601,2.300734014784437,0.11478364786793521,2.1859503669165017
2023-11-08 00:00:00-07:00,7.733056192199999,7.733056192199999,26.27082359505752,26.27082359505752,-18.537767402857522,-18.537767402857522,19.309293528097555,0.771526125240034,2.703301093933658,0.05400682876680239,2.6492942651668554
2023-11-09 00:00:00-07:00,7.339100407199999,7.339100407199999,26.6172201765546,26.6172201765546,-19.2781197693546,-19.2781197693546,19.781498896754748,0.5033791274001498,2.769409845545665,0.035236538918010485,2.7341733066276546
2023-11-10 00:00:00-07:00,9.019027476899998,9.019027476899998,25.678916519650716,25.678916519650716,-16.659889042750716,-16.659889042750716,18.098320071398934,1.4384310286482194,2.533764809995851,0.10069017200537536,2.4330746379904755
2023-11-11 00:00:00-07:00,8.9872660134,8.9872660134,25.932897887150112,25.932897887150112,-16.945631873750113,-16.945631873750113,18.247344739244408,1.301712865494293,2.5546282634942172,0.09111990058460052,2.4635083629096166
2023-11-12 00:00:00-07:00,8.8735552785,8.8735552785,24.756899936276344,24.756899936276344,-15.883344657776345,-15.883344657776345,17.385902804347744,1.502558146571399,2.4340263926086845,0.10517907025999794,2.3288473223486865
2023-11-13 00:00:00-07:00,8.8731695646,8.8731695646,22.879017778769647,22.879017778769647,-14.00584821416965,-14.00584821416965,15.70749355656701,1.7016453423973603,2.1990490979193815,0.11911517396781524,2.0799339239515664
2023-11-14 00:00:00-07:00,8.519651158499999,8.519651158499999,26.739022245160776,26.739022245160776,-18.219371086660775,-18.219371086660775,19.178189021895523,0.9588179352347498,2.6849464630653737,0.06711725546643249,2.617829207598941
2023-11-15 00:00:00-07:00,8.264777411699999,8.264777411699999,23.117606750158807,23.117606750158807,-14.852829338458807,-14.852829338458807,15.887521403127357,1.0346920646685507,2.2242529964378304,0.07242844452679856,2.151824551911032
2023-11-16 00:00:00-07:00,6.674087539799999,6.674087539799999,24.591434302200565,24.591434302200565,-17.917346762400566,-17.917346762400566,18.781692880694614,0.8643461182940493,2.6294370032972463,0.06050422828058345,2.5689327750166626
2023-11-17 00:00:00-07:00,8.432399222099999,8.432399222099999,25.882902082396036,25.882902082396036,-17.450502860296034,-17.450502860296034,18.404424175919356,0.9539213156233208,2.57661938462871,0.06677449209363247,2.5098448925350776
2023-11-18 00:00:00-07:00,7.1539142409,7.1539142409,25.45618324258037,25.45618324258037,-18.30226900168037,-18.30226900168037,18.911031759927162,0.6087627582467905,2.647544446389803,0.04261339307727534,2.6049310533125274
2023-11-19 00:00:00-07:00,7.424320550399999,7.424320550399999,27.836234711320284,27.836234711320284,-20.411914160920286,-20.411914160920286,20.835371216440915,0.4234570555206293,2.9169519703017284,0.029641993886444052,2.8873099764152843
2023-11-20 00:00:00-07:00,1.4182840529999996,1.4182840529999996,24.468815018759624,24.468815018759624,-23.050530965759624,-23.050530965759624,23.050530965759624,0.0,3.2270743352063476,0.0,3.2270743352063476
2023-11-21 00:00:00-07:00,8.746203014999999,8.746203014999999,24.719537299394503,24.719537299394503,-15.973334284394504,-15.973334284394504,17.417347592380267,1.4440133079857636,2.4384286629332377,0.10108093155900345,2.3373477313742343
2023-11-22 00:00:00-07:00,8.4183814674,8.4183814674,25.897566509873744,25.897566509873744,-17.47918504247375,-17.47918504247375,18.64644689963772,1.1672618571639726,2.610502565949281,0.08170833000147809,2.528794235947803
2023-11-23 00:00:00-07:00,7.0374133395,7.0374133395,22.929471276683056,22.929471276683056,-15.892057937183058,-15.892057937183058,16.39462898550969,0.5025710483266312,2.295248057971357,0.03517997338286419,2.2600680845884926
2023-11-24 00:00:00-07:00,1.2500865404999992,1.2500865404999992,24.422926004223957,24.422926004223957,-23.172839463723957,-23.172839463723957,23.172839463723957,0.0,3.244197524921354,0.0,3.244197524921354
2023-11-25 00:00:00-07:00,1.2237218531999994,1.2237218531999994,25.481798217983343,25.481798217983343,-24.258076364783342,-24.258076364783342,24.258076364783342,0.0,3.396130691069668,0.0,3.396130691069668
2023-11-26 00:00:00-07:00,9.053696346299999,9.053696346299999,28.591455162824836,28.591455162824836,-19.53775881652484,-19.53775881652484,20.660169206578036,1.1224103900531965,2.892423688920925,0.07856872730372376,2.8138549616172015
2023-11-27 00:00:00-07:00,8.83735812,8.83735812,23.44005966336074,23.44005966336074,-14.60270154336074,-14.60270154336074,16.249904931982982,1.6472033886222417,2.274986690477618,0.11530423720355693,2.159682453274061
2023-11-28 00:00:00-07:00,8.6060451537,8.6060451537,24.848984387522563,24.848984387522563,-16.242939233822565,-16.242939233822565,17.651958092883664,1.4090188590610997,2.471274133003713,0.09863132013427699,2.372642812869436
2023-11-29 00:00:00-07:00,8.5980883077,8.5980883077,26.11559305338814,26.11559305338814,-17.51750474568814,-17.51750474568814,18.669633991958882,1.152129246270745,2.6137487588742436,0.08064904723895217,2.5330997116352916
2023-11-30 00:00:00-07:00,7.410720617999999,7.410720617999999,23.969446899251402,23.969446899251402,-16.558726281251403,-16.558726281251403,17.396116141647017,0.8373898603956129,2.4354562598305827,0.05861729022769291,2.3768389696028898
2023-12-01 00:00:00-07:00,6.3912864132,6.3912864132,23.872633416320006,23.872633416320006,-17.481347003120007,-17.481347003120007,18.031163405850283,0.549816402730277,2.5243628768190396,0.03848714819111939,2.4858757286279203
2023-12-02 00:00:00-07:00,5.6140343217,5.6140343217,27.565806436932213,27.565806436932213,-21.951772115232213,-21.951772115232213,22.284368100202705,0.33259598497049303,3.119811534028379,0.023281718947934515,3.096529815080445
2023-12-03 00:00:00-07:00,7.0743722166,7.0743722166,24.78848177074621,24.78848177074621,-17.71410955414621,-17.71410955414621,18.64228274638732,0.9281731922411116,2.609919584494225,0.06497212345687782,2.5449474610373475
2023-12-04 00:00:00-07:00,7.264953350099999,7.264953350099999,22.347409442565308,22.347409442565308,-15.082456092465307,-15.082456092465307,15.85064595088552,0.7681898584202114,2.219090433123973,0.0537732900894148,2.1653171430345584
2023-12-05 00:00:00-07:00,7.3227204711,7.3227204711,25.372263878035234,25.372263878035234,-18.049543406935236,-18.049543406935236,18.573196025043416,0.5236526181081815,2.6002474435060785,0.03665568326757271,2.5635917602385057
2023-12-06 00:00:00-07:00,7.419576952799999,7.419576952799999,23.791892129746607,23.791892129746607,-16.372315176946607,-16.372315176946607,17.34833185678712,0.9760166798405123,2.428766459950197,0.06832116758883587,2.3604452923613612
2023-12-07 00:00:00-07:00,7.492774635899999,7.492774635899999,21.78494039969633,21.78494039969633,-14.292165763796328,-14.292165763796328,15.306481896122083,1.0143161323257555,2.1429074654570917,0.07100212926280289,2.071905336194289
2023-12-08 00:00:00-07:00,2.2904925767999993,2.2904925767999993,23.794153188145277,23.794153188145277,-21.50366061134528,-21.50366061134528,21.571856502410213,0.06819589106493562,3.02005991033743,0.004773712374545494,3.0152861979628844
2023-12-09 00:00:00-07:00,7.310178112499999,7.310178112499999,24.527503333402045,24.527503333402045,-17.217325220902044,-17.217325220902044,17.6813475216911,0.46402230078905815,2.4753886530367546,0.03248156105523407,2.4429070919815206
2023-12-10 00:00:00-07:00,4.051109867399999,4.051109867399999,26.404431895291946,26.404431895291946,-22.353322027891945,-22.353322027891945,22.353322027891945,0.0,3.1294650839048725,0.0,3.1294650839048725
2023-12-11 00:00:00-07:00,7.688789584199999,7.688789584199999,23.024109018570662,23.024109018570662,-15.335319434370664,-15.335319434370664,16.351603537631334,1.0162841032606706,2.289224495268387,0.07113988722824695,2.21808460804014
2023-12-12 00:00:00-07:00,2.5573764824999996,2.5573764824999996,24.8814756718487,24.8814756718487,-22.3240991893487,-22.3240991893487,22.3240991893487,0.0,3.1253738865088185,0.0,3.1253738865088185
2023-12-13 00:00:00-07:00,1.2324860504999995,1.2324860504999995,23.516022041959253,23.516022041959253,-22.283535991459253,-22.283535991459253,22.283535991459253,0.0,3.119695038804296,0.0,3.119695038804296
2023-12-14 00:00:00-07:00,0.9289287899999995,0.9289287899999995,25.891230005629147,25.891230005629147,-24.962301215629147,-24.962301215629147,24.962301215629147,0.0,3.494722170188081,0.0,3.494722170188081
2023-12-15 00:00:00-07:00,8.0640908694,8.0640908694,24.689665106586155,24.689665106586155,-16.625574237186157,-16.625574237186157,17.72653949611921,1.1009652589330519,2.4817155294566895,0.07706756812531364,2.404647961331376
2023-12-16 00:00:00-07:00,8.0550762633,8.0550762633,29.00917198987095,29.00917198987095,-20.95409572657095,-20.95409572657095,21.61972985006501,0.6656341234940597,3.0267621790091015,0.046594388644584185,2.980167790364517
2023-12-17 00:00:00-07:00,7.990600163399999,7.990600163399999,26.289298585416446,26.289298585416446,-18.298698422016447,-18.298698422016447,19.215716950977363,0.9170185289609171,2.690200373136831,0.0641912970272642,2.626009076109567
2023-12-18 00:00:00-07:00,8.004025621799999,8.004025621799999,21.845639720367796,21.845639720367796,-13.841614098567796,-13.841614098567796,15.36738895748085,1.5257748589130546,2.1514344540473194,0.10680424012391383,2.0446302139234054
2023-12-19 00:00:00-07:00,7.767914779799999,7.767914779799999,22.921883354712243,22.921883354712243,-15.153968574912245,-15.153968574912245,16.304403948967803,1.1504353740555584,2.2826165528554925,0.0805304761838891,2.2020860766716033
2023-12-20 00:00:00-07:00,5.146863165899999,5.146863165899999,22.539119848497705,22.539119848497705,-17.392256682597708,-17.392256682597708,17.750873844929316,0.35861716233160734,2.4851223382901044,0.025103201363212518,2.460019136926892
2023-12-21 00:00:00-07:00,4.001483159999999,4.001483159999999,24.473918874731414,24.473918874731414,-20.472435714731414,-20.472435714731414,21.04701154792393,0.5745758331925161,2.9465816167093504,0.04022030832347613,2.906361308385874
2023-12-22 00:00:00-07:00,7.424648354699999,7.424648354699999,24.250165826865015,24.250165826865015,-16.825517472165014,-16.825517472165014,17.51062546291671,0.6851079907516964,2.45148756480834,0.04795755935261875,2.403530005455721
2023-12-23 00:00:00-07:00,4.691216808899999,4.691216808899999,25.65875208831743,25.65875208831743,-20.967535279417433,-20.967535279417433,20.967535279417433,0.0,2.935454939118441,0.0,2.935454939118441
2023-12-24 00:00:00-07:00,1.9001615039999995,1.9001615039999995,27.756114370535034,27.756114370535034,-25.855952866535034,-25.855952866535034,25.855952866535034,0.0,3.619833401314905,0.0,3.619833401314905
2023-12-25 00:00:00-07:00,2.1829560236999996,2.1829560236999996,23.90453073290238,23.90453073290238,-21.72157470920238,-21.72157470920238,21.72157470920238,0.0,3.041020459288333,0.0,3.041020459288333
2023-12-26 00:00:00-07:00,1.0419318818999994,1.0419318818999994,22.802754191571193,22.802754191571193,-21.760822309671195,-21.760822309671195,21.760822309671195,0.0,3.0465151233539673,0.0,3.0465151233539673
2023-12-27 00:00:00-07:00,1.6637444225999996,1.6637444225999996,24.004136683352307,24.004136683352307,-22.340392260752306,-22.340392260752306,22.340392260752306,0.0,3.1276549165053233,0.0,3.1276549165053233
2023-12-28 00:00:00-07:00,8.010527289299999,8.010527289299999,26.314986890705566,26.314986890705566,-18.304459601405565,-18.304459601405565,19.399762046736797,1.0953024453312292,2.715966686543152,0.07667117117318606,2.639295515369966
2023-12-29 00:00:00-07:00,8.3320572942,8.3320572942,25.89377273454828,25.89377273454828,-17.56171544034828,-17.56171544034828,18.69667653530095,1.1349610949526696,2.617534714942133,0.07944727664668688,2.538087438295446
2023-12-30 00:00:00-07:00,8.2216145664,8.2216145664,28.73145286383125,28.73145286383125,-20.50983829743125,-20.50983829743125,21.45378668340864,0.9439483859773892,3.00353013567721,0.06607638701841725,2.937453748658793
2023-12-31 00:00:00-07:00,4.436979147,4.436979147,25.2140379993214,25.2140379993214,-20.7770588523214,-20.7770588523214,20.833139158693953,0.0560803063725544,2.9166394822171537,0.003925621446078808,2.912713860771075
2024-01-01 00:00:00-07:00,6.8800305285,6.8800305285,23.15483608716859,23.15483608716859,-16.27480555866859,-16.27480555866859,17.633314618000696,1.3585090593321045,2.4686640465200975,0.09509563415324733,2.37356841236685
2024-01-02 00:00:00-07:00,8.2026850311,8.2026850311,26.79905375415041,26.79905375415041,-18.59636872305041,-18.59636872305041,19.55072628374822,0.954357560697807,2.7371016797247507,0.0668050292488465,2.6702966504759043
2024-01-03 00:00:00-07:00,8.465697622799999,8.465697622799999,22.60768267226262,22.60768267226262,-14.14198504946262,-14.14198504946262,15.836011239627073,1.6940261901644535,2.2170415735477906,0.11858183331151176,2.098459740236279
2024-01-04 00:00:00-07:00,0.7621787852999994,0.7621787852999994,25.929445159815604,25.929445159815604,-25.167266374515606,-25.167266374515606,25.167266374515606,0.0,3.523417292432185,0.0,3.523417292432185
2024-01-05 00:00:00-07:00,2.2727474477999996,2.2727474477999996,23.469025079847306,23.469025079847306,-21.196277632047305,-21.196277632047305,21.24023340657521,0.04395577452790589,2.9736326769205297,0.0030769042169534124,2.9705557727035763
2024-01-06 00:00:00-07:00,8.1543158676,8.1543158676,29.002724123518924,29.002724123518924,-20.848408255918926,-20.848408255918926,21.922971889601587,1.074563633682662,3.0692160645442224,0.07521945435778635,2.993996610186436
2024-01-07 00:00:00-07:00,2.3843258900999995,2.3843258900999995,25.74640065875942,25.74640065875942,-23.36207476865942,-23.36207476865942,23.36207476865942,0.0,3.2706904676123187,0.0,3.2706904676123187
2024-01-08 00:00:00-07:00,0.7005200111999994,0.7005200111999994,23.578396570081413,23.578396570081413,-22.87787655888141,-22.87787655888141,22.87787655888141,0.0,3.202902718243398,0.0,3.202902718243398
2024-01-09 00:00:00-07:00,7.328156300099999,7.328156300099999,25.59835871465769,25.59835871465769,-18.27020241455769,-18.27020241455769,18.77650918832934,0.5063067737716498,2.6287112863661077,0.03544147416401549,2.593269812202092
2024-01-10 00:00:00-07:00,8.232987830399999,8.232987830399999,23.832193111322724,23.832193111322724,-15.599205280922725,-15.599205280922725,17.055855940157784,1.4566506592350597,2.3878198316220898,0.10196554614645419,2.2858542854756356
2024-01-11 00:00:00-07:00,2.1297849155999993,2.1297849155999993,25.193360508136795,25.193360508136795,-23.063575592536797,-23.063575592536797,23.063575592536797,0.0,3.228900582955152,0.0,3.228900582955152
2024-01-12 00:00:00-07:00,6.662711257199999,6.662711257199999,22.41688285039522,22.41688285039522,-15.754171593195219,-15.754171593195219,16.58401496192266,0.8298433687274405,2.3217620946691726,0.05808903581092084,2.263673058858252
2024-01-13 00:00:00-07:00,8.635656024,8.635656024,26.383052498366638,26.383052498366638,-17.74739647436664,-17.74739647436664,19.291365348027327,1.5439688736606907,2.700791148723826,0.10807782115624835,2.5927133275675773
2024-01-14 00:00:00-07:00,7.3335784319999995,7.3335784319999995,27.98888696628614,27.98888696628614,-20.655308534286142,-20.655308534286142,21.932253332886386,1.2769447986002438,3.0705154666040944,0.08938613590201708,2.9811293307020774
2024-01-15 00:00:00-07:00,8.951501413799999,8.951501413799999,22.451615074107828,22.451615074107828,-13.500113660307829,-13.500113660307829,15.402657810814436,1.9025441505066076,2.156372093514021,0.13317809053546253,2.0231940029785584
2024-01-16 00:00:00-07:00,7.461315356399999,7.461315356399999,25.174125803750808,25.174125803750808,-17.712810447350808,-17.712810447350808,19.28759496497103,1.574784517620224,2.7002632950959446,0.11023491623341569,2.590028378862529
2024-01-17 00:00:00-07:00,2.9453070176999994,2.9453070176999994,26.511360621593933,26.511360621593933,-23.566053603893934,-23.566053603893934,23.566053603893934,0.0,3.2992475045451513,0.0,3.2992475045451513
2024-01-18 00:00:00-07:00,7.8652788399,7.8652788399,22.72513278411612,22.72513278411612,-14.85985394421612,-14.85985394421612,16.227946442132566,1.368092497916447,2.2719125018985595,0.0957664748541513,2.176146027044408
2024-01-19 00:00:00-07:00,7.5125524841999995,7.5125524841999995,24.240301642571865,24.240301642571865,-16.727749158371868,-16.727749158371868,17.68283650608965,0.9550873477177825,2.475597110852551,0.06685611434024478,2.4087409965123063
2024-01-20 00:00:00-07:00,5.814539288999999,5.814539288999999,28.65320902042935,28.65320902042935,-22.838669731429352,-22.838669731429352,23.669937823269503,0.8312680918401539,3.313791295257731,0.05818876642881078,3.25560252882892
2024-01-21 00:00:00-07:00,2.514171668399999,2.514171668399999,23.9742894022832,23.9742894022832,-21.4601177338832,-21.4601177338832,21.4601177338832,0.0,3.0044164827436486,0.0,3.0044164827436486
2024-01-22 00:00:00-07:00,6.590302276499999,6.590302276499999,24.29515935308394,24.29515935308394,-17.70485707658394,-17.70485707658394,18.28798992649629,0.5831328499123501,2.560318589709481,0.040819299493864515,2.5194992902156166
2024-01-23 00:00:00-07:00,8.1798591231,8.1798591231,25.81792535006978,25.81792535006978,-17.63806622696978,-17.63806622696978,18.897456286691487,1.2593900597217076,2.6456438801368085,0.08815730418051954,2.557486575956289
2024-01-24 00:00:00-07:00,7.9653743442,7.9653743442,23.246873964017393,23.246873964017393,-15.281499619817392,-15.281499619817392,16.703474425313015,1.4219748054956212,2.3384864195438224,0.09953823638469349,2.238948183159129
2024-01-25 00:00:00-07:00,8.210652701399999,8.210652701399999,24.650425424393806,24.650425424393806,-16.439772722993805,-16.439772722993805,17.746070607041407,1.3062978840476023,2.484449884985797,0.09144085188333217,2.393009033102465
2024-01-26 00:00:00-07:00,7.1073130671,7.1073130671,24.971184987663715,24.971184987663715,-17.863871920563717,-17.863871920563717,19.028094622067936,1.1642227015042184,2.663933247089511,0.0814955891052953,2.582437657984216
2024-01-27 00:00:00-07:00,8.608873311899998,8.608873311899998,26.04984655436644,26.04984655436644,-17.440973242466438,-17.440973242466438,18.8369026500692,1.3959294076027589,2.637166371009688,0.09771505853219313,2.5394513124774947
2024-01-28 00:00:00-07:00,8.2666815111,8.2666815111,28.580555594672422,28.580555594672422,-20.313874083572422,-20.313874083572422,21.288873829920476,0.9749997463480542,2.980442336188867,0.0682499822443638,2.912192353944503
2024-01-29 00:00:00-07:00,7.903933716599999,7.903933716599999,22.09029719760518,22.09029719760518,-14.186363481005182,-14.186363481005182,15.63793975284554,1.4515762718403582,2.1893115653983757,0.10161033902882509,2.0877012263695507
2024-01-30 00:00:00-07:00,8.4761631225,8.4761631225,25.45334510305966,25.45334510305966,-16.977181980559664,-16.977181980559664,18.295071361795987,1.3178893812363264,2.5613099906514383,0.09225225668654286,2.4690577339648954
2024-01-31 00:00:00-07:00,7.0144557066,7.0144557066,22.785022046253022,22.785022046253022,-15.770566339653023,-15.770566339653023,16.72741626460334,0.9568499249503197,2.341838277044468,0.06697949474652239,2.2748587822979456
2024-02-01 00:00:00-07:00,8.294499662399998,8.294499662399998,21.810011443893796,21.810011443893796,-13.515511781493798,-13.515511781493798,15.060120626923338,1.5446088454295388,2.1084168877692675,0.10812261918006773,2.0002942685891996
2024-02-02 00:00:00-07:00,3.5096125634999997,3.5096125634999997,26.0644591213629,26.0644591213629,-22.554846557862902,-22.554846557862902,22.839451329457116,0.2846047715942118,3.1975231861239966,0.01992233401159483,3.1776008521124015
2024-02-03 00:00:00-07:00,4.7712259386,4.7712259386,28.545034235613688,28.545034235613688,-23.773808297013687,-23.773808297013687,24.353972461290056,0.5801641642763684,3.409556144580608,0.04061149149934579,3.3689446530812623
2024-02-04 00:00:00-07:00,1.5049946123999998,1.5049946123999998,28.07973443118034,28.07973443118034,-26.574739818780344,-26.574739818780344,26.574739818780344,0.0,3.7204635746292487,0.0,3.7204635746292487
2024-02-05 00:00:00-07:00,8.8907162544,8.8907162544,22.261187819703068,22.261187819703068,-13.37047156530307,-13.37047156530307,15.30758206474189,1.9371104994388213,2.143061489063865,0.1355977349607175,2.0074637541031475
2024-02-06 00:00:00-07:00,1.8636781778999993,1.8636781778999993,23.356225283236014,23.356225283236014,-21.492547105336016,-21.492547105336016,21.492547105336016,0.0,3.0089565947470422,0.0,3.0089565947470422
2024-02-07 00:00:00-07:00,5.7869996643,5.7869996643,26.091676904916262,26.091676904916262,-20.304677240616265,-20.304677240616265,20.337331852016558,0.03265461140029552,2.8472264592823184,0.0022858227980206867,2.844940636484298
2024-02-08 00:00:00-07:00,8.5448289717,8.5448289717,25.944488202765783,25.944488202765783,-17.399659231065783,-17.399659231065783,18.96034792862076,1.5606886975549772,2.6544487100069065,0.10924820882884842,2.545200501178058
2024-02-09 00:00:00-07:00,6.8474334744,6.8474334744,25.021464331714014,25.021464331714014,-18.174030857314015,-18.174030857314015,19.49747377994098,1.3234429226269633,2.729646329191737,0.09264100458388744,2.6370053246078498
2024-02-10 00:00:00-07:00,1.6532460935999997,1.6532460935999997,29.26357384717623,29.26357384717623,-27.61032775357623,-27.61032775357623,27.61032775357623,0.0,3.8654458855006726,0.0,3.8654458855006726
2024-02-11 00:00:00-07:00,8.2378272078,8.2378272078,24.655256167137136,24.655256167137136,-16.417428959337137,-16.417428959337137,18.009432189697566,1.5920032303604292,2.5213205065576596,0.11144022612523005,2.4098802804324295
2024-02-12 00:00:00-07:00,8.6930136198,8.6930136198,23.054570534423707,23.054570534423707,-14.361556914623709,-14.361556914623709,16.210484042126428,1.8489271275027184,2.2694677658977,0.1294248989251903,2.1400428669725096
2024-02-13 00:00:00-07:00,9.3669189615,9.3669189615,25.21678721392541,25.21678721392541,-15.849868252425411,-15.849868252425411,17.67624209507949,1.8263738426540814,2.474673893311129,0.1278461689857857,2.3468277243253435
2024-02-14 00:00:00-07:00,7.861143263399999,7.861143263399999,25.15922072996215,25.15922072996215,-17.29807746656215,-17.29807746656215,18.675604600673093,1.377527134110944,2.6145846440942333,0.0964268993877661,2.518157744706467
2024-02-15 00:00:00-07:00,7.6643336051999995,7.6643336051999995,24.18225231877096,24.18225231877096,-16.51791871357096,-16.51791871357096,17.820792547332008,1.3028738337610495,2.4949109566264815,0.09120116836327347,2.403709788263208
2024-02-16 00:00:00-07:00,2.277756331199999,2.277756331199999,26.16200390716739,26.16200390716739,-23.88424757596739,-23.88424757596739,23.88424757596739,0.0,3.3437946606354347,0.0,3.3437946606354347
2024-02-17 00:00:00-07:00,9.878001138,9.878001138,25.713229861610873,25.713229861610873,-15.835228723610875,-15.835228723610875,17.851875193251974,2.016646469641099,2.4992625270552766,0.14116525287487694,2.3580972741803996
2024-02-18 00:00:00-07:00,8.436835046699999,8.436835046699999,26.966506605208032,26.966506605208032,-18.529671558508035,-18.529671558508035,19.63047877965448,1.1008072211464475,2.7482670291516276,0.07705650548025134,2.6712105236713763
2024-02-19 00:00:00-07:00,9.4611963087,9.4611963087,25.918447719477264,25.918447719477264,-16.457251410777264,-16.457251410777264,18.162381306868692,1.705129896091426,2.542733382961617,0.11935909272639983,2.4233742902352176
2024-02-20 00:00:00-07:00,8.6504528745,8.6504528745,24.702182030953473,24.702182030953473,-16.051729156453476,-16.051729156453476,17.354497534703906,1.3027683782504316,2.429629654858547,0.09119378647753022,2.338435868381017
2024-02-21 00:00:00-07:00,5.703487497899999,5.703487497899999,26.286635532951156,26.286635532951156,-20.583148035051156,-20.583148035051156,20.63855391959753,0.055405884546373074,2.8893975487436547,0.0038784119182461154,2.8855191368254087
2024-02-22 00:00:00-07:00,8.0695708704,8.0695708704,26.219149739127413,26.219149739127413,-18.149578868727414,-18.149578868727414,19.024143125270214,0.8745642565427991,2.6633800375378303,0.061219497957995944,2.602160539579834
2024-02-23 00:00:00-07:00,9.2522987073,9.2522987073,22.900868276981544,22.900868276981544,-13.648569569681545,-13.648569569681545,15.483319116569715,1.834749546888171,2.1676646763197605,0.12843246828217197,2.0392322080375886
2024-02-24 00:00:00-07:00,9.1606174479,9.1606174479,27.963651312959385,27.963651312959385,-18.803033865059387,-18.803033865059387,20.05800524255581,1.2549713774964264,2.808120733957814,0.08784799642474986,2.720272737533064
2024-02-25 00:00:00-07:00,8.302860138824999,8.302860138824999,27.430333283864947,27.430333283864947,-19.12747314503995,-19.12747314503995,20.429193223066054,1.3017200780261053,2.860087051229248,0.09112040546182738,2.7689666457674207
2024-02-26 00:00:00-07:00,8.069742163125,8.069742163125,24.755654369466374,24.755654369466374,-16.685912206341378,-16.685912206341378,18.021260398485172,1.3353481921437944,2.522976455787924,0.09347437345006562,2.4295020823378586
2024-02-27 00:00:00-07:00,3.1359919385249992,3.1359919385249992,25.766391979604897,25.766391979604897,-22.6304000410799,-22.6304000410799,22.6304000410799,0.0,3.168256005751186,0.0,3.168256005751186
2024-02-28 00:00:00-07:00,8.9918463042,8.9918463042,25.362283375900287,25.362283375900287,-16.370437071700287,-16.370437071700287,17.917501531651173,1.547064459950886,2.5084502144311642,0.10829451219656204,2.4001557022346023
2024-02-29 00:00:00-07:00,8.644906126124999,8.644906126124999,24.699507322688643,24.699507322688643,-16.05460119656364,-16.05460119656364,17.61981617381865,1.5652149772550044,2.466774264334611,0.10956504840785032,2.3572092159267606
2024-03-01 00:00:00-07:00,8.9242363548,8.9242363548,24.209309577101568,24.209309577101568,-15.285073222301568,-15.285073222301568,17.064993862573317,1.7799206402717473,2.3890991407602646,0.12459444481902232,2.2645046959412425
2024-03-02 00:00:00-07:00,8.842909492124999,8.842909492124999,25.45187415255829,25.45187415255829,-16.60896466043329,-16.60896466043329,18.274141559931902,1.6651768994986105,2.5583798183904665,0.11656238296490275,2.4418174354255635
2024-03-03 00:00:00-07:00,8.843320167524999,8.843320167524999,25.32278533649905,25.32278533649905,-16.47946516897405,-16.47946516897405,18.038519753468183,1.559054584494133,2.5253927654855457,0.10913382091458933,2.4162589445709566
2024-03-04 00:00:00-07:00,9.526033919024998,9.526033919024998,22.836182005356996,22.836182005356996,-13.310148086331997,-13.310148086331997,15.443666605235032,2.133518518903034,2.1621133247329047,0.1493462963232124,2.0127670284096926
2024-03-05 00:00:00-07:00,7.116316545824999,7.116316545824999,24.853216682330306,24.853216682330306,-17.73690013650531,-17.73690013650531,18.47812528034227,0.7412251438369613,2.5869375392479177,0.05188576006858729,2.5350517791793306
2024-03-06 00:00:00-07:00,9.225914668424998,9.225914668424998,22.286631098916356,22.286631098916356,-13.060716430491357,-13.060716430491357,15.21470004769467,2.153983617203312,2.130058006677254,0.15077885320423187,1.979279153473022
2024-03-07 00:00:00-07:00,0.9093806009999993,0.9093806009999993,25.646009051659135,25.646009051659135,-24.736628450659136,-24.736628450659136,24.736628450659136,0.0,3.463127983092279,0.0,3.463127983092279
2024-03-08 00:00:00-07:00,3.5352329384249996,3.5352329384249996,24.837832004841847,24.837832004841847,-21.302599066416846,-21.302599066416846,21.302599066416846,0.0,2.982363869298359,0.0,2.982363869298359
2024-03-09 00:00:00-07:00,9.855675089099998,9.855675089099998,24.20758619013186,24.20758619013186,-14.351911101031861,-14.351911101031861,16.515821315268937,2.1639102142370756,2.3122149841376514,0.15147371499659532,2.160741269141056
2024-03-10 00:00:00-07:00,9.531373965524999,9.531373965524999,27.741570581209366,27.741570581209366,-18.210196615684367,-18.210196615684367,20.624688614962135,2.414491999277769,2.887456406094699,0.16901443994944385,2.7184419661452552
2024-03-11 00:00:00-06:00,6.765582564,6.765582564,23.24341302464643,23.24341302464643,-16.47783046064643,-16.47783046064643,17.32281516930612,0.8449847086596924,2.425194123702857,0.05914892960617848,2.3660451940966785
2024-03-12 00:00:00-06:00,7.932766616999999,7.932766616999999,25.806354335435007,25.806354335435007,-17.873587718435008,-17.873587718435008,19.071851328741044,1.1982636103060376,2.6700591860237464,0.08387845272142264,2.586180733302324
2024-03-13 00:00:00-06:00,5.052635382599999,5.052635382599999,25.46825592449958,25.46825592449958,-20.41562054189958,-20.41562054189958,21.151576111921244,0.7359555700216621,2.9612206556689746,0.05151688990151635,2.9097037657674583
2024-03-14 00:00:00-06:00,2.213006213699999,2.213006213699999,22.20327755181904,22.20327755181904,-19.99027133811904,-19.99027133811904,19.99027133811904,0.0,2.798637987336666,0.0,2.798637987336666
2024-03-15 00:00:00-06:00,4.416420939299999,4.416420939299999,26.106867721293014,26.106867721293014,-21.690446781993014,-21.690446781993014,22.57167641572198,0.8812296337289641,3.160034698201078,0.06168607436102749,3.0983486238400504
2024-03-16 00:00:00-06:00,9.5111323983,9.5111323983,26.773751995862003,26.773751995862003,-17.262619597562004,-17.262619597562004,19.781315495454564,2.518695897892561,2.769384169363639,0.1763087128524793,2.59307545651116
2024-03-17 00:00:00-06:00,5.438331443699999,5.438331443699999,26.254489621806073,26.254489621806073,-20.816158178106072,-20.816158178106072,20.816158178106072,0.0,2.9142621449348503,0.0,2.9142621449348503
2024-03-18 00:00:00-06:00,9.534490618724998,9.534490618724998,24.258757344822556,24.258757344822556,-14.724266726097557,-14.724266726097557,17.565082882117405,2.8408161560198466,2.459111603496437,0.1988571309213893,2.2602544725750477
2024-03-19 00:00:00-06:00,9.332335476225,9.332335476225,23.473621460183303,23.473621460183303,-14.141285983958303,-14.141285983958303,16.908093189093655,2.766807205135353,2.367133046473112,0.19367650435947473,2.1734565421136374
2024-03-20 00:00:00-06:00,8.975244584699999,8.975244584699999,22.05940737585604,22.05940737585604,-13.08416279115604,-13.08416279115604,16.00508345961068,2.920920668454641,2.2407116843454955,0.2044644467918249,2.0362472375536704
2024-03-21 00:00:00-06:00,8.843673149999999,8.843673149999999,23.030634780662286,23.030634780662286,-14.186961630662285,-14.186961630662285,16.610746404485013,2.4237847738227294,2.325504496627902,0.16966493416759107,2.155839562460311
2024-03-22 00:00:00-06:00,9.666775900349998,9.666775900349998,24.13607296501307,24.13607296501307,-14.469297064663074,-14.469297064663074,17.453141915511765,2.9838448508486897,2.443439868171647,0.2088691395594083,2.2345707286122387
2024-03-23 00:00:00-06:00,7.3437728044499995,7.3437728044499995,28.5401871443562,28.5401871443562,-21.196414339906198,-21.196414339906198,22.565401983640903,1.368987643734702,3.1591562777097266,0.09582913506142915,3.0633271426482973
2024-03-24 00:00:00-06:00,6.68656748925,6.68656748925,26.63671159247429,26.63671159247429,-19.95014410322429,-19.95014410322429,20.54375439358206,0.5936102903577691,2.8761256151014885,0.04155272032504384,2.8345728947764446
2024-03-25 00:00:00-06:00,4.096105144649999,4.096105144649999,24.00751852792025,24.00751852792025,-19.91141338327025,-19.91141338327025,20.2762470808628,0.3648336975925477,2.838674591320792,0.02553835883147834,2.8131362324893137
2024-03-26 00:00:00-06:00,9.021129144075,9.021129144075,26.13523720109298,26.13523720109298,-17.11410805701798,-17.11410805701798,19.934182459319132,2.8200744023011493,2.7907855443046787,0.19740520816108045,2.593380336143598
2024-03-27 00:00:00-06:00,8.670891804299998,8.670891804299998,25.830545372062375,25.830545372062375,-17.159653567762376,-17.159653567762376,19.465108320810092,2.305454753047715,2.7251151649134133,0.16138183271334006,2.5637333322000733
2024-03-28 00:00:00-06:00,8.238414382199998,8.238414382199998,24.505315898218868,24.505315898218868,-16.26690151601887,-16.26690151601887,18.14004914612714,1.8731476301082701,2.5396068804578,0.13112033410757892,2.408486546350221
2024-03-29 00:00:00-06:00,9.3909472902,9.3909472902,22.135064841179727,22.135064841179727,-12.744117550979727,-12.744117550979727,15.688039795351182,2.9439222443714543,2.1963255713491656,0.2060745571060018,1.9902510142431638
2024-03-30 00:00:00-06:00,9.508213050299998,9.508213050299998,28.507531342106923,28.507531342106923,-18.999318291806926,-18.999318291806926,21.38519244748865,2.3858741556817242,2.993926942648411,0.1670111908977207,2.82691575175069
2024-03-31 00:00:00-06:00,7.774897873499999,7.774897873499999,24.412760696380953,24.412760696380953,-16.637862822880955,-16.637862822880955,18.386348492824272,1.7484856699433202,2.5740887889953985,0.12239399689603243,2.451694792099366
2024-04-01 00:00:00-06:00,5.363079344099999,5.363079344099999,26.838525472820862,26.838525472820862,-21.475446128720865,-21.475446128720865,22.619940541136387,1.1444944124155252,3.1667916757590944,0.08011460886908676,3.0866770668900076
2024-04-02 00:00:00-06:00,9.5606500068,9.5606500068,23.13608201167168,23.13608201167168,-13.57543200487168,-13.57543200487168,16.360339380921285,2.7849073760496075,2.29044751332898,0.19494351632347254,2.0955039970055074
2024-04-03 00:00:00-06:00,9.45420818625,9.45420818625,23.09534329292599,23.09534329292599,-13.64113510667599,-13.64113510667599,16.44642799747713,2.80529289080114,2.3024999196467983,0.19637050235607983,2.1061294172907186
2024-04-04 00:00:00-06:00,9.3110148054,9.3110148054,22.50310192031342,22.50310192031342,-13.192087114913418,-13.192087114913418,16.00905435152894,2.816967236615521,2.2412676092140518,0.19718770656308648,2.0440799026509655
2024-04-05 00:00:00-06:00,6.537881586149999,6.537881586149999,23.2318965710135,23.2318965710135,-16.6940149848635,-16.6940149848635,17.867072480783005,1.173057495919506,2.5013901473096207,0.08211402471436542,2.4192761225952553
2024-04-06 00:00:00-06:00,4.5574796083499995,4.5574796083499995,26.06994759301029,26.06994759301029,-21.51246798466029,-21.51246798466029,21.51246798466029,0.0,3.011745517852441,0.0,3.011745517852441
2024-04-07 00:00:00-06:00,10.246570386299998,10.246570386299998,24.340927194650398,24.340927194650398,-14.094356808350401,-14.094356808350401,17.319097978072538,3.2247411697221375,2.4246737169301555,0.22573188188054966,2.198941835049606
2024-04-08 00:00:00-06:00,8.322372585899998,8.322372585899998,24.256673647857205,24.256673647857205,-15.934301061957207,-15.934301061957207,18.40092753259013,2.4666264706329253,2.576129854562619,0.17266385294430478,2.403466001618314
2024-04-09 00:00:00-06:00,10.121117281199998,10.121117281199998,22.83821071577635,22.83821071577635,-12.71709343457635,-12.71709343457635,16.077310871055204,3.3602174364788535,2.2508235219477286,0.23521522055351976,2.015608301394209
2024-04-10 00:00:00-06:00,7.9763830137,7.9763830137,27.348438803699295,27.348438803699295,-19.372055789999298,-19.372055789999298,20.7527588509451,1.3807030609458022,2.905386239132314,0.09664921426620617,2.8087370248661077
2024-04-11 00:00:00-06:00,10.2613297851,10.2613297851,23.968871305379977,23.968871305379977,-13.707541520279976,-13.707541520279976,16.815568748178347,3.1080272278983707,2.354179624744969,0.21756190595288596,2.136617718792083
2024-04-12 00:00:00-06:00,9.953959498199998,9.953959498199998,23.398559818559296,23.398559818559296,-13.444600320359298,-13.444600320359298,16.555779859248627,3.111179538889331,2.317809180294808,0.21778256772225318,2.1000266125725546
2024-04-13 00:00:00-06:00,9.551058548399999,9.551058548399999,25.46800591085666,25.46800591085666,-15.91694736245666,-15.91694736245666,18.604370396697853,2.687423034241192,2.6046118555376996,0.18811961239688346,2.4164922431408162
2024-04-14 00:00:00-06:00,9.563769424799998,9.563769424799998,28.011587804083245,28.011587804083245,-18.447818379283245,-18.447818379283245,20.865280674497832,2.4174622952145857,2.9211392944296968,0.16922236066502103,2.751916933764676
2024-04-15 00:00:00-06:00,8.832792868199999,8.832792868199999,25.406367736780865,25.406367736780865,-16.573574868580867,-16.573574868580867,18.646208971535152,2.072634102954285,2.6104692560149214,0.14508438720679995,2.4653848688081217
2024-04-16 00:00:00-06:00,7.950076838099999,7.950076838099999,26.177909910597375,26.177909910597375,-18.227833072497376,-18.227833072497376,20.56689211389811,2.339059041400734,2.8793648959457356,0.16373413289805142,2.715630763047684
2024-04-17 00:00:00-06:00,9.440034618599999,9.440034618599999,23.54895807437032,23.54895807437032,-14.10892345577032,-14.10892345577032,16.739125403240074,2.6302019474697524,2.3434775564536108,0.18411413632288268,2.159363420130728
2024-04-18 00:00:00-06:00,3.747767710499999,3.747767710499999,23.69524816839858,23.69524816839858,-19.947480457898585,-19.947480457898585,20.172230571267196,0.2247501133686125,2.824112279977408,0.015732507935802876,2.808379772041605
2024-04-19 00:00:00-06:00,2.698177694399999,2.698177694399999,22.15044217458682,22.15044217458682,-19.452264480186823,-19.452264480186823,19.484036567276558,0.03177208708973628,2.7277651194187182,0.0022240460962815395,2.725541073322437
2024-04-20 00:00:00-06:00,1.8682831493999992,1.8682831493999992,23.82644199233324,23.82644199233324,-21.95815884293324,-21.95815884293324,21.95815884293324,0.0,3.074142238010654,0.0,3.074142238010654
2024-04-21 00:00:00-06:00,9.3550408461,9.3550408461,26.929214928163912,26.929214928163912,-17.574174082063916,-17.574174082063916,20.16313091839441,2.5889568363304933,2.822838328575217,0.18122697854313455,2.6416113500320826
2024-04-22 00:00:00-06:00,6.2384078987999985,6.2384078987999985,26.582065158717203,26.582065158717203,-20.3436572599172,-20.3436572599172,20.769844471139667,0.42618721122246406,2.9077782259595537,0.029833104785572488,2.877945121173981
2024-04-23 00:00:00-06:00,9.7936696485,9.7936696485,23.85138322096429,23.85138322096429,-14.057713572464289,-14.057713572464289,16.915412082718028,2.8576985102537384,2.368157691580524,0.2000388957177617,2.168118795862762
2024-04-24 00:00:00-06:00,9.8085887415,9.8085887415,24.42508422666881,24.42508422666881,-14.616495485168812,-14.616495485168812,17.638904649394092,3.0224091642252793,2.4694466509151733,0.21156864149576957,2.2578780094194038
2024-04-25 00:00:00-06:00,7.574915420999999,7.574915420999999,25.83772336440789,25.83772336440789,-18.262807943407893,-18.262807943407893,19.201143346325505,0.9383354029176149,2.688160068485571,0.06568347820423305,2.622476590281338
2024-04-26 00:00:00-06:00,8.4499744131,8.4499744131,22.88686262398804,22.88686262398804,-14.436888210888041,-14.436888210888041,17.014925496469978,2.5780372855819365,2.3820895695057973,0.18046260999073557,2.2016269595150617
2024-04-27 00:00:00-06:00,1.992242322899999,1.992242322899999,29.57729435238876,29.57729435238876,-27.585052029488757,-27.585052029488757,27.585052029488757,0.0,3.8619072841284265,0.0,3.8619072841284265
2024-04-28 00:00:00-06:00,7.2975633668999995,7.2975633668999995,26.40172486930509,26.40172486930509,-19.10416150240509,-19.10416150240509,21.2487518178053,2.1445903154002073,2.974825254492742,0.1501213220780145,2.8247039324147276
2024-04-29 00:00:00-06:00,8.470063979099999,8.470063979099999,23.58134473441735,23.58134473441735,-15.111280755317352,-15.111280755317352,17.353514088020532,2.24223333270318,2.4294919723228747,0.1569563332892226,2.272535639033652
2024-04-30 00:00:00-06:00,9.542052304199999,9.542052304199999,24.30987725409968,24.30987725409968,-14.767824949899678,-14.767824949899678,17.609457389745575,2.8416324398458954,2.465324034564381,0.1989142707892127,2.2664097637751683
2024-05-01 00:00:00-06:00,8.076271571099998,8.076271571099998,23.427630922036172,23.427630922036172,-15.351359350936175,-15.351359350936175,18.02125439517525,2.669895044239076,2.5229756153245355,0.18689265309673533,2.3360829622278003
2024-05-02 00:00:00-06:00,10.124554408199998,10.124554408199998,23.241430080517528,23.241430080517528,-13.11687567231753,-13.11687567231753,16.336277485831815,3.219401813514287,2.287078848016454,0.2253581269460001,2.0617207210704542
2024-05-03 00:00:00-06:00,9.212518079099999,9.212518079099999,26.578757199200272,26.578757199200272,-17.366239120100275,-17.366239120100275,19.496484301483,2.1302451813827297,2.7295078022076202,0.1491171626967911,2.580390639510829
2024-05-04 00:00:00-06:00,10.203864977699999,10.203864977699999,25.45424252053616,25.45424252053616,-15.250377542836159,-15.250377542836159,18.31066628997274,3.0602887471365827,2.563493280596184,0.2142202122995608,2.349273068296623
2024-05-05 00:00:00-06:00,5.6938348223999995,5.6938348223999995,28.630280964874473,28.630280964874473,-22.936446142474473,-22.936446142474473,24.257432123622745,1.320985981148272,3.3960404973071845,0.09246901868037904,3.3035714786268056
2024-05-06 00:00:00-06:00,9.666411215399998,9.666411215399998,24.96911879121415,24.96911879121415,-15.30270757581415,-15.30270757581415,17.97653372863147,2.6738261528173193,2.516714722008406,0.18716783069721238,2.3295468913111934
2024-05-07 00:00:00-06:00,8.2937159307,8.2937159307,22.84705644505658,22.84705644505658,-14.553340514356583,-14.553340514356583,16.475416992412843,1.9220764780562596,2.3065583789377984,0.13454535346393817,2.17201302547386
2024-05-08 00:00:00-06:00,9.731785435199999,9.731785435199999,23.7214283323815,23.7214283323815,-13.9896428971815,-13.9896428971815,17.015074442511605,3.025431545330103,2.3821104219516247,0.21178020817310722,2.1703302137785174
2024-05-09 00:00:00-06:00,8.3000986281,8.3000986281,26.391117768932368,26.391117768932368,-18.09101914083237,-18.09101914083237,19.43017529635442,1.339156155522052,2.720224541489619,0.09374093088654364,2.626483610603075
2024-05-10 00:00:00-06:00,7.211168245799999,7.211168245799999,24.119810194522326,24.119810194522326,-16.908641948722327,-16.908641948722327,19.107432764714318,2.1987908159919907,2.6750405870600047,0.15391535711943935,2.5211252299405653
2024-05-11 00:00:00-06:00,5.375643526799999,5.375643526799999,26.304683097219744,26.304683097219744,-20.929039570419746,-20.929039570419746,21.350159952474982,0.42112038205523666,2.989022393346498,0.029478426743866568,2.9595439666026313
2024-05-12 00:00:00-06:00,5.333630206499999,5.333630206499999,29.161691192690792,29.161691192690792,-23.828060986190792,-23.828060986190792,24.016385472221025,0.18832448603023222,3.362293966110944,0.013182714022116257,3.3491112520888278
2024-05-13 00:00:00-06:00,9.4306382757,9.4306382757,22.008843084896508,22.008843084896508,-12.578204809196508,-12.578204809196508,15.518528885450769,2.9403240762542606,2.172594043963108,0.20582268533779827,1.9667713586253097
2024-05-14 00:00:00-06:00,6.786859242276862,6.786859242276862,24.0064498933478,24.0064498933478,-17.219590651070938,-17.219590651070938,17.873099157184882,0.6535085061139477,2.502233882005884,0.04574559542797635,2.4564882865779074
2024-05-15 00:00:00-06:00,7.871508003149999,7.871508003149999,23.46371509728305,23.46371509728305,-15.592207094133052,-15.592207094133052,17.236088945093922,1.643881850960872,2.413052452313149,0.11507172956726104,2.297980722745888
2024-05-16 00:00:00-06:00,9.096716954249999,9.096716954249999,25.21973915090655,25.21973915090655,-16.123022196656546,-16.123022196656546,18.40320945837824,2.2801872617216894,2.5764493241729536,0.15961310832051828,2.4168362158524355
2024-05-17 00:00:00-06:00,9.179926809749999,9.179926809749999,24.396281330712725,24.396281330712725,-15.216354520962728,-15.216354520962728,17.741197883260494,2.524843362297766,2.4837677036564694,0.17673903536084365,2.307028668295626
2024-05-18 00:00:00-06:00,9.259029268649998,9.259029268649998,27.085022094634496,27.085022094634496,-17.8259928259845,-17.8259928259845,20.19205505561723,2.3660622296327336,2.8268877077864127,0.16562435607429138,2.6612633517121216
2024-05-19 00:00:00-06:00,5.673268019249998,5.673268019249998,27.209978932278933,27.209978932278933,-21.536710913028934,-21.536710913028934,21.873298464885718,0.33658755185678374,3.062261785084001,0.023561128629974865,3.0387006564540258
2024-05-20 00:00:00-06:00,9.3546766674,9.3546766674,24.927250213583978,24.927250213583978,-15.572573546183976,-15.572573546183976,18.069154954800503,2.4965814086165263,2.5296816936720705,0.17476069860315685,2.354920995068914
2024-05-21 00:00:00-06:00,7.2824937691499985,7.2824937691499985,24.734342972714316,24.734342972714316,-17.451849203564315,-17.451849203564315,19.301152018061998,1.849302814497682,2.70216128252868,0.12945119701483776,2.572710085513842
2024-05-22 00:00:00-06:00,9.297915712199998,9.297915712199998,23.58239272846167,23.58239272846167,-14.284477016261672,-14.284477016261672,17.340236642604477,3.0557596263428044,2.427633129964627,0.21390317384399632,2.213729956120631
2024-05-23 00:00:00-06:00,8.947903119749999,8.947903119749999,25.96764550565229,25.96764550565229,-17.01974238590229,-17.01974238590229,19.568726683075628,2.548984297173339,2.739621735630588,0.17842890080213375,2.5611928348284545
2024-05-24 00:00:00-06:00,9.307048633649998,9.307048633649998,25.601360066830733,25.601360066830733,-16.294311433180734,-16.294311433180734,19.093096147294954,2.798784714114222,2.6730334606212938,0.19591492998799556,2.477118530633298
2024-05-25 00:00:00-06:00,6.3170748206999985,6.3170748206999985,24.67118742312495,24.67118742312495,-18.354112602424955,-18.354112602424955,19.921075897922428,1.5669632954974728,2.7889506257091403,0.1096874306848231,2.6792631950243173
2024-05-26 00:00:00-06:00,8.695530737999999,8.695530737999999,25.944624627350837,25.944624627350837,-17.24909388935084,-17.24909388935084,19.85294491109246,2.603851021741623,2.779412287552945,0.18226957152191361,2.597142716031031
2024-05-27 00:00:00-06:00,8.575264174949998,8.575264174949998,24.56447090142286,24.56447090142286,-15.989206726472863,-15.989206726472863,18.41341801670596,2.424211290233096,2.577878522338835,0.16969479031631673,2.4081837320225183
2024-05-28 00:00:00-06:00,7.414867145699999,7.414867145699999,25.55361572216663,25.55361572216663,-18.13874857646663,-18.13874857646663,20.003339309854184,1.8645907333875535,2.800467503379586,0.13052135133712875,2.669946152042457
2024-05-29 00:00:00-06:00,8.363192476499998,8.363192476499998,24.946185207735557,24.946185207735557,-16.58299273123556,-16.58299273123556,18.856374570762352,2.2733818395267935,2.6398924399067294,0.15913672876687557,2.480755711139854
2024-05-30 00:00:00-06:00,6.731436229649999,6.731436229649999,22.234701913656608,22.234701913656608,-15.503265684006609,-15.503265684006609,17.426962011176332,1.9236963271697258,2.439774681564687,0.13465874290188082,2.305115938662806
2024-05-31 00:00:00-06:00,8.017476615449999,8.017476615449999,24.87358018249403,24.87358018249403,-16.856103567044034,-16.856103567044034,18.98288848743542,2.1267849203913864,2.657604388240959,0.14887494442739707,2.508729443813562
2024-06-01 00:00:00-06:00,7.460814868199999,7.460814868199999,26.659947740320597,26.659947740320597,-19.199132872120597,-19.199132872120597,20.56764880877234,1.3685159366517452,2.879470833228128,0.09579611556562218,2.783674717662506
2024-06-02 00:00:00-06:00,7.5066769196999985,7.5066769196999985,25.800394172507342,25.800394172507342,-18.293717252807348,-18.293717252807348,20.182311265291965,1.8885940124846172,2.8255235771408755,0.13220158087392322,2.693321996266952
2024-06-03 00:00:00-06:00,8.6218375617,8.6218375617,22.991627492140488,22.991627492140488,-14.369789930440488,-14.369789930440488,17.047518773246136,2.677728842805646,2.3866526282544593,0.18744101899639523,2.199211609258064
2024-06-04 00:00:00-06:00,7.517799719549998,7.517799719549998,22.027662350795808,22.027662350795808,-14.50986263124581,-14.50986263124581,16.71234203029989,2.2024793990540825,2.339727884241985,0.1541735579337858,2.185554326308199
2024-06-05 00:00:00-06:00,8.59463743635,8.59463743635,25.27328714875765,25.27328714875765,-16.678649712407648,-16.678649712407648,19.1951411391718,2.5164914267641523,2.687319759484052,0.17615439987349069,2.5111653596105614
2024-06-06 00:00:00-06:00,8.817255029699998,8.817255029699998,23.039528815804328,23.039528815804328,-14.22227378610433,-14.22227378610433,16.95093155543127,2.72865776932694,2.373130417760378,0.19100604385288583,2.182124373907492
2024-06-07 00:00:00-06:00,6.580077020099999,6.580077020099999,24.84183021356831,24.84183021356831,-18.261753193468312,-18.261753193468312,19.055859063277953,0.7941058698096398,2.6678202688589137,0.05558741088667479,2.6122328579722387
2024-06-08 00:00:00-06:00,6.5968424149499985,6.5968424149499985,25.77808212388592,25.77808212388592,-19.181239708935923,-19.181239708935923,20.464939754581966,1.2837000456460435,2.8650915656414755,0.08985900319522305,2.7752325624462526
2024-06-09 00:00:00-06:00,5.650810956899999,5.650810956899999,29.13175780649747,29.13175780649747,-23.48094684959747,-23.48094684959747,24.34754292175753,0.8665960721600608,3.4086560090460543,0.06066172505120426,3.3479942839948498
2024-06-10 00:00:00-06:00,6.476823050399999,6.476823050399999,26.041531765993394,26.041531765993394,-19.564708715593397,-19.564708715593397,21.211421353691918,1.6467126380985229,2.969598989516869,0.11526988466689661,2.854329104849972
2024-06-11 00:00:00-06:00,8.542146078899998,8.542146078899998,24.67436403219473,24.67436403219473,-16.13221795329473,-16.13221795329473,18.34151351020248,2.209295556907748,2.5678118914283474,0.15465068898354237,2.413161202444805
2024-06-12 00:00:00-06:00,8.466460718399999,8.466460718399999,25.689480842889875,25.689480842889875,-17.223020124489878,-17.223020124489878,19.67598114389213,2.452961019402252,2.7546373601448986,0.17170727135815766,2.582930088786741
2024-06-13 00:00:00-06:00,6.4481038605,6.4481038605,23.3364900702024,23.3364900702024,-16.888386209702404,-16.888386209702404,18.274524002048057,1.386137792345654,2.5584333602867284,0.09702964546419579,2.4614037148225325
2024-06-14 00:00:00-06:00,6.896333995199999,6.896333995199999,24.377990672969865,24.377990672969865,-17.481656677769866,-17.481656677769866,19.020493199944998,1.5388365221751317,2.6628690479923,0.10771855655225923,2.555150491440041
2024-06-15 00:00:00-06:00,8.5369847886,8.5369847886,28.513008009686303,28.513008009686303,-19.9760232210863,-19.9760232210863,22.0401303843918,2.0641071633055015,3.0856182538148524,0.1444875014313851,2.9411307523834673
2024-06-16 00:00:00-06:00,8.359386918299998,8.359386918299998,24.88928898497691,24.88928898497691,-16.529902066676915,-16.529902066676915,18.933794485545928,2.403892418869014,2.65073122797643,0.168272469320831,2.482458758655599
2024-06-17 00:00:00-06:00,7.859965110299999,7.859965110299999,23.136981908843268,23.136981908843268,-15.27701679854327,-15.27701679854327,17.48144393944905,2.2044271409057803,2.4474021515228674,0.15430989986340463,2.2930922516594627
2024-06-18 00:00:00-06:00,8.508558402899999,8.508558402899999,23.23822500283221,23.23822500283221,-14.72966659993221,-14.72966659993221,17.369881030962752,2.640214431030541,2.4317833443347854,0.1848150101721379,2.2469683341626476
2024-06-19 00:00:00-06:00,2.680176491999999,2.680176491999999,24.971831424477866,24.971831424477866,-22.29165493247787,-22.29165493247787,22.29165493247787,0.0,3.120831690546902,0.0,3.120831690546902
2024-06-20 00:00:00-06:00,8.266128278399998,8.266128278399998,25.472975469849526,25.472975469849526,-17.206847191449526,-17.206847191449526,19.454796664132015,2.2479494726824867,2.723671532978482,0.1573564630877741,2.5663150698907082
2024-06-21 00:00:00-06:00,7.4684985201,7.4684985201,27.13790884131138,27.13790884131138,-19.66941032121138,-19.66941032121138,21.097850569196172,1.4284402479847924,2.9536990796874645,0.09999081735893547,2.853708262328529
2024-06-22 00:00:00-06:00,6.637620424499999,6.637620424499999,28.925625683903583,28.925625683903583,-22.288005259403583,-22.288005259403583,22.851463919490527,0.5634586600869445,3.1992049487286742,0.03944210620608612,3.1597628425225883
2024-06-23 00:00:00-06:00,8.348105338199998,8.348105338199998,24.77043377668967,24.77043377668967,-16.42232843848967,-16.42232843848967,18.70505593334075,2.282727494851077,2.618707830667705,0.1597909246395754,2.4589169060281297
2024-06-24 00:00:00-06:00,6.964175393999999,6.964175393999999,23.08614080407072,23.08614080407072,-16.12196541007072,-16.12196541007072,17.75120110157417,1.6292356915034514,2.4851681542203843,0.11404649840524161,2.3711216558151427
2024-06-25 00:00:00-06:00,8.4563082945,8.4563082945,26.29709403619282,26.29709403619282,-17.840785741692823,-17.840785741692823,20.256754481262906,2.4159687395700833,2.835945627376807,0.16911781176990584,2.666827815606901
2024-06-26 00:00:00-06:00,8.540376971399999,8.540376971399999,23.141113173190767,23.141113173190767,-14.600736201790768,-14.600736201790768,17.209792035861753,2.6090558340709844,2.4093708850206457,0.18263390838496893,2.2267369766356766
2024-06-27 00:00:00-06:00,5.6979923984999985,5.6979923984999985,23.20709363966901,23.20709363966901,-17.509101241169013,-17.509101241169013,18.96718782805358,1.458086586884567,2.6554062959275013,0.10206606108191969,2.5533402348455816
2024-06-28 00:00:00-06:00,8.4720517677,8.4720517677,23.24587291312338,23.24587291312338,-14.773821145423382,-14.773821145423382,17.34068770829994,2.566866562876559,2.427696279161992,0.17968065940135913,2.2480156197606327
2024-06-29 00:00:00-06:00,8.727183067499999,8.727183067499999,25.628235165166302,25.628235165166302,-16.901052097666305,-16.901052097666305,19.500665575462815,2.5996134777965083,2.7300931805647943,0.1819729434457556,2.5481202371190386
2024-06-30 00:00:00-06:00,5.436898623899999,5.436898623899999,24.47802545001104,24.47802545001104,-19.04112682611104,-19.04112682611104,20.39452116668099,1.3533943405699491,2.8552329633353386,0.09473760383989645,2.760495359495442
2024-07-01 00:00:00-06:00,7.642036840499999,7.642036840499999,25.037905437792396,25.037905437792396,-17.395868597292395,-17.395868597292395,19.156569955575854,1.7607013582834572,2.6819197937806196,0.12324909507984201,2.5586706987007775
2024-07-02 00:00:00-06:00,7.184505678299998,7.184505678299998,26.28292958880736,26.28292958880736,-19.09842391050736,-19.09842391050736,20.561800780781443,1.4633768702740808,2.878652109309402,0.10243638091918567,2.7762157283902167
2024-07-03 00:00:00-06:00,8.161329611699998,8.161329611699998,24.71788449966134,24.71788449966134,-16.55655488796134,-16.55655488796134,18.959327264685978,2.402772376724636,2.654305817056037,0.16819406637072454,2.4861117506853123
2024-07-04 00:00:00-06:00,8.9415385812,8.9415385812,26.144452869078897,26.144452869078897,-17.2029142878789,-17.2029142878789,19.729506439723465,2.5265921518445658,2.7621309015612856,0.17686145062911962,2.585269450932166
2024-07-05 00:00:00-06:00,7.324009302599999,7.324009302599999,22.427890320387373,22.427890320387373,-15.103881017787376,-15.103881017787376,17.798822400659244,2.6949413828718694,2.4918351360922943,0.18864589680103086,2.3031892392912634
2024-07-06 00:00:00-06:00,8.581468792499999,8.581468792499999,27.756467392207664,27.756467392207664,-19.174998599707667,-19.174998599707667,21.483727738210177,2.3087291385025104,3.0077218833494253,0.16161103969517573,2.8461108436542495
2024-07-07 00:00:00-06:00,3.759468341399999,3.759468341399999,26.656784041384768,26.656784041384768,-22.89731569998477,-22.89731569998477,23.60638552478104,0.709069824796271,3.304893973469346,0.04963488773573897,3.255259085733607
2024-07-08 00:00:00-06:00,8.6109029667,8.6109029667,24.96366781095515,24.96366781095515,-16.35276484425515,-16.35276484425515,18.777406297471252,2.4246414532160987,2.6288368816459755,0.16972490172512691,2.4591119799208485
2024-07-09 00:00:00-06:00,8.115135970499999,8.115135970499999,23.544792787887076,23.544792787887076,-15.429656817387077,-15.429656817387077,17.974579251121593,2.544922433734518,2.516441095157023,0.1781445703614163,2.3382965247956067
2024-07-10 00:00:00-06:00,8.6073212277,8.6073212277,23.530788603047622,23.530788603047622,-14.923467375347624,-14.923467375347624,17.546624461755705,2.6231570864080824,2.456527424645799,0.1836209960485658,2.272906428597233
2024-07-11 00:00:00-06:00,8.423795612699998,8.423795612699998,23.24999530746046,23.24999530746046,-14.826199694760463,-14.826199694760463,17.51131239822622,2.685112703465758,2.451583735751671,0.18795788924260307,2.263625846509068
2024-07-12 00:00:00-06:00,8.137147315499998,8.137147315499998,22.51911563610513,22.51911563610513,-14.381968320605132,-14.381968320605132,16.77373061948769,2.391762298882558,2.3483222867282767,0.1674233609217791,2.1808989258064977
2024-07-13 00:00:00-06:00,8.389237572899997,8.389237572899997,24.172710956791708,24.172710956791708,-15.783473383891709,-15.783473383891709,18.29753195749348,2.5140585736017718,2.5616544740490874,0.17598410015212404,2.3856703738969633
2024-07-14 00:00:00-06:00,8.123158449449999,8.123158449449999,26.728676235916478,26.728676235916478,-18.60551778646648,-18.60551778646648,20.669923687790703,2.0644059013242244,2.893789316290699,0.14450841309269571,2.7492809031980032
2024-07-15 00:00:00-06:00,8.177613070049999,8.177613070049999,23.496754787097398,23.496754787097398,-15.3191417170474,-15.3191417170474,17.863615987136793,2.5444742700893954,2.500906238199151,0.1781131989062577,2.3227930392928933
2024-07-16 00:00:00-06:00,7.724030143499999,7.724030143499999,24.289966516480764,24.289966516480764,-16.565936372980765,-16.565936372980765,18.54756204412937,1.9816256711486036,2.5966586861781122,0.13871379698040226,2.45794488919771
2024-07-17 00:00:00-06:00,6.37054141724366,6.37054141724366,22.46044952276322,22.46044952276322,-16.089908105519562,-16.089908105519562,17.303201222783333,1.2132931172637709,2.4224481711896666,0.08493051820846396,2.3375176529812025
2024-07-18 00:00:00-06:00,8.412114026249998,8.412114026249998,24.393117611694688,24.393117611694688,-15.981003585444688,-15.981003585444688,18.35599714059294,2.3749935551482526,2.5698395996830117,0.1662495488603777,2.403590050822634
2024-07-19 00:00:00-06:00,6.711922812599999,6.711922812599999,23.096961707178846,23.096961707178846,-16.385038894578848,-16.385038894578848,17.390826974254846,1.0057880796759995,2.4347157763956786,0.07040516557731998,2.3643106108183587
2024-07-20 00:00:00-06:00,5.935489701299999,5.935489701299999,24.803053521060626,24.803053521060626,-18.867563819760626,-18.867563819760626,20.050992643972986,1.1834288242123594,2.807138970156218,0.08284001769486517,2.724298952461353
2024-07-21 00:00:00-06:00,7.651657384649999,7.651657384649999,23.7552895695286,23.7552895695286,-16.103632184878602,-16.103632184878602,18.211926918480913,2.108294733602311,2.549669768587328,0.14758063135216176,2.4020891372351665
2024-07-22 00:00:00-06:00,6.494993288999999,6.494993288999999,24.336540560580243,24.336540560580243,-17.841547271580243,-17.841547271580243,19.53909227905142,1.6975450074711775,2.735472919067199,0.11882815052298244,2.6166447685442167
2024-07-23 00:00:00-06:00,7.952071005449999,7.952071005449999,26.26724980183369,26.26724980183369,-18.31517879638369,-18.31517879638369,20.263294290795407,1.9481154944117167,2.836861200711357,0.1363680846088202,2.700493116102537
2024-07-24 00:00:00-06:00,8.338032005399999,8.338032005399999,26.589477856723096,26.589477856723096,-18.251445851323098,-18.251445851323098,20.531949022725332,2.280503171402234,2.8744728631815466,0.1596352219981564,2.71483764118339
2024-07-25 00:00:00-06:00,8.45169286455,8.45169286455,23.17065156981114,23.17065156981114,-14.718958705261144,-14.718958705261144,17.44704473340552,2.728086028144376,2.442586262676773,0.19096602197010634,2.251620240706667
2024-07-26 00:00:00-06:00,8.542704968099999,8.542704968099999,22.233058396912703,22.233058396912703,-13.690353428812706,-13.690353428812706,16.464066927941982,2.7737134991292742,2.304969369911878,0.19415994493904923,2.1108094249728286
2024-07-27 00:00:00-06:00,8.4000228552,8.4000228552,25.303741597540043,25.303741597540043,-16.903718742340043,-16.903718742340043,19.1860454561035,2.2823267137634566,2.6860463638544902,0.15976286996344197,2.5262834938910483
2024-07-28 00:00:00-06:00,8.266345971299998,8.266345971299998,27.587997539544688,27.587997539544688,-19.32165156824469,-19.32165156824469,21.35053151188716,2.028879943642468,2.9890744116642023,0.14202159605497278,2.8470528156092296
2024-07-29 00:00:00-06:00,8.428032495899998,8.428032495899998,25.531757506673117,25.531757506673117,-17.103725010773115,-17.103725010773115,19.46787545430937,2.3641504435362553,2.725502563603312,0.1654905310475379,2.560012032555774
2024-07-30 00:00:00-06:00,8.5672297512,8.5672297512,24.956129582056462,24.956129582056462,-16.388899830856463,-16.388899830856463,18.93968927886452,2.550789448008059,2.651556499041033,0.17855526136056415,2.473001237680469
2024-07-31 00:00:00-06:00,8.494385832899999,8.494385832899999,23.72831822487739,23.72831822487739,-15.233932391977392,-15.233932391977392,17.80527673382313,2.5713443418457387,2.4927387427352388,0.17999410392920173,2.312744638806037
2024-08-01 00:00:00-06:00,8.42760062955,8.42760062955,25.52888139053697,25.52888139053697,-17.10128076098697,-17.10128076098697,19.552265482667977,2.4509847216810066,2.737317167573517,0.17156893051767047,2.565748237055846
2024-08-02 00:00:00-06:00,8.3446825212,8.3446825212,23.533805339644633,23.533805339644633,-15.189122818444636,-15.189122818444636,17.754114514138195,2.56499169569356,2.4855760319793476,0.17954941869854923,2.3060266132807983
2024-08-03 00:00:00-06:00,8.506871444249999,8.506871444249999,27.536931976003764,27.536931976003764,-19.030060531753765,-19.030060531753765,21.191109227198467,2.1610486954447023,2.9667552918077855,0.15127340868112918,2.8154818831266564
2024-08-04 00:00:00-06:00,8.581549931549999,8.581549931549999,25.23262539948454,25.23262539948454,-16.651075467934543,-16.651075467934543,19.196020425358036,2.544944957423492,2.687442859550125,0.17814614701964446,2.509296712530481
2024-08-05 00:00:00-06:00,8.12641208445,8.12641208445,22.31257948275915,22.31257948275915,-14.186167398309152,-14.186167398309152,16.7711306613926,2.5849632630834485,2.3479582925949645,0.1809474284158414,2.1670108641791233
2024-08-06 00:00:00-06:00,7.011578609549999,7.011578609549999,26.813024583014634,26.813024583014634,-19.801445973464634,-19.801445973464634,21.985090572201823,2.1836445987371866,3.0779126801082555,0.15285512191160308,2.9250575581966523
2024-08-07 00:00:00-06:00,7.5598121043,7.5598121043,24.74230768096688,24.74230768096688,-17.18249557666688,-17.18249557666688,19.374741530937214,2.1922459542703345,2.71246381433121,0.15345721679892343,2.559006597532287
2024-08-08 00:00:00-06:00,3.2927155478999994,3.2927155478999994,22.611816626580787,22.611816626580787,-19.319101078680788,-19.319101078680788,19.620386448521966,0.3012853698411792,2.7468541027930757,0.021089975888882548,2.7257641269041932
2024-08-09 00:00:00-06:00,2.623231410299999,2.623231410299999,23.911975432479338,23.911975432479338,-21.28874402217934,-21.28874402217934,21.31795032750284,0.02920630532349988,2.984513045850398,0.002044441372644992,2.982468604477753
2024-08-10 00:00:00-06:00,6.638414734799999,6.638414734799999,24.97565610743249,24.97565610743249,-18.33724137263249,-18.33724137263249,20.709663671928034,2.3724222992955424,2.899352914069925,0.16606956095068798,2.733283353119237
2024-08-11 00:00:00-06:00,8.759867687999998,8.759867687999998,28.64932433641521,28.64932433641521,-19.889456648415212,-19.889456648415212,21.88464864231878,1.9951919939035685,3.0638508099246295,0.1396634395732498,2.9241873703513797
2024-08-12 00:00:00-06:00,7.3723370076,7.3723370076,26.481670884938058,26.481670884938058,-19.10933387733806,-19.10933387733806,20.335945165828374,1.2266112884903138,2.8470323232159727,0.08586279019432197,2.7611695330216506
2024-08-13 00:00:00-06:00,7.155941992199999,7.155941992199999,25.741688601162224,25.741688601162224,-18.585746608962225,-18.585746608962225,20.623015006083172,2.037268397120949,2.8872221008516443,0.14260878779846645,2.744613313053178
2024-08-14 00:00:00-06:00,9.123065073,9.123065073,22.383475510045187,22.383475510045187,-13.26041043704519,-13.26041043704519,16.09537494153534,2.834964504490151,2.253352491814948,0.19844751531431057,2.0549049765006373
2024-08-15 00:00:00-06:00,9.3242931165,9.3242931165,26.495794637727123,26.495794637727123,-17.171501521227125,-17.171501521227125,19.540868550385117,2.369367029157993,2.735721597053917,0.16585569204105952,2.569865905012857
2024-08-16 00:00:00-06:00,9.196230242699999,9.196230242699999,24.03355291948769,24.03355291948769,-14.83732267678769,-14.83732267678769,17.513053979385152,2.675731302597462,2.4518275571139214,0.18730119118182237,2.264526365932099
2024-08-17 00:00:00-06:00,5.9954553648,5.9954553648,27.0965369225582,27.0965369225582,-21.101081557758203,-21.101081557758203,21.357771601980534,0.2566900442223346,2.990088024277275,0.017968303095563423,2.9721197211817114
2024-08-18 00:00:00-06:00,9.045457793099999,9.045457793099999,24.5563377883448,24.5563377883448,-15.510879995244798,-15.510879995244798,18.054644382121385,2.543764386876588,2.5276502134969943,0.17806350708136118,2.349586706415633
2024-08-19 00:00:00-06:00,5.8753602288,5.8753602288,23.331345056644036,23.331345056644036,-17.455984827844038,-17.455984827844038,18.86858829754574,1.4126034697017036,2.641602361656404,0.09888224287911926,2.542720118777285
2024-08-20 00:00:00-06:00,8.8739891253,8.8739891253,23.357606359280197,23.357606359280197,-14.483617233980196,-14.483617233980196,16.912549368262496,2.4289321342822996,2.3677569115567496,0.170025249399761,2.1977316621569885
2024-08-21 00:00:00-06:00,7.9373909772,7.9373909772,23.29966202319785,23.29966202319785,-15.36227104599785,-15.36227104599785,17.302138989601097,1.9398679436032458,2.422299458544154,0.1357907560522272,2.286508702491927
2024-08-22 00:00:00-06:00,8.109432503999999,8.109432503999999,24.291056931141316,24.291056931141316,-16.181624427141315,-16.181624427141315,18.273694679958574,2.0920702528172574,2.5583172551942006,0.14644491769720805,2.4118723374969924
2024-08-23 00:00:00-06:00,7.841592112499999,7.841592112499999,22.47420139468461,22.47420139468461,-14.63260928218461,-14.63260928218461,16.99539655484803,2.3627872726634176,2.379355517678724,0.16539510908643926,2.213960408592285
2024-08-24 00:00:00-06:00,8.808985037699998,8.808985037699998,28.865882190687234,28.865882190687234,-20.056897152987236,-20.056897152987236,21.97942399224533,1.9225268392580923,3.0771193589143464,0.13457687874806648,2.94254248016628
2024-08-25 00:00:00-06:00,8.5310119485,8.5310119485,28.33112070820993,28.33112070820993,-19.800108759709932,-19.800108759709932,21.551655572943467,1.7515468132335352,3.017231780212086,0.12260827692634747,2.894623503285738
2024-08-26 00:00:00-06:00,6.075631616399999,6.075631616399999,23.862698368762377,23.862698368762377,-17.787066752362378,-17.787066752362378,18.630766636278587,0.8436998839162078,2.608307329079002,0.05905899187413455,2.5492483372048675
2024-08-27 00:00:00-06:00,8.6442242823,8.6442242823,24.624508061782876,24.624508061782876,-15.980283779482876,-15.980283779482876,18.195955394761214,2.2156716152783367,2.54743375526657,0.1550970130694836,2.3923367421970863
2024-08-28 00:00:00-06:00,8.509525305299999,8.509525305299999,23.57558624234269,23.57558624234269,-15.06606093704269,-15.06606093704269,17.166126638809846,2.100065701767153,2.4032577294333786,0.14700459912370073,2.256253130309678
2024-08-29 00:00:00-06:00,3.4804954988999985,3.4804954988999985,23.33957537297349,23.33957537297349,-19.85907987407349,-19.85907987407349,20.871356362591513,1.0122764885180233,2.921989890762812,0.07085935419626165,2.8511305365665502
2024-08-30 00:00:00-06:00,9.224600403599998,9.224600403599998,25.428228438941456,25.428228438941456,-16.20362803534146,-16.20362803534146,18.685496052926382,2.481868017584922,2.615969447409694,0.17373076123094455,2.4422386861787495
2024-08-31 00:00:00-06:00,9.2682449235,9.2682449235,27.812969098160924,27.812969098160924,-18.544724174660924,-18.544724174660924,20.733448918747897,2.188724744086973,2.9026828486247056,0.15321073208608812,2.7494721165386173
2024-09-01 00:00:00-06:00,9.1593315513,9.1593315513,28.910146376670767,28.910146376670767,-19.750814825370767,-19.750814825370767,21.874604427183147,2.123789601812378,3.0624446198056408,0.14866527212686648,2.913779347678774
2024-09-02 00:00:00-06:00,8.992562138999999,8.992562138999999,25.884802113821202,25.884802113821202,-16.8922399748212,-16.8922399748212,19.156548567560893,2.264308592739689,2.6819167994585253,0.15850160149177825,2.523415197966747
2024-09-03 00:00:00-06:00,9.124489916999998,9.124489916999998,25.36049457479256,25.36049457479256,-16.236004657792563,-16.236004657792563,18.712531337348896,2.4765266795563345,2.619754387228846,0.17335686756894345,2.4463975196599024
2024-09-04 00:00:00-06:00,8.954447024699999,8.954447024699999,24.02056673771475,24.02056673771475,-15.066119713014748,-15.066119713014748,17.561314295761424,2.495194582746675,2.4585840014065994,0.17466362079226727,2.2839203806143322
2024-09-05 00:00:00-06:00,3.4063635428999994,3.4063635428999994,24.401757217867914,24.401757217867914,-20.995393674967914,-20.995393674967914,21.15677479211116,0.1613811171432455,2.961948470895563,0.011296678200027185,2.950651792695536
2024-09-06 00:00:00-06:00,8.66487290895,8.66487290895,24.31092156753374,24.31092156753374,-15.64604865858374,-15.64604865858374,17.884636977964362,2.2385883193806224,2.503849176915011,0.15670118235664357,2.3471479945583673
2024-09-07 00:00:00-06:00,8.563611070799999,8.563611070799999,26.55130691420902,26.55130691420902,-17.987695843409025,-17.987695843409025,19.884163138359327,1.8964672949503036,2.783782839370306,0.13275271064652128,2.651030128723785
2024-09-08 00:00:00-06:00,8.408976812549998,8.408976812549998,28.361082519973646,28.361082519973646,-19.952105707423648,-19.952105707423648,21.592278956412894,1.6401732489892464,3.0229190538978052,0.11481212742924726,2.908106926468558
2024-09-09 00:00:00-06:00,7.022006162099999,7.022006162099999,25.20210194659878,25.20210194659878,-18.180095784498782,-18.180095784498782,19.470134823400713,1.2900390389019314,2.7258188752761,0.0903027327231352,2.6355161425529645
2024-09-10 00:00:00-06:00,6.834077351324999,6.834077351324999,26.5876065391828,26.5876065391828,-19.7535291878578,-19.7535291878578,20.682986700708376,0.9294575128505749,2.895618138099173,0.06506202589954024,2.8305561121996323
2024-09-11 00:00:00-06:00,7.892675246474999,7.892675246474999,23.660031011849345,23.660031011849345,-15.767355765374347,-15.767355765374347,17.7474057666474,1.9800500012730524,2.484636807330636,0.13860350008911368,2.3460333072415227
2024-09-12 00:00:00-06:00,8.206606500974999,8.206606500974999,25.055637976896175,25.055637976896175,-16.849031475921176,-16.849031475921176,18.699123770078717,1.850092294157542,2.6178773278110206,0.12950646059102794,2.4883708672199925
2024-09-13 00:00:00-06:00,8.226721109475,8.226721109475,23.93909588139194,23.93909588139194,-15.712374771916942,-15.712374771916942,17.745528359841703,2.0331535879247613,2.4843739703778387,0.1423207511547333,2.3420532192231054
2024-09-14 00:00:00-06:00,8.17925812335,8.17925812335,24.557091724678212,24.557091724678212,-16.377833601328213,-16.377833601328213,18.38277424867813,2.0049406473499145,2.573588394814938,0.14034584531449404,2.433242549500444
2024-09-15 00:00:00-06:00,6.008454522899999,6.008454522899999,23.760407440029578,23.760407440029578,-17.75195291712958,-17.75195291712958,18.386134942216124,0.6341820250865476,2.5740588919102576,0.04439274175605834,2.529666150154199
2024-09-16 00:00:00-06:00,5.272131131999999,5.272131131999999,26.133129581296718,26.133129581296718,-20.860998449296716,-20.860998449296716,21.115744543172934,0.25474609387621516,2.956204236044211,0.017832226571335062,2.938372009472876
2024-09-17 00:00:00-06:00,7.1552393603999995,7.1552393603999995,22.938258968459746,22.938258968459746,-15.783019608059746,-15.783019608059746,17.509635637143127,1.72661602908338,2.451348989200038,0.12086312203583661,2.3304858671642017
2024-09-18 00:00:00-06:00,8.948206980070042,8.948206980070042,22.983553599872128,22.983553599872128,-14.035346619802086,-14.035346619802086,16.643964262390462,2.6086176425883756,2.330154996734665,0.1826032349811863,2.1475517617534785
2024-09-19 00:00:00-06:00,8.891291067525,8.891291067525,23.472955731942182,23.472955731942182,-14.581664664417184,-14.581664664417184,17.158135697767005,2.576471033349819,2.402138997687381,0.18035297233448735,2.221786025352894
2024-09-20 00:00:00-06:00,8.479729576125,8.479729576125,24.662708413377235,24.662708413377235,-16.182978837252236,-16.182978837252236,18.499485215554614,2.3165063783023787,2.5899279301776463,0.16215544648116653,2.42777248369648
2024-09-21 00:00:00-06:00,4.293957779099999,4.293957779099999,27.276652972780226,27.276652972780226,-22.982695193680225,-22.982695193680225,23.291475547646556,0.30878035396633224,3.260806576670518,0.021614624777643258,3.2391919518928747
2024-09-22 00:00:00-06:00,2.112661078199999,2.112661078199999,25.400742680526015,25.400742680526015,-23.288081602326017,-23.288081602326017,23.288081602326017,0.0,3.2603314243256425,0.0,3.2603314243256425
2024-09-23 00:00:00-06:00,8.315203466924999,8.315203466924999,22.688959653853615,22.688959653853615,-14.373756186928619,-14.373756186928619,16.64765216392292,2.273895976994303,2.330671302949209,0.1591727183896012,2.171498584559608
2024-09-24 00:00:00-06:00,7.830158211224999,7.830158211224999,22.333083955056463,22.333083955056463,-14.502925743831465,-14.502925743831465,16.49647520338929,1.9935494595578285,2.309506528474501,0.139548462169048,2.169958066305453
2024-09-25 00:00:00-06:00,8.485941395924998,8.485941395924998,23.64742047906837,23.64742047906837,-15.161479083143371,-15.161479083143371,17.202361016750327,2.040881933606955,2.408330542345046,0.14286173535248686,2.2654688069925593
2024-09-26 00:00:00-06:00,8.5063769406,8.5063769406,26.819456103031314,26.819456103031314,-18.313079162431315,-18.313079162431315,20.040088749406237,1.7270095869749222,2.8056124249168737,0.12089067108824457,2.684721753828629
2024-09-27 00:00:00-06:00,8.221989417525,8.221989417525,23.658316086384296,23.658316086384296,-15.436326668859296,-15.436326668859296,17.43199352744128,1.9956668585819812,2.440479093841779,0.1396966801007387,2.3007824137410404
2024-09-28 00:00:00-06:00,8.4739756041,8.4739756041,26.569380953836628,26.569380953836628,-18.09540534973663,-18.09540534973663,19.977748608736007,1.8823432589993767,2.7968848052230415,0.13176402812995638,2.665120777093085
2024-09-29 00:00:00-06:00,8.468181009224999,8.468181009224999,25.129596002900055,25.129596002900055,-16.661414993675056,-16.661414993675056,18.547817007566714,1.8864020138916555,2.5966943810593404,0.1320481409724159,2.4646462400869247
2024-09-30 00:00:00-06:00,8.125721215199999,8.125721215199999,22.499410172302987,22.499410172302987,-14.373688957102987,-14.373688957102987,16.330547913548127,1.9568589564451404,2.286276707896738,0.13698012695115985,2.1492965809455784
2024-10-01 00:00:00-06:00,8.689987621799999,8.689987621799999,26.877558775030437,26.877558775030437,-18.187571153230436,-18.187571153230436,20.04942303188897,1.8618518786585332,2.806919224464456,0.13032963150609733,2.6765895929583587
2024-10-02 00:00:00-06:00,8.280950984099999,8.280950984099999,25.579226427341325,25.579226427341325,-17.298275443241327,-17.298275443241327,19.053356711544968,1.7550812683036416,2.6674699396162955,0.12285568878125493,2.5446142508350404
2024-10-03 00:00:00-06:00,8.380195750799999,8.380195750799999,21.871929282164043,21.871929282164043,-13.491733531364044,-13.491733531364044,15.583659503507269,2.091925972143224,2.1817123304910178,0.1464348180500257,2.035277512440992
2024-10-04 00:00:00-06:00,8.3769058413,8.3769058413,22.035747363438638,22.035747363438638,-13.658841522138639,-13.658841522138639,15.770620322880063,2.1117788007414244,2.207886845203209,0.14782451605189972,2.060062329151309
2024-10-05 00:00:00-06:00,8.133217132725,8.133217132725,25.8193565199716,25.8193565199716,-17.686139387246598,-17.686139387246598,19.39338711745323,1.7072477302066311,2.7150741964434526,0.11950734111446419,2.5955668553289883
2024-10-06 00:00:00-06:00,8.332000434224998,8.332000434224998,24.10623322142704,24.10623322142704,-15.774232787202044,-15.774232787202044,17.745212142649706,1.9709793554476642,2.484329699970959,0.1379685548813365,2.346361145089623
2024-10-07 00:00:00-06:00,7.956786210524999,7.956786210524999,22.546924867824877,22.546924867824877,-14.590138657299878,-14.590138657299878,16.492123443090584,1.9019847857907064,2.308897282032682,0.13313893500534946,2.1757583470273327
2024-10-08 00:00:00-06:00,7.778013923924998,7.778013923924998,22.167276197290672,22.167276197290672,-14.389262273365672,-14.389262273365672,16.173749160260034,1.7844868868943624,2.264324882436405,0.12491408208260538,2.1394108003537995
2024-10-09 00:00:00-06:00,7.487111402099999,7.487111402099999,22.938610373476106,22.938610373476106,-15.45149897137611,-15.45149897137611,16.938281112907145,1.4867821415310378,2.3713593558070003,0.10407474990717266,2.2672846058998277
2024-10-10 00:00:00-06:00,7.787432544524999,7.787432544524999,25.66641869412632,25.66641869412632,-17.87898614960132,-17.87898614960132,19.426562908953127,1.5475767593518068,2.719718807253438,0.10833037315462649,2.611388434098812
2024-10-11 00:00:00-06:00,6.057518890499999,6.057518890499999,22.271870114855975,22.271870114855975,-16.214351224355976,-16.214351224355976,16.84633784653591,0.6319866221799307,2.3584872985150276,0.04423906355259515,2.3142482349624323
2024-10-12 00:00:00-06:00,7.726530110624998,7.726530110624998,26.431631231256116,26.431631231256116,-18.705101120631117,-18.705101120631117,20.238392108568533,1.5332909879374172,2.833374895199595,0.10733036915561922,2.726044526043976
2024-10-13 00:00:00-06:00,7.387399970099999,7.387399970099999,25.954849906754404,25.954849906754404,-18.567449936654405,-18.567449936654405,19.851399451088035,1.2839495144336293,2.7791959231523253,0.08987646601035405,2.689319457141971
2024-10-14 00:00:00-06:00,7.979523828525,7.979523828525,24.620375983009428,24.620375983009428,-16.640852154484428,-16.640852154484428,18.329803972597645,1.6889518181132195,2.5661725561636706,0.11822662726792538,2.447945928895745
2024-10-15 00:00:00-06:00,7.9990595630999985,7.9990595630999985,24.31804939726234,24.31804939726234,-16.318989834162338,-16.318989834162338,18.0908952113014,1.771905377139062,2.5327253295821963,0.12403337639973436,2.408691953182462
2024-10-16 00:00:00-06:00,8.048038527,8.048038527,25.15899008235596,25.15899008235596,-17.11095155535596,-17.11095155535596,18.723773039526638,1.6128214841706767,2.6213282255337296,0.11289750389194739,2.508430721641782
2024-10-17 00:00:00-06:00,6.861611079899999,6.861611079899999,25.136481650630277,25.136481650630277,-18.274870570730275,-18.274870570730275,19.3449582347624,1.0700876640321253,2.7082941528667366,0.07490613648224878,2.6333880163844876
2024-10-18 00:00:00-06:00,3.9697116410249995,3.9697116410249995,22.340647804180268,22.340647804180268,-18.370936163155267,-18.370936163155267,18.370936163155267,0.0,2.571931062841738,0.0,2.571931062841738
2024-10-19 00:00:00-06:00,1.4561670671999993,1.4561670671999993,25.493066636444553,25.493066636444553,-24.036899569244554,-24.036899569244554,24.036899569244554,0.0,3.3651659396942377,0.0,3.3651659396942377
2024-10-20 00:00:00-06:00,7.424126165924999,7.424126165924999,25.877840620697214,25.877840620697214,-18.453714454772214,-18.453714454772214,19.682327204862116,1.2286127500899025,2.7555258086806966,0.08600289250629319,2.6695229161744036
2024-10-21 00:00:00-06:00,8.303796239625,8.303796239625,24.42333414801207,24.42333414801207,-16.119537908387073,-16.119537908387073,17.75015917717877,1.6306212687916974,2.485022284805028,0.11414348881541883,2.370878795989609
2024-10-22 00:00:00-06:00,8.353341685124999,8.353341685124999,25.645748300449725,25.645748300449725,-17.292406615324726,-17.292406615324726,18.919178878196828,1.6267722628720995,2.648685042947556,0.11387405840104697,2.534810984546509
2024-10-23 00:00:00-06:00,8.5269669732,8.5269669732,24.013002675791054,24.013002675791054,-15.486035702591055,-15.486035702591055,17.21993914828492,1.7339034456938631,2.410791480759889,0.12137324119857043,2.2894182395613183
2024-10-24 00:00:00-06:00,8.361708850124998,8.361708850124998,23.223459292487185,23.223459292487185,-14.861750442362187,-14.861750442362187,16.577950409319,1.716199966956815,2.3209130573046606,0.12013399768697706,2.2007790596176835
2024-10-25 00:00:00-06:00,8.600516071425,8.600516071425,24.240814023338825,24.240814023338825,-15.640297951913826,-15.640297951913826,17.39574461881312,1.7554466668992912,2.435404246633837,0.1228812666829504,2.3125229799508866
2024-10-26 00:00:00-06:00,8.4910936203,8.4910936203,28.09151687999904,28.09151687999904,-19.600423259699042,-19.600423259699042,21.10357005454522,1.503146794846179,2.954499807636331,0.10522027563923254,2.8492795319970985
2024-10-27 00:00:00-06:00,7.666591169699998,7.666591169699998,24.802419209482068,24.802419209482068,-17.13582803978207,-17.13582803978207,18.273899739460095,1.138071699678028,2.5583459635244137,0.07966501897746196,2.4786809445469515
2024-10-28 00:00:00-06:00,1.3799461076999993,1.3799461076999993,23.44228122523023,23.44228122523023,-22.06233511753023,-22.06233511753023,22.06233511753023,0.0,3.0887269164542324,0.0,3.0887269164542324
2024-10-29 00:00:00-06:00,7.888084106399999,7.888084106399999,26.255419574507876,26.255419574507876,-18.36733546810788,-18.36733546810788,19.701412925301675,1.334077457193795,2.7581978095422346,0.09338542200356566,2.664812387538669
2024-10-30 00:00:00-06:00,0.7146592280999993,0.7146592280999993,26.311082824271303,26.311082824271303,-25.596423596171306,-25.596423596171306,25.596423596171306,0.0,3.583499303463983,0.0,3.583499303463983
2024-10-31 00:00:00-06:00,8.690162908499998,8.690162908499998,23.00339357550776,23.00339357550776,-14.313230667007764,-14.313230667007764,16.123848843917298,1.8106181769095337,2.257338838148422,0.12674327238366737,2.1305955657647546
2024-11-01 00:00:00-06:00,8.4549143736,8.4549143736,26.52713442250108,26.52713442250108,-18.07222004890108,-18.07222004890108,19.594626644611388,1.5224065957103063,2.7432477302455944,0.10656846169972145,2.636679268545873
2024-11-02 00:00:00-06:00,6.248241179999999,6.248241179999999,28.421193147004313,28.421193147004313,-22.172951967004312,-22.172951967004312,23.286424066752012,1.1134720997476988,3.260099369345282,0.07794304698233892,3.1821563223629434
2024-11-03 00:00:00-06:00,6.6552530094,6.6552530094,26.43349944879428,26.43349944879428,-19.77824643939428,-19.77824643939428,20.736770664900412,0.9585242255061306,2.903147893086058,0.06709669578542915,2.836051197300629
2024-11-04 00:00:00-07:00,2.8197833534999996,2.8197833534999996,24.20705036473139,24.20705036473139,-21.38726701123139,-21.38726701123139,21.491838212307997,0.10457120107660622,3.0088573497231197,0.007319984075362437,3.0015373656477573
2024-11-05 00:00:00-07:00,7.759904225399999,7.759904225399999,22.298439789693173,22.298439789693173,-14.538535564293174,-14.538535564293174,15.422085152908707,0.8835495886155355,2.159091921407219,0.061848471203087486,2.0972434502041315
2024-11-06 00:00:00-07:00,0.6788423456999993,0.6788423456999993,23.874472537200706,23.874472537200706,-23.195630191500708,-23.195630191500708,23.195630191500708,0.0,3.2473882268100995,0.0,3.2473882268100995
2024-11-07 00:00:00-07:00,0.5538079889999997,0.5538079889999997,22.258994283694502,22.258994283694502,-21.705186294694503,-21.705186294694503,21.705186294694503,0.0,3.0387260812572308,0.0,3.0387260812572308
2024-11-08 00:00:00-07:00,0.5948003474999997,0.5948003474999997,24.267170160828908,24.267170160828908,-23.67236981332891,-23.67236981332891,23.67236981332891,0.0,3.314131773866048,0.0,3.314131773866048
2024-11-09 00:00:00-07:00,2.077894865699999,2.077894865699999,26.264182571824488,26.264182571824488,-24.18628770612449,-24.18628770612449,24.18628770612449,0.0,3.386080278857429,0.0,3.386080278857429
2024-11-10 00:00:00-07:00,8.842044353399999,8.842044353399999,28.388716377014923,28.388716377014923,-19.546672023614924,-19.546672023614924,20.530573376859227,0.983901353244302,2.874280272760292,0.06887309472710114,2.8054071780331906
2024-11-11 00:00:00-07:00,5.879421614699999,5.879421614699999,23.95701464969956,23.95701464969956,-18.07759303499956,-18.07759303499956,18.212608676458743,0.13501564145918532,2.549765214704224,0.009451094902142973,2.540314119802081
2024-11-12 00:00:00-07:00,6.387942060899999,6.387942060899999,24.682706541428423,24.682706541428423,-18.29476448052842,-18.29476448052842,18.48830540301212,0.19354092248369642,2.588362756421697,0.01354786457385875,2.574814891847838
2024-11-13 00:00:00-07:00,8.9397449955,8.9397449955,25.669369711614422,25.669369711614422,-16.729624716114422,-16.729624716114422,17.997287060038907,1.2676623439244854,2.5196201884054474,0.08873636407471398,2.4308838243307336
2024-11-14 00:00:00-07:00,8.919752491799999,8.919752491799999,24.131713412274987,24.131713412274987,-15.211960920474986,-15.211960920474986,16.541337630238043,1.329376709763058,2.3157872682333265,0.09305636968341408,2.2227308985499126
2024-11-15 00:00:00-07:00,8.4809490615,8.4809490615,22.200732995767552,22.200732995767552,-13.719783934267552,-13.719783934267552,15.521539348336095,1.8017554140685432,2.1730155087670533,0.12612287898479804,2.0468926297822554
2024-11-16 00:00:00-07:00,8.7186200445,8.7186200445,24.25858415901476,24.25858415901476,-15.539964114514762,-15.539964114514762,16.835013269415853,1.295049154901092,2.3569018577182197,0.09065344084307646,2.2662484168751433
2024-11-17 00:00:00-07:00,8.7700274991,8.7700274991,24.213602520932486,24.213602520932486,-15.443575021832489,-15.443575021832489,16.86571316344,1.42213814160751,2.3611998428816,0.09954966991252572,2.2616501729690746
2024-11-18 00:00:00-07:00,3.3941211407999994,3.3941211407999994,22.68181484161207,22.68181484161207,-19.28769370081207,-19.28769370081207,20.053083877206667,0.7653901763945986,2.8074317428089337,0.053577312347621905,2.753854430461312
2024-11-19 00:00:00-07:00,2.3575396490999996,2.3575396490999996,26.52684990554911,26.52684990554911,-24.169310256449112,-24.169310256449112,24.169310256449112,0.0,3.383703435902876,0.0,3.383703435902876
2024-11-20 00:00:00-07:00,9.0024177789,9.0024177789,25.248034834434623,25.248034834434623,-16.245617055534623,-16.245617055534623,17.703078247285607,1.4574611917509837,2.478430954619985,0.10202228342256886,2.3764086711974164
2024-11-21 00:00:00-07:00,8.5380469011,8.5380469011,26.439625868734744,26.439625868734744,-17.901578967634745,-17.901578967634745,18.811227330326826,0.9096483626920802,2.6335718262457557,0.06367538538844562,2.56989644085731
2024-11-22 00:00:00-07:00,7.5078838737,7.5078838737,23.020011814980574,23.020011814980574,-15.512127941280575,-15.512127941280575,16.09515403691751,0.5830260956369342,2.2533215651684517,0.0408118266945854,2.2125097384738663
2024-11-23 00:00:00-07:00,4.567299039899999,4.567299039899999,25.012190452117956,25.012190452117956,-20.44489141221796,-20.44489141221796,20.44489141221796,0.0,2.862284797710515,0.0,2.862284797710515
2024-11-24 00:00:00-07:00,7.394336761499999,7.394336761499999,27.287993939699906,27.287993939699906,-19.89365717819991,-19.89365717819991,20.380218855922077,0.4865616777221698,2.853230639829091,0.03405931744055189,2.8191713223885393
2024-11-25 00:00:00-07:00,8.7105565728,8.7105565728,23.642034498346767,23.642034498346767,-14.93147792554677,-14.93147792554677,16.316602350287493,1.3851244247407242,2.284324329040249,0.0969587097318507,2.1873656193083986
2024-11-26 00:00:00-07:00,5.326915157999999,5.326915157999999,24.629688266929946,24.629688266929946,-19.302773108929948,-19.302773108929948,19.684289942063707,0.3815168331337581,2.755800591888919,0.02670617831936307,2.729094413569556
2024-11-27 00:00:00-07:00,3.680956553399999,3.680956553399999,22.054594710286985,22.054594710286985,-18.373638156886987,-18.373638156886987,19.1375281857638,0.7638900288768123,2.679253946006932,0.05347230202137687,2.625781643985555
2024-11-28 00:00:00-07:00,8.6044619925,8.6044619925,25.50664815497601,25.50664815497601,-16.90218616247601,-16.90218616247601,18.05956131682354,1.1573751543475328,2.528338584355296,0.0810162608043273,2.4473223235509685
2024-11-29 00:00:00-07:00,8.4811159377,8.4811159377,23.512951889469957,23.512951889469957,-15.031835951769956,-15.031835951769956,16.49070918992943,1.458873238159475,2.3086992865901204,0.10212112667116326,2.206578159918957
2024-11-30 00:00:00-07:00,8.556878553299999,8.556878553299999,25.642673203860237,25.642673203860237,-17.08579465056024,-17.08579465056024,18.30842945862503,1.2226348080647926,2.5631801242075047,0.08558443656453549,2.4775956876429692
2024-12-01 00:00:00-07:00,8.3665640826,8.3665640826,25.99103858808997,25.99103858808997,-17.62447450548997,-17.62447450548997,18.783577738610713,1.1591032331207423,2.6297008834055,0.08113722631845197,2.548563657087048
2024-12-02 00:00:00-07:00,8.404850606399998,8.404850606399998,22.16198338522432,22.16198338522432,-13.757132778824323,-13.757132778824323,15.427176570681176,1.670043791856855,2.159804719895365,0.11690306542997986,2.042901654465385
2024-12-03 00:00:00-07:00,8.1798442191,8.1798442191,23.355004295784642,23.355004295784642,-15.175160076684644,-15.175160076684644,16.559731713680822,1.384571636996177,2.3183624399153153,0.09692001458973239,2.221442425325583
2024-12-04 00:00:00-07:00,8.112546713699999,8.112546713699999,23.58279335868559,23.58279335868559,-15.47024664498559,-15.47024664498559,16.655448297463796,1.1852016524782052,2.3317627616449315,0.08296411567347436,2.248798645971457
2024-12-05 00:00:00-07:00,7.580160257399999,7.580160257399999,22.691679821003163,22.691679821003163,-15.111519563603165,-15.111519563603165,16.491481565733466,1.3799620021303,2.3088074192026853,0.09659734014912101,2.2122100790535644
2024-12-06 00:00:00-07:00,8.015154854399999,8.015154854399999,24.164928468831757,24.164928468831757,-16.14977361443176,-16.14977361443176,17.24814168846125,1.098368074029492,2.4147398363845753,0.07688576518206446,2.337854071202511
2024-12-07 00:00:00-07:00,8.037934195499998,8.037934195499998,26.8802813408746,26.8802813408746,-18.842347145374603,-18.842347145374603,19.67530931301149,0.8329621676368875,2.7545433038216087,0.058307351734582125,2.6962359520870267
2024-12-08 00:00:00-07:00,7.059348541799999,7.059348541799999,27.634661313250618,27.634661313250618,-20.57531277145062,-20.57531277145062,20.9246969560334,0.3493841845827825,2.9294575738446764,0.024456892920794775,2.9050006809238815
2024-12-09 00:00:00-07:00,1.6198743662999995,1.6198743662999995,21.89656852617032,21.89656852617032,-20.27669415987032,-20.27669415987032,20.27669415987032,0.0,2.8387371823818452,0.0,2.8387371823818452
2024-12-10 00:00:00-07:00,6.9867943767,6.9867943767,23.94327606887081,23.94327606887081,-16.956481692170808,-16.956481692170808,17.62772541729254,0.6712437251217345,2.467881558420956,0.046987060758521416,2.4208944976624345
2024-12-11 00:00:00-07:00,8.150017084199998,8.150017084199998,22.16039134074089,22.16039134074089,-14.010374256540892,-14.010374256540892,15.447679779038607,1.4373055224977138,2.1626751690654054,0.10061138657483998,2.0620637824905654
2024-12-12 00:00:00-07:00,8.137288512,8.137288512,24.219029751124168,24.219029751124168,-16.08174123912417,-16.08174123912417,17.30292365062622,1.22118241150205,2.4224093110876708,0.08548276880514351,2.3369265422825274
2024-12-13 00:00:00-07:00,1.8018857807999993,1.8018857807999993,24.13090982479303,24.13090982479303,-22.32902404399303,-22.32902404399303,22.32902404399303,0.0,3.1260633661590247,0.0,3.1260633661590247
2024-12-14 00:00:00-07:00,8.055747186299998,8.055747186299998,26.57695066035944,26.57695066035944,-18.521203474059444,-18.521203474059444,19.435561565148255,0.9143580910888116,2.720978619120756,0.06400506637621682,2.6569735527445393
2024-12-15 00:00:00-07:00,5.739652480499999,5.739652480499999,28.421888699255728,28.421888699255728,-22.68223621875573,-22.68223621875573,23.043806698921728,0.36157048016600013,3.226132937849042,0.02530993361162001,3.200823004237422
2024-12-16 00:00:00-07:00,8.1467091333,8.1467091333,24.810971755542727,24.810971755542727,-16.664262622242727,-16.664262622242727,17.81034763443737,1.1460850121946424,2.493448668821232,0.08022595085362498,2.413222717967607
2024-12-17 00:00:00-07:00,3.2231506769999996,3.2231506769999996,26.667260426340754,26.667260426340754,-23.444109749340754,-23.444109749340754,23.72695700801726,0.2828472586765041,3.3217739811224165,0.01979930810735529,3.3019746730150614
2024-12-18 00:00:00-07:00,6.9858198494999995,6.9858198494999995,24.167888619953768,24.167888619953768,-17.182068770453768,-17.182068770453768,17.933157679375217,0.7510889089214461,2.5106420751125307,0.052576223624501234,2.4580658514880294
2024-12-19 00:00:00-07:00,7.988338654199999,7.988338654199999,23.19596599495329,23.19596599495329,-15.207627340753291,-15.207627340753291,16.53386010724901,1.3262327664957179,2.3147404150148616,0.09283629365470025,2.2219041213601614
2024-12-20 00:00:00-07:00,8.182452734999998,8.182452734999998,25.628301350858667,25.628301350858667,-17.44584861585867,-17.44584861585867,18.516109887024484,1.0702612711658153,2.592255384183428,0.07491828898160707,2.517337095201821
2024-12-21 00:00:00-07:00,7.838126627399999,7.838126627399999,23.719496209748378,23.719496209748378,-15.881369582348379,-15.881369582348379,16.868958784150085,0.9875892018017038,2.361654229781012,0.06913124412611928,2.2925229856548928
2024-12-22 00:00:00-07:00,6.878222505899999,6.878222505899999,26.299577118513167,26.299577118513167,-19.421354612613165,-19.421354612613165,19.915822653721754,0.49446804110858794,2.788215171521046,0.03461276287760116,2.7536024086434447
2024-12-23 00:00:00-07:00,2.7611852021999996,2.7611852021999996,24.78726372864224,24.78726372864224,-22.02607852644224,-22.02607852644224,22.08643877218929,0.060360245747048014,3.092101428106501,0.004225217202293362,3.0878762109042075
2024-12-24 00:00:00-07:00,7.731672669,7.731672669,25.746952564698372,25.746952564698372,-18.015279895698374,-18.015279895698374,19.031152342153636,1.0158724464552615,2.664361327901509,0.07111107125186832,2.593250256649641
2024-12-25 00:00:00-07:00,2.2393176110999993,2.2393176110999993,24.459600660255536,24.459600660255536,-22.220283049155533,-22.220283049155533,22.226302267871343,0.006019218715807684,3.1116823175019883,0.0004213453101065379,3.111260972191882
2024-12-26 00:00:00-07:00,7.102495162799999,7.102495162799999,24.28078410445077,24.28078410445077,-17.17828894165077,-17.17828894165077,17.88757773254147,0.7092887908906998,2.504260882555806,0.049650215362348996,2.454610667193457
2024-12-27 00:00:00-07:00,7.1496034991999995,7.1496034991999995,22.580782167471078,22.580782167471078,-15.431178668271077,-15.431178668271077,16.392662363390908,0.9614836951198327,2.2949727308747274,0.0673038586583883,2.227668872216339
2024-12-28 00:00:00-07:00,4.8178313082,4.8178313082,25.4116146353808,25.4116146353808,-20.5937833271808,-20.5937833271808,20.847882029256617,0.2540987020758132,2.9187034840959267,0.017786909145306926,2.9009165749506196
2024-12-29 00:00:00-07:00,6.9477615999,6.9477615999,27.390861150345774,27.390861150345774,-20.443099550445773,-20.443099550445773,20.7160996509508,0.2730001005050273,2.900253951133112,0.019110007035351914,2.88114394409776
2024-12-30 00:00:00-07:00,8.028726731099999,8.028726731099999,21.82133653512109,21.82133653512109,-13.792609804021092,-13.792609804021092,15.261212979653804,1.4686031756327123,2.136569817151533,0.10280222229428987,2.033767594857243
2024-12-31 00:00:00-07:00,7.676503609499999,7.676503609499999,24.873072980937856,24.873072980937856,-17.196569371437857,-17.196569371437857,18.09903216218695,0.9024627907490947,2.5338645027061735,0.06317239535243664,2.4706921073537367
2025-01-01 00:00:00-07:00,7.0497581903999995,7.0497581903999995,23.723310737850575,23.723310737850575,-16.673552547450576,-16.673552547450576,17.28039647267548,0.6068439252249063,2.4192555061745673,0.04247907476574344,2.3767764314088238
2025-01-02 00:00:00-07:00,8.065236069,8.065236069,24.93620149885361,24.93620149885361,-16.870965429853612,-16.870965429853612,17.944281303812392,1.0733158739587805,2.512199382533735,0.07513211117711464,2.4370672713566206
2025-01-03 00:00:00-07:00,6.960207503699999,6.960207503699999,23.61905374573672,23.61905374573672,-16.658846242036724,-16.658846242036724,17.28338228455501,0.624536042518288,2.4196735198377017,0.04371752297628016,2.3759559968614217
2025-01-04 00:00:00-07:00,0.7000041518999994,0.7000041518999994,24.94510610838224,24.94510610838224,-24.24510195648224,-24.24510195648224,24.24510195648224,0.0,3.394314273907514,0.0,3.394314273907514
2025-01-05 00:00:00-07:00,3.001390704899999,3.001390704899999,26.670155194839186,26.670155194839186,-23.668764489939186,-23.668764489939186,23.668764489939186,0.0,3.3136270285914864,0.0,3.3136270285914864
2025-01-06 00:00:00-07:00,7.596318312899999,7.596318312899999,23.378485427691015,23.378485427691015,-15.782167114791015,-15.782167114791015,16.898814811451608,1.116647696660592,2.3658340736032253,0.07816533876624145,2.2876687348369837
2025-01-07 00:00:00-07:00,2.1467280311999994,2.1467280311999994,26.73636265904353,26.73636265904353,-24.58963462784353,-24.58963462784353,24.58963462784353,0.0,3.4425488478980943,0.0,3.4425488478980943
2025-01-08 00:00:00-07:00,8.5215014037,8.5215014037,24.069797152915708,24.069797152915708,-15.548295749215708,-15.548295749215708,17.122147583043258,1.5738518338275513,2.397100661626056,0.11016962836792861,2.2869310332581274
2025-01-09 00:00:00-07:00,1.7499104702999995,1.7499104702999995,24.65271106148182,24.65271106148182,-22.902800591181823,-22.902800591181823,22.902800591181823,0.0,3.2063920827654555,0.0,3.2063920827654555
2025-01-10 00:00:00-07:00,8.366304418199999,8.366304418199999,24.012277627914184,24.012277627914184,-15.645973209714185,-15.645973209714185,17.09580796836559,1.4498347586514044,2.393413115571183,0.10148843310559832,2.291924682465585
2025-01-11 00:00:00-07:00,1.7602502012999997,1.7602502012999997,23.98055897479453,23.98055897479453,-22.22030877349453,-22.22030877349453,22.22030877349453,0.0,3.1108432282892347,0.0,3.1108432282892347
2025-01-12 00:00:00-07:00,7.779186529199999,7.779186529199999,25.052347144132078,25.052347144132078,-17.273160614932078,-17.273160614932078,18.410947258073286,1.1377866431412067,2.5775326161302603,0.07964506501988447,2.497887551110376
2025-01-13 00:00:00-07:00,8.221553673299999,8.221553673299999,26.042473279937163,26.042473279937163,-17.820919606637162,-17.820919606637162,19.12617452588935,1.305254919252187,2.6776644336245092,0.09136784434765309,2.586296589276856
2025-01-14 00:00:00-07:00,7.510199282999999,7.510199282999999,23.836451149216064,23.836451149216064,-16.326251866216065,-16.326251866216065,17.466543295184355,1.1402914289682913,2.44531606132581,0.0798204000277804,2.3654956612980294
2025-01-15 00:00:00-07:00,8.2288705491,8.2288705491,25.265289412651292,25.265289412651292,-17.03641886355129,-17.03641886355129,18.318053582910146,1.281634719358855,2.5645275016074205,0.08971443035511986,2.4748130712523007
2025-01-16 00:00:00-07:00,7.986516861599999,7.986516861599999,25.221254910993977,25.221254910993977,-17.23473804939398,-17.23473804939398,18.50193818530428,1.2672001359103022,2.5902713459425994,0.08870400951372116,2.501567336428878
2025-01-17 00:00:00-07:00,8.0682224445,8.0682224445,23.884809480855015,23.884809480855015,-15.816587036355017,-15.816587036355017,17.07312261942766,1.2565355830726421,2.390237166719873,0.08795749081508496,2.302279675904788
2025-01-18 00:00:00-07:00,2.7451817648999994,2.7451817648999994,27.945593601434783,27.945593601434783,-25.200411836534784,-25.200411836534784,25.298843106957055,0.09843127042227007,3.541838034973988,0.006890188929558906,3.534947846044429
2025-01-19 00:00:00-07:00,4.7941544817,4.7941544817,29.417219286322045,29.417219286322045,-24.623064804622047,-24.623064804622047,24.635188364828977,0.012123560206931616,3.448926371076057,0.0008486492144852133,3.448077721861572
2025-01-20 00:00:00-07:00,4.5158580324,4.5158580324,22.874798991314492,22.874798991314492,-18.358940958914495,-18.358940958914495,18.50305596305737,0.1441150041428766,2.590427834828032,0.010088050290001363,2.580339784538031
2025-01-21 00:00:00-07:00,7.008864044399999,7.008864044399999,25.881846090744535,25.881846090744535,-18.872982046344536,-18.872982046344536,19.341426611445694,0.4684445651011593,2.7077997256023973,0.03279111955708115,2.675008606045316
2025-01-22 00:00:00-07:00,5.500220692499999,5.500220692499999,22.87970029975594,22.87970029975594,-17.37947960725594,-17.37947960725594,18.696131383769277,1.3166517765133383,2.617458393727699,0.09216562435593369,2.5252927693717653
2025-01-23 00:00:00-07:00,6.1215280631999995,6.1215280631999995,26.773084097463464,26.773084097463464,-20.651556034263464,-20.651556034263464,21.970942639919638,1.3193866056561714,3.0759319695887495,0.092357062395932,2.9835749071928177
2025-01-24 00:00:00-07:00,8.482725904499999,8.482725904499999,24.567740574226445,24.567740574226445,-16.085014669726448,-16.085014669726448,17.481748572224145,1.3967339024976981,2.4474448001113807,0.09777137317483887,2.349673426936542
2025-01-25 00:00:00-07:00,2.2066564400999993,2.2066564400999993,28.378600919325972,28.378600919325972,-26.17194447922597,-26.17194447922597,26.17194447922597,0.0,3.664072227091636,0.0,3.664072227091636
2025-01-26 00:00:00-07:00,6.631264235699999,6.631264235699999,25.851754645072212,25.851754645072212,-19.22049040937221,-19.22049040937221,20.088626856575782,0.8681364472035713,2.81240775992061,0.06076955130425,2.75163820861636
2025-01-27 00:00:00-07:00,8.686249280099998,8.686249280099998,22.008692441572144,22.008692441572144,-13.322443161472146,-13.322443161472146,15.136765844073011,1.8143226826008654,2.119147218170222,0.12700258778206058,1.9921446303881611
2025-01-28 00:00:00-07:00,8.7666426981,8.7666426981,26.23779015380136,26.23779015380136,-17.47114745570136,-17.47114745570136,18.97936866666112,1.5082212109597624,2.657111613332557,0.10557548476718337,2.551536128565374
2025-01-29 00:00:00-07:00,6.8045189535,6.8045189535,23.363961809487172,23.363961809487172,-16.55944285598717,-16.55944285598717,17.009823844810395,0.4503809888232218,2.3813753382734557,0.03152666921762553,2.34984866905583
2025-01-30 00:00:00-07:00,3.8419596404999994,3.8419596404999994,26.326175283738248,26.326175283738248,-22.484215643238247,-22.484215643238247,22.8339712576034,0.349755614365155,3.1967559760644764,0.024482893005560852,3.1722730830589154
2025-01-31 00:00:00-07:00,8.8371974673,8.8371974673,24.736123533546152,24.736123533546152,-15.898926066246151,-15.898926066246151,17.550140937733765,1.6512148714876136,2.4570197312827275,0.11558504100413296,2.3414346902785947
2025-02-01 00:00:00-07:00,2.862406025999999,2.862406025999999,28.835796616243705,28.835796616243705,-25.973390590243707,-25.973390590243707,26.147506033198177,0.17411544295447268,3.660650844647745,0.012188081006813088,3.648462763640932
2025-02-02 00:00:00-07:00,4.116741529499999,4.116741529499999,28.754512229217738,28.754512229217738,-24.63777069971774,-24.63777069971774,24.88168227385255,0.24391157413481168,3.4834355183393573,0.01707381018943682,3.4663617081499205
2025-02-03 00:00:00-07:00,7.169768208899999,7.169768208899999,22.999175751502936,22.999175751502936,-15.829407542602938,-15.829407542602938,17.199755754001146,1.3703482113982082,2.4079658055601607,0.09592437479787458,2.312041430762286
2025-02-04 00:00:00-07:00,4.0837236155999985,4.0837236155999985,24.219405754658634,24.219405754658634,-20.135682139058638,-20.135682139058638,20.60714793246277,0.4714657934041344,2.885000710544788,0.03300260553828941,2.8519981050064986
2025-02-05 00:00:00-07:00,8.6891597208,8.6891597208,22.956260508086586,22.956260508086586,-14.267100787286587,-14.267100787286587,15.922384489962862,1.6552837026762768,2.229133828594801,0.11586985918733939,2.1132639694074613
2025-02-06 00:00:00-07:00,9.352792742399998,9.352792742399998,22.892475253765436,22.892475253765436,-13.53968251136544,-13.53968251136544,15.5028193829471,1.963136871581661,2.1703947136125943,0.13741958101071627,2.032975132601878
2025-02-07 00:00:00-07:00,6.199580211299999,6.199580211299999,25.096975833953287,25.096975833953287,-18.89739562265329,-18.89739562265329,20.150535099636972,1.2531394769836837,2.821074913949176,0.08771976338885787,2.7333551505603184
2025-02-08 00:00:00-07:00,7.236375367499999,7.236375367499999,28.741320640974475,28.741320640974475,-21.504945273474476,-21.504945273474476,22.227265615474884,0.7223203420004085,3.1118171861664843,0.0505624239400286,3.0612547622264557
2025-02-09 00:00:00-07:00,9.491590238399999,9.491590238399999,24.28936026763406,24.28936026763406,-14.79777002923406,-14.79777002923406,16.8143744669985,2.016604437764441,2.3540124253797905,0.1411623106435109,2.2128501147362796
2025-02-10 00:00:00-07:00,9.0512124948,9.0512124948,23.048355007948746,23.048355007948746,-13.997142513148749,-13.997142513148749,15.861792068497198,1.8646495553484503,2.220650889589608,0.13052546887439154,2.090125420715217
2025-02-11 00:00:00-07:00,2.028325109399999,2.028325109399999,22.760171689134157,22.760171689134157,-20.73184657973416,-20.73184657973416,20.73184657973416,0.0,2.902458521162783,0.0,2.902458521162783
2025-02-12 00:00:00-07:00,4.096967898599999,4.096967898599999,23.786054381790887,23.786054381790887,-19.689086483190888,-19.689086483190888,19.689086483190888,0.0,2.7564721076467245,0.0,2.7564721076467245
2025-02-13 00:00:00-07:00,9.4383203292,9.4383203292,27.20696341856734,27.20696341856734,-17.76864308936734,-17.76864308936734,19.029721401459547,1.2610783120922031,2.6641609962043367,0.08827548184645423,2.5758855143578825
2025-02-14 00:00:00-07:00,5.5807993629,5.5807993629,23.11120854062487,23.11120854062487,-17.530409177724867,-17.530409177724867,17.622660880049448,0.09225170232458113,2.467172523206923,0.00645761916272068,2.460714904044202
2025-02-15 00:00:00-07:00,3.7799160191999994,3.7799160191999994,27.84298608088951,27.84298608088951,-24.06307006168951,-24.06307006168951,24.06307006168951,0.0,3.3688298086365314,0.0,3.3688298086365314
2025-02-16 00:00:00-07:00,9.799374438,9.799374438,26.993578876890005,26.993578876890005,-17.194204438890004,-17.194204438890004,18.952935480076796,1.7587310411867927,2.6534109672107515,0.1231111728830755,2.530299794327676
2025-02-17 00:00:00-07:00,4.357117151099999,4.357117151099999,23.609438598368392,23.609438598368392,-19.252321447268393,-19.252321447268393,19.252321447268393,0.0,2.6953250026175755,0.0,2.6953250026175755
2025-02-18 00:00:00-07:00,4.3858452024,4.3858452024,22.723011721722177,22.723011721722177,-18.337166519322178,-18.337166519322178,18.719108073706654,0.38194155438447397,2.620675130318932,0.02673590880691318,2.5939392215120187
2025-02-19 00:00:00-07:00,8.7218884539,8.7218884539,26.542815607087945,26.542815607087945,-17.820927153187945,-17.820927153187945,18.86853597568069,1.047608822492745,2.6415950365952967,0.07333261757449215,2.5682624190208045
2025-02-20 00:00:00-07:00,8.522870098499999,8.522870098499999,24.224393158728237,24.224393158728237,-15.701523060228238,-15.701523060228238,16.595673577110787,0.8941505168825512,2.3233943007955102,0.0625905361817786,2.2608037646137316
2025-02-21 00:00:00-07:00,4.934907846899999,4.934907846899999,26.003667358167753,26.003667358167753,-21.068759511267753,-21.068759511267753,21.350681810512203,0.28192229924445045,2.989095453471709,0.019734560947111533,2.9693608925245973
2025-02-22 00:00:00-07:00,9.271498712399998,9.271498712399998,27.535956149218663,27.535956149218663,-18.264457436818663,-18.264457436818663,19.61598680014469,1.351529363326025,2.746238152020257,0.09460705543282176,2.651631096587435
2025-02-23 00:00:00-07:00,9.135275804099999,9.135275804099999,25.206567149863655,25.206567149863655,-16.071291345763655,-16.071291345763655,17.66459145486034,1.5933001090966832,2.473042803680448,0.11153100763676783,2.36151179604368
2025-02-24 00:00:00-07:00,6.138301913099999,6.138301913099999,26.6047541726695,26.6047541726695,-20.4664522595695,-20.4664522595695,21.296575134210048,0.8301228746405465,2.981520518789407,0.058108601224838255,2.923411917564569
2025-02-25 00:00:00-07:00,7.177600169099999,7.177600169099999,26.060809020903857,26.060809020903857,-18.883208851803857,-18.883208851803857,20.123499024636242,1.2402901728323843,2.817289863449074,0.0868203120982669,2.730469551350807
2025-02-26 00:00:00-07:00,8.6433499818,8.6433499818,26.178963676282866,26.178963676282866,-17.53561369448287,-17.53561369448287,18.903006392093744,1.3673926976108766,2.6464208948931245,0.09571748883276136,2.550703406060363
2025-02-27 00:00:00-07:00,8.621424355724999,8.621424355724999,23.1478854973994,23.1478854973994,-14.526461141674401,-14.526461141674401,16.237996306187732,1.711535164513329,2.273319482866283,0.11980746151593304,2.1535120213503496
2025-02-28 00:00:00-07:00,8.521096079025,8.521096079025,26.36512204195537,26.36512204195537,-17.844025962930374,-17.844025962930374,19.27460619587803,1.4305802329476571,2.6984448674229244,0.10014061630633601,2.5983042511165886
2025-03-01 00:00:00-07:00,9.071099433225,9.071099433225,26.3200674275853,26.3200674275853,-17.248967994360303,-17.248967994360303,18.89321103119747,1.644243036837169,2.6450495443676463,0.11509701257860185,2.5299525317890446
2025-03-02 00:00:00-07:00,6.171033888224999,6.171033888224999,25.852216203085113,25.852216203085113,-19.681182314860116,-19.681182314860116,20.250010702399223,0.5688283875391065,2.8350014983358913,0.03981798712773746,2.795183511208154
2025-03-03 00:00:00-07:00,6.675186726,6.675186726,23.140377996579,23.140377996579,-16.465191270579005,-16.465191270579005,17.72194322552997,1.2567519549509645,2.4810720515741957,0.08797263684656752,2.393099414727628
2025-03-04 00:00:00-07:00,3.2929864814249994,3.2929864814249994,23.98233463923511,23.98233463923511,-20.68934815781011,-20.68934815781011,20.68934815781011,0.0,2.8965087420934155,0.0,2.8965087420934155
2025-03-05 00:00:00-07:00,9.519758163225,9.519758163225,24.68809102303474,24.68809102303474,-15.168332859809741,-15.168332859809741,17.28316978519552,2.1148369253857786,2.4196437699273727,0.14803858477700452,2.271605185150368
2025-03-06 00:00:00-07:00,5.184415183724999,5.184415183724999,22.804876316379207,22.804876316379207,-17.620461132654206,-17.620461132654206,19.160233038413196,1.5397719057589911,2.6824326253778477,0.10778403340312939,2.5746485919747184
2025-03-07 00:00:00-07:00,3.546225586124999,3.546225586124999,23.81063043959604,23.81063043959604,-20.264404853471042,-20.264404853471042,20.435229282482048,0.17082442901100792,2.860932099547487,0.011957710030770556,2.8489743895167168
2025-03-08 00:00:00-07:00,9.585802409625,9.585802409625,24.581238180430827,24.581238180430827,-14.995435770805825,-14.995435770805825,17.16551992345526,2.1700841526494354,2.4031727892837367,0.15190589068546048,2.251266898598276
2025-03-09 00:00:00-07:00,9.2642861052,9.2642861052,28.350800919806744,28.350800919806744,-19.086514814606744,-19.086514814606744,21.392416738961252,2.305901924354509,2.9949383434545758,0.16141313470481564,2.83352520874976
2025-03-10 00:00:00-06:00,9.274158414899999,9.274158414899999,24.054193506700063,24.054193506700063,-14.780035091800062,-14.780035091800062,17.57612111793137,2.796086026131305,2.460656956510392,0.19572602182919135,2.2649309346812005
2025-03-11 00:00:00-06:00,8.603259530625,8.603259530625,25.58256685110586,25.58256685110586,-16.97930732048086,-16.97930732048086,19.047518525106536,2.0682112046256766,2.6666525935149155,0.14477478432379737,2.521877809191118
2025-03-12 00:00:00-06:00,9.032031248625,9.032031248625,26.009690248829973,26.009690248829973,-16.977659000204973,-16.977659000204973,19.530722485017826,2.553063484812852,2.734301147902496,0.17871444393689964,2.5555867039655964
2025-03-13 00:00:00-06:00,9.4586311035,9.4586311035,26.352284793744616,26.352284793744616,-16.893653690244616,-16.893653690244616,19.471072495525632,2.577418805281015,2.7259501493735887,0.18041931636967107,2.5455308330039177
2025-03-14 00:00:00-06:00,3.6456260678999994,3.6456260678999994,22.785769544641898,22.785769544641898,-19.1401434767419,-19.1401434767419,19.1401434767419,0.0,2.679620086743866,0.0,2.679620086743866
2025-03-15 00:00:00-06:00,9.775994039099999,9.775994039099999,27.935167091054648,27.935167091054648,-18.159173051954646,-18.159173051954646,20.717874752820432,2.5587017008657855,2.900502465394861,0.179109119060605,2.721393346334256
2025-03-16 00:00:00-06:00,9.7718052213,9.7718052213,25.709520238484853,25.709520238484853,-15.937715017184855,-15.937715017184855,18.669033398504364,2.7313183813195097,2.6136646757906115,0.19119228669236568,2.4224723890982456
2025-03-17 00:00:00-06:00,6.1861851488249995,6.1861851488249995,23.534068878713942,23.534068878713942,-17.34788372988894,-17.34788372988894,18.426055448209297,1.0781717183203532,2.579647762749302,0.07547202028242474,2.5041757424668774
2025-03-18 00:00:00-06:00,8.582686248824999,8.582686248824999,25.01664162504717,25.01664162504717,-16.433955376222173,-16.433955376222173,18.797687559988013,2.3637321837658405,2.631676258398322,0.16546125286360885,2.466215005534713
2025-03-19 00:00:00-06:00,3.4626904589249996,3.4626904589249996,22.788545386924074,22.788545386924074,-19.325854927999075,-19.325854927999075,19.80207743855501,0.47622251055593506,2.7722908413977017,0.033335575738915456,2.7389552656587863
2025-03-20 00:00:00-06:00,6.256829034224999,6.256829034224999,25.250307814574743,25.250307814574743,-18.993478780349744,-18.993478780349744,19.81231905850836,0.8188402781586166,2.773724668191171,0.05731881947110317,2.716405848720068
2025-03-21 00:00:00-06:00,9.627775073325,9.627775073325,21.69852639703157,21.69852639703157,-12.070751323706572,-12.070751323706572,15.15054706598803,3.0797957422814584,2.1210765892383243,0.21558570195970211,1.9054908872786223
2025-03-22 00:00:00-06:00,6.638075768025,6.638075768025,27.641488064388355,27.641488064388355,-21.003412296363358,-21.003412296363358,22.382826022014076,1.3794137256507188,3.133595643081971,0.09655896079555033,3.0370366822864208
2025-03-23 00:00:00-06:00,9.71624669085,9.71624669085,24.60189223556732,24.60189223556732,-14.88564554471732,-14.88564554471732,17.633920488118537,2.748274943401218,2.4687488683365957,0.19237924603808526,2.2763696222985104
2025-03-24 00:00:00-06:00,6.0388732251,6.0388732251,25.79026337882505,25.79026337882505,-19.75139015372505,-19.75139015372505,20.403594791914085,0.6522046381890318,2.856503270867972,0.04565432467323224,2.81084894619474
2025-03-25 00:00:00-06:00,9.082934318925,9.082934318925,24.459907529056238,24.459907529056238,-15.37697321013124,-15.37697321013124,17.909825830371517,2.5328526202402775,2.5073756162520127,0.17729968341681943,2.3300759328351934
2025-03-26 00:00:00-06:00,9.088174635524998,9.088174635524998,25.04636188292195,25.04636188292195,-15.958187247396953,-15.958187247396953,18.506153126441802,2.54796587904485,2.5908614377018524,0.1783576115331395,2.412503826168713
2025-03-27 00:00:00-06:00,8.393711922449999,8.393711922449999,24.275609092726853,24.275609092726853,-15.881897170276853,-15.881897170276853,18.601433448213008,2.719536277936154,2.604200682749821,0.19036753945553078,2.4138331432942906
2025-03-28 00:00:00-06:00,7.384363141049999,7.384363141049999,23.516678741202636,23.516678741202636,-16.132315600152637,-16.132315600152637,17.5460334271703,1.4137178270176611,2.4564446798038424,0.0989602478912363,2.357484431912606
2025-03-29 00:00:00-06:00,5.436413699849999,5.436413699849999,24.84250484428901,24.84250484428901,-19.406091144439014,-19.406091144439014,19.93201406415829,0.5259229197192776,2.790481968982161,0.03681460438034944,2.7536673646018115
2025-03-30 00:00:00-06:00,3.7645503866999994,3.7645503866999994,24.183533063632993,24.183533063632993,-20.418982676932995,-20.418982676932995,20.430476181845865,0.011493504912870323,2.8602666654584215,0.0008045453439009226,2.8594621201145207
2025-03-31 00:00:00-06:00,3.324729385799999,3.324729385799999,22.76216171112665,22.76216171112665,-19.437432325326654,-19.437432325326654,19.590167425392714,0.15273510006606017,2.7426234395549804,0.010691457004624212,2.731931982550356
2025-04-01 00:00:00-06:00,7.592464585349999,7.592464585349999,24.293516422425405,24.293516422425405,-16.701051837075408,-16.701051837075408,18.75788759868297,2.0568357616075637,2.6261042638156162,0.14397850331252948,2.4821257605030866
2025-04-02 00:00:00-06:00,8.412479436149999,8.412479436149999,22.683905679824676,22.683905679824676,-14.271426243674679,-14.271426243674679,16.22171966145448,1.9502934177798,2.271040752603627,0.13652053924458601,2.1345202133590413
2025-04-03 00:00:00-06:00,2.4842011742999994,2.4842011742999994,25.44136243621716,25.44136243621716,-22.957161261917165,-22.957161261917165,22.957161261917165,0.0,3.2140025766684035,0.0,3.2140025766684035
2025-04-04 00:00:00-06:00,2.7200005915499994,2.7200005915499994,21.968329737628057,21.968329737628057,-19.24832914607806,-19.24832914607806,19.24832914607806,0.0,2.6947660804509286,0.0,2.6947660804509286
2025-04-05 00:00:00-06:00,10.075923963,10.075923963,26.951515970458214,26.951515970458214,-16.875592007458216,-16.875592007458216,19.626840506015817,2.751248498557601,2.7477576708422147,0.1925873948990321,2.5551702759431825
2025-04-06 00:00:00-06:00,9.577369863449999,9.577369863449999,26.16899555708417,26.16899555708417,-16.59162569363417,-16.59162569363417,18.895448875810647,2.303823182176477,2.645362842613491,0.1612676227523534,2.4840952198611377
2025-04-07 00:00:00-06:00,10.1651673087,10.1651673087,22.3655327853532,22.3655327853532,-12.200365476653202,-12.200365476653202,15.686977693043564,3.4866122163903612,2.196176877026099,0.2440628551473253,1.9521140218787738
2025-04-08 00:00:00-06:00,7.428137416199999,7.428137416199999,26.586599449018046,26.586599449018046,-19.158462032818047,-19.158462032818047,19.8714197800919,0.7129577472738546,2.7819987692128665,0.04990704230916983,2.732091726903697
2025-04-09 00:00:00-06:00,9.1271825757,9.1271825757,24.11960692784688,24.11960692784688,-14.992424352146882,-14.992424352146882,17.295275365487427,2.3028510133405455,2.42133855116824,0.16119957093383822,2.2601389802344016
2025-04-10 00:00:00-06:00,9.773170254899998,9.773170254899998,22.758357453934615,22.758357453934615,-12.985187199034614,-12.985187199034614,16.163823947307453,3.1786367482728397,2.262935352623044,0.2225045723790988,2.040430780243945
2025-04-11 00:00:00-06:00,9.8769708099,9.8769708099,24.9410550495161,24.9410550495161,-15.0640842396161,-15.0640842396161,17.858909317064033,2.7948250774479306,2.5002473043889646,0.19563775542135517,2.3046095489676093
2025-04-12 00:00:00-06:00,8.8586987499,8.8586987499,24.3862321636829,24.3862321636829,-15.527533413782901,-15.527533413782901,18.05625755537544,2.528724141592536,2.527876057752562,0.17701068991147753,2.3508653678410845
2025-04-13 00:00:00-06:00,8.568028937699998,8.568028937699998,26.445846369480506,26.445846369480506,-17.877817431780507,-17.877817431780507,20.07092709995314,2.193109668172631,2.80992979399344,0.1535176767720842,2.6564121172213557
2025-04-14 00:00:00-06:00,9.501857180099998,9.501857180099998,22.924991735394006,22.924991735394006,-13.423134555294006,-13.423134555294006,16.59586502651162,3.172730471217615,2.323421103711627,0.2220911329852331,2.101329970726394
2025-04-15 00:00:00-06:00,10.043579645099998,10.043579645099998,22.73215675583293,22.73215675583293,-12.68857711073293,-12.68857711073293,15.879339422999541,3.1907623122666093,2.223107519219936,0.22335336185866267,1.9997541573612734
2025-04-16 00:00:00-06:00,7.554038753699999,7.554038753699999,25.547119646189103,25.547119646189103,-17.9930808924891,-17.9930808924891,18.874468115486064,0.8813872229969619,2.6424255361680493,0.06169710560978734,2.580728430558262
2025-04-17 00:00:00-06:00,9.7568530452,9.7568530452,23.055066859150994,23.055066859150994,-13.298213813950994,-13.298213813950994,16.42053082841804,3.122317014467045,2.298874315978526,0.21856219101269317,2.080312124965833
2025-04-18 00:00:00-06:00,2.8135533059999993,2.8135533059999993,22.540687717989695,22.540687717989695,-19.727134411989695,-19.727134411989695,19.86774306345999,0.14060865147029267,2.7814840288843987,0.009842605602920487,2.771641423281478
2025-04-19 00:00:00-06:00,7.3247352677999995,7.3247352677999995,26.701734750497998,26.701734750497998,-19.376999482698,-19.376999482698,20.64865321642641,1.271653733728409,2.8908114502996978,0.08901576136098864,2.801795688938709
2025-04-20 00:00:00-06:00,10.284756194699998,10.284756194699998,27.88181669970124,27.88181669970124,-17.59706050500124,-17.59706050500124,20.412111180849067,2.815050675847824,2.8576955653188696,0.1970535473093477,2.660642018009522
2025-04-21 00:00:00-06:00,9.767434245299999,9.767434245299999,26.29378345548582,26.29378345548582,-16.52634921018582,-16.52634921018582,19.123381468522393,2.597032258336573,2.677273405593135,0.18179225808356014,2.495481147509575
2025-04-22 00:00:00-06:00,9.9886441194,9.9886441194,25.47003661970689,25.47003661970689,-15.481392500306889,-15.481392500306889,18.436730929202117,2.9553384288952267,2.5811423300882965,0.2068736900226659,2.3742686400656305
2025-04-23 00:00:00-06:00,8.7050208573,8.7050208573,24.946269787480027,24.946269787480027,-16.241248930180028,-16.241248930180028,18.597542527266725,2.3562935970866956,2.603655953817342,0.1649405517960687,2.4387154020212733
2025-04-24 00:00:00-06:00,3.775990256999999,3.775990256999999,22.642211924154637,22.642211924154637,-18.866221667154637,-18.866221667154637,19.550539965529605,0.6843182983749694,2.737075595174145,0.04790228088624786,2.6891733142878973
2025-04-25 00:00:00-06:00,2.1628315007999994,2.1628315007999994,24.288670782305818,24.288670782305818,-22.12583928150582,-22.12583928150582,22.12583928150582,0.0,3.097617499410815,0.0,3.097617499410815
2025-04-26 00:00:00-06:00,2.769385153499999,2.769385153499999,26.83843645877806,26.83843645877806,-24.06905130527806,-24.06905130527806,24.06905130527806,0.0,3.3696671827389286,0.0,3.3696671827389286
2025-04-27 00:00:00-06:00,9.417948896699999,9.417948896699999,25.998113528898195,25.998113528898195,-16.580164632198198,-16.580164632198198,19.083534969249964,2.5033703370517686,2.671694895694995,0.1752359235936238,2.4964589721013715
2025-04-28 00:00:00-06:00,9.4610735019,9.4610735019,25.892043677884292,25.892043677884292,-16.430970175984292,-16.430970175984292,18.88929626760818,2.458326091623886,2.6445014774651456,0.17208282641367204,2.4724186510514734
2025-04-29 00:00:00-06:00,9.7672908834,9.7672908834,23.696400848762757,23.696400848762757,-13.929109965362757,-13.929109965362757,16.812566686484036,2.88345672112128,2.3537593361077653,0.20184197047848962,2.151917365629276
2025-04-30 00:00:00-06:00,8.622860184,8.622860184,23.852324919276185,23.852324919276185,-15.229464735276187,-15.229464735276187,17.16667449025144,1.937209754975253,2.403334428635202,0.1356046828482677,2.2677297457869345
2025-05-01 00:00:00-06:00,8.0030809998,8.0030809998,25.00309671000472,25.00309671000472,-17.000015710204718,-17.000015710204718,18.552593676640093,1.5525779664353743,2.5973631147296135,0.10868045765047621,2.488682657079137
2025-05-02 00:00:00-06:00,9.347996948399999,9.347996948399999,22.955609773201044,22.955609773201044,-13.607612824801043,-13.607612824801043,16.542914371290294,2.9353015464892507,2.3160080119806414,0.20547110825424758,2.110536903726394
2025-05-03 00:00:00-06:00,9.8621349228,9.8621349228,28.798825490918606,28.798825490918606,-18.936690568118607,-18.936690568118607,21.381497782343338,2.44480721422473,2.9934096895280677,0.1711365049957311,2.8222731845323366
2025-05-04 00:00:00-06:00,9.734205418199998,9.734205418199998,24.647741938313885,24.647741938313885,-14.913536520113887,-14.913536520113887,17.792301247563017,2.878764727449131,2.490922174658823,0.2015135309214392,2.2894086437373837
2025-05-05 00:00:00-06:00,5.750286489899999,5.750286489899999,24.99892095838111,24.99892095838111,-19.24863446848111,-19.24863446848111,19.70253804195304,0.4539035734719298,2.758355325873426,0.03177325014303509,2.726582075730391
2025-05-06 00:00:00-06:00,2.543553778499999,2.543553778499999,23.68722877133263,23.68722877133263,-21.14367499283263,-21.14367499283263,21.14367499283263,0.0,2.9601144989965684,0.0,2.9601144989965684
2025-05-07 00:00:00-06:00,4.386390704999998,4.386390704999998,24.593193015730602,24.593193015730602,-20.206802310730605,-20.206802310730605,21.09622912810129,0.8894268173706851,2.9534720779341805,0.06225987721594796,2.8912122007182326
2025-05-08 00:00:00-06:00,8.453337381899999,8.453337381899999,24.84043280319519,24.84043280319519,-16.38709542129519,-16.38709542129519,18.726585383751075,2.3394899624558874,2.621721953725151,0.16376429737191214,2.457957656353239
2025-05-09 00:00:00-06:00,9.651698642699998,9.651698642699998,23.775133489196115,23.775133489196115,-14.123434846496117,-14.123434846496117,16.95542979910402,2.8319949526079045,2.3737601718745633,0.19823964668255334,2.17552052519201
2025-05-10 00:00:00-06:00,9.657489392099999,9.657489392099999,27.00386513399293,27.00386513399293,-17.346375741892935,-17.346375741892935,19.94501838233005,2.5986426404371175,2.7923025735262073,0.18190498483059825,2.610397588695609
2025-05-11 00:00:00-06:00,9.6555686121,9.6555686121,29.28069863487272,29.28069863487272,-19.625130022772723,-19.625130022772723,21.96533054373122,2.3402005209584975,3.075146276122371,0.16381403646709483,2.911332239655276
2025-05-12 00:00:00-06:00,9.493464934799999,9.493464934799999,25.64400104780163,25.64400104780163,-16.150536113001632,-16.150536113001632,18.70184154840909,2.551305435407457,2.6182578167772728,0.178591380478522,2.439666436298751
2025-05-13 00:00:00-06:00,8.695012065299998,8.695012065299998,25.562452966868,25.562452966868,-16.867440901568003,-16.867440901568003,19.10083721766704,2.233396316099037,2.6741172104733857,0.1563377421269326,2.517779468346453
2025-05-14 00:00:00-06:00,9.0260204121,9.0260204121,23.91685556475564,23.91685556475564,-14.89083515265564,-14.89083515265564,17.326312316147366,2.4354771634917265,2.4256837242606313,0.17048340144442087,2.2552003228162105
2025-05-15 00:00:00-06:00,8.548321846949998,8.548321846949998,23.03927032749486,23.03927032749486,-14.490948480544862,-14.490948480544862,16.408443260083786,1.9174947795389228,2.2971820564117302,0.1342246345677246,2.1629574218440055
2025-05-16 00:00:00-06:00,9.883422520649999,9.883422520649999,24.74261022132784,24.74261022132784,-14.859187700677843,-14.859187700677843,17.711375191990424,2.8521874913125784,2.4795925268786596,0.19965312439188052,2.279939402486779
2025-05-17 00:00:00-06:00,9.75643885305,9.75643885305,24.883776095226594,24.883776095226594,-15.127337242176594,-15.127337242176594,18.012065656154096,2.8847284139775002,2.5216891918615736,0.20193098897842504,2.3197582028831487
2025-05-18 00:00:00-06:00,8.218272988349998,8.218272988349998,28.01911601622163,28.01911601622163,-19.800843027871633,-19.800843027871633,21.440122948633967,1.6392799207623328,3.0016172128087555,0.1147495944533633,2.8868676183553923
2025-05-19 00:00:00-06:00,7.579524140099999,7.579524140099999,24.758200383246525,24.758200383246525,-17.178676243146526,-17.178676243146526,18.244844212932428,1.0661679697859001,2.5542781898105402,0.07463175788501301,2.479646431925527
2025-05-20 00:00:00-06:00,9.620574680249998,9.620574680249998,26.49850739820542,26.49850739820542,-16.87793271795542,-16.87793271795542,19.57422258791077,2.696289869955351,2.740391162307508,0.18874029089687458,2.5516508714106334
2025-05-21 00:00:00-06:00,7.630880775299999,7.630880775299999,23.816432896372202,23.816432896372202,-16.185552121072202,-16.185552121072202,18.02955794835496,1.8440058272827535,2.5241381127696947,0.12908040790979275,2.395057704859902
2025-05-22 00:00:00-06:00,8.983044944099998,8.983044944099998,22.74708579441723,22.74708579441723,-13.764040850317231,-13.764040850317231,16.609803370143705,2.845762519826474,2.3253724718201187,0.1992033763878532,2.1261690954322656
2025-05-23 00:00:00-06:00,6.033546323549999,6.033546323549999,24.51263386348024,24.51263386348024,-18.479087539930237,-18.479087539930237,20.47144638932232,1.9923588493920814,2.8660024945051252,0.13946511945744572,2.7265373750476796
2025-05-24 00:00:00-06:00,1.649053598399999,1.649053598399999,27.10939420718664,27.10939420718664,-25.46034060878664,-25.46034060878664,25.46034060878664,0.0,3.56444768523013,0.0,3.56444768523013
2025-05-25 00:00:00-06:00,1.977212608199999,1.977212608199999,27.518451090245804,27.518451090245804,-25.541238482045806,-25.541238482045806,25.541238482045806,0.0,3.575773387486413,0.0,3.575773387486413
2025-05-26 00:00:00-06:00,2.3836850828999987,2.3836850828999987,26.676344786102412,26.676344786102412,-24.29265970320241,-24.29265970320241,24.29265970320241,0.0,3.400972358448338,0.0,3.400972358448338
2025-05-27 00:00:00-06:00,6.619205170349999,6.619205170349999,24.61144155158013,24.61144155158013,-17.99223638123013,-17.99223638123013,19.74188679449716,1.7496504132670312,2.7638641512296025,0.12247552892869219,2.6413886223009104
2025-05-28 00:00:00-06:00,3.931784315099999,3.931784315099999,22.731787604575253,22.731787604575253,-18.800003289475253,-18.800003289475253,18.845656884237783,0.04565359476253106,2.63839196379329,0.003195751633377174,2.635196212159913
2025-05-29 00:00:00-06:00,7.461203336099999,7.461203336099999,24.451015871756486,24.451015871756486,-16.989812535656487,-16.989812535656487,18.70625788829969,1.7164453526432002,2.6188761043619566,0.12015117468502402,2.4987249296769325
2025-05-30 00:00:00-06:00,8.82202890915,8.82202890915,24.265898955912657,24.265898955912657,-15.443870046762656,-15.443870046762656,18.104373981600478,2.6605039348378225,2.5346123574240673,0.1862352754386476,2.3483770819854195
2025-05-31 00:00:00-06:00,8.014938209099999,8.014938209099999,24.924015334238554,24.924015334238554,-16.909077125138555,-16.909077125138555,18.78990230866672,1.880825183528163,2.6305863232133406,0.13165776284697142,2.498928560366369
2025-06-01 00:00:00-06:00,8.7699767283,8.7699767283,24.328182040177325,24.328182040177325,-15.558205311877327,-15.558205311877327,18.343998147694947,2.7857928358176194,2.568159740677293,0.19500549850723337,2.3731542421700595
2025-06-02 00:00:00-06:00,6.173701309349998,6.173701309349998,22.739449653491935,22.739449653491935,-16.565748344141937,-16.565748344141937,17.623368527820624,1.0576201836786887,2.4672715938948877,0.07403341285750821,2.3932381810373795
2025-06-03 00:00:00-06:00,4.881075502049999,4.881075502049999,22.971875117027363,22.971875117027363,-18.090799614977364,-18.090799614977364,19.34571140763358,1.2549117926562146,2.7083995970687016,0.08784382548593503,2.6205557715827665
2025-06-04 00:00:00-06:00,6.099149279249999,6.099149279249999,25.846653809298914,25.846653809298914,-19.747504530048914,-19.747504530048914,20.77800230819133,1.0304977781424156,2.9089203231467864,0.0721348444699691,2.836785478676817
2025-06-05 00:00:00-06:00,5.404994578799999,5.404994578799999,25.029086170285847,25.029086170285847,-19.624091591485847,-19.624091591485847,21.37773727307354,1.7536456815876886,2.9928832182302956,0.12275519771113821,2.8701280205191573
2025-06-06 00:00:00-06:00,3.953936319299999,3.953936319299999,21.87376253316011,21.87376253316011,-17.919826213860112,-17.919826213860112,18.763594679680732,0.8437684658206197,2.6269032551553027,0.059063792607443384,2.5678394625478593
2025-06-07 00:00:00-06:00,8.902859688,8.902859688,28.416104918102242,28.416104918102242,-19.513245230102243,-19.513245230102243,21.75776729791992,2.2445220678176754,3.0460874217087888,0.1571165447472373,2.8889708769615514
2025-06-08 00:00:00-06:00,8.2965065805,8.2965065805,25.642671905488946,25.642671905488946,-17.346165324988945,-17.346165324988945,19.96326289150946,2.6170975665205147,2.7948568048113245,0.18319682965643605,2.6116599751548883
2025-06-09 00:00:00-06:00,9.024868431449999,9.024868431449999,22.690040188071542,22.690040188071542,-13.665171756621543,-13.665171756621543,16.61183323417573,2.9466614775541884,2.3256566527846023,0.2062663034287932,2.1193903493558093
2025-06-10 00:00:00-06:00,8.730023567399998,8.730023567399998,26.019571496790697,26.019571496790697,-17.289547929390697,-17.289547929390697,19.74199857769284,2.4524506483021424,2.763879800876998,0.17167154538114998,2.592208255495848
2025-06-11 00:00:00-06:00,7.712591642099999,7.712591642099999,26.28921857013778,26.28921857013778,-18.576626928037783,-18.576626928037783,20.46706389155436,1.8904369635165792,2.8653889448176106,0.13233058744616055,2.73305835737145
2025-06-12 00:00:00-06:00,8.608409500499999,8.608409500499999,24.65439037427229,24.65439037427229,-16.04598087377229,-16.04598087377229,18.590020035199814,2.544039161427523,2.602602804927974,0.17808274129992663,2.4245200636280475
2025-06-13 00:00:00-06:00,8.4520844064,8.4520844064,25.480204294324317,25.480204294324317,-17.028119887924316,-17.028119887924316,19.395422391575718,2.367302503651403,2.7153591348206008,0.16571117525559823,2.5496479595650023
2025-06-14 00:00:00-06:00,8.7650535996,8.7650535996,27.482854408834516,27.482854408834516,-18.717800809234518,-18.717800809234518,21.09405843620878,2.3762576269742617,2.9531681810692296,0.16633803388819834,2.786830147181031
2025-06-15 00:00:00-06:00,8.3412690975,8.3412690975,28.781806881752367,28.781806881752367,-20.440537784252367,-20.440537784252367,22.32743705237147,1.8868992681191006,3.1258411873320058,0.13208294876833707,2.9937582385636685
2025-06-16 00:00:00-06:00,8.068829482799998,8.068829482799998,27.23997876446704,27.23997876446704,-19.17114928166704,-19.17114928166704,21.293219825459893,2.1220705437928515,2.9810507755643854,0.14854493806549962,2.8325058374988856
2025-06-17 00:00:00-06:00,3.450994083899999,3.450994083899999,22.955016137387975,22.955016137387975,-19.504022053487976,-19.504022053487976,19.531358418465636,0.02733636497765979,2.734390178585189,0.0019135455484361854,2.732476633036753
2025-06-18 00:00:00-06:00,8.852276286899999,8.852276286899999,25.56098424439703,25.56098424439703,-16.708707957497033,-16.708707957497033,19.27016139648296,2.5614534389859256,2.6978225955076143,0.1793017407290148,2.5185208547785995
2025-06-19 00:00:00-06:00,8.475681113099998,8.475681113099998,24.354181291493724,24.354181291493724,-15.878500178393727,-15.878500178393727,18.343777483216385,2.4652773048226586,2.568128847650294,0.17256941133758613,2.395559436312708
2025-06-20 00:00:00-06:00,8.3730200499,8.3730200499,23.67617491711818,23.67617491711818,-15.303154867218181,-15.303154867218181,17.68775317462629,2.3845983074081114,2.476285444447681,0.16692188151856782,2.3093635629291134
2025-06-21 00:00:00-06:00,8.3567735856,8.3567735856,26.127328505486414,26.127328505486414,-17.770554919886415,-17.770554919886415,20.055115749273554,2.284560829387139,2.807716204898298,0.15991925805709975,2.6477969468411984
2025-06-22 00:00:00-06:00,8.523035684099998,8.523035684099998,28.6431399825889,28.6431399825889,-20.1201042984889,-20.1201042984889,22.16775130290191,2.047647004413008,3.1034851824062675,0.1433352903089106,2.960149892097357
2025-06-23 00:00:00-06:00,6.183006809399999,6.183006809399999,24.051264057379832,24.051264057379832,-17.868257247979834,-17.868257247979834,18.835275191704554,0.9670179437247204,2.636938526838638,0.06769125606073044,2.5692472707779075
2025-06-24 00:00:00-06:00,6.447294948599999,6.447294948599999,26.820415612756296,26.820415612756296,-20.373120664156296,-20.373120664156296,21.618133238886955,1.2450125747306595,3.026538653444174,0.08715088023114617,2.939387773213028
2025-06-25 00:00:00-06:00,4.727882741399998,4.727882741399998,24.372617030898784,24.372617030898784,-19.644734289498786,-19.644734289498786,20.52620764461523,0.8814733551164445,2.8736690702461325,0.061703134858151126,2.8119659353879816
2025-06-26 00:00:00-06:00,6.947451523799999,6.947451523799999,26.03230000037379,26.03230000037379,-19.084848476573793,-19.084848476573793,20.08032768093295,0.9954792043591594,2.8112458753306133,0.06968354430514116,2.741562331025472
2025-06-27 00:00:00-06:00,8.525783015099998,8.525783015099998,23.385234949209032,23.385234949209032,-14.859451934109032,-14.859451934109032,17.434727672941996,2.5752757388329632,2.4408618742118797,0.18026930171830743,2.2605925724935725
2025-06-28 00:00:00-06:00,6.072241061699999,6.072241061699999,29.31003789261377,29.31003789261377,-23.237796830913773,-23.237796830913773,23.875284109422076,0.6374872785083009,3.342539775319091,0.044624109495581064,3.29791566582351
2025-06-29 00:00:00-06:00,8.128882942199999,8.128882942199999,27.16823477406957,27.16823477406957,-19.039351831869574,-19.039351831869574,21.190273861580938,2.150922029711366,2.9666383406213317,0.1505645420797956,2.8160737985415363
2025-06-30 00:00:00-06:00,7.288235004599999,7.288235004599999,24.030611697169782,24.030611697169782,-16.74237669256978,-16.74237669256978,18.38862576902231,1.6462490764525277,2.5744076076631233,0.11523743535167695,2.4591701723114463
2025-07-01 00:00:00-06:00,8.469513062999999,8.469513062999999,26.404646579731452,26.404646579731452,-17.935133516731455,-17.935133516731455,20.33670102440458,2.4015675076731267,2.8471381434166414,0.1681097255371189,2.6790284178795227
2025-07-02 00:00:00-06:00,8.663397867899999,8.663397867899999,22.988088533687367,22.988088533687367,-14.324690665787367,-14.324690665787367,17.122162281503062,2.7974716157156934,2.397102719410429,0.19582301310009856,2.20127970631033
2025-07-03 00:00:00-06:00,8.367207492599999,8.367207492599999,23.82153482706733,23.82153482706733,-15.454327334467331,-15.454327334467331,17.81315498857911,2.3588276541117805,2.493841698401076,0.16511793578782466,2.3287237626132513
2025-07-04 00:00:00-06:00,5.462825255099999,5.462825255099999,26.15519536485851,26.15519536485851,-20.69237010975851,-20.69237010975851,22.09120010874567,1.3988299989871606,3.092768015224394,0.09791809992910125,2.9948499152952928
2025-07-05 00:00:00-06:00,8.542557005399999,8.542557005399999,29.1316164568619,29.1316164568619,-20.5890594514619,-20.5890594514619,22.550768371782738,1.9617089203208404,3.1571075720495836,0.13731962442245885,3.0197879476271248
2025-07-06 00:00:00-06:00,8.455973578199998,8.455973578199998,26.348734578157266,26.348734578157266,-17.892760999957268,-17.892760999957268,20.048807505392602,2.1560465054353353,2.806833050754965,0.1509232553804735,2.6559097953744915
2025-07-07 00:00:00-06:00,5.069311767899999,5.069311767899999,26.371220474410624,26.371220474410624,-21.301908706510623,-21.301908706510623,21.595287078636243,0.2933783721256171,3.0233401910090745,0.020536486048793202,3.0028037049602814
2025-07-08 00:00:00-06:00,7.8133756221,7.8133756221,25.360071560702657,25.360071560702657,-17.546695938602657,-17.546695938602657,19.62388569111095,2.0771897525082927,2.747343996755533,0.1454032826755805,2.6019407140799524
2025-07-09 00:00:00-06:00,8.2409044599,8.2409044599,23.55820959495116,23.55820959495116,-15.31730513505116,-15.31730513505116,17.68648561081697,2.3691804757658086,2.476107985514376,0.16584263330360663,2.3102653522107697
2025-07-10 00:00:00-06:00,5.187898964699999,5.187898964699999,25.50326366984375,25.50326366984375,-20.315364705143754,-20.315364705143754,21.578920660838833,1.2635559556950806,3.021048892517437,0.08844891689865565,2.932599975618781
2025-07-11 00:00:00-06:00,8.6228400123,8.6228400123,22.58840743586266,22.58840743586266,-13.96556742356266,-13.96556742356266,16.623750674789513,2.658183251226851,2.327325094470532,0.1860728275858796,2.1412522668846523
2025-07-12 00:00:00-06:00,7.647155897399999,7.647155897399999,26.189096081469835,26.189096081469835,-18.541940184069833,-18.541940184069833,20.55789748038661,2.0159572963167767,2.878105647254126,0.1411170107421744,2.736988636511952
2025-07-13 00:00:00-06:00,8.532319102199999,8.532319102199999,27.854657723844007,27.854657723844007,-19.322338621644008,-19.322338621644008,21.43417820980969,2.111839588165684,3.000784949373357,0.1478287711715979,2.8529561782017594
2025-07-14 00:00:00-06:00,8.574934162049999,8.574934162049999,24.09734645556469,24.09734645556469,-15.522412293514689,-15.522412293514689,18.220176030967313,2.6977637374526218,2.550824644335424,0.18884346162168353,2.3619811827137407
2025-07-15 00:00:00-06:00,8.144060448149999,8.144060448149999,25.228758313576908,25.228758313576908,-17.08469786542691,-17.08469786542691,19.16490414970493,2.0802062842780202,2.683086580958691,0.14561443989946143,2.5374721410592294
2025-07-16 00:00:00-06:00,5.503892053949999,5.503892053949999,23.746739297600424,23.746739297600424,-18.242847243650424,-18.242847243650424,19.71272553497661,1.4698782913261828,2.7597815748967256,0.1028914803928328,2.656890094503893
2025-07-17 00:00:00-06:00,5.088068829899999,5.088068829899999,23.674884345758528,23.674884345758528,-18.58681551585853,-18.58681551585853,19.695632879811367,1.1088173639528365,2.7573886031735917,0.07761721547669856,2.679771387696893
2025-07-18 00:00:00-06:00,8.380801711799998,8.380801711799998,23.74207917516065,23.74207917516065,-15.36127746336065,-15.36127746336065,17.801816696821636,2.4405392334609832,2.4922543375550292,0.17083774634226884,2.3214165912127602
2025-07-19 00:00:00-06:00,5.338317993749999,5.338317993749999,28.32674533160504,28.32674533160504,-22.988427337855043,-22.988427337855043,23.17963011830567,0.191202780450628,3.2451482165627943,0.013384194631543962,3.2317640219312502
2025-07-20 00:00:00-06:00,8.409219495299999,8.409219495299999,25.77134690949741,25.77134690949741,-17.36212741419741,-17.36212741419741,19.75512305505471,2.392995640857298,2.76571722770766,0.16750969486001085,2.598207532847649
2025-07-21 00:00:00-06:00,8.404471110599998,8.404471110599998,25.74847344479575,25.74847344479575,-17.34400233419575,-17.34400233419575,19.60621127684373,2.2622089426479812,2.7448695787581223,0.1583546259853587,2.5865149527727636
2025-07-22 00:00:00-06:00,7.663528478699998,7.663528478699998,23.877263820368402,23.877263820368402,-16.213735341668404,-16.213735341668404,18.459075536400317,2.2453401947319143,2.5842705750960446,0.157173813631234,2.4270967614648105
2025-07-23 00:00:00-06:00,5.0031543982499995,5.0031543982499995,24.470256077377957,24.470256077377957,-19.467101679127957,-19.467101679127957,19.71650204963321,0.249400370505252,2.7603102869486498,0.01745802593536764,2.742852261013282
2025-07-24 00:00:00-06:00,8.4177189738,8.4177189738,25.906551014394562,25.906551014394562,-17.488832040594563,-17.488832040594563,19.855831249313795,2.3669992087192293,2.7798163749039317,0.16568994461034606,2.614126430293586
2025-07-25 00:00:00-06:00,8.518639391549998,8.518639391549998,23.6831071134003,23.6831071134003,-15.164467721850302,-15.164467721850302,17.890623745647375,2.7261560237970714,2.5046873243906327,0.19083092166579502,2.313856402724838
2025-07-26 00:00:00-06:00,8.516770984799999,8.516770984799999,24.65985015621111,24.65985015621111,-16.143079171411113,-16.143079171411113,18.740710988631776,2.597631817220663,2.6236995384084487,0.18183422720544642,2.4418653112030024
2025-07-27 00:00:00-06:00,8.456213528549998,8.456213528549998,24.537655050331725,24.537655050331725,-16.081441521781727,-16.081441521781727,18.562815024090416,2.4813735023086876,2.5987941033726583,0.17369614516160814,2.42509795821105
2025-07-28 00:00:00-06:00,8.4639586608,8.4639586608,22.321285073865706,22.321285073865706,-13.857326413065708,-13.857326413065708,16.670854770189422,2.813528357123714,2.3339196678265193,0.19694698499866,2.1369726828278592
2025-07-29 00:00:00-06:00,5.7692874955499995,5.7692874955499995,23.60273697287319,23.60273697287319,-17.833449477323192,-17.833449477323192,18.49083732108957,0.6573878437663792,2.5887172249525396,0.04601714906364655,2.542700075888893
2025-07-30 00:00:00-06:00,7.149228066899998,7.149228066899998,23.064233576302417,23.064233576302417,-15.915005509402418,-15.915005509402418,17.990307895225072,2.075302385822656,2.51864310533151,0.1452711670075859,2.373371938323924
2025-07-31 00:00:00-06:00,7.456483840049999,7.456483840049999,22.822994620671547,22.822994620671547,-15.366510780621548,-15.366510780621548,17.419325615908992,2.0528148352874456,2.4387055862272593,0.1436970384701212,2.295008547757138
2025-08-01 00:00:00-06:00,5.725791098999999,5.725791098999999,26.243181936979454,26.243181936979454,-20.517390837979455,-20.517390837979455,21.637380372382918,1.1199895344034625,3.0292332521336087,0.07839926740824238,2.9508339847253664
2025-08-02 00:00:00-06:00,5.641333658549999,5.641333658549999,27.04714069037109,27.04714069037109,-21.40580703182109,-21.40580703182109,21.63786084660408,0.23205381478298853,3.029300518524572,0.0162437670348092,3.0130567514897626
2025-08-03 00:00:00-06:00,8.515199179799998,8.515199179799998,27.396246231077015,27.396246231077015,-18.881047051277015,-18.881047051277015,21.065598636543875,2.184551585266857,2.9491838091161426,0.15291861096868,2.7962651981474624
2025-08-04 00:00:00-06:00,7.612303283549999,7.612303283549999,25.471665538512298,25.471665538512298,-17.8593622549623,-17.8593622549623,19.808859314218022,1.9494970592557248,2.7732403039905233,0.13646479414790075,2.6367755098426224
2025-08-05 00:00:00-06:00,7.659086522399999,7.659086522399999,23.90136527565233,23.90136527565233,-16.242278753252332,-16.242278753252332,18.286666563703353,2.0443878104510214,2.56013331891847,0.14310714673157152,2.4170261721868984
2025-08-06 00:00:00-06:00,8.251843543649999,8.251843543649999,24.532358781922756,24.532358781922756,-16.28051523827276,-16.28051523827276,18.620796020973536,2.340280782700778,2.6069114429362954,0.16381965478905447,2.4430917881472407
2025-08-07 00:00:00-06:00,8.006656072499998,8.006656072499998,23.750488483386363,23.750488483386363,-15.743832410886366,-15.743832410886366,17.989258498857563,2.2454260879711962,2.518496189840059,0.15717982615798376,2.361316363682075
2025-08-08 00:00:00-06:00,7.3966725909,7.3966725909,22.927126744279,22.927126744279,-15.530454153379,-15.530454153379,17.478291935454155,1.9478377820751531,2.446960870963582,0.13634864474526073,2.3106122262183213
2025-08-09 00:00:00-06:00,6.881684775299999,6.881684775299999,25.159732185213606,25.159732185213606,-18.278047409913608,-18.278047409913608,19.707569102971288,1.4295216930576808,2.7590596744159805,0.10006651851403767,2.658993155901943
2025-08-10 00:00:00-06:00,7.287051805199999,7.287051805199999,25.765948484585692,25.765948484585692,-18.47889667938569,-18.47889667938569,20.38816598910926,1.9092693097235685,2.854343238475297,0.1336488516806498,2.720694386794647
2025-08-11 00:00:00-06:00,9.210388953599999,9.210388953599999,21.724037635707088,21.724037635707088,-12.513648682107087,-12.513648682107087,15.266056011010914,2.752407328903827,2.137247841541528,0.19266851302326793,1.94457932851826
2025-08-12 00:00:00-06:00,9.248925238199998,9.248925238199998,25.73791182588856,25.73791182588856,-16.488986587688558,-16.488986587688558,18.902405560765647,2.413418973077087,2.646336778507191,0.1689393281153961,2.477397450391795
2025-08-13 00:00:00-06:00,9.1209433509,9.1209433509,24.397008199407686,24.397008199407686,-15.276064848507687,-15.276064848507687,17.86948990310433,2.5934250545966413,2.5017285864346066,0.1815397538217649,2.3201888326128417
2025-08-14 00:00:00-06:00,7.981195463999999,7.981195463999999,23.785379449175398,23.785379449175398,-15.804183985175401,-15.804183985175401,17.709737113458306,1.9055531282829041,2.4793631958841633,0.1333887189798033,2.34597447690436
2025-08-15 00:00:00-06:00,9.0835730883,9.0835730883,25.514712353923386,25.514712353923386,-16.431139265623386,-16.431139265623386,18.84542181484812,2.4142825492247333,2.638359054078737,0.16899977844573136,2.4693592756330056
2025-08-16 00:00:00-06:00,7.2987514316999995,7.2987514316999995,28.86553883346439,28.86553883346439,-21.566787401764394,-21.566787401764394,22.628497181050047,1.0617097792856542,3.167989605347007,0.07431968454999581,3.0936699207970113
2025-08-17 00:00:00-06:00,8.9245668456,8.9245668456,27.648093229592227,27.648093229592227,-18.72352638399223,-18.72352638399223,20.859726794509708,2.136200410517477,2.9203617512313595,0.1495340287362234,2.7708277224951363
2025-08-18 00:00:00-06:00,7.397382877199999,7.397382877199999,26.08351600082386,26.08351600082386,-18.68613312362386,-18.68613312362386,20.084768171484527,1.3986350478606657,2.811867544007834,0.09790445335024661,2.7139630906575873
2025-08-19 00:00:00-06:00,9.098938963799998,9.098938963799998,22.61635525016141,22.61635525016141,-13.51741628636141,-13.51741628636141,16.260983994015994,2.743567707654583,2.2765377591622395,0.19204973953582083,2.0844880196264186
2025-08-20 00:00:00-06:00,9.1810975986,9.1810975986,23.68663047980398,23.68663047980398,-14.505532881203981,-14.505532881203981,17.1646645405221,2.659131659318117,2.403053035673094,0.1861392161522682,2.216913819520826
2025-08-21 00:00:00-06:00,9.170247605399998,9.170247605399998,24.734355944884275,24.734355944884275,-15.564108339484278,-15.564108339484278,18.041295615128803,2.4771872756445266,2.5257813861180325,0.17340310929511688,2.3523782768229156
2025-08-22 00:00:00-06:00,8.577441180899998,8.577441180899998,24.266878043314254,24.266878043314254,-15.689436862414254,-15.689436862414254,17.797087736278943,2.1076508738646864,2.4915922830790525,0.14753556117052807,2.344056721908524
2025-08-23 00:00:00-06:00,6.002290096199999,6.002290096199999,27.11080335212949,27.11080335212949,-21.10851325592949,-21.10851325592949,21.929231626240593,0.8207183703111002,3.0700924276736834,0.05745028592177702,3.0126421417519063
2025-08-24 00:00:00-06:00,5.669801485199999,5.669801485199999,29.120727986490696,29.120727986490696,-23.4509265012907,-23.4509265012907,24.192023556829486,0.7410970555387886,3.3868832979561283,0.051876793887715204,3.335006504068413
2025-08-25 00:00:00-06:00,2.207980590299999,2.207980590299999,25.831787209633102,25.831787209633102,-23.623806619333106,-23.623806619333106,23.623806619333106,0.0,3.307332926706635,0.0,3.307332926706635
2025-08-26 00:00:00-06:00,4.544400499199999,4.544400499199999,25.344872895727278,25.344872895727278,-20.80047239652728,-20.80047239652728,21.723902303889673,0.9234299073623922,3.0413463225445545,0.06464009351536745,2.9767062290291872
2025-08-27 00:00:00-06:00,7.0908496658999995,7.0908496658999995,23.39525291325223,23.39525291325223,-16.304403247352226,-16.304403247352226,18.272758510237036,1.9683552628848076,2.5581861914331854,0.13778486840193654,2.420401323031249
2025-08-28 00:00:00-06:00,6.752996392499999,6.752996392499999,22.013097310347987,22.013097310347987,-15.260100917847987,-15.260100917847987,16.996247408731474,1.736146490883488,2.3794746372224065,0.12153025436184417,2.257944382860562
2025-08-29 00:00:00-06:00,7.7798295288,7.7798295288,23.645849681239625,23.645849681239625,-15.866020152439624,-15.866020152439624,17.54065169814725,1.6746315457076273,2.4556912377406155,0.11722420819953393,2.3384670295410817
2025-08-30 00:00:00-06:00,6.477765188399999,6.477765188399999,24.944527214045422,24.944527214045422,-18.466762025645423,-18.466762025645423,20.378452720207388,1.911690694561965,2.8529833808290346,0.13381834861933756,2.719165032209697
2025-08-31 00:00:00-06:00,9.031676361299999,9.031676361299999,26.90187000509908,26.90187000509908,-17.870193643799084,-17.870193643799084,20.061529777522168,2.191336133723087,2.808614168853104,0.1533935293606161,2.6552206394924878
2025-09-01 00:00:00-06:00,9.198944938799999,9.198944938799999,21.83945134409992,21.83945134409992,-12.64050640529992,-12.64050640529992,15.435482098651326,2.7949756933514047,2.160967493811186,0.19564829853459834,1.9653191952765876
2025-09-02 00:00:00-06:00,9.1331082738,9.1331082738,22.24479392840376,22.24479392840376,-13.111685654603761,-13.111685654603761,15.946518196402529,2.8348325417987694,2.2325125474963543,0.19843827792591387,2.0340742695704406
2025-09-03 00:00:00-06:00,8.857509200099999,8.857509200099999,25.258515219997065,25.258515219997065,-16.401006019897068,-16.401006019897068,18.747255796605625,2.346249776708556,2.6246158115247877,0.16423748436959892,2.4603783271551887
2025-09-04 00:00:00-06:00,8.4082404726,8.4082404726,24.92170069619268,24.92170069619268,-16.51346022359268,-16.51346022359268,18.527950068690934,2.0144898450982534,2.593913009616731,0.14101428915687775,2.4528987204598534
2025-09-05 00:00:00-06:00,2.842543008899999,2.842543008899999,23.72754879648297,23.72754879648297,-20.885005787582973,-20.885005787582973,20.885005787582973,0.0,2.9239008102616166,0.0,2.9239008102616166
2025-09-06 00:00:00-06:00,8.3755412937,8.3755412937,25.855255524418116,25.855255524418116,-17.47971423071812,-17.47971423071812,19.454248941656736,1.9745347109386164,2.7235948518319435,0.13821742976570317,2.5853774220662404
2025-09-07 00:00:00-06:00,4.480424522999999,4.480424522999999,24.80220444298466,24.80220444298466,-20.32177991998466,-20.32177991998466,21.697272492167464,1.3754925721828044,3.0376181489034453,0.09628448005279631,2.941333668850649
2025-09-08 00:00:00-06:00,8.09557002495,8.09557002495,23.90624559654251,23.90624559654251,-15.81067557159251,-15.81067557159251,17.766270512403537,1.955594940811026,2.4872778717364956,0.13689164585677183,2.3503862258797237
2025-09-09 00:00:00-06:00,5.8834391985,5.8834391985,21.96300289682034,21.96300289682034,-16.07956369832034,-16.07956369832034,16.743620305697743,0.6640566073774031,2.344106842797684,0.046483962516418224,2.2976228802812657
2025-09-10 00:00:00-06:00,8.4774003246,8.4774003246,24.0407339138305,24.0407339138305,-15.563333589230501,-15.563333589230501,17.736168767278933,2.172835178048432,2.483063627419051,0.15209846246339026,2.3309651649556606
2025-09-11 00:00:00-06:00,7.582401281025,7.582401281025,22.833487470812553,22.833487470812553,-15.251086189787554,-15.251086189787554,17.37097995550808,2.1198937657205255,2.4319371937711316,0.1483925636004368,2.2835446301706948
2025-09-12 00:00:00-06:00,7.952364248399999,7.952364248399999,24.44141928046765,24.44141928046765,-16.48905503206765,-16.48905503206765,18.603686019044652,2.114630986977004,2.6045160426662517,0.1480241690883903,2.4564918735778614
2025-09-13 00:00:00-06:00,5.974634334375,5.974634334375,27.152250518099486,27.152250518099486,-21.177616183724485,-21.177616183724485,22.079102225709,0.9014860419845154,3.0910743115992605,0.06310402293891608,3.0279702886603443
2025-09-14 00:00:00-06:00,7.1177769468,7.1177769468,26.449137970280333,26.449137970280333,-19.331361023480333,-19.331361023480333,20.203466489020673,0.8721054655403413,2.8284853084628945,0.0610473825878239,2.7674379258750705
2025-09-15 00:00:00-06:00,8.355465544949999,8.355465544949999,22.979923336586285,22.979923336586285,-14.624457791636287,-14.624457791636287,16.8828338950651,2.2583761034288132,2.3635967453091142,0.15808632724001695,2.2055104180690974
2025-09-16 00:00:00-06:00,7.247062367099999,7.247062367099999,26.399971167633318,26.399971167633318,-19.152908800533318,-19.152908800533318,20.393250697460786,1.2403418969274655,2.8550550976445104,0.08682393278492259,2.768231164859588
2025-09-17 00:00:00-06:00,7.616683359899999,7.616683359899999,25.89180229506253,25.89180229506253,-18.275118935162528,-18.275118935162528,20.352033438990883,2.0769145038283554,2.849284681458724,0.1453840152679849,2.703900666190739
2025-09-18 00:00:00-06:00,6.084281611799999,6.084281611799999,24.858270351953408,24.858270351953408,-18.773988740153406,-18.773988740153406,20.649359468929834,1.875370728776426,2.890910325650177,0.13127595101434983,2.759634374635827
2025-09-19 00:00:00-06:00,7.671230263799999,7.671230263799999,24.282246771327593,24.282246771327593,-16.61101650752759,-16.61101650752759,18.39146063663323,1.7804441291056405,2.5748044891286526,0.12463108903739485,2.450173400091258
2025-09-20 00:00:00-06:00,6.012878818499999,6.012878818499999,27.487403001554302,27.487403001554302,-21.474524183054303,-21.474524183054303,22.048764169412927,0.5742399863586259,3.08682698371781,0.04019679904510382,3.0466301846727064
2025-09-21 00:00:00-06:00,8.6968739043,8.6968739043,27.96612276084968,27.96612276084968,-19.26924885654968,-19.26924885654968,21.259779665177895,1.990530808628215,2.9763691531249057,0.13933715660397505,2.8370319965209307
2025-09-22 00:00:00-06:00,4.970387960324999,4.970387960324999,22.999698776643683,22.999698776643683,-18.029310816318684,-18.029310816318684,18.29873800303434,0.26942718671565513,2.561823320424808,0.01885990307009586,2.542963417354712
2025-09-23 00:00:00-06:00,1.4706779033249993,1.4706779033249993,22.10743218342597,22.10743218342597,-20.63675428010097,-20.63675428010097,20.63675428010097,0.0,2.889145599214136,0.0,2.889145599214136
2025-09-24 00:00:00-06:00,7.135815141899999,7.135815141899999,23.516729007970095,23.516729007970095,-16.3809138660701,-16.3809138660701,18.014100506927036,1.6331866408569398,2.5219740709697853,0.11432306485998579,2.4076510061097993
2025-09-25 00:00:00-06:00,8.837331400124999,8.837331400124999,21.703279526781003,21.703279526781003,-12.865948126656004,-12.865948126656004,15.266589141111142,2.4006410144551373,2.13732247975556,0.16804487101185964,1.9692776087437003
2025-09-26 00:00:00-06:00,7.9256077209,7.9256077209,22.304905938937775,22.304905938937775,-14.379298218037775,-14.379298218037775,16.04805866796958,1.668760449931805,2.2467282135157416,0.11681323149522636,2.1299149820205154
2025-09-27 00:00:00-06:00,8.443343949525,8.443343949525,28.555565968402988,28.555565968402988,-20.11222201887799,-20.11222201887799,21.772585831103584,1.660363812225594,3.048162016354502,0.11622546685579159,2.9319365494987104
2025-09-28 00:00:00-06:00,7.787289722624999,7.787289722624999,26.913626892258737,26.913626892258737,-19.12633716963374,-19.12633716963374,20.57881975994855,1.4524825903148142,2.8810347663927973,0.101673781322037,2.77936098507076
2025-09-29 00:00:00-06:00,7.022625881967213,7.022625881967213,25.621365784638428,25.621365784638428,-18.598739902671216,-18.598739902671216,19.305955132046655,0.7072152293754402,2.702833718486532,0.04950506605628082,2.6533286524302513
2025-09-30 00:00:00-06:00,6.891544123593342,6.891544123593342,26.142677117402,26.142677117402,-19.251132993808657,-19.251132993808657,20.78273573274517,1.5316027389365159,2.909583002584324,0.10721219172555613,2.802370810858768
2025-10-01 00:00:00-06:00,6.966094156166415,6.966094156166415,25.699591077439457,25.699591077439457,-18.73349692127304,-18.73349692127304,20.22105422999177,1.4875573087187257,2.830947592198848,0.10412901161031081,2.726818580588537
2025-10-02 00:00:00-06:00,6.958727318025577,6.958727318025577,23.628162519349623,23.628162519349623,-16.669435201324045,-16.669435201324045,18.38178431907734,1.7123491177532921,2.573449804670828,0.11986443824273046,2.4535853664280975
2025-10-03 00:00:00-06:00,6.877107937636689,6.877107937636689,25.79899491200236,25.79899491200236,-18.92188697436567,-18.92188697436567,20.491268382590427,1.5693814082247568,2.86877757356266,0.10985669857573299,2.758920874986927
2025-10-04 00:00:00-06:00,7.069622093440943,7.069622093440943,26.353668367714356,26.353668367714356,-19.28404627427341,-19.28404627427341,20.914793470098033,1.6307471958246218,2.928071085813725,0.11415230370772354,2.8139187821060014
2025-10-05 00:00:00-06:00,7.043808764342875,7.043808764342875,27.823515831537335,27.823515831537335,-20.77970706719446,-20.77970706719446,22.1930991401287,1.4133920729342404,3.1070338796180184,0.09893744510539684,3.0080964345126215
2025-10-06 00:00:00-06:00,6.961736607725118,6.961736607725118,26.756312198029942,26.756312198029942,-19.794575590304824,-19.794575590304824,21.27360549783387,1.4790299075290463,2.978304769696742,0.10353209352703326,2.8747726761697088
2025-10-07 00:00:00-06:00,6.995063130958924,6.995063130958924,23.13568968315523,23.13568968315523,-16.14062655219631,-16.14062655219631,17.8010763193532,1.6604497671568925,2.4921506847094483,0.11623148370098249,2.375919201008466
2025-10-08 00:00:00-06:00,6.864541196990828,6.864541196990828,24.451793682766258,24.451793682766258,-17.58725248577543,-17.58725248577543,19.1725384881318,1.5852860023563704,2.684155388338452,0.11097002016494593,2.5731853681735064
2025-10-09 00:00:00-06:00,6.814231290747192,6.814231290747192,25.982312545589814,25.982312545589814,-19.16808125484262,-19.16808125484262,20.610643211244124,1.442561956401505,2.8854900495741775,0.10097933694810536,2.784510712626072
2025-10-10 00:00:00-06:00,6.711901145581972,6.711901145581972,26.33894797110487,26.33894797110487,-19.627046825522896,-19.627046825522896,21.18308201921745,1.5560351936945556,2.9656314826904433,0.1089224635586189,2.8567090191318245
2025-10-11 00:00:00-06:00,6.62441208708798,6.62441208708798,25.690439462255288,25.690439462255288,-19.06602737516731,-19.06602737516731,20.55373901345246,1.487711638285154,2.877523461883345,0.1041398146799608,2.773383647203384
2025-10-12 00:00:00-06:00,6.856683973635085,6.856683973635085,26.88573299784129,26.88573299784129,-20.029049024206206,-20.029049024206206,21.470928853851692,1.441879829645487,3.005930039539237,0.10093158807518411,2.9049984514640528
2025-10-13 00:00:00-06:00,6.837369461230891,6.837369461230891,23.990458352706593,23.990458352706593,-17.1530888914757,-17.1530888914757,18.790828461560306,1.6377395700846038,2.630715984618443,0.11464176990592227,2.516074214712521
2025-10-14 00:00:00-06:00,6.953272342658337,6.953272342658337,25.67106305370613,25.67106305370613,-18.717790711047794,-18.717790711047794,20.33511692824853,1.6173262172007377,2.8469163699547946,0.11321283520405165,2.733703534750743
2025-10-15 00:00:00-06:00,6.78242177847122,6.78242177847122,25.816146817836323,25.816146817836323,-19.033725039365102,-19.033725039365102,20.618649496365254,1.5849244570001522,2.8866109294911357,0.11094471199001066,2.775666217501125
2025-10-16 00:00:00-06:00,6.744872229961532,6.744872229961532,22.38088563674556,22.38088563674556,-15.636013406784029,-15.636013406784029,17.46554243064536,1.829529023861331,2.445175940290351,0.12806703167029318,2.3171089086200576
2025-10-17 00:00:00-06:00,6.550931592338981,6.550931592338981,24.702167687073953,24.702167687073953,-18.15123609473497,-18.15123609473497,19.75112760454603,1.5998915098110615,2.7651578646364445,0.11199240568677432,2.6531654589496703
2025-10-18 00:00:00-06:00,6.499823884564136,6.499823884564136,27.546087388986304,27.546087388986304,-21.04626350442217,-21.04626350442217,22.331109857525224,1.2848463531030523,3.1263553800535315,0.08993924471721366,3.0364161353363177
2025-10-19 00:00:00-06:00,6.252164689312782,6.252164689312782,26.07738647206826,26.07738647206826,-19.825221782755477,-19.825221782755477,21.025507700049847,1.2002859172943685,2.943571078006979,0.0840200142106058,2.8595510637963732
2025-10-20 00:00:00-06:00,6.777140451620817,6.777140451620817,24.543199247292524,24.543199247292524,-17.766058795671707,-17.766058795671707,19.162077124005062,1.3960183283333545,2.682690797360709,0.09772128298333482,2.584969514377374
2025-10-21 00:00:00-06:00,6.676091166479515,6.676091166479515,22.076217405233127,22.076217405233127,-15.40012623875361,-15.40012623875361,16.850206124541618,1.4500798857880068,2.3590288574358267,0.10150559200516049,2.2575232654306663
2025-10-22 00:00:00-06:00,6.791735619149805,6.791735619149805,22.48523266721088,22.48523266721088,-15.693497048061072,-15.693497048061072,17.19558489074017,1.5020878426790996,2.407381884703624,0.10514614898753698,2.302235735716087
2025-10-23 00:00:00-06:00,6.663274806231969,6.663274806231969,21.95466331330695,21.95466331330695,-15.291388507074979,-15.291388507074979,16.842010473926308,1.550621966851328,2.357881466349683,0.10854353767959296,2.2493379286700903
2025-10-24 00:00:00-06:00,6.846266113191192,6.846266113191192,26.927227483039378,26.927227483039378,-20.080961369848186,-20.080961369848186,21.387826583735894,1.3068652138877068,2.9942957217230255,0.09148056497213948,2.902815156750886
2025-10-25 00:00:00-06:00,6.723791358917032,6.723791358917032,26.589370345019223,26.589370345019223,-19.86557898610219,-19.86557898610219,21.12615036845316,1.260571382350971,2.9576610515834427,0.08823999676456798,2.8694210548188748
2025-10-26 00:00:00-06:00,6.617140819129451,6.617140819129451,29.274275975965416,29.274275975965416,-22.657135156835963,-22.657135156835963,23.731919817776753,1.0747846609407865,3.322468774488746,0.07523492626585507,3.2472338482228906
2025-10-27 00:00:00-06:00,6.6108096614018415,6.6108096614018415,26.163263699065343,26.163263699065343,-19.5524540376635,-19.5524540376635,20.795190049710502,1.2427360120470023,2.9113266069594705,0.08699152084329018,2.8243350861161804
2025-10-28 00:00:00-06:00,6.484811208868168,6.484811208868168,22.15794839187171,22.15794839187171,-15.673137183003542,-15.673137183003542,17.2237180877846,1.5505809047810595,2.4113205322898446,0.10854066333467417,2.30277986895517
2025-10-29 00:00:00-06:00,6.3137461937358275,6.3137461937358275,25.745532610475234,25.745532610475234,-19.431786416739406,-19.431786416739406,20.51218172245088,1.08039530571147,2.8717054411431233,0.0756276713998029,2.7960777697433206
2025-10-30 00:00:00-06:00,6.026260310623497,6.026260310623497,23.47230160011123,23.47230160011123,-17.446041289487734,-17.446041289487734,18.618647004373447,1.172605714885712,2.6066105806122826,0.08208240004199985,2.524528180570283
2025-10-31 00:00:00-06:00,6.202340382855057,6.202340382855057,23.108441873240555,23.108441873240555,-16.906101490385495,-16.906101490385495,18.187578123433838,1.281476633048341,2.5462609372807377,0.08970336431338387,2.4565575729673537
2025-11-01 00:00:00-06:00,5.875614734488825,5.875614734488825,25.983375230167475,25.983375230167475,-20.10776049567865,-20.10776049567865,21.080933071573178,0.9731725758945267,2.9513306300202453,0.06812208031261688,2.8832085497076285
2025-11-02 00:00:00-06:00,6.657812488298139,6.657812488298139,26.841853128090236,26.841853128090236,-20.184040639792098,-20.184040639792098,20.818034061223546,0.6339934214314487,2.914524768571297,0.04437953950020141,2.8701452290710954
2025-11-03 00:00:00-07:00,6.566940536762904,6.566940536762904,23.591354422785386,23.591354422785386,-17.024413886022483,-17.024413886022483,17.810846067475406,0.7864321814529256,2.493518449446557,0.0550502527017048,2.4384681967448523
2025-11-04 00:00:00-07:00,6.516325082705001,6.516325082705001,25.495915121850075,25.495915121850075,-18.979590039145073,-18.979590039145073,19.6616000378677,0.6820099987226258,2.7526240053014783,0.04774069991058381,2.7048833053908945
2025-11-05 00:00:00-07:00,6.5049686893471925,6.5049686893471925,23.277538337255375,23.277538337255375,-16.77256964790818,-16.77256964790818,17.522159288980365,0.7495896410721844,2.4531023004572514,0.05247127487505291,2.4006310255821983
2025-11-06 00:00:00-07:00,6.409896994350537,6.409896994350537,22.198084029499558,22.198084029499558,-15.78818703514902,-15.78818703514902,16.58185013102223,0.7936630958732065,2.3214590183431123,0.05555641671112446,2.265902601631988
2025-11-07 00:00:00-07:00,6.42714962425222,6.42714962425222,23.870907834971316,23.870907834971316,-17.443758210719096,-17.443758210719096,18.091353574571688,0.6475953638525904,2.5327895004400367,0.04533167546968134,2.487457824970355
2025-11-08 00:00:00-07:00,6.596735247806779,6.596735247806779,26.911894485586252,26.911894485586252,-20.315159237779472,-20.315159237779472,20.88289292247106,0.5677336846915877,2.9236050091459487,0.039741357928411145,2.8838636512175375
2025-11-09 00:00:00-07:00,6.68928315518281,6.68928315518281,24.087133184389504,24.087133184389504,-17.397850029206694,-17.397850029206694,18.14094322962964,0.7430932004229467,2.53973205214815,0.05201652402960627,2.4877155281185437
2025-11-10 00:00:00-07:00,6.281778502775485,6.281778502775485,25.891444434353595,25.891444434353595,-19.60966593157811,-19.60966593157811,20.146709930535675,0.5370439989575648,2.8205393902749947,0.037593079927029545,2.782946310347965
2025-11-11 00:00:00-07:00,6.066366268210545,6.066366268210545,26.414969884276807,26.414969884276807,-20.348603616066264,-20.348603616066264,20.8090340934143,0.46043047734803844,2.9132647730780024,0.03223013341436269,2.8810346396636395
2025-11-12 00:00:00-07:00,5.990044000878349,5.990044000878349,25.300567147261862,25.300567147261862,-19.310523146383513,-19.310523146383513,19.770407078444425,0.45988393206091027,2.76785699098222,0.03219187524426372,2.735665115737956
2025-11-13 00:00:00-07:00,5.909733373538418,5.909733373538418,23.607605286286272,23.607605286286272,-17.697871912747853,-17.697871912747853,18.197731011497243,0.49985909874938955,2.5476823416096144,0.034990136912457274,2.512692204697157
2025-11-14 00:00:00-07:00,5.7269826656529075,5.7269826656529075,24.213487854640498,24.213487854640498,-18.48650518898759,-18.48650518898759,18.896892138645956,0.410386949658368,2.645564899410434,0.028727086476085763,2.616837812934348
2025-11-15 00:00:00-07:00,5.57353087478037,5.57353087478037,24.264810269617808,24.264810269617808,-18.691279394837437,-18.691279394837437,19.07265140444055,0.38137200960311113,2.670171196621677,0.026696040672217782,2.643475155949459
2025-11-16 00:00:00-07:00,5.716411066853201,5.716411066853201,25.77049182691119,25.77049182691119,-20.05408076005799,-20.05408076005799,20.392298983811113,0.33821822375312277,2.8549218577335562,0.023675275662718598,2.8312465820708375
2025-11-17 00:00:00-07:00,5.717396742830017,5.717396742830017,26.19837504312314,26.19837504312314,-20.480978300293124,-20.480978300293124,20.72839181070365,0.24741351041052562,2.901974853498511,0.017318945728736795,2.8846559077697744
2025-11-18 00:00:00-07:00,5.766546130227346,5.766546130227346,24.853875705573206,24.853875705573206,-19.08732957534586,-19.08732957534586,19.475363246728,0.388033671382143,2.7265508545419204,0.027162356996750014,2.6993884975451703
2025-11-19 00:00:00-07:00,5.884124327245682,5.884124327245682,22.573676945205644,22.573676945205644,-16.68955261795996,-16.68955261795996,17.242193566879404,0.552640948919443,2.413907099363117,0.03868486642436102,2.375222232938756
2025-11-20 00:00:00-07:00,6.102596665242986,6.102596665242986,22.144366812407153,22.144366812407153,-16.04177014716417,-16.04177014716417,16.726059205251705,0.6842890580875387,2.341648288735239,0.047900234066127714,2.2937480546691114
2025-11-21 00:00:00-07:00,5.995342189535957,5.995342189535957,22.53245013597949,22.53245013597949,-16.537107946443534,-16.537107946443534,17.12521825317622,0.5881103067326852,2.3975305554446713,0.041167721471287964,2.3563628339733835
2025-11-22 00:00:00-07:00,5.823958996214053,5.823958996214053,25.00615471397695,25.00615471397695,-19.182195717762898,-19.182195717762898,19.64399791491504,0.4618021971521424,2.750159708088106,0.032326153800649966,2.717833554287456
2025-11-23 00:00:00-07:00,5.920839770847423,5.920839770847423,25.17126082592296,25.17126082592296,-19.250421055075538,-19.250421055075538,19.69565417676124,0.4452331216857054,2.757391584746574,0.03116631851799938,2.7262252662285746
2025-11-24 00:00:00-07:00,6.039955773484661,6.039955773484661,25.10750239653147,25.10750239653147,-19.06754662304681,-19.06754662304681,19.504575765705297,0.4370291426584897,2.7306406071987417,0.03059203998609428,2.7000485672126473
2025-11-25 00:00:00-07:00,6.00694278278713,6.00694278278713,23.86541675274963,23.86541675274963,-17.8584739699625,-17.8584739699625,18.402406790450495,0.5439328204879958,2.5763369506630696,0.038075297434159716,2.53826165322891
2025-11-26 00:00:00-07:00,5.987621650846725,5.987621650846725,25.414538148893314,25.414538148893314,-19.42691649804659,-19.42691649804659,19.826124403454987,0.3992079054083987,2.7756574164836985,0.02794455337858791,2.7477128631051104
2025-11-27 00:00:00-07:00,5.881448269292125,5.881448269292125,22.3754943604888,22.3754943604888,-16.494046091196676,-16.494046091196676,17.047213443095718,0.5531673518990405,2.3866098820334005,0.03872171463293284,2.3478881674004675
2025-11-28 00:00:00-07:00,5.853034800243148,5.853034800243148,22.87467085093534,22.87467085093534,-17.021636050692187,-17.021636050692187,17.54618674268938,0.5245506919971903,2.456466143976513,0.03671854843980332,2.41974759553671
2025-11-29 00:00:00-07:00,5.747857973037935,5.747857973037935,25.695880337346164,25.695880337346164,-19.94802236430823,-19.94802236430823,20.314288020520003,0.3662656562117738,2.844000322872801,0.02563859593482417,2.818361726937977
2025-11-30 00:00:00-07:00,5.735722302243591,5.735722302243591,26.645956556063087,26.645956556063087,-20.910234253819496,-20.910234253819496,21.20537925187597,0.2951449980564754,2.9687530952626364,0.020660149863953283,2.9480929453986833
2025-12-01 00:00:00-07:00,5.974120571170322,5.974120571170322,23.303749088218918,23.303749088218918,-17.329628517048597,-17.329628517048597,17.88420984552317,0.5545813284745729,2.503789378373244,0.03882069299322011,2.464968685380024
2025-12-02 00:00:00-07:00,5.842663387790542,5.842663387790542,24.747356161400493,24.747356161400493,-18.904692773609952,-18.904692773609952,19.368152043852717,0.4634592702427656,2.7115412861393806,0.032442148916993596,2.679099137222387
2025-12-03 00:00:00-07:00,5.861260633819712,5.861260633819712,25.724140593855807,25.724140593855807,-19.862879960036096,-19.862879960036096,20.25999231758263,0.39711235754653135,2.836398924461568,0.027797865028257197,2.808601059433311
2025-12-04 00:00:00-07:00,5.398011717759915,5.398011717759915,24.517886129182916,24.517886129182916,-19.119874411423,-19.119874411423,19.47086890182753,0.3509944904045277,2.725921646255854,0.02456961432831694,2.7013520319275375
2025-12-05 00:00:00-07:00,5.557991861232947,5.557991861232947,23.94344642942323,23.94344642942323,-18.385454568190283,-18.385454568190283,18.861155964817986,0.4757013966277013,2.6405618350745184,0.03329909776393909,2.6072627373105792
2025-12-06 00:00:00-07:00,5.62752437010209,5.62752437010209,24.793906117349422,24.793906117349422,-19.166381747247332,-19.166381747247332,19.681877514667793,0.515495767420461,2.7554628520534914,0.03608470371943227,2.719378148334059
2025-12-07 00:00:00-07:00,5.484423939676228,5.484423939676228,28.609341418559406,28.609341418559406,-23.124917478883177,-23.124917478883177,23.376691711328572,0.2517742324453934,3.2727368395860004,0.017624196271177537,3.2551126433148228
2025-12-08 00:00:00-07:00,5.61370168756198,5.61370168756198,26.425157626631385,26.425157626631385,-20.811455939069404,-20.811455939069404,21.123957282829554,0.31250134376014904,2.957354019596138,0.021875094063210435,2.9354789255329274
2025-12-09 00:00:00-07:00,5.654392801185549,5.654392801185549,25.768715330661806,25.768715330661806,-20.114322529476258,-20.114322529476258,20.45616034574138,0.34183781626512494,2.863862448403794,0.02392864713855875,2.839933801265235
2025-12-10 00:00:00-07:00,5.711333198974654,5.711333198974654,22.024932229027762,22.024932229027762,-16.313599030053105,-16.313599030053105,16.85012129024508,0.5365222601919747,2.3590169806343115,0.03755655821343823,2.3214604224208735
2025-12-11 00:00:00-07:00,5.685351456079541,5.685351456079541,26.435488949722355,26.435488949722355,-20.750137493642814,-20.750137493642814,21.15595576040651,0.4058182667636969,2.961833806456912,0.028407278673458786,2.9334265277834533
2025-12-12 00:00:00-07:00,5.708571964663297,5.708571964663297,25.451910609947422,25.451910609947422,-19.743338645284126,-19.743338645284126,20.220773638187225,0.4774349929030979,2.8309083093462117,0.033420449503216855,2.797487859842995
2025-12-13 00:00:00-07:00,5.746929378628534,5.746929378628534,27.975650022607432,27.975650022607432,-22.2287206439789,-22.2287206439789,22.612906755090282,0.38418611111138423,3.1658069457126397,0.0268930277777969,3.138913917934843
2025-12-14 00:00:00-07:00,5.646809335552548,5.646809335552548,24.879244956831197,24.879244956831197,-19.23243562127865,-19.23243562127865,19.716638820171053,0.48420319889240354,2.7603294348239475,0.03389422392246825,2.7264352109014793
2025-12-15 00:00:00-07:00,5.418010330983907,5.418010330983907,23.120442768926104,23.120442768926104,-17.7024324379422,-17.7024324379422,18.14360577747169,0.4411733395294936,2.540104808846037,0.030882133767064557,2.5092226750789726
2025-12-16 00:00:00-07:00,5.131932571468585,5.131932571468585,24.229660343155018,24.229660343155018,-19.097727771686433,-19.097727771686433,19.49697183401935,0.3992440623329177,2.7295760567627094,0.02794708436330424,2.7016289723994054
2025-12-17 00:00:00-07:00,5.1752875837824766,5.1752875837824766,24.478778484417486,24.478778484417486,-19.30349090063501,-19.30349090063501,19.624769371612132,0.32127847097712287,2.7474677120256987,0.022489492968398604,2.7249782190573
2025-12-18 00:00:00-07:00,5.195844748898513,5.195844748898513,24.997967998544986,24.997967998544986,-19.802123249646474,-19.802123249646474,20.065079908594758,0.26295665894828596,2.8091111872032664,0.018406966126380018,2.7907042210768864
2025-12-19 00:00:00-07:00,5.149406636333918,5.149406636333918,24.227789865282077,24.227789865282077,-19.078383228948162,-19.078383228948162,19.470337870513898,0.3919546415657363,2.725847301871946,0.027436824909601542,2.6984104769623443
