timestamp_local,PV_P_kW,PV_E_kWh,Load_kW,Load_E_kWh,Net_P_kW,Net_E_kWh,Import_kWh,Export_kWh,Buy_$,Sell_$,NetBill_$
2022-12-31 00:00:00-05:00,0.0,0.0,4.854228748844906,4.854228748844906,-4.854228748844906,-4.854228748844906,4.854228748844906,0.0,0.7281343123267359,0.0,0.7281343123267359
2023-01-01 00:00:00-05:00,8.6658721236,8.6658721236,32.34146285575466,32.34146285575466,-23.675590732154664,-23.675590732154664,24.539420503736743,0.8638297715820797,3.680913075560511,0.06478723286865598,3.616125842691855
2023-01-02 00:00:00-05:00,8.7416596143,8.7416596143,30.54988836018423,30.54988836018423,-21.80822874588423,-21.80822874588423,22.861679974929686,1.053451229045454,3.429251996239453,0.07900884217840905,3.350243154061044
2023-01-03 00:00:00-05:00,8.557232299199999,8.557232299199999,28.162812509502004,28.162812509502004,-19.605580210302005,-19.605580210302005,20.894070632735797,1.2884904224337945,3.1341105949103696,0.09663678168253459,3.037473813227835
2023-01-04 00:00:00-05:00,8.568448247700001,8.568448247700001,27.454357083262863,27.454357083262863,-18.885908835562862,-18.885908835562862,20.260284125104384,1.3743752895415224,3.0390426187656576,0.10307814671561417,2.9359644720500433
2023-01-05 00:00:00-05:00,8.8818972876,8.8818972876,26.230142998899257,26.230142998899257,-17.34824571129926,-17.34824571129926,18.86747181947373,1.519226108174472,2.8301207729210596,0.1139419581130854,2.716178814807974
2023-01-06 00:00:00-05:00,9.0600806502,9.0600806502,31.542643448307835,31.542643448307835,-22.482562798107836,-22.482562798107836,23.541026773852874,1.058463975745037,3.531154016077931,0.07938479818087776,3.451769217897053
2023-01-07 00:00:00-05:00,9.441632238299999,9.441632238299999,35.444633103743136,35.444633103743136,-26.003000865443134,-26.003000865443134,26.858066935835367,0.8550660703922338,4.028710040375305,0.06412995527941753,3.9645800850958874
2023-01-08 00:00:00-05:00,7.938425212199999,7.938425212199999,34.86664744360101,34.86664744360101,-26.92822223140101,-26.92822223140101,27.874504162660028,0.946281931259017,4.181175624399004,0.07097114484442628,4.110204479554578
2023-01-09 00:00:00-05:00,9.2516682276,9.2516682276,29.379956823188458,29.379956823188458,-20.128288595588458,-20.128288595588458,21.714188643724416,1.5859000481359575,3.2571282965586623,0.11894250361019681,3.1381857929484656
2023-01-10 00:00:00-05:00,9.363059119799999,9.363059119799999,27.303201092159398,27.303201092159398,-17.9401419723594,-17.9401419723594,19.63698177128618,1.6968397989267805,2.945547265692927,0.12726298491950852,2.8182842807734185
2023-01-11 00:00:00-05:00,9.9079795026,9.9079795026,27.865782843302,27.865782843302,-17.957803340702,-17.957803340702,19.901898528271385,1.9440951875693822,2.9852847792407076,0.14580713906770365,2.839477640173004
2023-01-12 00:00:00-05:00,9.188897226299998,9.188897226299998,27.6051346589528,27.6051346589528,-18.4162374326528,-18.4162374326528,20.03304392039168,1.6168064877388808,3.004956588058752,0.12126048658041605,2.883696101478336
2023-01-13 00:00:00-05:00,6.420755042099999,6.420755042099999,31.934007589687514,31.934007589687514,-25.513252547587516,-25.513252547587516,25.67058156409371,0.15732901650619413,3.850587234614056,0.01179967623796456,3.8387875583760915
2023-01-14 00:00:00-05:00,10.355213577599999,10.355213577599999,35.139902391631885,35.139902391631885,-24.784688814031885,-24.784688814031885,26.277818258005397,1.4931294439735128,3.9416727387008095,0.11198470829801345,3.829688030402796
2023-01-15 00:00:00-05:00,10.5081406488,10.5081406488,30.134621407067087,30.134621407067087,-19.626480758267085,-19.626480758267085,21.58577411545341,1.9592933571863247,3.2378661173180117,0.14694700178897435,3.0909191155290374
2023-01-16 00:00:00-05:00,10.036593657,10.036593657,27.586361799194055,27.586361799194055,-17.549768142194054,-17.549768142194054,19.49905947628586,1.9492913340918077,2.9248589214428793,0.14619685005688557,2.7786620713859937
2023-01-17 00:00:00-05:00,9.639465858,9.639465858,30.295892120613143,30.295892120613143,-20.65642626261314,-20.65642626261314,22.40467909718044,1.7482528345672996,3.360701864577066,0.13111896259254746,3.229582901984519
2023-01-18 00:00:00-05:00,9.343648781999999,9.343648781999999,31.361966667354174,31.361966667354174,-22.018317885354175,-22.018317885354175,23.276098780409257,1.2577808950550806,3.4914148170613886,0.09433356712913105,3.3970812499322576
2023-01-19 00:00:00-05:00,9.2253874698,9.2253874698,32.774097828025724,32.774097828025724,-23.548710358225726,-23.548710358225726,24.670856480640992,1.1221461224152645,3.700628472096149,0.08416095918114483,3.616467512915004
2023-01-20 00:00:00-05:00,8.337616494299999,8.337616494299999,28.86390980324652,28.86390980324652,-20.52629330894652,-20.52629330894652,21.450502984440732,0.9242096754942116,3.2175754476661096,0.06931572566206587,3.1482597220040436
2023-01-21 00:00:00-05:00,8.088981462,8.088981462,29.456894183657816,29.456894183657816,-21.367912721657817,-21.367912721657817,22.63461729325343,1.2667045715956124,3.3951925939880145,0.09500284286967094,3.3001897511183436
2023-01-22 00:00:00-05:00,9.007213988699998,9.007213988699998,34.96646658125531,34.96646658125531,-25.959252592555313,-25.959252592555313,26.838416824835384,0.8791642322800715,4.025762523725308,0.06593731742100535,3.9598252063043025
2023-01-23 00:00:00-05:00,7.818515123399999,7.818515123399999,25.839749166965,25.839749166965,-18.021234043565002,-18.021234043565002,18.93530251959703,0.9140684760320278,2.8402953779395546,0.06855513570240208,2.7717402422371524
2023-01-24 00:00:00-05:00,6.729800333399998,6.729800333399998,29.13129961959783,29.13129961959783,-22.401499286197833,-22.401499286197833,23.46784102578997,1.0663417395921375,3.5201761538684955,0.07997563046941031,3.4402005233990853
2023-01-25 00:00:00-05:00,9.400719176099999,9.400719176099999,29.96382401467348,29.96382401467348,-20.56310483857348,-20.56310483857348,22.075752803309634,1.5126479647361522,3.3113629204964448,0.1134485973552114,3.1979143231412333
2023-01-26 00:00:00-05:00,8.3382876306,8.3382876306,30.80113176508587,30.80113176508587,-22.46284413448587,-22.46284413448587,23.21752390195254,0.7546797674666695,3.482628585292881,0.056600982560000214,3.426027602732881
2023-01-27 00:00:00-05:00,2.430612214199999,2.430612214199999,28.474317246590857,28.474317246590857,-26.04370503239086,-26.04370503239086,26.04370503239086,0.0,3.906555754858629,0.0,3.906555754858629
2023-01-28 00:00:00-05:00,3.1328571770999996,3.1328571770999996,34.91744415427853,34.91744415427853,-31.784586977178527,-31.784586977178527,31.784586977178527,0.0,4.767688046576779,0.0,4.767688046576779
2023-01-29 00:00:00-05:00,7.932024913499999,7.932024913499999,30.87833226302774,30.87833226302774,-22.946307349527743,-22.946307349527743,23.57315860871491,0.6268512591871662,3.5359737913072364,0.047013844439037465,3.488959946868199
2023-01-30 00:00:00-05:00,9.036133173,9.036133173,27.756680543853694,27.756680543853694,-18.720547370853694,-18.720547370853694,20.557972249250437,1.837424878396742,3.0836958373875656,0.13780686587975563,2.94588897150781
2023-01-31 00:00:00-05:00,8.783281277999999,8.783281277999999,28.96351988420218,28.96351988420218,-20.180238606202185,-20.180238606202185,21.858589494284764,1.6783508880825817,3.2787884241427148,0.1258763166061936,3.152912107536521
2023-02-01 00:00:00-05:00,9.4506639975,9.4506639975,27.957715718911,27.957715718911,-18.507051721411003,-18.507051721411003,20.286745795434538,1.779694074023538,3.0430118693151806,0.13347705555176534,2.909534813763415
2023-02-02 00:00:00-05:00,8.996495544899998,8.996495544899998,27.313647212868553,27.313647212868553,-18.317151667968552,-18.317151667968552,19.962533477488233,1.645381809519679,2.994380021623235,0.12340363571397592,2.870976385909259
2023-02-03 00:00:00-05:00,9.474705486,9.474705486,28.867704665567903,28.867704665567903,-19.392999179567905,-19.392999179567905,21.02010137271169,1.6271021931437861,3.1530152059067533,0.12203266448578395,3.0309825414209692
2023-02-04 00:00:00-05:00,2.3510190572999994,2.3510190572999994,32.38064758614818,32.38064758614818,-30.029628528848175,-30.029628528848175,30.029628528848175,0.0,4.504444279327226,0.0,4.504444279327226
2023-02-05 00:00:00-05:00,4.328130790799999,4.328130790799999,31.189921898722396,31.189921898722396,-26.861791107922397,-26.861791107922397,26.861791107922397,0.0,4.02926866618836,0.0,4.02926866618836
2023-02-06 00:00:00-05:00,7.1259556572,7.1259556572,31.347001143409052,31.347001143409052,-24.22104548620905,-24.22104548620905,24.93341881818198,0.7123733319729285,3.740012822727297,0.05342799989796964,3.6865848228293276
2023-02-07 00:00:00-05:00,9.2853585711,9.2853585711,29.179448230793938,29.179448230793938,-19.89408965969394,-19.89408965969394,21.658216797519955,1.7641271378260157,3.248732519627993,0.13230953533695117,3.116422984291042
2023-02-08 00:00:00-05:00,6.873060826799999,6.873060826799999,27.36003030994771,27.36003030994771,-20.48696948314771,-20.48696948314771,21.46587183661636,0.9789023534686465,3.2198807754924537,0.07341767651014848,3.1464630989823053
2023-02-09 00:00:00-05:00,8.8549531479,8.8549531479,30.781878959460595,30.781878959460595,-21.926925811560597,-21.926925811560597,23.363949486597463,1.4370236750368663,3.5045924229896195,0.10777677562776497,3.3968156473618545
2023-02-10 00:00:00-05:00,9.135151917299998,9.135151917299998,30.456739835928637,30.456739835928637,-21.321587918628637,-21.321587918628637,22.780096240160848,1.4585083215322097,3.417014436024127,0.10938812411491572,3.3076263119092113
2023-02-11 00:00:00-05:00,8.826617733299999,8.826617733299999,32.31209650178121,32.31209650178121,-23.485478768481215,-23.485478768481215,24.792247582230008,1.3067688137487914,3.718837137334501,0.09800766103115935,3.6208294763033413
2023-02-12 00:00:00-05:00,5.978426663924999,5.978426663924999,29.199533088044262,29.199533088044262,-23.221106424119263,-23.221106424119263,23.58906864475518,0.3679622206359189,3.538360296713277,0.027597166547693914,3.510763130165583
2023-02-13 00:00:00-05:00,9.802646588924999,9.802646588924999,29.067883897769825,29.067883897769825,-19.265237308844824,-19.265237308844824,21.405984582654273,2.140747273809449,3.2108976873981407,0.16055604553570868,3.050341641862432
2023-02-14 00:00:00-05:00,9.2947080015,9.2947080015,26.918880696105138,26.918880696105138,-17.624172694605136,-17.624172694605136,19.7650439222578,2.1408712276526636,2.9647565883386697,0.16056534207394976,2.80419124626472
2023-02-15 00:00:00-05:00,9.100418207399999,9.100418207399999,28.099888470913825,28.099888470913825,-18.999470263513828,-18.999470263513828,20.86279181858657,1.8633215550727404,3.1294187727879854,0.13974911663045553,2.9896696561575298
2023-02-16 00:00:00-05:00,8.7819531237,8.7819531237,31.32029536667056,31.32029536667056,-22.53834224297056,-22.53834224297056,23.939301823006996,1.4009595800364352,3.5908952734510495,0.10507196850273263,3.4858233049483167
2023-02-17 00:00:00-05:00,4.288509435599999,4.288509435599999,30.73460125863123,30.73460125863123,-26.44609182303123,-26.44609182303123,26.609253247289008,0.16316142425777436,3.991387987093351,0.012237106819333076,3.979150880274018
2023-02-18 00:00:00-05:00,7.264488695624999,7.264488695624999,30.478816176906818,30.478816176906818,-23.214327481281817,-23.214327481281817,24.317183789587197,1.102856308305382,3.6475775684380793,0.08271422312290365,3.564863345315176
2023-02-19 00:00:00-05:00,9.053686658024999,9.053686658024999,33.841794825448275,33.841794825448275,-24.78810816742327,-24.78810816742327,26.138009649889938,1.3499014824666644,3.9207014474834905,0.10124261118499983,3.8194588362984905
2023-02-20 00:00:00-05:00,8.74564175115,8.74564175115,31.716526219337954,31.716526219337954,-22.970884468187954,-22.970884468187954,24.26298394223633,1.2920994740483742,3.639447591335449,0.09690746055362806,3.542540130781821
2023-02-21 00:00:00-05:00,9.2233212111,9.2233212111,29.640056082569977,29.640056082569977,-20.416734871469977,-20.416734871469977,22.193873740849238,1.7771388693792611,3.3290810611273858,0.13328541520344458,3.1957956459239414
2023-02-22 00:00:00-05:00,9.257659154999999,9.257659154999999,31.795460058428496,31.795460058428496,-22.537800903428497,-22.537800903428497,24.10671557606086,1.5689146726323648,3.6160073364091287,0.11766860044742736,3.4983387359617013
2023-02-23 00:00:00-05:00,8.823245070825,8.823245070825,30.541951626907426,30.541951626907426,-21.718706556082424,-21.718706556082424,23.2226959376719,1.503989381589478,3.483404390650785,0.11279920361921085,3.3706051870315745
2023-02-24 00:00:00-05:00,9.373412296124998,9.373412296124998,26.02608021339954,26.02608021339954,-16.652667917274538,-16.652667917274538,18.862679453551564,2.2100115362770256,2.8294019180327346,0.16575086522077692,2.6636510528119577
2023-02-25 00:00:00-05:00,9.340063761825,9.340063761825,33.52571986836218,33.52571986836218,-24.18565610653718,-24.18565610653718,25.51806840829266,1.3324123017554772,3.8277102612438987,0.09993092263166078,3.7277793386122378
2023-02-26 00:00:00-05:00,9.210471481125,9.210471481125,31.542298920101132,31.542298920101132,-22.331827438976134,-22.331827438976134,24.0221176794448,1.6902902404686655,3.60331765191672,0.12677176803514992,3.47654588388157
2023-02-27 00:00:00-05:00,9.524482285049999,9.524482285049999,29.526201807126014,29.526201807126014,-20.001719522076016,-20.001719522076016,21.931667452856814,1.9299479307807985,3.2897501179285222,0.14474609480855988,3.1450040231199625
2023-02-28 00:00:00-05:00,9.511096063725,9.511096063725,27.641023149670684,27.641023149670684,-18.129927085945685,-18.129927085945685,20.218660013585765,2.0887329276400783,3.032799002037865,0.15665496957300587,2.876144032464859
2023-03-01 00:00:00-05:00,9.710824270049999,9.710824270049999,28.21572914357646,28.21572914357646,-18.504904873526463,-18.504904873526463,20.676697265178785,2.1717923916523234,3.1015045897768174,0.16288442937392425,2.938620160402893
2023-03-02 00:00:00-05:00,8.494999099425,8.494999099425,29.82673408993123,29.82673408993123,-21.33173499050623,-21.33173499050623,22.95403874873148,1.6223037582252524,3.4431058123097222,0.12167278186689393,3.321433030442828
2023-03-03 00:00:00-05:00,8.9476999353,8.9476999353,28.02734031540044,28.02734031540044,-19.079640380100443,-19.079640380100443,20.99138109366339,1.9117407135629472,3.148707164049508,0.14338055351722104,3.005326610532287
2023-03-04 00:00:00-05:00,7.2569361078,7.2569361078,31.92082216331608,31.92082216331608,-24.663886055516077,-24.663886055516077,25.181616482580367,0.5177304270642883,3.777242472387055,0.03882978202982162,3.7384126903572334
2023-03-05 00:00:00-05:00,9.3727270665,9.3727270665,30.493828129138596,30.493828129138596,-21.121101062638594,-21.121101062638594,22.774178769791597,1.6530777071529996,3.4161268154687394,0.12398082803647496,3.2921459874322645
2023-03-06 00:00:00-05:00,8.635974628725,8.635974628725,27.18485479059821,27.18485479059821,-18.54888016187321,-18.54888016187321,20.502072707235577,1.9531925453623655,3.0753109060853365,0.14648944090217741,2.9288214651831592
2023-03-07 00:00:00-05:00,5.9691731645249995,5.9691731645249995,29.45905802418811,29.45905802418811,-23.48988485966311,-23.48988485966311,24.119786001258202,0.6299011415950924,3.61796790018873,0.047242585619631926,3.570725314569098
2023-03-08 00:00:00-05:00,8.394580033199999,8.394580033199999,28.36706991782707,28.36706991782707,-19.97248988462707,-19.97248988462707,21.480349498746733,1.5078596141196607,3.2220524248120097,0.11308947105897454,3.108962953753035
2023-03-09 00:00:00-05:00,8.4170140119,8.4170140119,26.41321022790995,26.41321022790995,-17.99619621600995,-17.99619621600995,19.840947646220144,1.8447514302101968,2.9761421469330216,0.13835635726576476,2.8377857896672567
2023-03-10 00:00:00-05:00,9.215034363,9.215034363,26.778928558734464,26.778928558734464,-17.563894195734466,-17.563894195734466,19.564283296200422,2.0003891004659557,2.9346424944300633,0.15002918253494668,2.7846133118951166
2023-03-11 00:00:00-05:00,6.726815153999999,6.726815153999999,32.87865673675115,32.87865673675115,-26.151841582751146,-26.151841582751146,26.3723869041022,0.22054532135105398,3.95585803561533,0.016540899101329047,3.939317136514001
2023-03-12 00:00:00-05:00,9.122694618825,9.122694618825,31.684430547977215,31.684430547977215,-22.561735929152217,-22.561735929152217,24.856198293945223,2.2944623647930067,3.728429744091783,0.1720846773594755,3.5563450667323075
2023-03-13 00:00:00-04:00,8.092987972425,8.092987972425,30.390953199996517,30.390953199996517,-22.297965227571517,-22.297965227571517,24.1415796270381,1.8436143994665861,3.621236944055715,0.13827107995999396,3.4829658640957213
2023-03-14 00:00:00-04:00,5.625185877224999,5.625185877224999,29.821983989442995,29.821983989442995,-24.196798112217994,-24.196798112217994,25.227101442131374,1.030303329913377,3.784065216319706,0.07727274974350327,3.706792466576203
2023-03-15 00:00:00-04:00,2.198457871199999,2.198457871199999,29.315307236486614,29.315307236486614,-27.116849365286615,-27.116849365286615,27.116849365286615,0.0,4.067527404792992,0.0,4.067527404792992
2023-03-16 00:00:00-04:00,8.877900651749998,8.877900651749998,30.134433890195538,30.134433890195538,-21.256533238445538,-21.256533238445538,23.558030269451223,2.3014970310056855,3.5337045404176832,0.17261227732542642,3.3610922630922566
2023-03-17 00:00:00-04:00,9.499084455599998,9.499084455599998,27.448211577201004,27.448211577201004,-17.949127121601006,-17.949127121601006,20.58796915721958,2.6388420356185724,3.088195373582937,0.19791315267139292,2.8902822209115437
2023-03-18 00:00:00-04:00,9.13259979495,9.13259979495,28.724933099552935,28.724933099552935,-19.592333304602935,-19.592333304602935,22.01700104591556,2.424667741312626,3.302550156887334,0.18185008059844693,3.120700076288887
2023-03-19 00:00:00-04:00,4.721927726699999,4.721927726699999,31.977937336513293,31.977937336513293,-27.256009609813294,-27.256009609813294,27.256009609813294,0.0,4.088401441471994,0.0,4.088401441471994
2023-03-20 00:00:00-04:00,6.599403605249999,6.599403605249999,27.528470322908625,27.528470322908625,-20.929066717658625,-20.929066717658625,22.3892953304454,1.4602286127867736,3.3583942995668097,0.10951714595900802,3.248877153607802
2023-03-21 00:00:00-04:00,8.96912246835,8.96912246835,28.344104721223232,28.344104721223232,-19.37498225287323,-19.37498225287323,21.956433834633103,2.5814515817598713,3.2934650751949652,0.19360886863199034,3.0998562065629747
2023-03-22 00:00:00-04:00,8.94947118795,8.94947118795,30.380419518227225,30.380419518227225,-21.430948330277225,-21.430948330277225,23.641485265775874,2.210536935498648,3.546222789866381,0.1657902701623986,3.3804325197039824
2023-03-23 00:00:00-04:00,9.371117712599998,9.371117712599998,29.192318380863544,29.192318380863544,-19.821200668263547,-19.821200668263547,22.224811201533576,2.403610533270031,3.3337216802300365,0.1802707899952523,3.153450890234784
2023-03-24 00:00:00-04:00,8.701274180699999,8.701274180699999,31.999846173497648,31.999846173497648,-23.298571992797648,-23.298571992797648,25.011304442076902,1.7127324492792542,3.751695666311535,0.12845493369594405,3.623240732615591
2023-03-25 00:00:00-04:00,9.397121984999998,9.397121984999998,33.22265218572412,33.22265218572412,-23.825530200724128,-23.825530200724128,25.929680947228015,2.1041507465038882,3.889452142084202,0.1578113059877916,3.7316408360964104
2023-03-26 00:00:00-04:00,9.1372590351,9.1372590351,30.665845780942682,30.665845780942682,-21.528586745842684,-21.528586745842684,23.58900058210824,2.060413836265557,3.538350087316236,0.15453103771991675,3.383819049596319
2023-03-27 00:00:00-04:00,8.923914563399999,8.923914563399999,29.07305032176888,29.07305032176888,-20.14913575836888,-20.14913575836888,22.521290664326884,2.372154905958003,3.3781935996490327,0.1779116179468502,3.2002819817021826
2023-03-28 00:00:00-04:00,8.6461366599,8.6461366599,27.53538308090897,27.53538308090897,-18.88924642100897,-18.88924642100897,21.42800262144909,2.53875620044012,3.214200393217363,0.190406715033009,3.023793678184354
2023-03-29 00:00:00-04:00,5.545955665799999,5.545955665799999,30.575835260743318,30.575835260743318,-25.029879594943317,-25.029879594943317,25.38360182213147,0.35372222718815394,3.8075402733197206,0.026529167039111543,3.781011106280609
2023-03-30 00:00:00-04:00,3.1262648381999996,3.1262648381999996,30.74984559346591,30.74984559346591,-27.623580755265913,-27.623580755265913,27.792309713124027,0.16872895785811537,4.168846456968604,0.012654671839358653,4.156191785129245
2023-03-31 00:00:00-04:00,8.658785460599999,8.658785460599999,28.467434580735187,28.467434580735187,-19.808649120135186,-19.808649120135186,21.878105170045874,2.0694560499106878,3.281715775506881,0.15520920374330158,3.1265065717635796
2023-04-01 00:00:00-04:00,7.2644724585,7.2644724585,33.052648321672265,33.052648321672265,-25.788175863172267,-25.788175863172267,26.65986139100262,0.8716855278303564,3.9989792086503932,0.06537641458727672,3.9336027940631166
2023-04-02 00:00:00-04:00,8.8141764519,8.8141764519,31.98864487181905,31.98864487181905,-23.17446841991905,-23.17446841991905,25.263109940757104,2.0886415208380535,3.7894664911135654,0.156648114062854,3.6328183770507114
2023-04-03 00:00:00-04:00,7.987534758899999,7.987534758899999,31.590679824080368,31.590679824080368,-23.60314506518037,-23.60314506518037,25.188413535522116,1.5852684703417448,3.7782620303283174,0.11889513527563085,3.6593668950526865
2023-04-04 00:00:00-04:00,9.127211063399999,9.127211063399999,28.88458421011734,28.88458421011734,-19.75737314671734,-19.75737314671734,22.039962464870435,2.282589318153095,3.305994369730565,0.17119419886148213,3.1348001708690827
2023-04-05 00:00:00-04:00,8.573424528599999,8.573424528599999,26.706316722370744,26.706316722370744,-18.132892193770747,-18.132892193770747,20.333656416998934,2.2007642232281874,3.05004846254984,0.16505731674211405,2.884991145807726
2023-04-06 00:00:00-04:00,8.6981925681,8.6981925681,31.586001726904495,31.586001726904495,-22.887809158804497,-22.887809158804497,24.81566957259347,1.9278604137889737,3.7223504358890205,0.14458953103417302,3.5777609048548475
2023-04-07 00:00:00-04:00,9.0168237423,9.0168237423,30.27556119884029,30.27556119884029,-21.258737456540292,-21.258737456540292,23.612164429986045,2.3534269734457554,3.5418246644979066,0.17650702300843166,3.365317641489475
2023-04-08 00:00:00-04:00,9.0566749863,9.0566749863,33.79302269887885,33.79302269887885,-24.736347712578855,-24.736347712578855,26.719420929720936,1.9830732171420822,4.00791313945814,0.14873049128565616,3.8591826481724842
2023-04-09 00:00:00-04:00,5.9739374016,5.9739374016,29.950654506539358,29.950654506539358,-23.976717104939357,-23.976717104939357,24.619121943204714,0.6424048382653564,3.692868291480707,0.04818036286990173,3.6446879286108054
2023-04-10 00:00:00-04:00,3.3495121592999992,3.3495121592999992,28.564430513039767,28.564430513039767,-25.214918353739765,-25.214918353739765,25.214918353739765,0.0,3.7822377530609645,0.0,3.7822377530609645
2023-04-11 00:00:00-04:00,2.573591926499999,2.573591926499999,29.209221616304557,29.209221616304557,-26.635629689804556,-26.635629689804556,26.635629689804556,0.0,3.9953444534706835,0.0,3.9953444534706835
2023-04-12 00:00:00-04:00,1.319407235549999,1.319407235549999,30.92219581064363,30.92219581064363,-29.60278857509363,-29.60278857509363,29.60278857509363,0.0,4.440418286264045,0.0,4.440418286264045
2023-04-13 00:00:00-04:00,8.223232457699998,8.223232457699998,30.88438552726185,30.88438552726185,-22.66115306956185,-22.66115306956185,24.41549402529231,1.754340955730462,3.6623241037938463,0.13157557167978465,3.5307485321140617
2023-04-14 00:00:00-04:00,7.928800410149999,7.928800410149999,28.084507168213793,28.084507168213793,-20.155706758063793,-20.155706758063793,21.906691317505683,1.750984559441888,3.286003697625852,0.1313238419581416,3.1546798556677107
2023-04-15 00:00:00-04:00,7.852901277149999,7.852901277149999,33.350529860919124,33.350529860919124,-25.497628583769124,-25.497628583769124,27.003441254944278,1.5058126711751538,4.050516188241642,0.11293595033813653,3.9375802379035054
2023-04-16 00:00:00-04:00,7.852295055599999,7.852295055599999,30.80877323316729,30.80877323316729,-22.956478177567295,-22.956478177567295,24.288515511054353,1.332037333487059,3.643277326658153,0.09990280001152942,3.5433745266466232
2023-04-17 00:00:00-04:00,6.506343639449999,6.506343639449999,27.547526351806347,27.547526351806347,-21.04118271235635,-21.04118271235635,22.291596590448716,1.250413878092366,3.3437394885673073,0.09378104085692744,3.24995844771038
2023-04-18 00:00:00-04:00,9.20111308065,9.20111308065,29.629200533470573,29.629200533470573,-20.428087452820574,-20.428087452820574,22.685791125592587,2.257703672772012,3.402868668838888,0.1693277754579009,3.233540893380987
2023-04-19 00:00:00-04:00,7.169154353099999,7.169154353099999,27.186836311400036,27.186836311400036,-20.017681958300038,-20.017681958300038,21.74783388331315,1.7301519250131112,3.2621750824969724,0.12976139437598333,3.132413688120989
2023-04-20 00:00:00-04:00,8.73578327085,8.73578327085,30.410831104642746,30.410831104642746,-21.675047833792746,-21.675047833792746,23.788374349338962,2.1133265155462135,3.5682561524008443,0.158499488665966,3.4097566637348784
2023-04-21 00:00:00-04:00,8.231713735499998,8.231713735499998,28.179889758660373,28.179889758660373,-19.94817602316037,-19.94817602316037,21.844399047581387,1.896223024421014,3.276659857137208,0.14221672683157605,3.1344431303056317
2023-04-22 00:00:00-04:00,7.790078034899999,7.790078034899999,31.227781837182945,31.227781837182945,-23.437703802282947,-23.437703802282947,24.893878577592794,1.4561747753098468,3.734081786638919,0.10921310814823851,3.6248686784906807
2023-04-23 00:00:00-04:00,8.61620064345,8.61620064345,30.4533302137813,30.4533302137813,-21.8371295703313,-21.8371295703313,23.826622024704932,1.9894924543736325,3.57399330370574,0.14921193407802244,3.4247813696277176
2023-04-24 00:00:00-04:00,4.3663751594999995,4.3663751594999995,28.569360200376288,28.569360200376288,-24.202985040876285,-24.202985040876285,24.471277091876342,0.2682920510000562,3.670691563781451,0.020121903825004214,3.6505696599564468
2023-04-25 00:00:00-04:00,7.263135511649999,7.263135511649999,29.738126979677816,29.738126979677816,-22.474991468027813,-22.474991468027813,24.23206865282798,1.757077184800164,3.6348102979241967,0.1317807888600123,3.5030295090641843
2023-04-26 00:00:00-04:00,7.711832855699998,7.711832855699998,26.50976865549211,26.50976865549211,-18.79793579979211,-18.79793579979211,20.542513684648153,1.7445778848560414,3.081377052697223,0.1308433413642031,2.9505337113330197
2023-04-27 00:00:00-04:00,8.550396277199999,8.550396277199999,29.281774438014605,29.281774438014605,-20.731378160814607,-20.731378160814607,22.530920881421498,1.7995427206068917,3.3796381322132247,0.13496570404551686,3.244672428167708
2023-04-28 00:00:00-04:00,5.135420627999999,5.135420627999999,28.731817226527475,28.731817226527475,-23.596396598527477,-23.596396598527477,24.36555566192112,0.7691590633936459,3.654833349288168,0.05768692975452344,3.5971464195336447
2023-04-29 00:00:00-04:00,8.05184944335,8.05184944335,34.00979729498337,34.00979729498337,-25.957947851633374,-25.957947851633374,27.109804183295733,1.1518563316623598,4.066470627494359,0.08638922487467698,3.9800814026196822
2023-04-30 00:00:00-04:00,6.1477298095499995,6.1477298095499995,30.25441159106596,30.25441159106596,-24.106681781515963,-24.106681781515963,25.250145862100464,1.1434640805845,3.7875218793150696,0.0857598060438375,3.701762073271232
2023-05-01 00:00:00-04:00,9.277279596,9.277279596,30.972467869188684,30.972467869188684,-21.695188273188684,-21.695188273188684,23.748648571464958,2.053460298276275,3.5622972857197435,0.15400952237072063,3.4082877633490227
2023-05-02 00:00:00-04:00,9.11247414885,9.11247414885,31.15172065244488,31.15172065244488,-22.039246503594878,-22.039246503594878,23.973985060237162,1.9347385566422812,3.5960977590355743,0.14510539174817108,3.450992367287403
2023-05-03 00:00:00-04:00,8.918979084899998,8.918979084899998,29.404414236564133,29.404414236564133,-20.48543515166413,-20.48543515166413,22.60860981596705,2.1231746643029155,3.3912914723950576,0.15923809982271867,3.232053372572339
2023-05-04 00:00:00-04:00,9.118787175449999,9.118787175449999,27.95572738491249,27.95572738491249,-18.836940209462494,-18.836940209462494,21.0799420535637,2.2430018441012063,3.1619913080345547,0.16822513830759048,2.9937661697269644
2023-05-05 00:00:00-04:00,8.766521430324657,8.766521430324657,26.564959776361988,26.564959776361988,-17.79843834603733,-17.79843834603733,20.06964317915618,2.2712048331188495,3.010446476873427,0.1703403624839137,2.8401061143895134
2023-05-06 00:00:00-04:00,8.5207887333,8.5207887333,31.27211823273939,31.27211823273939,-22.751329499439393,-22.751329499439393,24.37888813526472,1.6275586358253276,3.656833220289708,0.12206689768689956,3.5347663226028083
2023-05-07 00:00:00-04:00,6.914357112149999,6.914357112149999,29.383828494876415,29.383828494876415,-22.469471382726415,-22.469471382726415,24.017161357607463,1.54768997488105,3.6025742036411192,0.11607674811607874,3.4864974555250403
2023-05-08 00:00:00-04:00,8.659219713749998,8.659219713749998,29.055422592568007,29.055422592568007,-20.396202878818006,-20.396202878818006,22.303123068996577,1.9069201901785715,3.3454684603494864,0.14301901426339286,3.2024494460860935
2023-05-09 00:00:00-04:00,8.739898857899998,8.739898857899998,26.31510279196809,26.31510279196809,-17.575203934068092,-17.575203934068092,19.889564871786117,2.3143609377180243,2.9834347307679177,0.1735770703288518,2.8098576604390657
2023-05-10 00:00:00-04:00,8.63667748665,8.63667748665,27.25586679871251,27.25586679871251,-18.619189312062513,-18.619189312062513,20.46526776552623,1.8460784534637193,3.0697901648289347,0.13845588400977896,2.9313342808191556
2023-05-11 00:00:00-04:00,8.38836449145,8.38836449145,27.925911259401342,27.925911259401342,-19.537546767951344,-19.537546767951344,21.471943545295808,1.934396777344466,3.220791531794371,0.14507975830083494,3.075711773493536
2023-05-12 00:00:00-04:00,8.361646843949998,8.361646843949998,31.159778945906147,31.159778945906147,-22.79813210195615,-22.79813210195615,24.497691522094637,1.6995594201384876,3.6746537283141953,0.12746695651038656,3.547186771803809
2023-05-13 00:00:00-04:00,8.339989661999999,8.339989661999999,32.07345178368765,32.07345178368765,-23.733462121687648,-23.733462121687648,25.330933915715764,1.5974717940281158,3.7996400873573646,0.11981038455210868,3.679829702805256
2023-05-14 00:00:00-04:00,7.328424464099999,7.328424464099999,35.19029042579779,35.19029042579779,-27.86186596169779,-27.86186596169779,28.91384015237211,1.051974190674319,4.3370760228558165,0.07889806430057392,4.258177958555242
2023-05-15 00:00:00-04:00,7.815583313549999,7.815583313549999,27.860422358268572,27.860422358268572,-20.04483904471857,-20.04483904471857,21.63409005859922,1.5892510138806468,3.245113508789883,0.1191938260410485,3.1259196827488345
2023-05-16 00:00:00-04:00,7.982037415799999,7.982037415799999,27.155457181121132,27.155457181121132,-19.173419765321135,-19.173419765321135,20.947065094672396,1.7736453293512635,3.142059764200859,0.13302339970134475,3.0090363644995146
2023-05-17 00:00:00-04:00,5.8894268062499995,5.8894268062499995,30.957036751219235,30.957036751219235,-25.067609944969234,-25.067609944969234,25.067609944969234,0.0,3.760141491745385,0.0,3.760141491745385
2023-05-18 00:00:00-04:00,5.057547314399999,5.057547314399999,26.9209963467018,26.9209963467018,-21.863449032301798,-21.863449032301798,21.961302169749914,0.09785313744811525,3.294195325462487,0.007338985308608643,3.286856340153878
2023-05-19 00:00:00-04:00,5.0810792454,5.0810792454,26.799867134990354,26.799867134990354,-21.718787889590356,-21.718787889590356,21.982936770947465,0.26414888135711034,3.2974405156421196,0.019811166101783274,3.2776293495403364
2023-05-20 00:00:00-04:00,7.8731606960999985,7.8731606960999985,29.987293137439604,29.987293137439604,-22.114132441339606,-22.114132441339606,23.466589794080214,1.3524573527406076,3.519988469112032,0.10143430145554556,3.4185541676564863
2023-05-21 00:00:00-04:00,7.382611352699999,7.382611352699999,32.072968118085655,32.072968118085655,-24.690356765385655,-24.690356765385655,25.48351689077818,0.7931601253925239,3.822527533616727,0.05948700940443929,3.7630405242122875
2023-05-22 00:00:00-04:00,7.327757566799999,7.327757566799999,28.936472771159647,28.936472771159647,-21.60871520435965,-21.60871520435965,22.98663563311179,1.3779204287521383,3.447995344966768,0.10334403215641037,3.344651312810358
2023-05-23 00:00:00-04:00,4.942152116999999,4.942152116999999,27.611187484815552,27.611187484815552,-22.669035367815553,-22.669035367815553,22.669035367815553,0.0,3.400355305172333,0.0,3.400355305172333
2023-05-24 00:00:00-04:00,4.572667543049999,4.572667543049999,27.593850628407445,27.593850628407445,-23.021183085357446,-23.021183085357446,23.15438012917504,0.13319704381759329,3.4731570193762558,0.009989778286319495,3.4631672410899363
2023-05-25 00:00:00-04:00,4.4258576661,4.4258576661,30.255849990326233,30.255849990326233,-25.829992324226236,-25.829992324226236,25.913592540203712,0.08360021597747758,3.8870388810305565,0.006270016198310818,3.8807688648322456
2023-05-26 00:00:00-04:00,3.4034188040999993,3.4034188040999993,27.692284859531924,27.692284859531924,-24.288866055431924,-24.288866055431924,24.288866055431924,0.0,3.6433299083147883,0.0,3.6433299083147883
2023-05-27 00:00:00-04:00,7.151211370799999,7.151211370799999,32.43957657493187,32.43957657493187,-25.28836520413187,-25.28836520413187,25.92833057785977,0.6399653737279019,3.8892495866789654,0.047997403029592635,3.841252183649373
2023-05-28 00:00:00-04:00,8.165719852199999,8.165719852199999,33.87586557830231,33.87586557830231,-25.710145726102308,-25.710145726102308,26.76923549810158,1.059089771999273,4.015385324715237,0.07943173289994547,3.9359535918152915
2023-05-29 00:00:00-04:00,7.079559461999999,7.079559461999999,27.898000094221825,27.898000094221825,-20.818440632221826,-20.818440632221826,22.140339742827667,1.321899110605843,3.32105096142415,0.09914243329543823,3.221908528128712
2023-05-30 00:00:00-04:00,7.962960919499999,7.962960919499999,31.597026969242208,31.597026969242208,-23.63406604974221,-23.63406604974221,24.956265917521357,1.3221998677791482,3.7434398876282033,0.09916499008343611,3.644274897544767
2023-05-31 00:00:00-04:00,4.877234415899999,4.877234415899999,30.180881595450593,30.180881595450593,-25.303647179550595,-25.303647179550595,25.35909971961671,0.05545254006611633,3.8038649579425066,0.004158940504958725,3.799706017437548
2023-06-01 00:00:00-04:00,5.053478862599999,5.053478862599999,29.01994255486381,29.01994255486381,-23.966463692263815,-23.966463692263815,23.972693343760547,0.006229651496732269,3.5959040015640817,0.00046722386225492014,3.595436777701827
2023-06-02 00:00:00-04:00,6.143629461299999,6.143629461299999,30.608024890370032,30.608024890370032,-24.46439542907003,-24.46439542907003,24.881005253342085,0.41660982427205284,3.7321507880013125,0.031245736820403963,3.7009050511809085
2023-06-03 00:00:00-04:00,5.276663924399998,5.276663924399998,29.342941245879146,29.342941245879146,-24.06627732147915,-24.06627732147915,24.758570062796824,0.6922927413176764,3.7137855094195236,0.051921955598825724,3.661863553820698
2023-06-04 00:00:00-04:00,8.039504234699999,8.039504234699999,34.58963236724092,34.58963236724092,-26.550128132540916,-26.550128132540916,27.817585419019228,1.2674572864783111,4.172637812852884,0.09505929648587333,4.07757851636701
2023-06-05 00:00:00-04:00,7.348936893299999,7.348936893299999,30.790989549828446,30.790989549828446,-23.442052656528446,-23.442052656528446,24.514596692721007,1.0725440361925598,3.677189503908151,0.08044080271444198,3.596748701193709
2023-06-06 00:00:00-04:00,4.957657768799999,4.957657768799999,30.842316855413834,30.842316855413834,-25.884659086613834,-25.884659086613834,26.348977000773996,0.464317914160162,3.9523465501160993,0.034823843562012145,3.917522706554087
2023-06-07 00:00:00-04:00,4.8714975125999995,4.8714975125999995,29.152488299736778,29.152488299736778,-24.28099078713678,-24.28099078713678,24.67163421521449,0.3906434280777106,3.700745132282173,0.029298257105828292,3.6714468751763447
2023-06-08 00:00:00-04:00,6.0745737618,6.0745737618,29.348101831069037,29.348101831069037,-23.273528069269037,-23.273528069269037,23.74255917133303,0.46903110206399234,3.5613838756999545,0.03517733265479942,3.5262065430451552
2023-06-09 00:00:00-04:00,7.219712833199999,7.219712833199999,27.41632897293461,27.41632897293461,-20.19661613973461,-20.19661613973461,21.428777176310174,1.2321610365755633,3.214316576446526,0.09241207774316725,3.1219044987033584
2023-06-10 00:00:00-04:00,7.958726882099999,7.958726882099999,31.586501514839718,31.586501514839718,-23.62777463273972,-23.62777463273972,24.913312131098124,1.285537498358403,3.7369968196647183,0.09641531237688021,3.640581507287838
2023-06-11 00:00:00-04:00,4.592002330799999,4.592002330799999,32.73574051273155,32.73574051273155,-28.143738181931553,-28.143738181931553,28.488661285713732,0.3449231037821824,4.27329919285706,0.025869232783663678,4.247429960073396
2023-06-12 00:00:00-04:00,5.321829613499999,5.321829613499999,29.995229740542744,29.995229740542744,-24.673400127042743,-24.673400127042743,25.507233770645538,0.833833643602794,3.8260850655968306,0.06253752327020955,3.763547542326621
2023-06-13 00:00:00-04:00,7.170800772599999,7.170800772599999,27.603874653039735,27.603874653039735,-20.433073880439736,-20.433073880439736,21.896651297219222,1.4635774167794873,3.284497694582883,0.10976830625846154,3.1747293883244216
2023-06-14 00:00:00-04:00,7.703164116899999,7.703164116899999,30.974509000104653,30.974509000104653,-23.271344883204655,-23.271344883204655,24.65207231777316,1.3807274345685068,3.697810847665974,0.103554557592638,3.5942562900733357
2023-06-15 00:00:00-04:00,7.949202534899999,7.949202534899999,27.85785853929758,27.85785853929758,-19.90865600439758,-19.90865600439758,21.577340248606156,1.668684244208573,3.236601037290923,0.12515131831564297,3.11144971897528
2023-06-16 00:00:00-04:00,6.118093814399999,6.118093814399999,29.55056429146613,29.55056429146613,-23.432470477066133,-23.432470477066133,24.17452091383548,0.7420504367693481,3.6261781370753217,0.05565378275770111,3.5705243543176204
2023-06-17 00:00:00-04:00,4.8692834099999995,4.8692834099999995,31.970775363024693,31.970775363024693,-27.10149195302469,-27.10149195302469,27.68569755360332,0.5842056005786269,4.152854633040498,0.043815420043397016,4.109039212997101
2023-06-18 00:00:00-04:00,4.876029729899999,4.876029729899999,35.15666073917751,35.15666073917751,-30.28063100927751,-30.28063100927751,30.28063100927751,0.0,4.5420946513916265,0.0,4.5420946513916265
2023-06-19 00:00:00-04:00,2.880133469999999,2.880133469999999,26.7397188752081,26.7397188752081,-23.8595854052081,-23.8595854052081,23.8595854052081,0.0,3.578937810781215,0.0,3.578937810781215
2023-06-20 00:00:00-04:00,8.022819263399999,8.022819263399999,31.540655497259394,31.540655497259394,-23.517836233859395,-23.517836233859395,24.789572602816786,1.2717363689573942,3.718435890422518,0.09538022767180455,3.6230556627507133
2023-06-21 00:00:00-04:00,7.985860969499999,7.985860969499999,27.385043551407126,27.385043551407126,-19.399182581907127,-19.399182581907127,21.131115076435446,1.731932494528317,3.169667261465317,0.12989493708962377,3.039772324375693
2023-06-22 00:00:00-04:00,3.378452206499999,3.378452206499999,27.00430029935,27.00430029935,-23.62584809285,-23.62584809285,23.687139241695085,0.06129114884508591,3.553070886254263,0.004596836163381443,3.5484740500908813
2023-06-23 00:00:00-04:00,6.904827204299999,6.904827204299999,29.293162945937418,29.293162945937418,-22.38833574163742,-22.38833574163742,23.482457365848337,1.094121624210917,3.5223686048772502,0.08205912181581877,3.4403094830614314
2023-06-24 00:00:00-04:00,4.454114232599999,4.454114232599999,32.1626660387817,32.1626660387817,-27.708551806181703,-27.708551806181703,27.708551806181703,0.0,4.156282770927255,0.0,4.156282770927255
2023-06-25 00:00:00-04:00,3.4640376002999993,3.4640376002999993,31.593191569714445,31.593191569714445,-28.129153969414446,-28.129153969414446,28.129153969414446,0.0,4.219373095412167,0.0,4.219373095412167
2023-06-26 00:00:00-04:00,6.632872741799999,6.632872741799999,28.914296951703804,28.914296951703804,-22.281424209903808,-22.281424209903808,23.008646534589133,0.7272223246853264,3.4512969801883697,0.054541674351399484,3.39675530583697
2023-06-27 00:00:00-04:00,7.937311940099999,7.937311940099999,29.477508173774982,29.477508173774982,-21.540196233674983,-21.540196233674983,23.043264141967704,1.5030679082927219,3.4564896212951557,0.11273009312195413,3.3437595281732015
2023-06-28 00:00:00-04:00,7.808460372,7.808460372,29.93284902474714,29.93284902474714,-22.124388652747136,-22.124388652747136,23.515674637972904,1.3912859852257675,3.5273511956959354,0.10434644889193256,3.423004746804003
2023-06-29 00:00:00-04:00,5.0842750274999995,5.0842750274999995,31.246126339247002,31.246126339247002,-26.161851311747004,-26.161851311747004,26.161851311747004,0.0,3.9242776967620503,0.0,3.9242776967620503
2023-06-30 00:00:00-04:00,6.455500572599999,6.455500572599999,30.698217895157658,30.698217895157658,-24.24271732255766,-24.24271732255766,24.975051748571538,0.7323344260138773,3.7462577622857305,0.054925081951040795,3.6913326803346895
2023-07-01 00:00:00-04:00,6.693275214,6.693275214,29.5226457633346,29.5226457633346,-22.8293705493346,-22.8293705493346,23.8070455844148,0.9776750350801975,3.57105683766222,0.07332562763101481,3.4977312100312052
2023-07-02 00:00:00-04:00,7.460353808099999,7.460353808099999,34.175253480065464,34.175253480065464,-26.714899671965465,-26.714899671965465,27.26745210050765,0.5525524285421856,4.090117815076147,0.04144143214066392,4.048676382935484
2023-07-03 00:00:00-04:00,7.655124704399999,7.655124704399999,28.122471362100153,28.122471362100153,-20.467346657700155,-20.467346657700155,21.854457304740297,1.3871106470401395,3.2781685957110445,0.10403329852801046,3.174135297183034
2023-07-04 00:00:00-04:00,7.449413786099999,7.449413786099999,28.658787348270003,28.658787348270003,-21.209373562170004,-21.209373562170004,22.251092374750957,1.041718812580952,3.3376638562126435,0.0781289109435714,3.2595349452690723
2023-07-05 00:00:00-04:00,7.435257418799998,7.435257418799998,30.72589578039524,30.72589578039524,-23.290638361595242,-23.290638361595242,24.63570053912118,1.3450621775259377,3.695355080868177,0.10087966331444533,3.5944754175537317
2023-07-06 00:00:00-04:00,7.685677318499999,7.685677318499999,32.39962324631194,32.39962324631194,-24.713945927811945,-24.713945927811945,25.653501167108907,0.9395552392969612,3.848025175066336,0.07046664294727209,3.777558532119064
2023-07-07 00:00:00-04:00,4.6649655674999995,4.6649655674999995,26.67770323808599,26.67770323808599,-22.012737670585988,-22.012737670585988,22.05926855292971,0.046530882343718216,3.308890282939456,0.003489816175778866,3.305400466763677
2023-07-08 00:00:00-04:00,7.052047028999999,7.052047028999999,31.939820254051448,31.939820254051448,-24.887773225051447,-24.887773225051447,25.785859356824112,0.8980861317726652,3.8678789035236165,0.06735645988294989,3.800522443640667
2023-07-09 00:00:00-04:00,7.987557546899999,7.987557546899999,32.447871719075835,32.447871719075835,-24.460314172175835,-24.460314172175835,25.674806338005226,1.2144921658293915,3.8512209507007835,0.09108691243720436,3.7601340382635793
2023-07-10 00:00:00-04:00,8.0162405136,8.0162405136,29.007579055762793,29.007579055762793,-20.991338542162794,-20.991338542162794,22.565828639549217,1.5744900973864235,3.3848742959323825,0.11808675730398176,3.266787538628401
2023-07-11 00:00:00-04:00,8.0743954599,8.0743954599,30.060845606571068,30.060845606571068,-21.98645014667107,-21.98645014667107,23.383201803909028,1.396751657237958,3.507480270586354,0.10475637429284684,3.402723896293507
2023-07-12 00:00:00-04:00,8.16732431505,8.16732431505,28.262300027531314,28.262300027531314,-20.094975712481315,-20.094975712481315,21.74502065097724,1.6500449384959248,3.2617530976465856,0.12375337038719436,3.137999727259391
2023-07-13 00:00:00-04:00,5.549866252649999,5.549866252649999,30.59004034032678,30.59004034032678,-25.04017408767678,-25.04017408767678,25.39497750428206,0.3548034166052779,3.809246625642309,0.026610256245395845,3.782636369396913
2023-07-14 00:00:00-04:00,7.569168430499999,7.569168430499999,32.08940254787091,32.08940254787091,-24.52023411737091,-24.52023411737091,25.723675489320883,1.203441371949972,3.858551323398132,0.09025810289624789,3.768293220501884
2023-07-15 00:00:00-04:00,6.5828775518999985,6.5828775518999985,31.987197026576936,31.987197026576936,-25.404319474676935,-25.404319474676935,26.42543625939528,1.0211167847183444,3.963815438909292,0.07658375885387583,3.887231680055416
2023-07-16 00:00:00-04:00,6.7060446048,6.7060446048,33.47683643844506,33.47683643844506,-26.770791833645063,-26.770791833645063,27.315920797852122,0.5451289642070568,4.097388119677818,0.04088467231552926,4.056503447362289
2023-07-17 00:00:00-04:00,4.916857158899999,4.916857158899999,28.48201709469629,28.48201709469629,-23.565159935796288,-23.565159935796288,23.60207442288458,0.03691448708829015,3.540311163432687,0.002768586531621761,3.5375425769010653
2023-07-18 00:00:00-04:00,6.2015505065999985,6.2015505065999985,30.159195982798483,30.159195982798483,-23.957645476198483,-23.957645476198483,24.75337518770078,0.7957297115022977,3.7130062781551167,0.059679728362672324,3.6533265497924443
2023-07-19 00:00:00-04:00,7.162040709,7.162040709,31.74117970637476,31.74117970637476,-24.57913899737476,-24.57913899737476,25.86070596780853,1.2815669704337727,3.8791058951712794,0.09611752278253295,3.7829883723887465
2023-07-20 00:00:00-04:00,7.6586867306999995,7.6586867306999995,27.495636599680275,27.495636599680275,-19.836949868980277,-19.836949868980277,21.42221861483328,1.5852687458530057,3.213332792224992,0.11889515593897543,3.094437636286017
2023-07-21 00:00:00-04:00,7.71187835475,7.71187835475,31.212283285247626,31.212283285247626,-23.500404930497627,-23.500404930497627,24.600041339709364,1.0996364092117354,3.6900062009564043,0.08247273069088015,3.607533470265524
2023-07-22 00:00:00-04:00,7.821861664049999,7.821861664049999,30.29095178386721,30.29095178386721,-22.46909011981721,-22.46909011981721,23.904790776681043,1.4357006568638333,3.5857186165021564,0.1076775492647875,3.4780410672373687
2023-07-23 00:00:00-04:00,7.936003435049999,7.936003435049999,34.285531334330976,34.285531334330976,-26.34952789928098,-26.34952789928098,27.324345198599676,0.9748172993186979,4.098651779789951,0.07311129744890234,4.025540482341048
2023-07-24 00:00:00-04:00,8.130519467549998,8.130519467549998,27.26069809225439,27.26069809225439,-19.130178624704392,-19.130178624704392,20.959784791280256,1.8296061665758658,3.1439677186920383,0.13722046249318992,3.006747256198848
2023-07-25 00:00:00-04:00,5.8756888944,5.8756888944,29.30047489200165,29.30047489200165,-23.42478599760165,-23.42478599760165,24.39231515129555,0.9675291536938997,3.658847272694332,0.07256468652704247,3.5862825861672896
2023-07-26 00:00:00-04:00,4.290363212399999,4.290363212399999,27.952428714097284,27.952428714097284,-23.662065501697285,-23.662065501697285,24.202950795681303,0.5408852939840199,3.6304426193521953,0.04056639704880149,3.5898762223033938
2023-07-27 00:00:00-04:00,6.177876835049999,6.177876835049999,30.563343546182896,30.563343546182896,-24.385466711132896,-24.385466711132896,24.91219443140459,0.5267277202716922,3.7368291647106884,0.03950457902037691,3.6973245856903114
2023-07-28 00:00:00-04:00,3.693186542249999,3.693186542249999,28.561419596633606,28.561419596633606,-24.868233054383605,-24.868233054383605,24.98191441731723,0.11368136293362496,3.7472871625975843,0.008526102220021871,3.7387610603775623
2023-07-29 00:00:00-04:00,7.733751548849999,7.733751548849999,29.72703881847271,29.72703881847271,-21.993287269622712,-21.993287269622712,23.30833150959156,1.31504423996885,3.496249726438734,0.09862831799766375,3.3976214084410703
2023-07-30 00:00:00-04:00,7.5274155683999995,7.5274155683999995,33.657521484187974,33.657521484187974,-26.130105915787972,-26.130105915787972,27.396936262010264,1.2668303462222914,4.109540439301539,0.09501227596667185,4.014528163334867
2023-07-31 00:00:00-04:00,7.400720090699998,7.400720090699998,26.673755700728364,26.673755700728364,-19.273035610028366,-19.273035610028366,20.77896997109022,1.5059343610618539,3.116845495663533,0.11294507707963904,3.003900418583894
2023-08-01 00:00:00-04:00,3.383343141749999,3.383343141749999,30.85673547721989,30.85673547721989,-27.47339233546989,-27.47339233546989,27.47339233546989,0.0,4.121008850320483,0.0,4.121008850320483
2023-08-02 00:00:00-04:00,6.8128904816999984,6.8128904816999984,27.880496830244088,27.880496830244088,-21.06760634854409,-21.06760634854409,22.050304285996198,0.9826979374521068,3.3075456428994294,0.073702345308908,3.2338432975905214
2023-08-03 00:00:00-04:00,6.500005666199999,6.500005666199999,28.287577651443534,28.287577651443534,-21.787571985243535,-21.787571985243535,22.695318169736186,0.9077461844926498,3.404297725460428,0.06808096383694873,3.3362167616234792
2023-08-04 00:00:00-04:00,6.5366668817999996,6.5366668817999996,27.905895104086014,27.905895104086014,-21.36922822228601,-21.36922822228601,21.977109943767708,0.6078817214816934,3.296566491565156,0.045591129111127005,3.250975362454029
2023-08-05 00:00:00-04:00,6.859336998149999,6.859336998149999,31.998568144042917,31.998568144042917,-25.139231145892918,-25.139231145892918,26.223458913880343,1.0842277679874235,3.933518837082051,0.08131708259905676,3.8522017544829943
2023-08-06 00:00:00-04:00,7.869585488399999,7.869585488399999,30.639687000131453,30.639687000131453,-22.770101511731454,-22.770101511731454,24.253951186711266,1.4838496749798127,3.63809267800669,0.11128872562348595,3.526803952383204
2023-08-07 00:00:00-04:00,7.66193334705,7.66193334705,27.301976292712027,27.301976292712027,-19.640042945662028,-19.640042945662028,21.342122220973973,1.7020792753119436,3.2013183331460957,0.12765594564839577,3.0736623874977
2023-08-08 00:00:00-04:00,7.6765217008499995,7.6765217008499995,28.617885893276465,28.617885893276465,-20.941364192426466,-20.941364192426466,22.528391352330367,1.5870271599038999,3.379258702849555,0.11902703699279249,3.2602316658567627
2023-08-09 00:00:00-04:00,6.3734409116999995,6.3734409116999995,29.710493810879143,29.710493810879143,-23.33705289917914,-23.33705289917914,24.340090208040785,1.003037308861642,3.6510135312061176,0.07522779816462315,3.5757857330414944
2023-08-10 00:00:00-04:00,7.3930025538,7.3930025538,26.95330533114685,26.95330533114685,-19.56030277734685,-19.56030277734685,21.205102643836558,1.6447998664897097,3.1807653965754836,0.12335998998672822,3.0574054065887553
2023-08-11 00:00:00-04:00,7.849247866649999,7.849247866649999,25.93696887122111,25.93696887122111,-18.087721004571115,-18.087721004571115,20.009246870286727,1.9215258657156142,3.001387030543009,0.14411443992867107,2.857272590614338
2023-08-12 00:00:00-04:00,7.656039672299999,7.656039672299999,31.198367950637312,31.198367950637312,-23.542328278337312,-23.542328278337312,25.061385047740163,1.519056769402851,3.7592077571610245,0.11392925770521381,3.6452784994558107
2023-08-13 00:00:00-04:00,6.6955989541499985,6.6955989541499985,30.23857720810851,30.23857720810851,-23.54297825395851,-23.54297825395851,24.106618294450502,0.5636400404919945,3.615992744167575,0.042273003036899584,3.5737197411306756
2023-08-14 00:00:00-04:00,7.966080051299999,7.966080051299999,28.219637416986043,28.219637416986043,-20.253557365686042,-20.253557365686042,21.946160463336504,1.6926030976504616,3.2919240695004754,0.1269452323237846,3.1649788371766907
2023-08-15 00:00:00-04:00,4.340675312099999,4.340675312099999,29.22800814436557,29.22800814436557,-24.88733283226557,-24.88733283226557,24.88733283226557,0.0,3.7330999248398355,0.0,3.7330999248398355
2023-08-16 00:00:00-04:00,7.604007163649999,7.604007163649999,27.70049299263819,27.70049299263819,-20.096485828988193,-20.096485828988193,21.826023435160007,1.729537606171815,3.273903515274001,0.1297153204628861,3.144188194811115
2023-08-17 00:00:00-04:00,3.895794818999999,3.895794818999999,26.826814402128626,26.826814402128626,-22.93101958312863,-22.93101958312863,22.996914694734517,0.06589511160588729,3.4495372042101775,0.004942133370441547,3.444595070839736
2023-08-18 00:00:00-04:00,4.640822098649999,4.640822098649999,31.582854999762255,31.582854999762255,-26.942032901112256,-26.942032901112256,27.392530998423666,0.4504980973114101,4.10887964976355,0.033787357298355754,4.075092292465194
2023-08-19 00:00:00-04:00,5.664505509449999,5.664505509449999,33.879297444816444,33.879297444816444,-28.214791935366446,-28.214791935366446,28.526736451869617,0.31194451650317023,4.279010467780442,0.023395838737737765,4.255614629042705
2023-08-20 00:00:00-04:00,3.704920866449999,3.704920866449999,30.12965400724756,30.12965400724756,-26.42473314079756,-26.42473314079756,26.42473314079756,0.0,3.9637099711196337,0.0,3.9637099711196337
2023-08-21 00:00:00-04:00,6.111505906199999,6.111505906199999,28.312433326614155,28.312433326614155,-22.200927420414157,-22.200927420414157,23.332608548665057,1.1316811282509,3.4998912822997585,0.0848760846188175,3.415015197680941
2023-08-22 00:00:00-04:00,8.000694467099999,8.000694467099999,27.228611338610822,27.228611338610822,-19.22791687151082,-19.22791687151082,21.135845413666214,1.9079285421553938,3.170376812049932,0.14309464066165453,3.0272821713882774
2023-08-23 00:00:00-04:00,8.305590100049999,8.305590100049999,29.49058952270591,29.49058952270591,-21.18499942265591,-21.18499942265591,22.91309222552316,1.7280928028672486,3.4369638338284743,0.12960696021504364,3.3073568736134304
2023-08-24 00:00:00-04:00,8.02413975645,8.02413975645,26.928725105997348,26.928725105997348,-18.90458534954735,-18.90458534954735,20.839804124865683,1.9352187753183334,3.1259706187298524,0.145141408148875,2.9808292105809775
2023-08-25 00:00:00-04:00,7.677523688399998,7.677523688399998,30.711906157707077,30.711906157707077,-23.034382469307076,-23.034382469307076,24.704465890931722,1.6700834216246436,3.705669883639758,0.12525625662184828,3.5804136270179097
2023-08-26 00:00:00-04:00,7.935565879799999,7.935565879799999,31.11731405529276,31.11731405529276,-23.18174817549276,-23.18174817549276,24.596063800064865,1.4143156245721045,3.6894095700097296,0.10607367184290784,3.5833358981668217
2023-08-27 00:00:00-04:00,8.215638237899999,8.215638237899999,33.63837251761324,33.63837251761324,-25.42273427971324,-25.42273427971324,26.953353605633758,1.5306193259205199,4.043003040845064,0.11479644944403898,3.928206591401025
2023-08-28 00:00:00-04:00,7.461362681999999,7.461362681999999,31.362007156250353,31.362007156250353,-23.900644474250356,-23.900644474250356,25.3697639936654,1.4691195194150477,3.80546459904981,0.11018396395612857,3.6952806350936815
2023-08-29 00:00:00-04:00,7.0328184228,7.0328184228,27.37713268415559,27.37713268415559,-20.344314261355592,-20.344314261355592,21.92097559789265,1.5766613365370583,3.2881463396838972,0.11824960024027936,3.169896739443618
2023-08-30 00:00:00-04:00,7.170097832999999,7.170097832999999,31.048194615010477,31.048194615010477,-23.878096782010477,-23.878096782010477,24.80140700856855,0.9233102265580705,3.720211051285282,0.06924826699185528,3.650962784293427
2023-08-31 00:00:00-04:00,5.343307277849999,5.343307277849999,29.454830885755054,29.454830885755054,-24.111523607905053,-24.111523607905053,24.241580058517293,0.1300564506122387,3.6362370087775937,0.009754233795917902,3.626482774981676
2023-09-01 00:00:00-04:00,8.092733511599999,8.092733511599999,31.102436665300356,31.102436665300356,-23.009703153700357,-23.009703153700357,24.631124879007213,1.6214217253068588,3.694668731851082,0.12160662939801441,3.5730621024530675
2023-09-02 00:00:00-04:00,5.892873163199999,5.892873163199999,30.710236757508056,30.710236757508056,-24.817363594308055,-24.817363594308055,25.991898134142428,1.1745345398343718,3.898784720121364,0.08809009048757789,3.810694629633786
2023-09-03 00:00:00-04:00,7.4669703497999995,7.4669703497999995,29.854399729135608,29.854399729135608,-22.387429379335607,-22.387429379335607,23.80832601970138,1.4208966403657706,3.571248902955207,0.1065672480274328,3.464681654927774
2023-09-04 00:00:00-04:00,7.987844227499999,7.987844227499999,27.956278248037243,27.956278248037243,-19.968434020537245,-19.968434020537245,21.739544866057237,1.7711108455199907,3.2609317299085854,0.1328333134139993,3.128098416494586
2023-09-05 00:00:00-04:00,8.606535246899998,8.606535246899998,30.1447710690475,30.1447710690475,-21.538235822147502,-21.538235822147502,23.45871091240368,1.9204750902561822,3.518806636860552,0.14403563176921366,3.3747710050913384
2023-09-06 00:00:00-04:00,8.749630638,8.749630638,29.287315848547813,29.287315848547813,-20.537685210547814,-20.537685210547814,22.612554944784904,2.0748697342370876,3.3918832417177356,0.15561523006778158,3.236268011649954
2023-09-07 00:00:00-04:00,8.528409664199998,8.528409664199998,30.01216206791759,30.01216206791759,-21.48375240371759,-21.48375240371759,23.489994525769756,2.0062421220521642,3.5234991788654635,0.15046815915391232,3.373031019711551
2023-09-08 00:00:00-04:00,8.730152000999999,8.730152000999999,29.707288874234152,29.707288874234152,-20.977136873234155,-20.977136873234155,23.066307136709927,2.089170263475773,3.459946070506489,0.15668776976068297,3.303258300745806
2023-09-09 00:00:00-04:00,4.937198648399999,4.937198648399999,34.60582813907549,34.60582813907549,-29.66862949067549,-29.66862949067549,29.66862949067549,0.0,4.450294423601323,0.0,4.450294423601323
2023-09-10 00:00:00-04:00,7.715347280999999,7.715347280999999,33.548408842472,33.548408842472,-25.833061561472,-25.833061561472,26.64941841365064,0.8163568521786398,3.997412762047596,0.061226763913397986,3.936185998134198
2023-09-11 00:00:00-04:00,7.2154817091,7.2154817091,29.45417623882139,29.45417623882139,-22.238694529721393,-22.238694529721393,23.19743578820799,0.958741258486597,3.4796153682311983,0.07190559438649477,3.4077097738447035
2023-09-12 00:00:00-04:00,7.791057889199998,7.791057889199998,30.778321037338515,30.778321037338515,-22.987263148138517,-22.987263148138517,24.459824161563102,1.4725610134245848,3.6689736242344653,0.11044207600684386,3.5585315482276214
2023-09-13 00:00:00-04:00,8.280914399099998,8.280914399099998,30.925409598620675,30.925409598620675,-22.644495199520676,-22.644495199520676,24.191390001983873,1.5468948024631963,3.6287085002975807,0.11601711018473972,3.512691390112841
2023-09-14 00:00:00-04:00,7.770398023799999,7.770398023799999,30.858873595101063,30.858873595101063,-23.088475571301064,-23.088475571301064,24.24558846270805,1.157112891406987,3.636838269406207,0.08678346685552403,3.550054802550683
2023-09-15 00:00:00-04:00,5.086377398699999,5.086377398699999,27.63338996618545,27.63338996618545,-22.54701256748545,-22.54701256748545,23.06645409419329,0.5194415267078394,3.4599681141289933,0.038958114503087955,3.4210099996259054
2023-09-16 00:00:00-04:00,6.888329126999999,6.888329126999999,31.74354080610682,31.74354080610682,-24.855211679106823,-24.855211679106823,25.927043152355257,1.0718314732484315,3.889056472853288,0.08038736049363236,3.808669112359656
2023-09-17 00:00:00-04:00,5.890263305399999,5.890263305399999,34.582432072559094,34.582432072559094,-28.692168767159096,-28.692168767159096,28.884929190958392,0.19276042379929492,4.332739378643758,0.014457031784947118,4.318282346858811
2023-09-18 00:00:00-04:00,8.3081889621,8.3081889621,27.43098425729403,27.43098425729403,-19.12279529519403,-19.12279529519403,21.14902137561394,2.02622608041991,3.172353206342091,0.15196695603149327,3.020386250310598
2023-09-19 00:00:00-04:00,6.270253054199999,6.270253054199999,28.068542914890166,28.068542914890166,-21.798289860690165,-21.798289860690165,22.009601082480753,0.2113112217905868,3.301440162372113,0.01584834163429401,3.285591820737819
2023-09-20 00:00:00-04:00,6.643778066099999,6.643778066099999,27.245216576333327,27.245216576333327,-20.60143851023333,-20.60143851023333,21.72426034539118,1.1228218351578527,3.258639051808677,0.08421163763683895,3.174427414171838
2023-09-21 00:00:00-04:00,5.402689137899999,5.402689137899999,29.309241919647647,29.309241919647647,-23.906552781747646,-23.906552781747646,24.943334922578597,1.0367821408309488,3.7415002383867892,0.07775866056232116,3.663741577824468
2023-09-22 00:00:00-04:00,8.0241753654,8.0241753654,28.586353664412876,28.586353664412876,-20.562178299012874,-20.562178299012874,22.167267812372245,1.6050895133593683,3.3250901718558366,0.12038171350195262,3.204708458353884
2023-09-23 00:00:00-04:00,3.7644369731999996,3.7644369731999996,33.70428349288785,33.70428349288785,-29.93984651968785,-29.93984651968785,30.009741353694082,0.06989483400623309,4.501461203054112,0.005242112550467482,4.4962190905036445
2023-09-24 00:00:00-04:00,7.445966012999999,7.445966012999999,30.59192117055768,30.59192117055768,-23.14595515755768,-23.14595515755768,24.13891982077785,0.9929646632201691,3.6208379731166773,0.07447234974151268,3.5463656233751646
2023-09-25 00:00:00-04:00,5.541907828499999,5.541907828499999,30.264086206987912,30.264086206987912,-24.722178378487914,-24.722178378487914,25.44784174106025,0.7256633625723374,3.8171762611590374,0.05442475219292531,3.762751508966112
2023-09-26 00:00:00-04:00,5.328841103099999,5.328841103099999,30.68916680526805,30.68916680526805,-25.36032570216805,-25.36032570216805,25.735066480632746,0.3747407784646949,3.860259972094912,0.028105558384852115,3.8321544137100596
2023-09-27 00:00:00-04:00,5.744275417124999,5.744275417124999,31.297685102217457,31.297685102217457,-25.55340968509246,-25.55340968509246,26.31312580210974,0.7597161170172809,3.946968870316461,0.056978708776296065,3.8899901615401653
2023-09-28 00:00:00-04:00,5.675392252349999,5.675392252349999,26.660316020767922,26.660316020767922,-20.984923768417925,-20.984923768417925,21.95006378281875,0.9651400144008238,3.292509567422812,0.07238550108006178,3.2201240663427506
2023-09-29 00:00:00-04:00,5.584751401499999,5.584751401499999,31.239479149573437,31.239479149573437,-25.654727748073437,-25.654727748073437,26.14006724963331,0.48533950155987493,3.9210100874449965,0.03640046261699062,3.884609624828006
2023-09-30 00:00:00-04:00,5.957446720949999,5.957446720949999,34.03809502129772,34.03809502129772,-28.08064830034772,-28.08064830034772,28.775665383174818,0.6950170828270986,4.3163498074762225,0.052126281212032395,4.26422352626419
2023-10-01 00:00:00-04:00,6.099509648924999,6.099509648924999,30.13628666455198,30.13628666455198,-24.03677701562698,-24.03677701562698,24.85723368095543,0.8204566653284502,3.7285850521433144,0.06153424989963376,3.6670508022436805
2023-10-02 00:00:00-04:00,4.1128290742499996,4.1128290742499996,27.833978316307434,27.833978316307434,-23.721149242057436,-23.721149242057436,24.23616335626621,0.5150141142087764,3.6354245034399315,0.038626058565658226,3.596798444874273
2023-10-03 00:00:00-04:00,7.64369510625,7.64369510625,30.95438492824038,30.95438492824038,-23.31068982199038,-23.31068982199038,24.57213483512131,1.2614450131309298,3.6858202252681966,0.09460837598481973,3.591211849283377
2023-10-04 00:00:00-04:00,9.19889337285,9.19889337285,28.555848190953746,28.555848190953746,-19.35695481810375,-19.35695481810375,21.446223469182737,2.0892686510789913,3.2169335203774105,0.15669514883092434,3.060238371546486
2023-10-05 00:00:00-04:00,8.7668068878,8.7668068878,31.283125951812867,31.283125951812867,-22.51631906401287,-22.51631906401287,24.060923776487453,1.5446047124745839,3.609138566473118,0.11584535343559378,3.493293213037524
2023-10-06 00:00:00-04:00,8.765286324075,8.765286324075,28.50601392437892,28.50601392437892,-19.74072760030392,-19.74072760030392,21.664166297065012,1.923438696761093,3.2496249445597516,0.14425790225708196,3.1053670423026696
2023-10-07 00:00:00-04:00,8.7856787781,8.7856787781,30.7982471045857,30.7982471045857,-22.0125683264857,-22.0125683264857,23.705426192872142,1.692857866386446,3.5558139289308213,0.12696433997898343,3.428849588951838
2023-10-08 00:00:00-04:00,5.126010582599999,5.126010582599999,34.23845100799427,34.23845100799427,-29.11244042539427,-29.11244042539427,29.14637718725402,0.033936761859752806,4.371956578088103,0.0025452571394814602,4.369411320948621
2023-10-09 00:00:00-04:00,3.063989737124999,3.063989737124999,29.559294877084323,29.559294877084323,-26.495305139959324,-26.495305139959324,26.495305139959324,0.0,3.9742957709938986,0.0,3.9742957709938986
2023-10-10 00:00:00-04:00,7.549871308424999,7.549871308424999,28.0820831331201,28.0820831331201,-20.532211824695104,-20.532211824695104,21.84891473300004,1.3167029083049382,3.277337209950006,0.09875271812287036,3.1785844918271358
2023-10-11 00:00:00-04:00,4.714397910674999,4.714397910674999,31.545365650891867,31.545365650891867,-26.830967740216867,-26.830967740216867,27.180942317028897,0.3499745768120295,4.077141347554335,0.02624809326090221,4.050893254293433
2023-10-12 00:00:00-04:00,7.427675542049999,7.427675542049999,27.288410649211045,27.288410649211045,-19.860735107161048,-19.860735107161048,21.368617882819315,1.5078827756582682,3.2052926824228973,0.11309120817437011,3.0922014742485273
2023-10-13 00:00:00-04:00,6.515552403299565,6.515552403299565,29.745092802827678,29.745092802827678,-23.229540399528116,-23.229540399528116,23.51448116183978,0.2849407623116651,3.5271721742759667,0.021370557173374882,3.505801617102592
2023-10-14 00:00:00-04:00,3.3095493020249993,3.3095493020249993,33.478891953774536,33.478891953774536,-30.169342651749538,-30.169342651749538,30.169342651749538,0.0,4.5254013977624306,0.0,4.5254013977624306
2023-10-15 00:00:00-04:00,8.545577362424998,8.545577362424998,31.84378869405841,31.84378869405841,-23.29821133163341,-23.29821133163341,24.34974734880288,1.0515360171694677,3.6524621023204316,0.07886520128771007,3.5735969010327215
2023-10-16 00:00:00-04:00,6.982834219199999,6.982834219199999,26.91616371695932,26.91616371695932,-19.93332949775932,-19.93332949775932,21.14778919124539,1.2144596934860674,3.1721683786868087,0.09108447701145506,3.0810839016753535
2023-10-17 00:00:00-04:00,10.110398258924999,10.110398258924999,28.700978226180975,28.700978226180975,-18.590579967255977,-18.590579967255977,21.115141532966994,2.5245615657110188,3.167271229945049,0.1893421174283264,2.9779291125167227
2023-10-18 00:00:00-04:00,9.8583997482,9.8583997482,28.473774956816307,28.473774956816307,-18.615375208616307,-18.615375208616307,20.939507453646677,2.3241322450303694,3.1409261180470014,0.1743099183772777,2.9666161996697236
2023-10-19 00:00:00-04:00,8.790129730799999,8.790129730799999,28.06108216827473,28.06108216827473,-19.270952437474733,-19.270952437474733,21.011069341659528,1.7401169041847973,3.1516604012489293,0.13050876781385978,3.0211516334350694
2023-10-20 00:00:00-04:00,3.9622786307999998,3.9622786307999998,29.067171431661926,29.067171431661926,-25.104892800861926,-25.104892800861926,25.104892800861926,0.0,3.7657339201292888,0.0,3.7657339201292888
2023-10-21 00:00:00-04:00,9.122200027424999,9.122200027424999,34.526077946845305,34.526077946845305,-25.403877919420303,-25.403877919420303,26.53300196209113,1.1291240426708264,3.9799502943136695,0.08468430320031198,3.8952659911133574
2023-10-22 00:00:00-04:00,7.6930222250249995,7.6930222250249995,34.040469902770866,34.040469902770866,-26.34744767774587,-26.34744767774587,27.246583579079655,0.8991359013337864,4.086987536861948,0.06743519260003397,4.019552344261914
2023-10-23 00:00:00-04:00,9.2930266656,9.2930266656,28.34982660544442,28.34982660544442,-19.056799939844424,-19.056799939844424,21.155573846768075,2.098773906923652,3.173336077015211,0.1574080430192739,3.0159280339959373
2023-10-24 00:00:00-04:00,4.2716675585249995,4.2716675585249995,29.04836174882887,29.04836174882887,-24.77669419030387,-24.77669419030387,25.18134815961718,0.4046539693133073,3.777202223942577,0.030349047698498048,3.7468531762440787
2023-10-25 00:00:00-04:00,6.587219815425,6.587219815425,29.914589137425402,29.914589137425402,-23.3273693220004,-23.3273693220004,23.914792342107027,0.5874230201066262,3.587218851316054,0.04405672650799696,3.5431621248080574
2023-10-26 00:00:00-04:00,7.0885922283,7.0885922283,27.797216668747627,27.797216668747627,-20.70862444044763,-20.70862444044763,22.241602621896096,1.5329781814484669,3.3362403932844145,0.11497336360863501,3.2212670296757793
2023-10-27 00:00:00-04:00,6.823884544199999,6.823884544199999,28.62228777414666,28.62228777414666,-21.798403229946658,-21.798403229946658,23.197482427765927,1.3990791978192687,3.479622364164889,0.10493093983644515,3.374691424328444
2023-10-28 00:00:00-04:00,7.611757554825,7.611757554825,34.90022335401094,34.90022335401094,-27.288465799185943,-27.288465799185943,28.20497255936985,0.9165067601839065,4.2307458839054775,0.06873800701379298,4.162007876891685
2023-10-29 00:00:00-04:00,6.028188762824999,6.028188762824999,31.419426261599313,31.419426261599313,-25.391237498774313,-25.391237498774313,25.778393285369695,0.3871557865953811,3.866758992805454,0.02903668399465358,3.837722308810801
2023-10-30 00:00:00-04:00,8.349766297199999,8.349766297199999,28.98984169775054,28.98984169775054,-20.64007540055054,-20.64007540055054,22.360670136812725,1.7205947362621852,3.3541005205219085,0.12904460521966388,3.225055915302245
2023-10-31 00:00:00-04:00,6.251545377225,6.251545377225,28.503225214226344,28.503225214226344,-22.251679837001344,-22.251679837001344,22.70091531442965,0.449235477428308,3.4051372971644476,0.0336926608071231,3.3714446363573245
2023-11-01 00:00:00-04:00,6.667090130025,6.667090130025,29.97085583174589,29.97085583174589,-23.30376570172089,-23.30376570172089,23.699833785078148,0.39606808335725663,3.5549750677617222,0.029705106251794247,3.525269961509928
2023-11-02 00:00:00-04:00,2.817531032399999,2.817531032399999,30.699829084896276,30.699829084896276,-27.882298052496278,-27.882298052496278,27.882298052496278,0.0,4.182344707874441,0.0,4.182344707874441
2023-11-03 00:00:00-04:00,6.026165293724999,6.026165293724999,27.400832687961834,27.400832687961834,-21.374667394236837,-21.374667394236837,21.987373629045432,0.6127062348085954,3.298106044356815,0.04595296761064466,3.25215307674617
2023-11-04 00:00:00-04:00,4.956539717699999,4.956539717699999,29.60900201116299,29.60900201116299,-24.65246229346299,-24.65246229346299,25.34235711386382,0.6898948204008281,3.801353567079573,0.051742111530062106,3.749611455549511
2023-11-05 00:00:00-04:00,7.588183034699999,7.588183034699999,35.90875299440763,35.90875299440763,-28.32056995970763,-28.32056995970763,28.756721670366566,0.4361517106589369,4.313508250554984,0.032711378299420266,4.280796872255564
2023-11-06 00:00:00-05:00,9.104452012125,9.104452012125,31.991099516244056,31.991099516244056,-22.886647504119054,-22.886647504119054,24.07740312687713,1.1907556227580736,3.6116104690315693,0.08930667170685551,3.5223037973247138
2023-11-07 00:00:00-05:00,8.8458761853,8.8458761853,30.215288438279018,30.215288438279018,-21.369412252979018,-21.369412252979018,22.6168941951445,1.2474819421654824,3.392534129271675,0.09356114566241118,3.298972983609264
2023-11-08 00:00:00-05:00,7.573884558299999,7.573884558299999,29.626356521347365,29.626356521347365,-22.052471963047363,-22.052471963047363,22.72587599682123,0.6734040337738655,3.4088813995231844,0.05050530253303991,3.3583760969901446
2023-11-09 00:00:00-05:00,6.200844594299999,6.200844594299999,29.258903808224606,29.258903808224606,-23.058059213924604,-23.058059213924604,23.821868573705082,0.7638093597804744,3.573280286055762,0.057285701983535574,3.5159945840722266
2023-11-10 00:00:00-05:00,7.715214422099999,7.715214422099999,30.74313415538223,30.74313415538223,-23.02791973328223,-23.02791973328223,23.735429692750923,0.7075099594686951,3.5603144539126386,0.05306324696015213,3.5072512069524864
2023-11-11 00:00:00-05:00,8.483989914899999,8.483989914899999,32.10066182718202,32.10066182718202,-23.616671912282023,-23.616671912282023,24.297273721915907,0.6806018096338842,3.6445910582873857,0.05104513572254131,3.5935459225648443
2023-11-12 00:00:00-05:00,8.388537182099999,8.388537182099999,33.04357158611997,33.04357158611997,-24.65503440401997,-24.65503440401997,25.551111374847586,0.8960769708276193,3.832666706227138,0.06720577281207145,3.765460933415066
2023-11-13 00:00:00-05:00,6.1633466433,6.1633466433,28.3304893490111,28.3304893490111,-22.1671427057111,-22.1671427057111,22.499287840033777,0.33214513432267606,3.374893176005066,0.024910885074200705,3.3499822909308654
2023-11-14 00:00:00-05:00,3.925077355799999,3.925077355799999,30.20298347869173,30.20298347869173,-26.277906122891732,-26.277906122891732,26.277906122891732,0.0,3.94168591843376,0.0,3.94168591843376
2023-11-15 00:00:00-05:00,0.4585718420999994,0.4585718420999994,31.08550131380073,31.08550131380073,-30.62692947170073,-30.62692947170073,30.62692947170073,0.0,4.594039420755109,0.0,4.594039420755109
2023-11-16 00:00:00-05:00,3.691097321399999,3.691097321399999,28.47216666551908,28.47216666551908,-24.781069344119082,-24.781069344119082,24.860231602136196,0.07916225801711563,3.7290347403204294,0.005937169351283672,3.723097570969146
2023-11-17 00:00:00-05:00,8.3655449892,8.3655449892,30.900026816264734,30.900026816264734,-22.534481827064734,-22.534481827064734,23.48431603392774,0.9498342068630068,3.522647405089161,0.0712375655147255,3.4514098395744353
2023-11-18 00:00:00-05:00,2.6410016951999995,2.6410016951999995,30.542791547058705,30.542791547058705,-27.901789851858705,-27.901789851858705,27.901789851858705,0.0,4.185268477778806,0.0,4.185268477778806
2023-11-19 00:00:00-05:00,8.432396203499998,8.432396203499998,33.760902296871336,33.760902296871336,-25.328506093371335,-25.328506093371335,26.102803947438023,0.7742978540666855,3.9154205921157033,0.05807233905500141,3.8573482530607017
2023-11-20 00:00:00-05:00,8.334735715799999,8.334735715799999,26.938157325896096,26.938157325896096,-18.603421610096095,-18.603421610096095,19.762491707292227,1.1590700971961294,2.964373756093834,0.0869302572897097,2.877443498804124
2023-11-21 00:00:00-05:00,8.592784370999999,8.592784370999999,31.371189112875363,31.371189112875363,-22.778404741875363,-22.778404741875363,23.78474665483506,1.0063419129596967,3.567711998225259,0.07547564347197724,3.4922363547532815
2023-11-22 00:00:00-05:00,8.692988118299999,8.692988118299999,28.200367056420927,28.200367056420927,-19.507378938120926,-19.507378938120926,20.745969900078553,1.238590961957628,3.111895485011783,0.0928943221468221,3.019001162864961
2023-11-23 00:00:00-05:00,7.884623832299999,7.884623832299999,31.711015138140354,31.711015138140354,-23.826391305840353,-23.826391305840353,24.4264867105901,0.6000954047497458,3.663973006588515,0.045007155356230934,3.618965851232284
2023-11-24 00:00:00-05:00,2.076859078199999,2.076859078199999,28.982302374149278,28.982302374149278,-26.905443295949276,-26.905443295949276,26.905443295949276,0.0,4.0358164943923915,0.0,4.0358164943923915
2023-11-25 00:00:00-05:00,5.240441501999999,5.240441501999999,30.463948791872923,30.463948791872923,-25.223507289872924,-25.223507289872924,25.26172767260923,0.038220382736306346,3.789259150891384,0.002866528705222976,3.786392622186161
2023-11-26 00:00:00-05:00,4.665567462299999,4.665567462299999,34.03199639934098,34.03199639934098,-29.366428937040983,-29.366428937040983,29.41159922096681,0.045170283925829,4.411739883145021,0.003387771294437175,4.408352111850584
2023-11-27 00:00:00-05:00,8.299382312699999,8.299382312699999,28.35875068406716,28.35875068406716,-20.05936837136716,-20.05936837136716,21.07435465507611,1.0149862837089498,3.1611531982614163,0.07612397127817123,3.085029226983245
2023-11-28 00:00:00-05:00,7.667754008399999,7.667754008399999,29.578512150236968,29.578512150236968,-21.91075814183697,-21.91075814183697,22.55754898777322,0.6467908459362505,3.383632348165983,0.048509313445218784,3.3351230347207643
2023-11-29 00:00:00-05:00,4.530454240499999,4.530454240499999,29.14053718976226,29.14053718976226,-24.610082949262257,-24.610082949262257,24.652367188697216,0.042284239434956405,3.697855078304582,0.0031713179576217305,3.6946837603469604
2023-11-30 00:00:00-05:00,8.682348482099998,8.682348482099998,32.0188264629834,32.0188264629834,-23.336477980883398,-23.336477980883398,24.246817838025564,0.9103398571421658,3.637022675703834,0.06827548928566243,3.5687471864181717
2023-12-01 00:00:00-05:00,7.004011274999999,7.004011274999999,27.08522122706874,27.08522122706874,-20.08120995206874,-20.08120995206874,20.875940551073487,0.7947305990047463,3.131391082661023,0.05960479492535597,3.071786287735667
2023-12-02 00:00:00-05:00,7.055347965299999,7.055347965299999,30.466933545337866,30.466933545337866,-23.41158558003787,-23.41158558003787,23.964207304683143,0.552621724645273,3.5946310957024714,0.04144662934839548,3.553184466354076
2023-12-03 00:00:00-05:00,7.091380645199999,7.091380645199999,31.145712643706446,31.145712643706446,-24.05433199850645,-24.05433199850645,24.43372724108654,0.3793952425800907,3.665059086162981,0.028454643193506803,3.636604442969474
2023-12-04 00:00:00-05:00,5.683119823799999,5.683119823799999,29.074882431322067,29.074882431322067,-23.391762607522065,-23.391762607522065,23.406048701441645,0.01428609391957858,3.5109073052162465,0.0010714570439683934,3.509835848172278
2023-12-05 00:00:00-05:00,8.1398836116,8.1398836116,30.939019579302972,30.939019579302972,-22.799135967702973,-22.799135967702973,23.684520820498726,0.8853848527957535,3.552678123074809,0.06640386395968151,3.4862742591151274
2023-12-06 00:00:00-05:00,5.556773890799999,5.556773890799999,29.946835217614023,29.946835217614023,-24.390061326814024,-24.390061326814024,24.390061326814024,0.0,3.6585091990221033,0.0,3.6585091990221033
2023-12-07 00:00:00-05:00,5.863402965599999,5.863402965599999,30.14143190175834,30.14143190175834,-24.278028936158343,-24.278028936158343,24.50202604754845,0.22399711139010736,3.6753039071322675,0.016799783354258052,3.6585041237780094
2023-12-08 00:00:00-05:00,5.3504112951,5.3504112951,32.31189235589635,32.31189235589635,-26.961481060796352,-26.961481060796352,27.0893161638678,0.12783510307144708,4.063397424580169,0.009587632730358531,4.053809791849811
2023-12-09 00:00:00-05:00,6.4513210914,6.4513210914,29.935168834812988,29.935168834812988,-23.483847743412987,-23.483847743412987,23.852727129400254,0.36887938598726877,3.577909069410038,0.02766595394904516,3.550243115460993
2023-12-10 00:00:00-05:00,7.3609892127,7.3609892127,32.174447637282285,32.174447637282285,-24.813458424582283,-24.813458424582283,25.10923070042953,0.2957722758472464,3.7663846050644296,0.02218292068854348,3.744201684375886
2023-12-11 00:00:00-05:00,7.423409864699999,7.423409864699999,26.5750433159243,26.5750433159243,-19.151633451224303,-19.151633451224303,20.107018040348844,0.9553845891245425,3.0160527060523266,0.07165384418434069,2.944398861867986
2023-12-12 00:00:00-05:00,2.7456632612999994,2.7456632612999994,30.295070736854793,30.295070736854793,-27.549407475554794,-27.549407475554794,27.549407475554794,0.0,4.132411121333219,0.0,4.132411121333219
2023-12-13 00:00:00-05:00,0.8405828810999997,0.8405828810999997,27.29112486681892,27.29112486681892,-26.45054198571892,-26.45054198571892,26.45054198571892,0.0,3.967581297857838,0.0,3.967581297857838
2023-12-14 00:00:00-05:00,1.3799822255999994,1.3799822255999994,29.589503521200644,29.589503521200644,-28.209521295600645,-28.209521295600645,28.209521295600645,0.0,4.231428194340096,0.0,4.231428194340096
2023-12-15 00:00:00-05:00,0.9834989570999993,0.9834989570999993,27.08355609804047,27.08355609804047,-26.10005714094047,-26.10005714094047,26.10005714094047,0.0,3.9150085711410707,0.0,3.9150085711410707
2023-12-16 00:00:00-05:00,1.7467035317999995,1.7467035317999995,29.919374634106163,29.919374634106163,-28.172671102306165,-28.172671102306165,28.172671102306165,0.0,4.225900665345924,0.0,4.225900665345924
2023-12-17 00:00:00-05:00,7.1187180561,7.1187180561,32.282230092686724,32.282230092686724,-25.163512036586724,-25.163512036586724,25.998000656452056,0.8344886198653323,3.8997000984678083,0.06258664648989992,3.8371134519779084
2023-12-18 00:00:00-05:00,9.299691701999999,9.299691701999999,26.869822340048934,26.869822340048934,-17.570130638048937,-17.570130638048937,19.292938650481414,1.7228080124324774,2.893940797572212,0.1292106009324358,2.764730196639776
2023-12-19 00:00:00-05:00,9.2514982815,9.2514982815,29.49654563609628,29.49654563609628,-20.24504735459628,-20.24504735459628,21.71051257530171,1.46546522070543,3.256576886295256,0.10990989155290724,3.146666994742349
2023-12-20 00:00:00-05:00,2.0707774226999995,2.0707774226999995,31.237860643982387,31.237860643982387,-29.16708322128239,-29.16708322128239,29.16708322128239,0.0,4.375062483192358,0.0,4.375062483192358
2023-12-21 00:00:00-05:00,6.326927360999999,6.326927360999999,28.652067125960258,28.652067125960258,-22.325139764960255,-22.325139764960255,23.239806032433176,0.9146662674729198,3.4859709048649763,0.06859997006046899,3.417370934804507
2023-12-22 00:00:00-05:00,3.1733958707999994,3.1733958707999994,27.225307687862756,27.225307687862756,-24.051911817062756,-24.051911817062756,24.051911817062756,0.0,3.6077867725594133,0.0,3.6077867725594133
2023-12-23 00:00:00-05:00,5.623802608499999,5.623802608499999,32.601687349849854,32.601687349849854,-26.977884741349857,-26.977884741349857,27.30444820792336,0.3265634665735059,4.095667231188504,0.02449225999301294,4.07117497119549
2023-12-24 00:00:00-05:00,2.9984553188999996,2.9984553188999996,29.202960924589284,29.202960924589284,-26.204505605689285,-26.204505605689285,26.204505605689285,0.0,3.9306758408533926,0.0,3.9306758408533926
2023-12-25 00:00:00-05:00,1.040760189899999,1.040760189899999,28.6331077693371,28.6331077693371,-27.592347579437103,-27.592347579437103,27.592347579437103,0.0,4.138852136915565,0.0,4.138852136915565
2023-12-26 00:00:00-05:00,6.630940980899999,6.630940980899999,26.735101387209184,26.735101387209184,-20.104160406309184,-20.104160406309184,21.035512606435585,0.9313522001264005,3.1553268909653376,0.06985141500948004,3.0854754759558576
2023-12-27 00:00:00-05:00,9.0321969105,9.0321969105,28.644849874465947,28.644849874465947,-19.612652963965946,-19.612652963965946,21.05497956946665,1.4423266055007007,3.158246935419997,0.10817449541255254,3.0500724400074444
2023-12-28 00:00:00-05:00,0.8922704282999991,0.8922704282999991,28.176266810279373,28.176266810279373,-27.28399638197937,-27.28399638197937,27.28399638197937,0.0,4.092599457296905,0.0,4.092599457296905
2023-12-29 00:00:00-05:00,4.778539409699999,4.778539409699999,26.9344693536341,26.9344693536341,-22.1559299439341,-22.1559299439341,22.544897359307214,0.3889674153731111,3.381734603896082,0.02917255615298333,3.3525620477430986
2023-12-30 00:00:00-05:00,2.2422792329999996,2.2422792329999996,30.532044823499202,30.532044823499202,-28.289765590499204,-28.289765590499204,28.289765590499204,0.0,4.24346483857488,0.0,4.24346483857488
2023-12-31 00:00:00-05:00,9.7198712613,9.7198712613,31.69791459836565,31.69791459836565,-21.978043337065653,-21.978043337065653,23.408858814138096,1.4308154770724455,3.5113288221207144,0.10731116078043341,3.404017661340281
2024-01-01 00:00:00-05:00,9.4137304464,9.4137304464,27.11150859028066,27.11150859028066,-17.69777814388066,-17.69777814388066,19.298869140557485,1.6010909966768265,2.8948303710836227,0.12008182475076198,2.774748546332861
2024-01-02 00:00:00-05:00,8.2140201036,8.2140201036,26.847623213300523,26.847623213300523,-18.633603109700523,-18.633603109700523,19.968329991363447,1.334726881662923,2.995249498704517,0.10010451612471923,2.8951449825797977
2024-01-03 00:00:00-05:00,7.175016196199999,7.175016196199999,30.288383728962607,30.288383728962607,-23.11336753276261,-23.11336753276261,23.412099902642126,0.29873236987951857,3.511814985396319,0.022404927740963893,3.489410057655355
2024-01-04 00:00:00-05:00,6.972349533299999,6.972349533299999,29.23848535847697,29.23848535847697,-22.26613582517697,-22.26613582517697,22.703016276330658,0.43688045115368646,3.4054524414495986,0.03276603383652648,3.372686407613072
2024-01-05 00:00:00-05:00,5.915331514799999,5.915331514799999,31.52835282396008,31.52835282396008,-25.613021309160082,-25.613021309160082,25.883620838003687,0.27059952884360405,3.8825431257005527,0.020294964663270302,3.8622481610372823
2024-01-06 00:00:00-05:00,1.7767338362999994,1.7767338362999994,30.918157983257267,30.918157983257267,-29.14142414695727,-29.14142414695727,29.14142414695727,0.0,4.37121362204359,0.0,4.37121362204359
2024-01-07 00:00:00-05:00,1.6821830411999994,1.6821830411999994,33.27588060847038,33.27588060847038,-31.593697567270386,-31.593697567270386,31.593697567270386,0.0,4.739054635090557,0.0,4.739054635090557
2024-01-08 00:00:00-05:00,2.6174333708999997,2.6174333708999997,30.024730515176415,30.024730515176415,-27.407297144276416,-27.407297144276416,27.407297144276416,0.0,4.111094571641463,0.0,4.111094571641463
2024-01-09 00:00:00-05:00,3.5332744562999996,3.5332744562999996,27.151346457046174,27.151346457046174,-23.618072000746174,-23.618072000746174,23.618072000746174,0.0,3.542710800111926,0.0,3.542710800111926
2024-01-10 00:00:00-05:00,5.456451627,5.456451627,29.49815507010503,29.49815507010503,-24.041703443105032,-24.041703443105032,24.041703443105032,0.0,3.6062555164657546,0.0,3.6062555164657546
2024-01-11 00:00:00-05:00,1.6664401187999993,1.6664401187999993,29.499799916460578,29.499799916460578,-27.833359797660577,-27.833359797660577,27.833359797660577,0.0,4.175003969649087,0.0,4.175003969649087
2024-01-12 00:00:00-05:00,8.308290987,8.308290987,27.903988727909287,27.903988727909287,-19.595697740909287,-19.595697740909287,20.65131596458114,1.055618223671851,3.097697394687171,0.07917136677538882,3.0185260279117823
2024-01-13 00:00:00-05:00,5.159086298099999,5.159086298099999,29.3980363069752,29.3980363069752,-24.2389500088752,-24.2389500088752,24.48156753867367,0.2426175297984685,3.67223513080105,0.018196314734885137,3.654038816066165
2024-01-14 00:00:00-05:00,1.9526879330999996,1.9526879330999996,28.73199457957797,28.73199457957797,-26.77930664647797,-26.77930664647797,26.77930664647797,0.0,4.016895996971695,0.0,4.016895996971695
2024-01-15 00:00:00-05:00,8.5140425322,8.5140425322,29.208901285601844,29.208901285601844,-20.694858753401846,-20.694858753401846,21.86655103016752,1.1716922767656763,3.2799826545251283,0.08787692075742572,3.1921057337677023
2024-01-16 00:00:00-05:00,6.419267369099999,6.419267369099999,31.283159780237796,31.283159780237796,-24.863892411137794,-24.863892411137794,24.987355486969655,0.12346307583186056,3.748103323045448,0.009259730687389542,3.7388435923580587
2024-01-17 00:00:00-05:00,4.033487939399999,4.033487939399999,28.757630059567305,28.757630059567305,-24.724142120167304,-24.724142120167304,24.724142120167304,0.0,3.7086213180250955,0.0,3.7086213180250955
2024-01-18 00:00:00-05:00,5.619977667,5.619977667,28.626741039033586,28.626741039033586,-23.006763372033586,-23.006763372033586,23.223258515536504,0.2164951435029161,3.4834887773304755,0.016237135762718707,3.467251641567757
2024-01-19 00:00:00-05:00,3.0183724412999995,3.0183724412999995,30.457934182169907,30.457934182169907,-27.43956174086991,-27.43956174086991,27.47898028015879,0.03941853928887973,4.121847042023818,0.0029563904466659795,4.118890651577152
2024-01-20 00:00:00-05:00,7.5943366235999985,7.5943366235999985,33.526320593009814,33.526320593009814,-25.931983969409817,-25.931983969409817,26.74408550411672,0.812101534706902,4.011612825617507,0.06090761510301765,3.9507052105144895
2024-01-21 00:00:00-05:00,6.799841459999999,6.799841459999999,31.009138340084732,31.009138340084732,-24.209296880084736,-24.209296880084736,24.50760508989622,0.2983082098114843,3.6761407634844327,0.022373115735861322,3.6537676477485714
2024-01-22 00:00:00-05:00,4.2899091939,4.2899091939,26.193906023468095,26.193906023468095,-21.903996829568094,-21.903996829568094,21.92711293093063,0.02311610136253439,3.289066939639594,0.0017337076021900794,3.2873332320374042
2024-01-23 00:00:00-05:00,6.361455932999999,6.361455932999999,27.309105064122285,27.309105064122285,-20.947649131122283,-20.947649131122283,21.631223615393033,0.6835744842707483,3.244683542308955,0.05126808632030612,3.1934154559886485
2024-01-24 00:00:00-05:00,8.4345431922,8.4345431922,29.023951475315997,29.023951475315997,-20.589408283116,-20.589408283116,21.716247859778264,1.1268395766622648,3.2574371789667396,0.08451296824966985,3.1729242107170696
2024-01-25 00:00:00-05:00,4.902641321399999,4.902641321399999,30.98907458154001,30.98907458154001,-26.086433260140012,-26.086433260140012,26.086433260140012,0.0,3.9129649890210016,0.0,3.9129649890210016
2024-01-26 00:00:00-05:00,7.725514519799999,7.725514519799999,31.030602577226873,31.030602577226873,-23.30508805742687,-23.30508805742687,24.425603556146392,1.1205154987195198,3.6638405334219586,0.08403866240396399,3.5798018710179944
2024-01-27 00:00:00-05:00,8.0680772223,8.0680772223,34.11926275108835,34.11926275108835,-26.05118552878835,-26.05118552878835,26.869770725092128,0.8185851963037798,4.030465608763819,0.06139388972278348,3.969071719041036
2024-01-28 00:00:00-05:00,8.394246172799999,8.394246172799999,35.37182815649936,35.37182815649936,-26.97758198369936,-26.97758198369936,27.472324335895692,0.49474235219633267,4.120848650384354,0.037105676414724946,4.083742973969629
2024-01-29 00:00:00-05:00,10.575398480399999,10.575398480399999,28.09870130927381,28.09870130927381,-17.52330282887381,-17.52330282887381,19.735573480870762,2.2122706519969513,2.960336022130614,0.16592029889977133,2.7944157232308426
2024-01-30 00:00:00-05:00,9.651928688099998,9.651928688099998,28.075676743550666,28.075676743550666,-18.42374805545067,-18.42374805545067,20.13684344820587,1.713095392755201,3.02052651723088,0.12848215445664007,2.8920443627742403
2024-01-31 00:00:00-05:00,10.2098971908,10.2098971908,30.234891265367565,30.234891265367565,-20.024994074567566,-20.024994074567566,21.79076491904393,1.7657708444763642,3.2686147378565895,0.13243281333572732,3.136181924520862
2024-02-01 00:00:00-05:00,7.996864201199999,7.996864201199999,27.496313265898138,27.496313265898138,-19.499449064698137,-19.499449064698137,20.649612111819486,1.1501630471213489,3.097441816772923,0.08626222853410116,3.011179588238822
2024-02-02 00:00:00-05:00,8.9208407781,8.9208407781,28.978756560039507,28.978756560039507,-20.057915781939506,-20.057915781939506,21.32544118714307,1.267525405203564,3.1988161780714606,0.0950644053902673,3.103751772681193
2024-02-03 00:00:00-05:00,9.852993405899998,9.852993405899998,34.64850373567887,34.64850373567887,-24.795510329778875,-24.795510329778875,25.9930891257933,1.1975787960144246,3.898963368868995,0.08981840970108185,3.8091449591679134
2024-02-04 00:00:00-05:00,3.092529156299999,3.092529156299999,30.59797158849211,30.59797158849211,-27.505442432192112,-27.505442432192112,27.84458662833067,0.3391441961385596,4.1766879942496,0.025435814710391972,4.151252179539208
2024-02-05 00:00:00-05:00,2.2286058929999992,2.2286058929999992,32.481415053186126,32.481415053186126,-30.252809160186125,-30.252809160186125,30.252809160186125,0.0,4.537921374027919,0.0,4.537921374027919
2024-02-06 00:00:00-05:00,7.2010404162,7.2010404162,27.625422845955004,27.625422845955004,-20.424382429755006,-20.424382429755006,21.904167751534157,1.479785321779152,3.2856251627301236,0.11098389913343638,3.1746412635966874
2024-02-07 00:00:00-05:00,9.505266899399999,9.505266899399999,27.235496317026982,27.235496317026982,-17.730229417626983,-17.730229417626983,19.85784440641746,2.127614988790478,2.978676660962619,0.15957112415928584,2.8191055368033333
2024-02-08 00:00:00-05:00,7.413181406099999,7.413181406099999,26.75545495808653,26.75545495808653,-19.342273551986533,-19.342273551986533,20.361728667346895,1.0194551153603635,3.0542593001020344,0.07645913365202726,2.9778001664500073
2024-02-09 00:00:00-05:00,4.4815653135,4.4815653135,26.833795569891887,26.833795569891887,-22.352230256391888,-22.352230256391888,22.352230256391888,0.0,3.352834538458783,0.0,3.352834538458783
2024-02-10 00:00:00-05:00,6.976777581899999,6.976777581899999,31.071327110892298,31.071327110892298,-24.0945495289923,-24.0945495289923,24.573336180560965,0.478786651568666,3.6860004270841444,0.03590899886764995,3.6500914282164945
2024-02-11 00:00:00-05:00,5.9537438991,5.9537438991,32.86962779760601,32.86962779760601,-26.915883898506006,-26.915883898506006,27.049032905903463,0.13314900739745494,4.057354935885519,0.00998617555480912,4.04736876033071
2024-02-12 00:00:00-05:00,8.068922999324998,8.068922999324998,28.01999640277391,28.01999640277391,-19.95107340344891,-19.95107340344891,21.29390463522409,1.342831231775183,3.1940856952836136,0.10071234238313871,3.0933733529004748
2024-02-13 00:00:00-05:00,6.507886633425,6.507886633425,31.217398755821552,31.217398755821552,-24.70951212239655,-24.70951212239655,26.019120068282554,1.3096079458860013,3.9028680102423827,0.09822059594145009,3.804647414300933
2024-02-14 00:00:00-05:00,8.492541897599999,8.492541897599999,30.93510795231425,30.93510795231425,-22.442566054714252,-22.442566054714252,23.80262871329052,1.3600626585762683,3.570394306993578,0.10200469939322011,3.4683896076003577
2024-02-15 00:00:00-05:00,9.1059853563,9.1059853563,28.520493998738953,28.520493998738953,-19.414508642438953,-19.414508642438953,20.910922467866882,1.4964138254279273,3.1366383701800324,0.11223103690709454,3.0244073332729378
2024-02-16 00:00:00-05:00,8.074003041225,8.074003041225,28.992446134641483,28.992446134641483,-20.91844309341648,-20.91844309341648,22.03729417345931,1.118851080042825,3.3055941260188964,0.08391383100321188,3.2216802950156844
2024-02-17 00:00:00-05:00,5.817659165324999,5.817659165324999,33.60748220348613,33.60748220348613,-27.789823038161128,-27.789823038161128,28.025760657259426,0.2359376190982998,4.203864098588913,0.017695321432372485,4.186168777156541
2024-02-18 00:00:00-05:00,0.7583865151499991,0.7583865151499991,30.5157421773627,30.5157421773627,-29.757355662212703,-29.757355662212703,29.757355662212703,0.0,4.463603349331906,0.0,4.463603349331906
2024-02-19 00:00:00-05:00,3.6842628451499992,3.6842628451499992,28.532826760251037,28.532826760251037,-24.84856391510104,-24.84856391510104,24.97015922466674,0.1215953095657013,3.745523883700011,0.009119648217427598,3.7364042354825835
2024-02-20 00:00:00-05:00,10.075381726724999,10.075381726724999,27.61348365494703,27.61348365494703,-17.53810192822203,-17.53810192822203,19.99922244283473,2.4611205146126975,2.9998833664252094,0.18458403859595232,2.815299327829257
2024-02-21 00:00:00-05:00,9.718825367024998,9.718825367024998,28.38340910559458,28.38340910559458,-18.664583738569583,-18.664583738569583,20.895007981427355,2.230424242857772,3.134251197214103,0.16728181821433288,2.9669693789997704
2024-02-22 00:00:00-05:00,8.665040873925,8.665040873925,26.08053300981258,26.08053300981258,-17.41549213588758,-17.41549213588758,19.045686587108555,1.6301944512209747,2.8568529880662834,0.1222645838415731,2.73458840422471
2024-02-23 00:00:00-05:00,7.571123416124999,7.571123416124999,26.53742011972806,26.53742011972806,-18.96629670360306,-18.96629670360306,19.88682650995065,0.9205298063475901,2.9830239764925977,0.06903973547606926,2.913984241016528
2024-02-24 00:00:00-05:00,8.566669381725,8.566669381725,30.882680830593667,30.882680830593667,-22.316011448868668,-22.316011448868668,23.840052814847727,1.5240413659790606,3.576007922227159,0.11430310244842953,3.4617048197787295
2024-02-25 00:00:00-05:00,9.840705524325,9.840705524325,29.715022809682004,29.715022809682004,-19.874317285357005,-19.874317285357005,21.965448362867082,2.09113107751008,3.2948172544300625,0.156834830813256,3.1379824236168066
2024-02-26 00:00:00-05:00,9.46538696115,9.46538696115,30.076270540848963,30.076270540848963,-20.610883579698964,-20.610883579698964,22.412930531054258,1.8020469513552952,3.3619395796581384,0.13515352135164713,3.2267860583064913
2024-02-27 00:00:00-05:00,9.225498842099999,9.225498842099999,27.481728966798013,27.481728966798013,-18.256230124698014,-18.256230124698014,20.303442018845363,2.04721189414735,3.045516302826804,0.15354089206105123,2.891975410765753
2024-02-28 00:00:00-05:00,8.869131732149999,8.869131732149999,26.36396763806902,26.36396763806902,-17.494835905919025,-17.494835905919025,19.39856253703092,1.9037266311118943,2.9097843805546377,0.14277949733339207,2.7670048832212455
2024-02-29 00:00:00-05:00,8.766403409925,8.766403409925,28.751357310517385,28.751357310517385,-19.984953900592387,-19.984953900592387,21.60366682171511,1.6187129211227227,3.240550023257266,0.1214034690842042,3.119146554173062
2024-03-01 00:00:00-05:00,7.815740289524999,7.815740289524999,30.39201136607307,30.39201136607307,-22.57627107654807,-22.57627107654807,23.462723611125842,0.886452534577771,3.5194085416688763,0.06648394009333282,3.4529246015755435
2024-03-02 00:00:00-05:00,6.833671446824999,6.833671446824999,31.80215715662097,31.80215715662097,-24.96848570979597,-24.96848570979597,25.482741879772615,0.5142561699766427,3.822411281965892,0.0385692127482482,3.783842069217644
2024-03-03 00:00:00-05:00,6.645594269025,6.645594269025,34.331721987031464,34.331721987031464,-27.686127718006468,-27.686127718006468,28.00793156425804,0.3218038462515742,4.201189734638706,0.024135288468868064,4.177054446169838
2024-03-04 00:00:00-05:00,7.6335599961,7.6335599961,31.78056265358911,31.78056265358911,-24.14700265748911,-24.14700265748911,24.94317047880775,0.7961678213186403,3.7414755718211623,0.05971258659889802,3.681762985222264
2024-03-05 00:00:00-05:00,7.398991371825,7.398991371825,30.480129504167984,30.480129504167984,-23.081138132342986,-23.081138132342986,24.261554421512162,1.1804162891691772,3.639233163226824,0.08853122168768829,3.5507019415391357
2024-03-06 00:00:00-05:00,3.2069443724999993,3.2069443724999993,29.95544872225795,29.95544872225795,-26.748504349757955,-26.748504349757955,26.748504349757955,0.0,4.012275652463693,0.0,4.012275652463693
2024-03-07 00:00:00-05:00,6.571877230799999,6.571877230799999,31.673241034352863,31.673241034352863,-25.10136380355286,-25.10136380355286,25.819160189370884,0.7177963858180224,3.8728740284056324,0.05383472893635168,3.8190392994692806
2024-03-08 00:00:00-05:00,7.606395196199999,7.606395196199999,27.729052830700507,27.729052830700507,-20.12265763450051,-20.12265763450051,21.41489165159148,1.2922340170909687,3.2122337477387215,0.09691755128182265,3.1153161964568987
2024-03-09 00:00:00-05:00,8.21608050280593,8.21608050280593,28.544314837475692,28.544314837475692,-20.328234334669762,-20.328234334669762,21.843168035318396,1.5149337006486339,3.2764752052977593,0.11362002754864753,3.162855177749112
2024-03-10 00:00:00-05:00,5.719496545799999,5.719496545799999,31.935489494561345,31.935489494561345,-26.215992948761347,-26.215992948761347,26.307205438858812,0.09121249009746635,3.9460808158288216,0.006840936757309976,3.9392398790715117
2024-03-11 00:00:00-04:00,9.392370910424999,9.392370910424999,28.09264308502667,28.09264308502667,-18.70027217460167,-18.70027217460167,21.5438485089079,2.843576334306231,3.2315772763361847,0.2132682250729673,3.0183090512632176
2024-03-12 00:00:00-04:00,9.258951634199999,9.258951634199999,31.477598515647262,31.477598515647262,-22.218646881447263,-22.218646881447263,24.4269734282269,2.208326546779638,3.664046014234035,0.16562449100847285,3.4984215232255624
2024-03-13 00:00:00-04:00,8.888186143124999,8.888186143124999,31.061938835045375,31.061938835045375,-22.173752691920374,-22.173752691920374,24.46779068399117,2.2940379920707947,3.6701686025986753,0.1720528494053096,3.4981157531933658
2024-03-14 00:00:00-04:00,9.068108151825,9.068108151825,30.739777478173256,30.739777478173256,-21.67166932634826,-21.67166932634826,23.914664002663393,2.2429946763151345,3.587199600399509,0.16822460072363507,3.4189749996758736
2024-03-15 00:00:00-04:00,8.87061752595,8.87061752595,31.09822334384959,31.09822334384959,-22.22760581789959,-22.22760581789959,24.175609844900062,1.9480040270004721,3.6263414767350093,0.1461003020250354,3.480241174709974
2024-03-16 00:00:00-04:00,8.94673643625,8.94673643625,30.11444578699305,30.11444578699305,-21.16770935074305,-21.16770935074305,23.37032021572502,2.20261086498197,3.5055480323587527,0.16519581487364773,3.340352217485105
2024-03-17 00:00:00-04:00,9.19715334705,9.19715334705,29.543060091452826,29.543060091452826,-20.345906744402825,-20.345906744402825,22.641806503893473,2.295899759490646,3.396270975584021,0.17219248196179843,3.2240784936222227
2024-03-18 00:00:00-04:00,6.26829753195,6.26829753195,31.08324635998726,31.08324635998726,-24.81494882803726,-24.81494882803726,25.13063360345083,0.3156847754135712,3.769595040517624,0.02367635815601784,3.7459186823616064
2024-03-19 00:00:00-04:00,9.280513179449999,9.280513179449999,31.67134580595587,31.67134580595587,-22.39083262650587,-22.39083262650587,24.59707698124301,2.2062443547371404,3.689561547186451,0.16546832660528552,3.5240932205811655
2024-03-20 00:00:00-04:00,9.066309367949998,9.066309367949998,26.078728974158363,26.078728974158363,-17.01241960620836,-17.01241960620836,19.603760328964945,2.591340722756581,2.940564049344742,0.19435055420674358,2.746213495137998
2024-03-21 00:00:00-04:00,7.74091299645,7.74091299645,27.107031438591502,27.107031438591502,-19.366118442141502,-19.366118442141502,21.392455788553665,2.0263373464121637,3.2088683682830497,0.15197530098091228,3.0568930673021373
2024-03-22 00:00:00-04:00,1.3588081775999992,1.3588081775999992,29.07258228829504,29.07258228829504,-27.71377411069504,-27.71377411069504,27.71377411069504,0.0,4.157066116604256,0.0,4.157066116604256
2024-03-23 00:00:00-04:00,2.8221278066999993,2.8221278066999993,31.484607179511098,31.484607179511098,-28.6624793728111,-28.6624793728111,28.957572910938623,0.2950935381275268,4.343635936640793,0.02213201535956451,4.321503921281229
2024-03-24 00:00:00-04:00,9.355447930499999,9.355447930499999,32.914635721676,32.914635721676,-23.559187791176004,-23.559187791176004,25.418896821937206,1.8597090307612036,3.8128345232905807,0.13947817730709028,3.6733563459834904
2024-03-25 00:00:00-04:00,7.134690670199999,7.134690670199999,30.45434270649311,30.45434270649311,-23.319652036293114,-23.319652036293114,24.675659412544455,1.356007376251343,3.7013489118816683,0.10170055321885071,3.5996483586628174
2024-03-26 00:00:00-04:00,8.469520487999999,8.469520487999999,31.058818708678245,31.058818708678245,-22.589298220678245,-22.589298220678245,24.014856526650252,1.4255583059720052,3.602228478997538,0.10691687294790038,3.4953116060496376
2024-03-27 00:00:00-04:00,6.963358249799999,6.963358249799999,26.811514144379583,26.811514144379583,-19.848155894579584,-19.848155894579584,21.628390177952518,1.7802342833729363,3.2442585266928776,0.13351757125297023,3.1107409554399075
2024-03-28 00:00:00-04:00,6.411899935799999,6.411899935799999,28.673115275378386,28.673115275378386,-22.26121533957839,-22.26121533957839,23.29893221264275,1.0377168730643633,3.4948398318964125,0.07782876547982724,3.417011066416585
2024-03-29 00:00:00-04:00,8.449544654099999,8.449544654099999,26.498000759050104,26.498000759050104,-18.048456104950105,-18.048456104950105,20.741690521524557,2.693234416574453,3.1112535782286836,0.20199258124308397,2.9092609969855996
2024-03-30 00:00:00-04:00,8.8439951034,8.8439951034,32.68642098994207,32.68642098994207,-23.842425886542074,-23.842425886542074,25.8354553225485,1.9930294360064291,3.875318298382275,0.14947720770048217,3.7258410906817927
2024-03-31 00:00:00-04:00,9.5528140857,9.5528140857,29.474143170637745,29.474143170637745,-19.921329084937746,-19.921329084937746,22.505176907732324,2.5838478227945783,3.3757765361598486,0.19378858670959337,3.181987949450255
2024-04-01 00:00:00-04:00,8.640890891999998,8.640890891999998,29.60603564688557,29.60603564688557,-20.96514475488557,-20.96514475488557,23.070584740666487,2.105439985780916,3.460587711099973,0.1579079989335687,3.3026797121664044
2024-04-02 00:00:00-04:00,9.0208647918,9.0208647918,30.823583686437992,30.823583686437992,-21.802718894637994,-21.802718894637994,23.991014508912667,2.188295614274674,3.5986521763368997,0.16412217107060054,3.434530005266299
2024-04-03 00:00:00-04:00,9.066615921899999,9.066615921899999,28.07045424179276,28.07045424179276,-19.00383831989276,-19.00383831989276,21.483721649060676,2.4798833291679143,3.2225582473591015,0.18599124968759356,3.0365669976715077
2024-04-04 00:00:00-04:00,6.144718373999999,6.144718373999999,31.336307289983026,31.336307289983026,-25.191588915983026,-25.191588915983026,26.37976905820438,1.1881801422213527,3.956965358730657,0.08911351066660145,3.8678518480640554
2024-04-05 00:00:00-04:00,9.682045397999998,9.682045397999998,27.95666856331659,27.95666856331659,-18.27462316531659,-18.27462316531659,21.09038060523406,2.8157574399174665,3.1635570907851087,0.21118180799380998,2.952375282791299
2024-04-06 00:00:00-04:00,9.436214564099998,9.436214564099998,29.07305683870003,29.07305683870003,-19.63684227460003,-19.63684227460003,22.116968218647592,2.480125944047561,3.317545232797139,0.18600944580356707,3.1315357869935716
2024-04-07 00:00:00-04:00,8.5112127243,8.5112127243,30.218750774726768,30.218750774726768,-21.707538050426766,-21.707538050426766,23.694430405184665,1.9868923547578985,3.5541645607776995,0.14901692660684238,3.405147634170857
2024-04-08 00:00:00-04:00,7.3618147296,7.3618147296,28.82741571740846,28.82741571740846,-21.46560098780846,-21.46560098780846,22.56596121026653,1.1003602224580666,3.384894181539979,0.082527016684355,3.302367164855624
2024-04-09 00:00:00-04:00,6.413843752199999,6.413843752199999,28.474364914841903,28.474364914841903,-22.060521162641905,-22.060521162641905,24.062639396715735,2.0021182340738304,3.6093959095073602,0.15015886755553728,3.459237041951823
2024-04-10 00:00:00-04:00,9.0564202791,9.0564202791,30.050892591762217,30.050892591762217,-20.994472312662218,-20.994472312662218,23.30401272621625,2.309540413554033,3.4956019089324375,0.17321553101655246,3.322386377915885
2024-04-11 00:00:00-04:00,7.420777187849999,7.420777187849999,30.38663914441982,30.38663914441982,-22.965861956569825,-22.965861956569825,23.980913086771405,1.0150511302015817,3.5971369630157106,0.07612883476511863,3.521008128250592
2024-04-12 00:00:00-04:00,9.321799015799998,9.321799015799998,31.369938625638035,31.369938625638035,-22.048139609838035,-22.048139609838035,24.337069988694093,2.2889303788560587,3.650560498304114,0.1716697784142044,3.4788907198899097
2024-04-13 00:00:00-04:00,9.424632282299997,9.424632282299997,32.77139462627853,32.77139462627853,-23.346762343978533,-23.346762343978533,25.564919812384115,2.2181574684055856,3.834737971857617,0.16636181013041892,3.668376161727198
2024-04-14 00:00:00-04:00,8.58084968925,8.58084968925,31.06124190915005,31.06124190915005,-22.48039221990005,-22.48039221990005,24.614559303604462,2.1341670837044147,3.692183895540669,0.1600625312778311,3.532121364262838
2024-04-15 00:00:00-04:00,9.297617922449998,9.297617922449998,29.11568814980463,29.11568814980463,-19.81807022735463,-19.81807022735463,22.344870179122363,2.5267999517677326,3.3517305268683546,0.18950999638257995,3.1622205304857745
2024-04-16 00:00:00-04:00,9.036547725599998,9.036547725599998,29.591753488265088,29.591753488265088,-20.55520576266509,-20.55520576266509,22.831903887919474,2.2766981252543834,3.424785583187921,0.17075235939407876,3.2540332237938423
2024-04-17 00:00:00-04:00,8.8801829631,8.8801829631,30.35524317922545,30.35524317922545,-21.47506021612545,-21.47506021612545,23.488739555131712,2.013679339006263,3.5233109332697565,0.1510259504254697,3.372284982844287
2024-04-18 00:00:00-04:00,8.5650444171,8.5650444171,28.954527256086788,28.954527256086788,-20.389482838986787,-20.389482838986787,22.543155830493898,2.1536729915071113,3.381473374574085,0.16152547436303336,3.2199479002110514
2024-04-19 00:00:00-04:00,8.5552498296,8.5552498296,27.90091156424806,27.90091156424806,-19.34566173464806,-19.34566173464806,21.553183221177807,2.207521486529747,3.232977483176671,0.16556411148973102,3.06741337168694
2024-04-20 00:00:00-04:00,8.695718466299999,8.695718466299999,30.13729124357438,30.13729124357438,-21.44157277727438,-21.44157277727438,23.45875448426188,2.0171817069874987,3.518813172639282,0.1512886280240624,3.36752454461522
2024-04-21 00:00:00-04:00,8.52566229,8.52566229,34.00435266556918,34.00435266556918,-25.47869037556918,-25.47869037556918,27.144466904161117,1.6657765285919353,4.071670035624168,0.12493323964439514,3.946736795979773
2024-04-22 00:00:00-04:00,4.097558595149999,4.097558595149999,27.525915196687443,27.525915196687443,-23.42835660153744,-23.42835660153744,23.53279851704464,0.1044419155071985,3.529919777556696,0.007833143663039888,3.522086633893656
2024-04-23 00:00:00-04:00,8.68942988145,8.68942988145,30.952678066404175,30.952678066404175,-22.26324818495418,-22.26324818495418,24.297462481958107,2.0342142970039285,3.644619372293716,0.15256607227529465,3.492053300018421
2024-04-24 00:00:00-04:00,8.73756963945,8.73756963945,29.31789633518775,29.31789633518775,-20.580326695737753,-20.580326695737753,22.49310203345522,1.912775337717468,3.3739653050182827,0.1434581503288101,3.2305071546894726
2024-04-25 00:00:00-04:00,8.847143445149998,8.847143445149998,30.664675356045134,30.664675356045134,-21.817531910895134,-21.817531910895134,23.52715388063532,1.7096219697401895,3.529073082095298,0.1282216477305142,3.400851434364784
2024-04-26 00:00:00-04:00,8.9285481063,8.9285481063,27.18574369983834,27.18574369983834,-18.25719559353834,-18.25719559353834,20.51705153348401,2.2598559399456692,3.0775577300226016,0.1694891954959252,2.9080685345266764
2024-04-27 00:00:00-04:00,7.883333382149999,7.883333382149999,29.35864595159091,29.35864595159091,-21.47531256944091,-21.47531256944091,23.284301639754563,1.808989070313654,3.4926452459631845,0.13567418027352404,3.3569710656896605
2024-04-28 00:00:00-04:00,7.665308502299999,7.665308502299999,33.85923386229434,33.85923386229434,-26.193925359994342,-26.193925359994342,27.096812728153573,0.9028873681592332,4.064521909223036,0.06771655261194248,3.9968053566110933
2024-04-29 00:00:00-04:00,8.62067161665,8.62067161665,28.726209880854178,28.726209880854178,-20.10553826420418,-20.10553826420418,21.97179397451112,1.8662557103069406,3.295769096176668,0.13996917827302055,3.1557999179036473
2024-04-30 00:00:00-04:00,6.408103251149998,6.408103251149998,29.463019719351873,29.463019719351873,-23.054916468201874,-23.054916468201874,23.81362779863863,0.7587113304367558,3.5720441697957948,0.05690334978275668,3.515140820013038
2024-05-01 00:00:00-04:00,7.673221612349999,7.673221612349999,30.82333058626689,30.82333058626689,-23.150108973916893,-23.150108973916893,24.76075854387451,1.6106495699576158,3.714113781581176,0.12079871774682117,3.5933150638343547
2024-05-02 00:00:00-04:00,8.747929448999999,8.747929448999999,26.81456676064722,26.81456676064722,-18.06663731164722,-18.06663731164722,20.237572480526925,2.1709351688797023,3.035635872079039,0.16282013766597767,2.872815734413061
2024-05-03 00:00:00-04:00,8.718383853899999,8.718383853899999,29.29173801680661,29.29173801680661,-20.57335416290661,-20.57335416290661,22.50162653311855,1.9282723702119373,3.3752439799677822,0.1446204277658953,3.230623552201887
2024-05-04 00:00:00-04:00,8.5719149613,8.5719149613,34.531658743015406,34.531658743015406,-25.959743781715407,-25.959743781715407,27.46999933418952,1.510255552474113,4.1204999001284275,0.11326916643555847,4.007230733692869
2024-05-05 00:00:00-04:00,8.235261601649999,8.235261601649999,31.970628580115232,31.970628580115232,-23.73536697846523,-23.73536697846523,25.168779627118944,1.433412648653714,3.7753169440678414,0.10750594864902854,3.667810995418813
2024-05-06 00:00:00-04:00,7.7909376001499995,7.7909376001499995,27.959541570755096,27.959541570755096,-20.168603970605098,-20.168603970605098,21.78739084587495,1.6187868752698515,3.2681086268812423,0.12140901564523886,3.1466996112360035
2024-05-07 00:00:00-04:00,8.557851434849999,8.557851434849999,29.984058922530053,29.984058922530053,-21.426207487680053,-21.426207487680053,23.180138966735566,1.7539314790555123,3.4770208450103346,0.13154486092916343,3.345475984081171
2024-05-08 00:00:00-04:00,8.571214239749999,8.571214239749999,27.85360263218799,27.85360263218799,-19.28238839243799,-19.28238839243799,21.331142610459036,2.048754218021048,3.1996713915688555,0.1536565663515786,3.0460148252172767
2024-05-09 00:00:00-04:00,8.740833442649999,8.740833442649999,26.57088896067581,26.57088896067581,-17.83005551802581,-17.83005551802581,20.04038594194663,2.210330423920822,3.0060578912919946,0.16577478179406163,2.840283109497933
2024-05-10 00:00:00-04:00,8.33268794805,8.33268794805,31.104086435291784,31.104086435291784,-22.771398487241786,-22.771398487241786,24.251155279557533,1.4797567923157493,3.6376732919336296,0.1109817594236812,3.5266915325099486
2024-05-11 00:00:00-04:00,7.615009725749999,7.615009725749999,33.30935702123407,33.30935702123407,-25.694347295484068,-25.694347295484068,26.50353625804223,0.8091889625581647,3.9755304387063344,0.06068917219186235,3.914841266514472
2024-05-12 00:00:00-04:00,7.444994098049999,7.444994098049999,30.582537879047088,30.582537879047088,-23.13754378099709,-23.13754378099709,24.176218680677806,1.038674899680717,3.6264328021016707,0.07790061747605377,3.548532184625617
2024-05-13 00:00:00-04:00,7.077479822099999,7.077479822099999,27.75762771316732,27.75762771316732,-20.68014789106732,-20.68014789106732,21.697151363667523,1.0170034726002042,3.2545727045501285,0.07627526044501531,3.1782974441051133
2024-05-14 00:00:00-04:00,8.078534898749998,8.078534898749998,28.70632141549266,28.70632141549266,-20.62778651674266,-20.62778651674266,22.22907476304633,1.6012882463036706,3.3343612144569494,0.1200966184727753,3.214264595984174
2024-05-15 00:00:00-04:00,7.0113012574499995,7.0113012574499995,26.888510710261635,26.888510710261635,-19.877209452811638,-19.877209452811638,21.18254751292597,1.3053380601143345,3.1773821269388955,0.09790035450857508,3.0794817724303205
2024-05-16 00:00:00-04:00,4.960400357249999,4.960400357249999,29.185275220099058,29.185275220099058,-24.22487486284906,-24.22487486284906,24.22487486284906,0.0,3.633731229427359,0.0,3.633731229427359
2024-05-17 00:00:00-04:00,6.979819364099999,6.979819364099999,27.753544140966266,27.753544140966266,-20.773724776866267,-20.773724776866267,21.714471366689448,0.9407465898231824,3.2571707050034173,0.07055599423673868,3.1866147107666785
2024-05-18 00:00:00-04:00,8.2884993687,8.2884993687,32.18013974388595,32.18013974388595,-23.89164037518595,-23.89164037518595,25.290878819717207,1.399238444531254,3.7936318229575807,0.10494288333984404,3.6886889396177365
2024-05-19 00:00:00-04:00,7.938467380799998,7.938467380799998,31.549012608613562,31.549012608613562,-23.610545227813564,-23.610545227813564,24.77690487556334,1.166359647749776,3.716535731334501,0.0874769735812332,3.629058757753268
2024-05-20 00:00:00-04:00,7.549324672499999,7.549324672499999,26.74326026503841,26.74326026503841,-19.19393559253841,-19.19393559253841,20.798440422978548,1.6045048304401406,3.119766063446782,0.12033786228301054,2.9994282011637714
2024-05-21 00:00:00-04:00,6.834817246499999,6.834817246499999,27.229366995623998,27.229366995623998,-20.394549749123996,-20.394549749123996,21.616116895991915,1.2215671468679175,3.242417534398787,0.0916175360150938,3.150799998383693
2024-05-22 00:00:00-04:00,8.523684329399998,8.523684329399998,27.01389551552381,27.01389551552381,-18.490211186123812,-18.490211186123812,20.47402852611407,1.9838173399902557,3.0711042789171104,0.14878630049926916,2.922317978417841
2024-05-23 00:00:00-04:00,8.6799081735,8.6799081735,29.246425629652784,29.246425629652784,-20.566517456152784,-20.566517456152784,22.41764552069118,1.8511280645383958,3.362646828103677,0.13883460484037968,3.2238122232632973
2024-05-24 00:00:00-04:00,8.5587565221,8.5587565221,27.88845999264386,27.88845999264386,-19.329703470543862,-19.329703470543862,21.213840711919914,1.8841372413760544,3.1820761067879872,0.1413102931032041,3.040765813684783
2024-05-25 00:00:00-04:00,8.267358544199999,8.267358544199999,34.734336940639544,34.734336940639544,-26.466978396439544,-26.466978396439544,27.6553408193647,1.188362422925156,4.148301122904705,0.08912718171938669,4.0591739411853185
2024-05-26 00:00:00-04:00,8.388131661,8.388131661,31.168702314612503,31.168702314612503,-22.780570653612504,-22.780570653612504,24.288404686898907,1.5078340332864029,3.643260703034836,0.11308755249648021,3.5301731505383556
2024-05-27 00:00:00-04:00,8.3323008936,8.3323008936,30.292268337210363,30.292268337210363,-21.959967443610363,-21.959967443610363,23.518128413071416,1.558160969461054,3.5277192619607125,0.11686207270957905,3.4108571892511335
2024-05-28 00:00:00-04:00,5.613892990199999,5.613892990199999,30.177488117208128,30.177488117208128,-24.563595127008128,-24.563595127008128,24.67156145547675,0.10796632846861953,3.700734218321512,0.008097474635146465,3.6926367436863656
2024-05-29 00:00:00-04:00,8.008770860999999,8.008770860999999,29.036067542641025,29.036067542641025,-21.027296681641026,-21.027296681641026,22.607213174776344,1.5799164931353173,3.3910819762164515,0.1184937369851488,3.2725882392313026
2024-05-30 00:00:00-04:00,6.0715523186999985,6.0715523186999985,27.678422715897998,27.678422715897998,-21.606870397197998,-21.606870397197998,22.379662301039524,0.7727919038415244,3.3569493451559285,0.05795939278811433,3.298989952367814
2024-05-31 00:00:00-04:00,8.071953428699999,8.071953428699999,26.80135253083101,26.80135253083101,-18.729399102131012,-18.729399102131012,20.628137616415998,1.8987385142849864,3.0942206424623997,0.14240538857137397,2.951815253891026
2024-06-01 00:00:00-04:00,7.513683246899999,7.513683246899999,29.445456340750486,29.445456340750486,-21.931773093850488,-21.931773093850488,23.19736347546021,1.2655903816097234,3.4796045213190316,0.09491927862072926,3.3846852426983025
2024-06-02 00:00:00-04:00,5.383083719699998,5.383083719699998,32.875725342718624,32.875725342718624,-27.492641623018628,-27.492641623018628,27.685587465209345,0.19294584219071487,4.152838119781402,0.014470938164303615,4.138367181617098
2024-06-03 00:00:00-04:00,7.912714400099999,7.912714400099999,30.38538463559189,30.38538463559189,-22.47267023549189,-22.47267023549189,23.778241543670376,1.305571308178485,3.566736231550556,0.09791784811338637,3.4688183834371698
2024-06-04 00:00:00-04:00,8.3112249285,8.3112249285,32.050076242245964,32.050076242245964,-23.73885131374597,-23.73885131374597,25.304679562608133,1.5658282488621664,3.7957019343912197,0.11743711866466247,3.6782648157265574
2024-06-05 00:00:00-04:00,7.7306238566999985,7.7306238566999985,26.71631230244078,26.71631230244078,-18.98568844574078,-18.98568844574078,20.655152712078735,1.6694642663379522,3.0982729068118102,0.12520981997534641,2.973063086836464
2024-06-06 00:00:00-04:00,7.609896367199999,7.609896367199999,30.00913558074862,30.00913558074862,-22.399239213548622,-22.399239213548622,23.715200527734567,1.3159613141859454,3.557280079160185,0.0986970985639459,3.458582980596239
2024-06-07 00:00:00-04:00,4.503878726399998,4.503878726399998,30.60879527121333,30.60879527121333,-26.10491654481333,-26.10491654481333,26.10491654481333,0.0,3.9157374817219996,0.0,3.9157374817219996
2024-06-08 00:00:00-04:00,7.355774975399999,7.355774975399999,34.07186290197249,34.07186290197249,-26.716087926572488,-26.716087926572488,27.523091431034995,0.8070035044625081,4.128463714655249,0.06052526283468811,4.06793845182056
2024-06-09 00:00:00-04:00,7.237117775699999,7.237117775699999,33.803440068970936,33.803440068970936,-26.566322293270936,-26.566322293270936,27.272785600100445,0.7064633068295095,4.0909178400150665,0.052984748012213215,4.037933092002853
2024-06-10 00:00:00-04:00,6.8905699892999985,6.8905699892999985,29.6940724618536,29.6940724618536,-22.8035024725536,-22.8035024725536,23.859029997382656,1.0555275248290532,3.5788544996073983,0.07916456436217899,3.4996899352452195
2024-06-11 00:00:00-04:00,0.6797917358999992,0.6797917358999992,31.19540804004989,31.19540804004989,-30.51561630414989,-30.51561630414989,30.51561630414989,0.0,4.577342445622484,0.0,4.577342445622484
2024-06-12 00:00:00-04:00,0.678600266399999,0.678600266399999,27.760660697572014,27.760660697572014,-27.082060431172014,-27.082060431172014,27.082060431172014,0.0,4.0623090646758016,0.0,4.0623090646758016
2024-06-13 00:00:00-04:00,2.9557969118999994,2.9557969118999994,31.631869659535404,31.631869659535404,-28.676072747635406,-28.676072747635406,28.676072747635406,0.0,4.301410912145311,0.0,4.301410912145311
2024-06-14 00:00:00-04:00,4.827684925799999,4.827684925799999,28.166084775751933,28.166084775751933,-23.338399849951934,-23.338399849951934,23.338399849951934,0.0,3.5007599774927898,0.0,3.5007599774927898
2024-06-15 00:00:00-04:00,3.183744374099999,3.183744374099999,33.90130829215008,33.90130829215008,-30.717563918050075,-30.717563918050075,30.717563918050075,0.0,4.607634587707511,0.0,4.607634587707511
2024-06-16 00:00:00-04:00,6.777116550899998,6.777116550899998,33.99776512725507,33.99776512725507,-27.22064857635507,-27.22064857635507,28.119971866765926,0.8993232904108536,4.217995780014888,0.06744924678081402,4.150546533234074
2024-06-17 00:00:00-04:00,6.986804563799999,6.986804563799999,28.130842435720062,28.130842435720062,-21.144037871920066,-21.144037871920066,22.60673451261102,1.4626966406909543,3.391010176891653,0.10970224805182156,3.2813079288398312
2024-06-18 00:00:00-04:00,8.0328128166,8.0328128166,26.50580206848828,26.50580206848828,-18.47298925188828,-18.47298925188828,20.153129020374777,1.6801397684864985,3.0229693530562165,0.12601048263648737,2.8969588704197293
2024-06-19 00:00:00-04:00,7.815817105199999,7.815817105199999,29.281433033432673,29.281433033432673,-21.465615928232676,-21.465615928232676,22.965197809187913,1.499581880955239,3.444779671378187,0.11246864107164292,3.3323110303065437
2024-06-20 00:00:00-04:00,7.626249891899999,7.626249891899999,29.053127166575667,29.053127166575667,-21.426877274675668,-21.426877274675668,22.695316256455243,1.268438981779573,3.4042974384682863,0.09513292363346797,3.3091645148348183
2024-06-21 00:00:00-04:00,7.725397466699998,7.725397466699998,29.723884385184657,29.723884385184657,-21.99848691848466,-21.99848691848466,23.282946664933455,1.2844597464487986,3.4924419997400182,0.09633448098365989,3.3961075187563585
2024-06-22 00:00:00-04:00,5.048484405299999,5.048484405299999,34.578609135648136,34.578609135648136,-29.53012473034814,-29.53012473034814,29.655558818467476,0.12543408811933654,4.448333822770121,0.00940755660895024,4.438926266161171
2024-06-23 00:00:00-04:00,7.1401799726999995,7.1401799726999995,35.05435538214651,35.05435538214651,-27.91417540944651,-27.91417540944651,29.00739659453987,1.0932211850933573,4.35110948918098,0.0819915888820018,4.269117900298978
2024-06-24 00:00:00-04:00,6.023318365799999,6.023318365799999,29.2105215133504,29.2105215133504,-23.187203147550402,-23.187203147550402,23.950631862911987,0.7634287153615845,3.592594779436798,0.057257153652118836,3.535337625784679
2024-06-25 00:00:00-04:00,4.297186800899999,4.297186800899999,31.479835140435988,31.479835140435988,-27.18264833953599,-27.18264833953599,27.209491711096952,0.026843371560962392,4.081423756664543,0.0020132528670721793,4.079410503797471
2024-06-26 00:00:00-04:00,4.480072478099999,4.480072478099999,31.00748409571906,31.00748409571906,-26.527411617619062,-26.527411617619062,26.59254635764571,0.06513474002664743,3.9888819536468563,0.004885105501998557,3.9839968481448578
2024-06-27 00:00:00-04:00,7.826037018299998,7.826037018299998,29.847485253016828,29.847485253016828,-22.02144823471683,-22.02144823471683,23.410619381421498,1.3891711467046677,3.5115929072132244,0.10418783600285007,3.4074050712103743
2024-06-28 00:00:00-04:00,7.6097974986,7.6097974986,26.388534071515146,26.388534071515146,-18.778736572915143,-18.778736572915143,20.0853625434504,1.3066259705352563,3.0128043815175602,0.09799694779014421,2.914807433727416
2024-06-29 00:00:00-04:00,7.651012458599999,7.651012458599999,33.24885702731718,33.24885702731718,-25.59784456871718,-25.59784456871718,26.780647941199625,1.182803372482446,4.017097191179944,0.08871025293618345,3.92838693824376
2024-06-30 00:00:00-04:00,2.3441431805999993,2.3441431805999993,31.27667111203684,31.27667111203684,-28.93252793143684,-28.93252793143684,28.93252793143684,0.0,4.339879189715526,0.0,4.339879189715526
2024-07-01 00:00:00-04:00,7.031535215399999,7.031535215399999,27.55149788898153,27.55149788898153,-20.51996267358153,-20.51996267358153,22.054206085284424,1.5342434117028905,3.3081309127926635,0.11506825587771678,3.1930626569149467
2024-07-02 00:00:00-04:00,7.874854824599998,7.874854824599998,28.68096311172146,28.68096311172146,-20.80610828712146,-20.80610828712146,22.432995679216543,1.62688739209508,3.364949351882481,0.122016554407131,3.2429327974753503
2024-07-03 00:00:00-04:00,7.910633550599998,7.910633550599998,27.2000975818728,27.2000975818728,-19.2894640312728,-19.2894640312728,20.896810686704047,1.6073466554312454,3.134521603005607,0.12055099915734341,3.013970603848264
2024-07-04 00:00:00-04:00,8.0390776941,8.0390776941,29.856140875257964,29.856140875257964,-21.817063181157966,-21.817063181157966,23.279523131685227,1.4624599505272604,3.491928469752784,0.10968449628954453,3.3822439734632392
2024-07-05 00:00:00-04:00,7.774029332099999,7.774029332099999,29.495629709275512,29.495629709275512,-21.721600377175513,-21.721600377175513,23.14393204656878,1.4223316693932664,3.4715898069853166,0.10667487520449498,3.3649149317808216
2024-07-06 00:00:00-04:00,7.789905264599999,7.789905264599999,32.046149232196804,32.046149232196804,-24.256243967596806,-24.256243967596806,25.36773497333206,1.1114910057352516,3.805160245999809,0.08336182543014387,3.721798420569665
2024-07-07 00:00:00-04:00,7.710896298599999,7.710896298599999,31.048902558895815,31.048902558895815,-23.338006260295817,-23.338006260295817,24.77809196309642,1.4400857028006047,3.7167137944644626,0.10800642771004534,3.6087073667544174
2024-07-08 00:00:00-04:00,7.336220560199999,7.336220560199999,28.41302216384921,28.41302216384921,-21.076801603649212,-21.076801603649212,22.311027996258517,1.2342263926093047,3.3466541994387775,0.09256697944569785,3.2540872199930795
2024-07-09 00:00:00-04:00,6.563934635399999,6.563934635399999,28.01288766692464,28.01288766692464,-21.448953031524645,-21.448953031524645,22.551914167756756,1.1029611362321123,3.3827871251635133,0.08272208521740843,3.300065039946105
2024-07-10 00:00:00-04:00,3.7312913006999993,3.7312913006999993,32.36543875585183,32.36543875585183,-28.63414745515183,-28.63414745515183,28.63414745515183,0.0,4.295122118272774,0.0,4.295122118272774
2024-07-11 00:00:00-04:00,2.9552173028999995,2.9552173028999995,26.454210421464406,26.454210421464406,-23.498993118564407,-23.498993118564407,23.498993118564407,0.0,3.524848967784661,0.0,3.524848967784661
2024-07-12 00:00:00-04:00,6.501432805199999,6.501432805199999,30.034292337598448,30.034292337598448,-23.532859532398447,-23.532859532398447,24.336159430199096,0.8032998978006486,3.6504239145298643,0.06024749233504864,3.5901764221948156
2024-07-13 00:00:00-04:00,6.573888620099999,6.573888620099999,34.78465038976481,34.78465038976481,-28.210761769664813,-28.210761769664813,28.830608267072726,0.6198464974079129,4.324591240060909,0.04648848730559346,4.2781027527553155
2024-07-14 00:00:00-04:00,7.620896419649998,7.620896419649998,30.13962394098055,30.13962394098055,-22.51872752133055,-22.51872752133055,24.103939723330424,1.585212201999871,3.6155909584995634,0.11889091514999031,3.496700043349573
2024-07-15 00:00:00-04:00,5.441013710099999,5.441013710099999,28.48179735069573,28.48179735069573,-23.04078364059573,-23.04078364059573,23.960789445134644,0.9200058045389146,3.5941184167701965,0.0690004353404186,3.5251179814297777
2024-07-16 00:00:00-04:00,8.0994630105,8.0994630105,30.753790741228645,30.753790741228645,-22.654327730728646,-22.654327730728646,24.22480821967071,1.5704804889420636,3.6337212329506063,0.11778603667065476,3.5159351962799517
2024-07-17 00:00:00-04:00,8.0057172501,8.0057172501,25.95279897380281,25.95279897380281,-17.947081723702812,-17.947081723702812,19.90921261910444,1.96213089540163,2.986381892865666,0.14715981715512225,2.839222075710544
2024-07-18 00:00:00-04:00,7.948135351799999,7.948135351799999,29.879899639623645,29.879899639623645,-21.931764287823643,-21.931764287823643,23.31694300439232,1.3851787165686764,3.497541450658848,0.10388840374265072,3.393653046916197
2024-07-19 00:00:00-04:00,8.057370215699999,8.057370215699999,26.640248067223297,26.640248067223297,-18.5828778515233,-18.5828778515233,20.309227698530623,1.7263498470073242,3.0463841547795933,0.12947623852554932,2.916907916254044
2024-07-20 00:00:00-04:00,7.894491454799999,7.894491454799999,29.896921190690406,29.896921190690406,-22.00242973589041,-22.00242973589041,23.588791317240485,1.5863615813500784,3.5383186975860728,0.11897711860125587,3.4193415789848167
2024-07-21 00:00:00-04:00,6.893436629249999,6.893436629249999,32.92656989344614,32.92656989344614,-26.03313326419614,-26.03313326419614,26.469139347181162,0.4360060829850214,3.9703709020771742,0.03270045622387661,3.9376704458532976
2024-07-22 00:00:00-04:00,5.492153940299999,5.492153940299999,31.056402264985085,31.056402264985085,-25.564248324685085,-25.564248324685085,25.564248324685085,0.0,3.8346372487027627,0.0,3.8346372487027627
2024-07-23 00:00:00-04:00,7.650973818899999,7.650973818899999,30.921807158196934,30.921807158196934,-23.270833339296935,-23.270833339296935,24.498279990741384,1.2274466514444482,3.6747419986112075,0.09205849885833362,3.582683499752874
2024-07-24 00:00:00-04:00,7.785204949349999,7.785204949349999,30.333851416553518,30.333851416553518,-22.54864646720352,-22.54864646720352,23.939761508184038,1.3911150409805186,3.5909642262276056,0.1043336280735389,3.4866305981540666
2024-07-25 00:00:00-04:00,7.900688979449999,7.900688979449999,27.208954866901923,27.208954866901923,-19.308265887451924,-19.308265887451924,20.955144521455807,1.646878634003883,3.143271678218371,0.12351589755029121,3.01975578066808
2024-07-26 00:00:00-04:00,8.212257476099998,8.212257476099998,31.474875023250682,31.474875023250682,-23.262617547150683,-23.262617547150683,24.770818055463998,1.5082005083133168,3.7156227083195996,0.11311503812349875,3.602507670196101
2024-07-27 00:00:00-04:00,8.276284150199999,8.276284150199999,32.77022592959571,32.77022592959571,-24.493941779395712,-24.493941779395712,26.068120363949745,1.5741785845540317,3.9102180545924616,0.11806339384155237,3.792154660750909
2024-07-28 00:00:00-04:00,7.199198389799999,7.199198389799999,35.16783748962044,35.16783748962044,-27.968639099820443,-27.968639099820443,28.77370753157366,0.8050684317532169,4.316056129736049,0.06038013238149126,4.255675997354558
2024-07-29 00:00:00-04:00,4.885060437449999,4.885060437449999,30.94761563695198,30.94761563695198,-26.062555199501983,-26.062555199501983,26.062555199501983,0.0,3.909383279925297,0.0,3.909383279925297
2024-07-30 00:00:00-04:00,7.467697481399999,7.467697481399999,28.96355177866601,28.96355177866601,-21.495854297266007,-21.495854297266007,22.69275004905883,1.196895751792822,3.4039125073588243,0.08976718138446164,3.3141453259743625
2024-07-31 00:00:00-04:00,7.849699829099999,7.849699829099999,28.542242218100984,28.542242218100984,-20.692542389000984,-20.692542389000984,22.528926243075478,1.8363838540744943,3.3793389364613216,0.13772878905558708,3.2416101474057344
2024-08-01 00:00:00-04:00,7.762763757599999,7.762763757599999,30.765475297201075,30.765475297201075,-23.002711539601076,-23.002711539601076,24.43709658057952,1.4343850409784447,3.665564487086928,0.10757887807338334,3.5579856090135444
2024-08-02 00:00:00-04:00,6.406452191699999,6.406452191699999,26.51165523591653,26.51165523591653,-20.10520304421653,-20.10520304421653,21.240717501752314,1.1355144575357856,3.186107625262847,0.08516358431518392,3.100944040947663
2024-08-03 00:00:00-04:00,4.284076429799999,4.284076429799999,29.881989612817407,29.881989612817407,-25.597913183017408,-25.597913183017408,25.597913183017408,0.0,3.839686977452611,0.0,3.839686977452611
2024-08-04 00:00:00-04:00,6.345243718199999,6.345243718199999,33.97048169373804,33.97048169373804,-27.625237975538038,-27.625237975538038,28.136786363762525,0.5115483882244847,4.220517954564379,0.03836612911683635,4.1821518254475425
2024-08-05 00:00:00-04:00,7.150630020299999,7.150630020299999,29.46874140580067,29.46874140580067,-22.31811138550067,-22.31811138550067,23.376686293106587,1.0585749076059168,3.506502943965988,0.07939311807044376,3.427109825895544
2024-08-06 00:00:00-04:00,5.664478664699999,5.664478664699999,27.33429953176577,27.33429953176577,-21.66982086706577,-21.66982086706577,22.248821144787975,0.5790002777222047,3.337323171718196,0.043425020829165356,3.2938981508890306
2024-08-07 00:00:00-04:00,7.446775539149999,7.446775539149999,29.9855084844341,29.9855084844341,-22.538732945284103,-22.538732945284103,23.955417044415608,1.4166840991315062,3.593312556662341,0.10625130743486295,3.4870612492274784
2024-08-08 00:00:00-04:00,6.949330351199999,6.949330351199999,31.321262946241873,31.321262946241873,-24.371932595041873,-24.371932595041873,25.45111883088809,1.0791862358462154,3.817667824633213,0.08093896768846616,3.736728856944747
2024-08-09 00:00:00-04:00,2.7938141999999986,2.7938141999999986,26.779993489460534,26.779993489460534,-23.986179289460537,-23.986179289460537,23.986179289460537,0.0,3.5979268934190807,0.0,3.5979268934190807
2024-08-10 00:00:00-04:00,8.13328036065,8.13328036065,31.196259401516006,31.196259401516006,-23.062979040866004,-23.062979040866004,24.675646245866496,1.6126672050004898,3.701346936879974,0.12095004037503673,3.5803968965049373
2024-08-11 00:00:00-04:00,8.108295066899998,8.108295066899998,32.96118061567279,32.96118061567279,-24.852885548772786,-24.852885548772786,26.415859359264815,1.562973810492029,3.962378903889722,0.11722303578690217,3.84515586810282
2024-08-12 00:00:00-04:00,7.960068024749999,7.960068024749999,29.22026201623098,29.22026201623098,-21.26019399148098,-21.26019399148098,22.759415127794018,1.4992211363130368,3.4139122691691024,0.11244158522347776,3.3014706839456247
2024-08-13 00:00:00-04:00,8.11406710665,8.11406710665,28.00445194640548,28.00445194640548,-19.890384839755484,-19.890384839755484,21.857176003081168,1.9667911633256854,3.278576400462175,0.1475093372494264,3.1310670632127486
2024-08-14 00:00:00-04:00,7.699460763149999,7.699460763149999,26.202362976063437,26.202362976063437,-18.502902212913437,-18.502902212913437,20.250450780265844,1.7475485673524065,3.0375676170398767,0.13106614255143048,2.9065014744884463
2024-08-15 00:00:00-04:00,5.840556371549999,5.840556371549999,30.282197354737438,30.282197354737438,-24.44164098318744,-24.44164098318744,25.18498893990766,0.7433479567202228,3.777748340986149,0.05575109675401671,3.7219972442321323
2024-08-16 00:00:00-04:00,3.548182353749999,3.548182353749999,27.07898365281229,27.07898365281229,-23.530801299062293,-23.530801299062293,23.550716569156858,0.01991527009456645,3.5326074853735285,0.0014936452570924838,3.531113840116436
2024-08-17 00:00:00-04:00,6.651915286949999,6.651915286949999,31.774086540032837,31.774086540032837,-25.12217125308284,-25.12217125308284,25.96361973330339,0.841448480220552,3.8945429599955084,0.06310863601654139,3.831434323978967
2024-08-18 00:00:00-04:00,4.070305030049998,4.070305030049998,30.10175151732,30.10175151732,-26.031446487270003,-26.031446487270003,26.031446487270003,0.0,3.9047169730905003,0.0,3.9047169730905003
2024-08-19 00:00:00-04:00,3.214903564799999,3.214903564799999,31.106211934838853,31.106211934838853,-27.891308370038853,-27.891308370038853,27.891308370038853,0.0,4.1836962555058275,0.0,4.1836962555058275
2024-08-20 00:00:00-04:00,5.653306039049999,5.653306039049999,28.847094194159595,28.847094194159595,-23.193788155109598,-23.193788155109598,23.600633952324863,0.4068457972152649,3.540095092848729,0.030513434791144867,3.5095816580575843
2024-08-21 00:00:00-04:00,3.645970427249999,3.645970427249999,26.27636187043379,26.27636187043379,-22.63039144318379,-22.63039144318379,22.69258709612199,0.062195652938198065,3.4038880644182985,0.004664673970364855,3.3992233904479336
2024-08-22 00:00:00-04:00,4.732195466249999,4.732195466249999,29.16324090080268,29.16324090080268,-24.43104543455268,-24.43104543455268,24.485548759699853,0.05450332514717149,3.6728323139549777,0.004087749386037861,3.66874456456894
2024-08-23 00:00:00-04:00,3.7203095042999994,3.7203095042999994,28.11960699714542,28.11960699714542,-24.39929749284542,-24.39929749284542,24.757633619467363,0.3583361266219407,3.7136450429201044,0.02687520949664555,3.686769833423459
2024-08-24 00:00:00-04:00,3.5281337615999995,3.5281337615999995,29.43829678496747,29.43829678496747,-25.91016302336747,-25.91016302336747,25.981888581175294,0.0717255578078253,3.897283287176294,0.005379416835586897,3.891903870340707
2024-08-25 00:00:00-04:00,7.063113328649998,7.063113328649998,30.758172692299052,30.758172692299052,-23.695059363649055,-23.695059363649055,24.534559113635158,0.8394997499861051,3.6801838670452733,0.06296248124895788,3.6172213857963156
2024-08-26 00:00:00-04:00,7.8915649977,7.8915649977,26.52823338508215,26.52823338508215,-18.63666838738215,-18.63666838738215,20.506003979488295,1.8693355921061447,3.075900596923244,0.14020016940796085,2.9357004275152834
2024-08-27 00:00:00-04:00,7.585754234849999,7.585754234849999,27.65997477726053,27.65997477726053,-20.074220542410533,-20.074220542410533,21.890298081559777,1.8160775391492456,3.2835447122339665,0.13620581543619342,3.147338896797773
2024-08-28 00:00:00-04:00,3.319486791749999,3.319486791749999,30.853535164463896,30.853535164463896,-27.534048372713894,-27.534048372713894,27.534048372713894,0.0,4.130107255907084,0.0,4.130107255907084
2024-08-29 00:00:00-04:00,2.683350425699999,2.683350425699999,29.600246986760382,29.600246986760382,-26.916896561060383,-26.916896561060383,26.93681524666513,0.01991868560474952,4.040522286999769,0.001493901420356214,4.039028385579413
2024-08-30 00:00:00-04:00,7.4352774123,7.4352774123,30.93738464453728,30.93738464453728,-23.50210723223728,-23.50210723223728,25.059449778904618,1.5573425466673396,3.7589174668356926,0.11680069100005047,3.642116775835642
2024-08-31 00:00:00-04:00,4.856865837299999,4.856865837299999,34.42890709315526,34.42890709315526,-29.572041255855257,-29.572041255855257,29.572041255855257,0.0,4.435806188378288,0.0,4.435806188378288
2024-09-01 00:00:00-04:00,5.1681695435999995,5.1681695435999995,30.577727302981202,30.577727302981202,-25.409557759381205,-25.409557759381205,25.710180434964855,0.3006226755836521,3.856527065244728,0.022546700668773904,3.8339803645759543
2024-09-02 00:00:00-04:00,8.040441569399999,8.040441569399999,31.03841666043352,31.03841666043352,-22.997975091033524,-22.997975091033524,24.627270773555487,1.629295682521966,3.694090616033323,0.12219717618914744,3.5718934398441755
2024-09-03 00:00:00-04:00,5.682218261399999,5.682218261399999,28.877395247236123,28.877395247236123,-23.195176985836124,-23.195176985836124,23.395677336472083,0.20050035063596017,3.5093516004708123,0.015037526297697012,3.4943140741731153
2024-09-04 00:00:00-04:00,7.205723549999999,7.205723549999999,28.568682855858754,28.568682855858754,-21.362959305858755,-21.362959305858755,22.608569660762793,1.2456103549040396,3.391285449114419,0.09342077661780297,3.297864672496616
2024-09-05 00:00:00-04:00,7.709705703899998,7.709705703899998,28.165289252763575,28.165289252763575,-20.455583548863576,-20.455583548863576,21.85009879157418,1.3945152427106007,3.277514818736127,0.10458864320329504,3.1729261755328317
2024-09-06 00:00:00-04:00,8.169299263799997,8.169299263799997,29.933209493172427,29.933209493172427,-21.763910229372428,-21.763910229372428,23.659945721823114,1.8960354924506828,3.548991858273467,0.1422026619338012,3.4067891963396657
2024-09-07 00:00:00-04:00,8.4132206172,8.4132206172,32.00376393796538,32.00376393796538,-23.59054332076538,-23.59054332076538,25.147786147756364,1.5572428269909833,3.7721679221634545,0.11679321202432374,3.6553747101391307
2024-09-08 00:00:00-04:00,8.231551500599998,8.231551500599998,32.57707407341624,32.57707407341624,-24.345522572816243,-24.345522572816243,25.600353388369154,1.2548308155529115,3.840053008255373,0.09411231116646836,3.7459406970889044
2024-09-09 00:00:00-04:00,7.359546551399999,7.359546551399999,30.465471992298756,30.465471992298756,-23.105925440898755,-23.105925440898755,24.456945936520857,1.3510204956221001,3.6685418904781284,0.1013265371716575,3.5672153533064708
2024-09-10 00:00:00-04:00,4.897325042999999,4.897325042999999,26.749981699578033,26.749981699578033,-21.852656656578034,-21.852656656578034,22.038038176057114,0.18538151947907977,3.305705726408567,0.013903613960930983,3.291802112447636
2024-09-11 00:00:00-04:00,6.332118667199999,6.332118667199999,29.863889076740513,29.863889076740513,-23.531770409540517,-23.531770409540517,24.53949875637895,1.0077283468384362,3.6809248134568424,0.0755796260128827,3.6053451874439597
2024-09-12 00:00:00-04:00,5.888127084299999,5.888127084299999,28.788733585453674,28.788733585453674,-22.900606501153675,-22.900606501153675,23.268408944601564,0.36780244344788915,3.4902613416902346,0.027585183258591685,3.462676158431643
2024-09-13 00:00:00-04:00,8.088142374899999,8.088142374899999,31.92097811991025,31.92097811991025,-23.832835745010247,-23.832835745010247,25.381686310328806,1.5488505653185574,3.807252946549321,0.1161637923988918,3.691089154150429
2024-09-14 00:00:00-04:00,5.410894626899999,5.410894626899999,32.76387374098856,32.76387374098856,-27.352979114088562,-27.352979114088562,27.45924140178779,0.10626228769922785,4.118886210268168,0.007969671577442088,4.110916538690726
2024-09-15 00:00:00-04:00,3.5227513358999993,3.5227513358999993,31.83990953735862,31.83990953735862,-28.317158201458618,-28.317158201458618,28.317158201458618,0.0,4.247573730218792,0.0,4.247573730218792
2024-09-16 00:00:00-04:00,4.547405647799999,4.547405647799999,30.138137923653463,30.138137923653463,-25.590732275853465,-25.590732275853465,25.590732275853465,0.0,3.8386098413780196,0.0,3.8386098413780196
2024-09-17 00:00:00-04:00,5.744193772499999,5.744193772499999,29.09905998080303,29.09905998080303,-23.354866208303033,-23.354866208303033,24.414333413499637,1.0594672051966052,3.6621500120249455,0.07946004038974538,3.5826899716352
2024-09-18 00:00:00-04:00,6.336486170999999,6.336486170999999,26.928602219274044,26.928602219274044,-20.592116048274047,-20.592116048274047,21.663706443941148,1.0715903956671018,3.249555966591172,0.08036927967503263,3.1691866869161394
2024-09-19 00:00:00-04:00,4.5098410203,4.5098410203,33.220139846139645,33.220139846139645,-28.710298825839647,-28.710298825839647,28.752519348360497,0.042220522520848514,4.312877902254074,0.0031665391890636383,4.309711363065011
2024-09-20 00:00:00-04:00,7.110891989999999,7.110891989999999,31.2051208581896,31.2051208581896,-24.0942288681896,-24.0942288681896,24.984008360220052,0.8897794920304511,3.7476012540330075,0.06673346190228384,3.680867792130724
2024-09-21 00:00:00-04:00,6.589193075999999,6.589193075999999,34.470727157640354,34.470727157640354,-27.881534081640357,-27.881534081640357,28.23220329803824,0.3506692163978834,4.234830494705736,0.026300191229841254,4.208530303475895
2024-09-22 00:00:00-04:00,8.6169423915,8.6169423915,31.217245594099914,31.217245594099914,-22.600303202599914,-22.600303202599914,24.322511947442315,1.7222087448424008,3.648376792116347,0.12916565586318005,3.519211136253167
2024-09-23 00:00:00-04:00,8.6173571088,8.6173571088,30.288994244008936,30.288994244008936,-21.671637135208936,-21.671637135208936,23.322459047424072,1.6508219122151364,3.498368857113611,0.12381164341613522,3.3745572136974755
2024-09-24 00:00:00-04:00,8.2564008669,8.2564008669,30.88991853026568,30.88991853026568,-22.63351766336568,-22.63351766336568,24.247592142819762,1.6140744794540844,3.637138821422964,0.12105558595905633,3.5160832354639076
2024-09-25 00:00:00-04:00,5.196698378099999,5.196698378099999,30.190325190479044,30.190325190479044,-24.993626812379045,-24.993626812379045,25.363651052891242,0.37002424051219707,3.804547657933686,0.02775181803841478,3.7767958398952715
2024-09-26 00:00:00-04:00,4.823100333899999,4.823100333899999,28.58398734005136,28.58398734005136,-23.76088700615136,-23.76088700615136,23.839086922014054,0.07819991586269315,3.575863038302108,0.005864993689701986,3.569998044612406
2024-09-27 00:00:00-04:00,5.932366578899999,5.932366578899999,30.48525858640194,30.48525858640194,-24.552892007501942,-24.552892007501942,25.289025818903724,0.7361338114017839,3.7933538728355582,0.055210035855133795,3.7381438369804245
2024-09-28 00:00:00-04:00,7.97271946605,7.97271946605,32.98291159864241,32.98291159864241,-25.010192132592408,-25.010192132592408,26.295726153832593,1.2855340212401853,3.944358923074889,0.0964150515930139,3.847943871481875
2024-09-29 00:00:00-04:00,8.496176163749999,8.496176163749999,30.20406477121024,30.20406477121024,-21.70788860746024,-21.70788860746024,23.583321998637338,1.8754333911770977,3.5374982997956006,0.14065750433828234,3.3968407954573183
2024-09-30 00:00:00-04:00,8.405812114875,8.405812114875,28.901364492097365,28.901364492097365,-20.495552377222367,-20.495552377222367,22.383505058704998,1.8879526814826304,3.3575257588057497,0.14159645111119729,3.2159293076945525
2024-10-01 00:00:00-04:00,8.547445491749999,8.547445491749999,28.451979853642523,28.451979853642523,-19.904534361892523,-19.904534361892523,22.00347104670488,2.0989366848123585,3.300520657005732,0.15742025136092688,3.1431004056448053
2024-10-02 00:00:00-04:00,8.73004400775,8.73004400775,30.16312528486922,30.16312528486922,-21.43308127711922,-21.43308127711922,23.381507411757838,1.9484261346386182,3.5072261117636754,0.14613196009789636,3.361094151665779
2024-10-03 00:00:00-04:00,6.0377041574999994,6.0377041574999994,28.817723215373896,28.817723215373896,-22.780019057873897,-22.780019057873897,23.31668825603454,0.5366691981606427,3.4975032384051805,0.0402501898620482,3.4572530485431323
2024-10-04 00:00:00-04:00,5.7243480597,5.7243480597,29.77461673940722,29.77461673940722,-24.05026867970722,-24.05026867970722,24.935480609989398,0.885211930282176,3.7403220914984097,0.0663908947711632,3.6739311967272466
2024-10-05 00:00:00-04:00,3.0314930804999993,3.0314930804999993,33.094484358203715,33.094484358203715,-30.062991277703716,-30.062991277703716,30.062991277703716,0.0,4.509448691655558,0.0,4.509448691655558
2024-10-06 00:00:00-04:00,1.3381881979499992,1.3381881979499992,30.930136602114175,30.930136602114175,-29.591948404164174,-29.591948404164174,29.591948404164174,0.0,4.438792260624626,0.0,4.438792260624626
2024-10-07 00:00:00-04:00,2.088900459899999,2.088900459899999,29.03265680243918,29.03265680243918,-26.94375634253918,-26.94375634253918,26.94375634253918,0.0,4.041563451380877,0.0,4.041563451380877
2024-10-08 00:00:00-04:00,2.9250846353249993,2.9250846353249993,30.64227971242098,30.64227971242098,-27.71719507709598,-27.71719507709598,27.71719507709598,0.0,4.157579261564397,0.0,4.157579261564397
2024-10-09 00:00:00-04:00,5.173613566425,5.173613566425,28.840160395600503,28.840160395600503,-23.666546829175505,-23.666546829175505,23.740092460027252,0.07354563085174692,3.561013869004088,0.005515922313881019,3.5554979466902066
2024-10-10 00:00:00-04:00,7.043933041649999,7.043933041649999,27.864226840560658,27.864226840560658,-20.820293798910658,-20.820293798910658,21.44998648375959,0.6296926848489324,3.2174979725639385,0.047226951363669924,3.1702710212002687
2024-10-11 00:00:00-04:00,2.8108281203999996,2.8108281203999996,27.497042190523004,27.497042190523004,-24.686214070123004,-24.686214070123004,24.721093863897472,0.034879793774466705,3.7081640795846207,0.002615984533085003,3.705548095051536
2024-10-12 00:00:00-04:00,2.2688261561249994,2.2688261561249994,33.86291533766487,33.86291533766487,-31.59408918153987,-31.59408918153987,31.59408918153987,0.0,4.73911337723098,0.0,4.73911337723098
2024-10-13 00:00:00-04:00,5.413840774424999,5.413840774424999,30.294919683669804,30.294919683669804,-24.881078909244803,-24.881078909244803,25.102246402071458,0.22116749282665582,3.7653369603107185,0.016587561961999186,3.7487493983487195
2024-10-14 00:00:00-04:00,9.016189303724998,9.016189303724998,27.224073264104057,27.224073264104057,-18.207883960379057,-18.207883960379057,20.234526202638424,2.0266422422593653,3.0351789303957637,0.15199816816945239,2.8831807622263113
2024-10-15 00:00:00-04:00,6.4468309617,6.4468309617,29.31486595147729,29.31486595147729,-22.868034989777293,-22.868034989777293,23.43022541165074,0.5621904218734469,3.5145338117476106,0.04216428164050852,3.4723695301071023
2024-10-16 00:00:00-04:00,5.020124309999999,5.020124309999999,31.189909662733356,31.189909662733356,-26.169785352733356,-26.169785352733356,26.47961193858138,0.3098265858480266,3.971941790787207,0.023236993938601992,3.948704796848605
2024-10-17 00:00:00-04:00,5.239359536399999,5.239359536399999,30.131892152747213,30.131892152747213,-24.892532616347214,-24.892532616347214,25.184527052346045,0.2919944359988308,3.7776790578519064,0.02189958269991231,3.755779475151994
2024-10-18 00:00:00-04:00,1.0827589895999994,1.0827589895999994,31.425149015340683,31.425149015340683,-30.34239002574068,-30.34239002574068,30.34239002574068,0.0,4.551358503861102,0.0,4.551358503861102
2024-10-19 00:00:00-04:00,4.134699866025,4.134699866025,34.45768975224578,34.45768975224578,-30.322989886220782,-30.322989886220782,30.322989886220782,0.0,4.548448482933117,0.0,4.548448482933117
2024-10-20 00:00:00-04:00,8.158628204325,8.158628204325,32.39568151935631,32.39568151935631,-24.23705331503131,-24.23705331503131,25.288213302406277,1.0511599873749646,3.7932319953609412,0.07883699905312234,3.714394996307819
2024-10-21 00:00:00-04:00,8.788157677125,8.788157677125,28.710798425287315,28.710798425287315,-19.922640748162316,-19.922640748162316,21.752746026645884,1.8301052784835679,3.2629119039968826,0.13725789588626758,3.1256540081106152
2024-10-22 00:00:00-04:00,7.747872876224999,7.747872876224999,26.85826413179631,26.85826413179631,-19.11039125557131,-19.11039125557131,20.553418104197124,1.4430268486258129,3.0830127156295686,0.10822701364693596,2.9747857019826327
2024-10-23 00:00:00-04:00,8.298704757824998,8.298704757824998,29.95475614200901,29.95475614200901,-21.65605138418401,-21.65605138418401,23.033994022122137,1.3779426379381254,3.4550991033183203,0.10334569784535941,3.351753405472961
2024-10-24 00:00:00-04:00,7.534608030899999,7.534608030899999,27.853316468145934,27.853316468145934,-20.318708437245935,-20.318708437245935,21.177099540602956,0.8583911033570211,3.1765649310904434,0.06437933275177658,3.112185598338667
2024-10-25 00:00:00-04:00,9.088414981424998,9.088414981424998,28.59287867208502,28.59287867208502,-19.50446369066002,-19.50446369066002,21.620364936698962,2.115901246038939,3.2430547405048444,0.15869259345292042,3.084362147051924
2024-10-26 00:00:00-04:00,7.296812134424999,7.296812134424999,33.300771234099926,33.300771234099926,-26.003959099674926,-26.003959099674926,26.82625645615435,0.8222973564794236,4.023938468423152,0.06167230173595677,3.9622661666871952
2024-10-27 00:00:00-04:00,8.387480026799999,8.387480026799999,33.705127163408704,33.705127163408704,-25.317647136608706,-25.317647136608706,26.65679151695134,1.3391443803426348,3.998518727542701,0.10043582852569762,3.8980828990170036
2024-10-28 00:00:00-04:00,3.833814082724999,3.833814082724999,27.81263470478729,27.81263470478729,-23.978820622062287,-23.978820622062287,23.978820622062287,0.0,3.596823093309343,0.0,3.596823093309343
2024-10-29 00:00:00-04:00,5.376819546899999,5.376819546899999,26.802984014576747,26.802984014576747,-21.42616446767675,-21.42616446767675,22.943050452069013,1.516885984392266,3.441457567810352,0.11376644882941994,3.327691118980932
2024-10-30 00:00:00-04:00,7.645236137324999,7.645236137324999,30.469386088090832,30.469386088090832,-22.824149950765833,-22.824149950765833,23.81147325149745,0.9873233007316169,3.571720987724617,0.07404924755487126,3.497671740169746
2024-10-31 00:00:00-04:00,8.228058040125,8.228058040125,27.449788765734088,27.449788765734088,-19.22173072560909,-19.22173072560909,20.87607804355156,1.6543473179424695,3.1314117065327336,0.12407604884568521,3.0073356576870482
2024-11-01 00:00:00-04:00,8.477739171224998,8.477739171224998,26.97728113550446,26.97728113550446,-18.499541964279462,-18.499541964279462,20.39673813275154,1.897196168472079,3.059510719912731,0.14228971263540593,2.917221007277325
2024-11-02 00:00:00-04:00,7.626211694324999,7.626211694324999,31.532284171628657,31.532284171628657,-23.90607247730366,-23.90607247730366,25.17139244374741,1.2653199664437507,3.7757088665621117,0.0948989974832813,3.6808098690788302
2024-11-03 00:00:00-04:00,7.550487346499999,7.550487346499999,36.018617022524865,36.018617022524865,-28.46812967602487,-28.46812967602487,28.747217911752482,0.27908823572761376,4.3120826867628725,0.02093161767957103,4.291151069083302
2024-11-04 00:00:00-05:00,7.534223685899999,7.534223685899999,28.784352623589893,28.784352623589893,-21.250128937689894,-21.250128937689894,22.23515198640687,0.9850230487169742,3.3352727979610304,0.07387672865377307,3.2613960693072572
2024-11-05 00:00:00-05:00,3.2235803759249992,3.2235803759249992,30.79917517572626,30.79917517572626,-27.57559479980126,-27.57559479980126,27.57559479980126,0.0,4.136339219970188,0.0,4.136339219970188
2024-11-06 00:00:00-05:00,4.5342751239,4.5342751239,30.458487637692066,30.458487637692066,-25.924212513792067,-25.924212513792067,25.924212513792067,0.0,3.8886318770688098,0.0,3.8886318770688098
2024-11-07 00:00:00-05:00,6.290027362799999,6.290027362799999,27.876241924382136,27.876241924382136,-21.58621456158214,-21.58621456158214,22.09861038619287,0.5123958246107345,3.3147915579289307,0.03842968684580509,3.2763618710831257
2024-11-08 00:00:00-05:00,8.589115421999999,8.589115421999999,29.954747688672306,29.954747688672306,-21.365632266672307,-21.365632266672307,22.534406075525563,1.168773808853257,3.3801609113288342,0.08765803566399429,3.29250287566484
2024-11-09 00:00:00-05:00,8.5507434378,8.5507434378,34.41177910244576,34.41177910244576,-25.861035664645765,-25.861035664645765,26.63990539173193,0.7788697270861623,3.995985808759789,0.05841522953146217,3.9375705792283267
2024-11-10 00:00:00-05:00,7.746594748199999,7.746594748199999,33.70141462830877,33.70141462830877,-25.95481988010877,-25.95481988010877,26.336207749960465,0.3813878698516967,3.95043116249407,0.02860409023887725,3.9218270722551924
2024-11-11 00:00:00-05:00,6.157516222799999,6.157516222799999,26.459530336314394,26.459530336314394,-20.302014113514396,-20.302014113514396,20.61416938465735,0.31215527114295855,3.0921254076986027,0.02341164533572189,3.0687137623628806
2024-11-12 00:00:00-05:00,7.279098723,7.279098723,27.01459113214265,27.01459113214265,-19.735492409142655,-19.735492409142655,20.33577564181164,0.6002832326689851,3.050366346271746,0.04502124245017388,3.005345103821572
2024-11-13 00:00:00-05:00,5.843860370999999,5.843860370999999,28.81749674460008,28.81749674460008,-22.973636373600083,-22.973636373600083,23.476520683814872,0.5028843102147887,3.521478102572231,0.03771632326610915,3.4837617793061217
2024-11-14 00:00:00-05:00,7.9836781788,7.9836781788,28.062468689094462,28.062468689094462,-20.07879051029446,-20.07879051029446,20.97313587382779,0.8943453635333285,3.1459703810741684,0.06707590226499964,3.0788944788091688
2024-11-15 00:00:00-05:00,6.220499052599999,6.220499052599999,30.804729658655834,30.804729658655834,-24.584230606055833,-24.584230606055833,24.95584532379138,0.3716147177355452,3.7433767985687068,0.027871103830165892,3.7155056947385408
2024-11-16 00:00:00-05:00,7.881174258299999,7.881174258299999,28.89298706973106,28.89298706973106,-21.011812811431064,-21.011812811431064,21.681646824979147,0.6698340135480838,3.252247023746872,0.05023755101610628,3.202009472730766
2024-11-17 00:00:00-05:00,4.535781335099999,4.535781335099999,28.634550072256452,28.634550072256452,-24.098768737156455,-24.098768737156455,24.439372959581412,0.340604222424957,3.6659059439372115,0.025545316681871776,3.6403606272553395
2024-11-18 00:00:00-05:00,3.1387283405999993,3.1387283405999993,28.170219075814977,28.170219075814977,-25.031490735214977,-25.031490735214977,25.031490735214977,0.0,3.7547236102822463,0.0,3.7547236102822463
2024-11-19 00:00:00-05:00,5.207942233799999,5.207942233799999,29.95215260348802,29.95215260348802,-24.744210369688023,-24.744210369688023,24.744210369688023,0.0,3.711631555453203,0.0,3.711631555453203
2024-11-20 00:00:00-05:00,3.7297669940999993,3.7297669940999993,26.845086760611547,26.845086760611547,-23.115319766511547,-23.115319766511547,23.34948834492232,0.23416857841077054,3.5024232517383482,0.01756264338080779,3.4848606083575406
2024-11-21 00:00:00-05:00,8.827784468099999,8.827784468099999,30.07359263573983,30.07359263573983,-21.24580816763983,-21.24580816763983,22.438979922471013,1.1931717548311842,3.365846988370652,0.08948788161233881,3.276359106758313
2024-11-22 00:00:00-05:00,9.627719767199999,9.627719767199999,29.999547051972744,29.999547051972744,-20.371827284772746,-20.371827284772746,21.96710854355331,1.5952812587805627,3.2950662815329963,0.1196460944085422,3.175420187124454
2024-11-23 00:00:00-05:00,9.652305200399999,9.652305200399999,33.20220562579199,33.20220562579199,-23.549900425391993,-23.549900425391993,24.67764077624193,1.1277403508499353,3.7016461164362893,0.08458052631374514,3.617065590122544
2024-11-24 00:00:00-05:00,9.064454496299998,9.064454496299998,31.23678948538394,31.23678948538394,-22.172334989083943,-22.172334989083943,23.34431554455326,1.171980555469316,3.5016473316829893,0.08789854166019868,3.4137487900227907
2024-11-25 00:00:00-05:00,7.964408389499999,7.964408389499999,29.13129418442982,29.13129418442982,-21.16688579492982,-21.16688579492982,22.262825717577957,1.0959399226481386,3.3394238576366937,0.08219549419861039,3.257228363438083
2024-11-26 00:00:00-05:00,8.2581854157,8.2581854157,31.39186800209274,31.39186800209274,-23.133682586392737,-23.133682586392737,23.982561015511145,0.8488784291184065,3.5973841523266716,0.06366588218388049,3.533718270142791
2024-11-27 00:00:00-05:00,9.072057191399999,9.072057191399999,29.75464650338311,29.75464650338311,-20.682589311983115,-20.682589311983115,22.132668496464305,1.4500791844811898,3.3199002744696458,0.10875593883608924,3.2111443356335565
2024-11-28 00:00:00-05:00,8.799328158299998,8.799328158299998,29.914692163591816,29.914692163591816,-21.115364005291816,-21.115364005291816,22.329770570638228,1.2144065653464113,3.349465585595734,0.09108049240098084,3.2583850931947533
2024-11-29 00:00:00-05:00,7.9176972393,7.9176972393,26.63827318468357,26.63827318468357,-18.720575945383573,-18.720575945383573,19.697752674343015,0.9771767289594444,2.954662901151452,0.07328825467195833,2.8813746464794936
2024-11-30 00:00:00-05:00,7.161915734099999,7.161915734099999,34.658795651640375,34.658795651640375,-27.496879917540376,-27.496879917540376,27.766510961411157,0.2696310438707821,4.164976644211674,0.020222328290308653,4.144754315921365
2024-12-01 00:00:00-05:00,8.4540764691,8.4540764691,32.31020979280238,32.31020979280238,-23.85613332370238,-23.85613332370238,24.692337605541415,0.8362042818390356,3.703850640831212,0.06271532113792767,3.6411353196932845
2024-12-02 00:00:00-05:00,9.1153134675,9.1153134675,31.56653131352612,31.56653131352612,-22.451217846026122,-22.451217846026122,23.475683341240206,1.0244654952140873,3.5213525011860307,0.07683491214105655,3.444517589044974
2024-12-03 00:00:00-05:00,9.537400633499999,9.537400633499999,26.37745284627391,26.37745284627391,-16.840052212773912,-16.840052212773912,18.804101452755226,1.964049239981315,2.820615217913284,0.1473036929985986,2.6733115249146855
2024-12-04 00:00:00-05:00,7.205140061099999,7.205140061099999,30.89670944135634,30.89670944135634,-23.69156938025634,-23.69156938025634,24.132191650285776,0.44062227002943566,3.6198287475428663,0.03304667025220767,3.5867820772906587
2024-12-05 00:00:00-05:00,8.486687196,8.486687196,29.32977970322684,29.32977970322684,-20.84309250722684,-20.84309250722684,21.916969202139487,1.0738766949126486,3.287545380320923,0.08054075211844865,3.2070046282024744
2024-12-06 00:00:00-05:00,8.824026135599999,8.824026135599999,31.037530329466037,31.037530329466037,-22.213504193866036,-22.213504193866036,23.237319800345187,1.0238156064791508,3.485597970051778,0.0767861704859363,3.4088117995658416
2024-12-07 00:00:00-05:00,7.424575881299999,7.424575881299999,34.46836435293111,34.46836435293111,-27.043788471631114,-27.043788471631114,27.43840526432395,0.3946167926928369,4.115760789648593,0.029596259451962766,4.08616453019663
2024-12-08 00:00:00-05:00,8.1034128135,8.1034128135,33.03864242808623,33.03864242808623,-24.935229614586227,-24.935229614586227,25.54160386368778,0.6063742491015522,3.8312405795531665,0.04547806868261642,3.78576251087055
2024-12-09 00:00:00-05:00,8.620491609,8.620491609,27.35842110836699,27.35842110836699,-18.73792949936699,-18.73792949936699,20.111681891503036,1.373752392136043,3.0167522837254555,0.10303142941020323,2.9137208543152524
2024-12-10 00:00:00-05:00,3.115443751199999,3.115443751199999,30.161356669110656,30.161356669110656,-27.045912917910655,-27.045912917910655,27.045912917910655,0.0,4.056886937686598,0.0,4.056886937686598
2024-12-11 00:00:00-05:00,6.744251600099999,6.744251600099999,31.133973128731693,31.133973128731693,-24.389721528631693,-24.389721528631693,24.533361762469994,0.14364023383830182,3.680004264370499,0.010773017537872636,3.6692312468326262
2024-12-12 00:00:00-05:00,5.6064476484,5.6064476484,26.307181899519374,26.307181899519374,-20.700734251119375,-20.700734251119375,21.248339946812045,0.5476056956926707,3.1872509920218066,0.0410704271769503,3.1461805648448564
2024-12-13 00:00:00-05:00,4.9125588344999995,4.9125588344999995,29.12563247374171,29.12563247374171,-24.21307363924171,-24.21307363924171,24.679625640632764,0.4665520013910547,3.7019438460949146,0.0349914001043291,3.6669524459905856
2024-12-14 00:00:00-05:00,3.9323782907999996,3.9323782907999996,29.099837806477318,29.099837806477318,-25.16745951567732,-25.16745951567732,25.16745951567732,0.0,3.7751189273515977,0.0,3.7751189273515977
2024-12-15 00:00:00-05:00,5.3992076499,5.3992076499,32.8687517873078,32.8687517873078,-27.469544137407798,-27.469544137407798,27.811959769580138,0.34241563217233983,4.17179396543702,0.025681172412925488,4.146112793024095
2024-12-16 00:00:00-05:00,5.0554511585999995,5.0554511585999995,31.513991410940186,31.513991410940186,-26.458540252340185,-26.458540252340185,26.458540252340185,0.0,3.9687810378510275,0.0,3.9687810378510275
2024-12-17 00:00:00-05:00,7.0943593743,7.0943593743,28.26456605339224,28.26456605339224,-21.17020667909224,-21.17020667909224,21.635008779820478,0.46480210072823847,3.2452513169730715,0.03486015755461788,3.2103911594184535
2024-12-18 00:00:00-05:00,7.0826659281,7.0826659281,29.60878779139113,29.60878779139113,-22.52612186329113,-22.52612186329113,23.632859514303547,1.1067376510124158,3.544928927145532,0.08300532382593119,3.4619236033196006
2024-12-19 00:00:00-05:00,8.6551378956,8.6551378956,26.458726634857396,26.458726634857396,-17.803588739257396,-17.803588739257396,19.200089495704223,1.3965007564468281,2.8800134243556332,0.10473755673351211,2.775275867622121
2024-12-20 00:00:00-05:00,8.538745771799999,8.538745771799999,31.81014717934074,31.81014717934074,-23.27140140754074,-23.27140140754074,24.354961667608116,1.0835602600673773,3.653244250141217,0.08126701950505329,3.571977230636164
2024-12-21 00:00:00-05:00,9.2660233905,9.2660233905,34.74063741301078,34.74063741301078,-25.47461402251078,-25.47461402251078,26.53601923643555,1.0614052139247654,3.9804028854653324,0.0796053910443574,3.900797494420975
2024-12-22 00:00:00-05:00,8.4980799351,8.4980799351,35.035020483721105,35.035020483721105,-26.536940548621104,-26.536940548621104,27.168448981093782,0.6315084324726753,4.0752673471640675,0.04736313243545064,4.027904214728617
2024-12-23 00:00:00-05:00,8.6706582678,8.6706582678,27.001316423707756,27.001316423707756,-18.330658155907756,-18.330658155907756,19.78052699023264,1.4498688343248842,2.967079048534896,0.10874016257436632,2.8583388859605297
2024-12-24 00:00:00-05:00,7.200010387799999,7.200010387799999,29.982984183016526,29.982984183016526,-22.782973795216524,-22.782973795216524,23.613733907005138,0.8307601117886122,3.5420600860507707,0.062307008384145914,3.479753077666625
2024-12-25 00:00:00-05:00,4.513967810999999,4.513967810999999,26.46036962653861,26.46036962653861,-21.946401815538614,-21.946401815538614,21.946401815538614,0.0,3.291960272330792,0.0,3.291960272330792
2024-12-26 00:00:00-05:00,7.3781445320999985,7.3781445320999985,26.425301622399466,26.425301622399466,-19.047157090299464,-19.047157090299464,19.849282917755204,0.8021258274557395,2.9773924376632803,0.060159437059180455,2.9172330006041
2024-12-27 00:00:00-05:00,2.2321166003999995,2.2321166003999995,30.138967245356724,30.138967245356724,-27.906850644956723,-27.906850644956723,27.906850644956723,0.0,4.186027596743508,0.0,4.186027596743508
2024-12-28 00:00:00-05:00,3.4046249750999995,3.4046249750999995,32.26747690500691,32.26747690500691,-28.862851929906906,-28.862851929906906,28.862851929906906,0.0,4.329427789486036,0.0,4.329427789486036
2024-12-29 00:00:00-05:00,1.058893373699999,1.058893373699999,32.88175955511613,32.88175955511613,-31.82286618141614,-31.82286618141614,31.82286618141614,0.0,4.773429927212421,0.0,4.773429927212421
2024-12-30 00:00:00-05:00,7.981534033199999,7.981534033199999,30.755111509092067,30.755111509092067,-22.77357747589207,-22.77357747589207,23.702134557305403,0.9285570814133313,3.55532018359581,0.06964178110599985,3.4856784024898104
2024-12-31 00:00:00-05:00,8.1115374402,8.1115374402,29.341628562586948,29.341628562586948,-21.230091122386945,-21.230091122386945,22.145067502200753,0.9149763798138045,3.321760125330113,0.06862322848603533,3.2531368968440773
2025-01-01 00:00:00-05:00,9.2575615824,9.2575615824,30.663506958858438,30.663506958858438,-21.40594537645844,-21.40594537645844,22.78725932438155,1.3813139479231111,3.4180888986572326,0.10359854609423333,3.3144903525629994
2025-01-02 00:00:00-05:00,9.087352937099999,9.087352937099999,30.011738390762066,30.011738390762066,-20.92438545366207,-20.92438545366207,22.153084895144357,1.228699441482291,3.3229627342716532,0.09215245811117181,3.2308102761604816
2025-01-03 00:00:00-05:00,9.0087470379,9.0087470379,29.798846655047484,29.798846655047484,-20.790099617147483,-20.790099617147483,22.151434788173923,1.3613351710264399,3.3227152182260884,0.10210013782698299,3.2206150803991056
2025-01-04 00:00:00-05:00,9.6022734822,9.6022734822,34.85008570318181,34.85008570318181,-25.247812220981814,-25.247812220981814,26.27260052948215,1.0247883085003373,3.9408900794223225,0.0768591231375253,3.864030956284797
2025-01-05 00:00:00-05:00,8.898730580699999,8.898730580699999,31.097438525630757,31.097438525630757,-22.19870794493076,-22.19870794493076,23.27872474335734,1.08001679842658,3.491808711503601,0.0810012598819935,3.410807451621608
2025-01-06 00:00:00-05:00,8.4366099072,8.4366099072,29.594109125560987,29.594109125560987,-21.157499218360986,-21.157499218360986,22.29187586061644,1.1343766422554518,3.3437813790924658,0.08507824816915888,3.258703130923307
2025-01-07 00:00:00-05:00,9.679230728999999,9.679230728999999,29.031978174571744,29.031978174571744,-19.352747445571744,-19.352747445571744,21.05589954368447,1.7031520981127255,3.15838493155267,0.1277364073584544,3.0306485241942154
2025-01-08 00:00:00-05:00,9.269552660399999,9.269552660399999,26.67708466564143,26.67708466564143,-17.407532005241432,-17.407532005241432,19.172357487644636,1.764825482403206,2.8758536231466953,0.13236191118024043,2.743491711966455
2025-01-09 00:00:00-05:00,9.9020402424,9.9020402424,30.97241409890841,30.97241409890841,-21.07037385650841,-21.07037385650841,22.742473737784014,1.6720998812756018,3.411371060667602,0.12540749109567012,3.285963569571932
2025-01-10 00:00:00-05:00,8.581000760999999,8.581000760999999,30.737961486844846,30.737961486844846,-22.156960725844847,-22.156960725844847,23.066604925902045,0.9096442000571984,3.4599907388853066,0.06822331500428988,3.3917674238810167
2025-01-11 00:00:00-05:00,2.8395055034999994,2.8395055034999994,34.35756031796948,34.35756031796948,-31.51805481446948,-31.51805481446948,31.51805481446948,0.0,4.727708222170421,0.0,4.727708222170421
2025-01-12 00:00:00-05:00,9.173474361899999,9.173474361899999,35.02562300949338,35.02562300949338,-25.852148647593385,-25.852148647593385,26.907694970851274,1.0555463232578912,4.036154245627691,0.07916597424434184,3.9569882713833495
2025-01-13 00:00:00-05:00,7.5024427310999995,7.5024427310999995,30.046686447314816,30.046686447314816,-22.54424371621482,-22.54424371621482,23.172507002414534,0.6282632861997143,3.47587605036218,0.04711974646497857,3.4287563038972015
2025-01-14 00:00:00-05:00,1.6746347321999995,1.6746347321999995,27.85382251830359,27.85382251830359,-26.179187786103594,-26.179187786103594,26.179187786103594,0.0,3.9268781679155387,0.0,3.9268781679155387
2025-01-15 00:00:00-05:00,8.360937341999998,8.360937341999998,27.501673050079397,27.501673050079397,-19.1407357080794,-19.1407357080794,20.522084203490174,1.3813484954107733,3.0783126305235258,0.103601137155808,2.974711493367718
2025-01-16 00:00:00-05:00,4.310420016599999,4.310420016599999,28.590514505848894,28.590514505848894,-24.280094489248896,-24.280094489248896,24.280094489248896,0.0,3.6420141733873344,0.0,3.6420141733873344
2025-01-17 00:00:00-05:00,1.0230589331999993,1.0230589331999993,31.82722241953208,31.82722241953208,-30.804163486332083,-30.804163486332083,30.804163486332083,0.0,4.620624522949813,0.0,4.620624522949813
2025-01-18 00:00:00-05:00,5.806477942199999,5.806477942199999,32.46322165697005,32.46322165697005,-26.65674371477005,-26.65674371477005,27.10347797234547,0.4467342575754184,4.06552169585182,0.03350506931815638,4.032016626533664
2025-01-19 00:00:00-05:00,6.110219452015033,6.110219452015033,33.6635947365751,33.6635947365751,-27.55337528456007,-27.55337528456007,27.685031767791536,0.13165648323146584,4.15275476516873,0.009874236242359937,4.14288052892637
2025-01-20 00:00:00-05:00,1.2026677958999992,1.2026677958999992,28.359219882733292,28.359219882733292,-27.156552086833294,-27.156552086833294,27.156552086833294,0.0,4.073482813024994,0.0,4.073482813024994
2025-01-21 00:00:00-05:00,6.932712496499999,6.932712496499999,29.040568261632778,29.040568261632778,-22.10785576513278,-22.10785576513278,22.79540675452039,0.6875509893876117,3.419311013178058,0.051566324204070875,3.3677446889739873
2025-01-22 00:00:00-05:00,0.7549506881999992,0.7549506881999992,27.308507224729624,27.308507224729624,-26.553556536529626,-26.553556536529626,26.553556536529626,0.0,3.9830334804794436,0.0,3.9830334804794436
2025-01-23 00:00:00-05:00,2.7875562614999994,2.7875562614999994,28.606255134040634,28.606255134040634,-25.818698872540637,-25.818698872540637,25.818698872540637,0.0,3.8728048308810954,0.0,3.8728048308810954
2025-01-24 00:00:00-05:00,2.460653785799999,2.460653785799999,27.911524652204164,27.911524652204164,-25.450870866404163,-25.450870866404163,25.450870866404163,0.0,3.8176306299606244,0.0,3.8176306299606244
2025-01-25 00:00:00-05:00,9.8631614061,9.8631614061,30.20198661124337,30.20198661124337,-20.338825205143372,-20.338825205143372,22.0800051420779,1.7411799369345313,3.312000771311685,0.13058849527008984,3.1814122760415953
2025-01-26 00:00:00-05:00,7.446780125099999,7.446780125099999,29.43121536348435,29.43121536348435,-21.98443523838435,-21.98443523838435,22.900616121404887,0.9161808830205391,3.435092418210733,0.06871356622654043,3.3663788519841926
2025-01-27 00:00:00-05:00,9.748785655799999,9.748785655799999,31.72926588221094,31.72926588221094,-21.98048022641094,-21.98048022641094,23.48610411263065,1.505623886219709,3.5229156168945974,0.11292179146647818,3.4099938254281192
2025-01-28 00:00:00-05:00,9.893921083199999,9.893921083199999,31.432567164322528,31.432567164322528,-21.53864608112253,-21.53864608112253,23.12971425179823,1.5910681706757024,3.4694571377697345,0.11933011280067768,3.3501270249690567
2025-01-29 00:00:00-05:00,9.658386793799998,9.658386793799998,28.07058512758904,28.07058512758904,-18.412198333789043,-18.412198333789043,20.22610931658305,1.8139109827940063,3.0339163974874572,0.13604332370955047,2.8978730737779066
2025-01-30 00:00:00-05:00,9.1653630435,9.1653630435,28.68133208139468,28.68133208139468,-19.51596903789468,-19.51596903789468,21.120327109711695,1.6043580718170158,3.168049066456754,0.12032685538627619,3.047722211070478
2025-01-31 00:00:00-05:00,9.2792600946,9.2792600946,31.778433446681245,31.778433446681245,-22.499173352081247,-22.499173352081247,23.76849144493036,1.269318092849113,3.565273716739554,0.09519885696368348,3.4700748597758704
2025-02-01 00:00:00-05:00,8.970356855699999,8.970356855699999,29.604306124506504,29.604306124506504,-20.633949268806504,-20.633949268806504,22.055724449075466,1.4217751802689622,3.3083586673613197,0.10663313852017216,3.2017255288411475
2025-02-02 00:00:00-05:00,7.445170155599999,7.445170155599999,34.3915928639048,34.3915928639048,-26.9464227083048,-26.9464227083048,27.98828249324819,1.0418597849433875,4.198242373987228,0.07813948387075406,4.120102890116474
2025-02-03 00:00:00-05:00,7.297829870399999,7.297829870399999,27.50535672931223,27.50535672931223,-20.207526858912228,-20.207526858912228,21.525884663483307,1.3183578045710789,3.228882699522496,0.09887683534283091,3.130005864179665
2025-02-04 00:00:00-05:00,9.2711620521,9.2711620521,29.22646335664531,29.22646335664531,-19.955301304545316,-19.955301304545316,21.56251641145368,1.6072151069083627,3.2343774617180516,0.12054113301812719,3.113836328699924
2025-02-05 00:00:00-05:00,9.1533454731,9.1533454731,28.157637944239347,28.157637944239347,-19.004292471139347,-19.004292471139347,20.792902516201394,1.7886100450620475,3.118935377430209,0.13414575337965357,2.9847896240505554
2025-02-06 00:00:00-05:00,9.0380342079,9.0380342079,28.00978378465924,28.00978378465924,-18.97174957675924,-18.97174957675924,20.68873146786073,1.7169818911014891,3.1033097201791096,0.12877364183261167,2.974536078346498
2025-02-07 00:00:00-05:00,8.968714550999998,8.968714550999998,31.56405077089813,31.56405077089813,-22.595336219898133,-22.595336219898133,24.062688939547733,1.4673527196496008,3.6094033409321598,0.11005145397372006,3.49935188695844
2025-02-08 00:00:00-05:00,8.966118500999999,8.966118500999999,30.759178193713662,30.759178193713662,-21.793059692713662,-21.793059692713662,23.206337846441905,1.4132781537282395,3.4809506769662857,0.10599586152961796,3.3749548154366678
2025-02-09 00:00:00-05:00,9.213706027799999,9.213706027799999,32.133318198923774,32.133318198923774,-22.919612171123777,-22.919612171123777,24.29465220345649,1.3750400323327132,3.6441978305184732,0.10312800242495349,3.5410698280935198
2025-02-10 00:00:00-05:00,8.912078684099999,8.912078684099999,28.238697740965733,28.238697740965733,-19.326619056865734,-19.326619056865734,21.054102131479155,1.7274830746134184,3.158115319721873,0.12956123059600638,3.0285540891258664
2025-02-11 00:00:00-05:00,8.838526938525,8.838526938525,28.69102674655571,28.69102674655571,-19.85249980803071,-19.85249980803071,21.444349307382847,1.5918494993521348,3.216652396107427,0.11938871245141011,3.097263683656017
2025-02-12 00:00:00-05:00,7.831287692099999,7.831287692099999,31.539261333296484,31.539261333296484,-23.70797364119648,-23.70797364119648,24.3033004192759,0.5953267780794174,3.645495062891385,0.044649508355956304,3.6008455545354288
2025-02-13 00:00:00-05:00,8.061957317925,8.061957317925,31.301990544033945,31.301990544033945,-23.240033226108945,-23.240033226108945,24.22144945611189,0.981416230002946,3.6332174184167836,0.07360621725022094,3.559611201166563
2025-02-14 00:00:00-05:00,9.176254435125,9.176254435125,29.306855068130638,29.306855068130638,-20.13060063300564,-20.13060063300564,21.872458480455048,1.741857847449412,3.280868772068257,0.13063933855870588,3.1502294335095513
2025-02-15 00:00:00-05:00,8.935009464824999,8.935009464824999,30.198678289141395,30.198678289141395,-21.263668824316394,-21.263668824316394,22.793790078460294,1.5301212541439022,3.419068511769044,0.11475909406079265,3.304309417708251
2025-02-16 00:00:00-05:00,6.608084955749999,6.608084955749999,30.707322476912978,30.707322476912978,-24.099237521162976,-24.099237521162976,24.52100927328285,0.4217717521198714,3.6781513909924275,0.03163288140899035,3.646518509583437
2025-02-17 00:00:00-05:00,6.9674202864,6.9674202864,31.330943302744473,31.330943302744473,-24.363523016344473,-24.363523016344473,24.92398388128,0.5604608649355308,3.738597582192,0.04203456487016481,3.696563017321835
2025-02-18 00:00:00-05:00,5.863871684924999,5.863871684924999,29.145045671471845,29.145045671471845,-23.281173986546847,-23.281173986546847,23.42699700859304,0.1458230220461958,3.5140495512889562,0.010936726653464684,3.5031128246354917
2025-02-19 00:00:00-05:00,8.640396060299999,8.640396060299999,29.30231820677833,29.30231820677833,-20.661922146478332,-20.661922146478332,22.382495006123474,1.720572859645143,3.357374250918521,0.12904296447338573,3.2283312864451355
2025-02-20 00:00:00-05:00,5.4393776174249995,5.4393776174249995,28.913860013957166,28.913860013957166,-23.474482396532167,-23.474482396532167,23.705176831024453,0.23069443449228477,3.555776524653668,0.01730208258692136,3.5384744420667467
2025-02-21 00:00:00-05:00,8.2625923584,8.2625923584,29.57382151423705,29.57382151423705,-21.31122915583705,-21.31122915583705,22.650918310745336,1.339689154908284,3.3976377466118004,0.1004766866181213,3.297161059993679
2025-02-22 00:00:00-05:00,7.2487268577,7.2487268577,33.15360129308059,33.15360129308059,-25.904874435380588,-25.904874435380588,26.29331564632428,0.3884412109436911,3.943997346948642,0.029133090820776832,3.914864256127865
2025-02-23 00:00:00-05:00,6.235933996124999,6.235933996124999,29.155200658183958,29.155200658183958,-22.91926666205896,-22.91926666205896,23.95603653158887,1.036769869529914,3.5934054797383306,0.07775774021474353,3.5156477395235872
2025-02-24 00:00:00-05:00,1.6136471126249996,1.6136471126249996,29.509462745298073,29.509462745298073,-27.895815632673074,-27.895815632673074,27.895815632673074,0.0,4.184372344900961,0.0,4.184372344900961
2025-02-25 00:00:00-05:00,8.039885093325,8.039885093325,27.17486604919515,27.17486604919515,-19.134980955870148,-19.134980955870148,20.553688694766443,1.4187077388962934,3.083053304214966,0.106403080417222,2.976650223797744
2025-02-26 00:00:00-05:00,9.50005367595,9.50005367595,30.263445472165376,30.263445472165376,-20.763391796215377,-20.763391796215377,22.55994190679791,1.7965501105825359,3.3839912860196866,0.13474125829369019,3.2492500277259966
2025-02-27 00:00:00-05:00,8.369050371524999,8.369050371524999,31.102176167861195,31.102176167861195,-22.733125796336196,-22.733125796336196,23.810515019457878,1.0773892231216804,3.5715772529186816,0.08080419173412602,3.4907730611845555
2025-02-28 00:00:00-05:00,9.58252923675,9.58252923675,31.210213295518813,31.210213295518813,-21.627684058768814,-21.627684058768814,23.48307001286788,1.8553859540990671,3.522460501930182,0.13915394655743002,3.383306555372752
2025-03-01 00:00:00-05:00,8.213318316899999,8.213318316899999,31.32365437649978,31.32365437649978,-23.110336059599778,-23.110336059599778,24.306642861652893,1.1963068020531136,3.645996429247934,0.08972301015398351,3.5562734190939502
2025-03-02 00:00:00-05:00,8.293417046099998,8.293417046099998,31.8538463179106,31.8538463179106,-23.560429271810605,-23.560429271810605,24.701062999009853,1.1406337271992482,3.705159449851478,0.08554752953994361,3.6196119203115344
2025-03-03 00:00:00-05:00,8.905463370225,8.905463370225,29.173354240477796,29.173354240477796,-20.267890870252796,-20.267890870252796,22.128596739230822,1.8607058689780263,3.3192895108846234,0.13955294017335196,3.1797365707112712
2025-03-04 00:00:00-05:00,4.866859298024999,4.866859298024999,29.767286854254642,29.767286854254642,-24.90042755622964,-24.90042755622964,24.900516556535692,8.900030605041298e-05,3.7350774834803535,6.675022953780973e-06,3.7350708084573996
2025-03-05 00:00:00-05:00,5.709094517024999,5.709094517024999,28.26778158499706,28.26778158499706,-22.55868706797206,-22.55868706797206,22.786482083951807,0.22779501597974866,3.417972312592771,0.01708462619848115,3.40088768639429
2025-03-06 00:00:00-05:00,9.953795762099999,9.953795762099999,27.920179002952043,27.920179002952043,-17.966383240852043,-17.966383240852043,20.19021602043671,2.2238327795846686,3.0285324030655065,0.16678745846885015,2.8617449445966563
2025-03-07 00:00:00-05:00,9.804111673725,9.804111673725,29.86919915686711,29.86919915686711,-20.06508748314211,-20.06508748314211,22.095603495363704,2.030516012221592,3.3143405243045554,0.15228870091661942,3.162051823387936
2025-03-08 00:00:00-05:00,9.454053414825,9.454053414825,30.077639889801493,30.077639889801493,-20.623586474976495,-20.623586474976495,22.43674600828313,1.8131595333066364,3.3655119012424692,0.13598696499799773,3.2295249362444713
2025-03-09 00:00:00-05:00,9.0764565255,9.0764565255,33.30500844524331,33.30500844524331,-24.22855191974331,-24.22855191974331,26.169239737826512,1.940687818083203,3.9253859606739767,0.14555158635624021,3.7798343743177365
2025-03-10 00:00:00-04:00,5.704917034499999,5.704917034499999,26.941132879796744,26.941132879796744,-21.236215845296744,-21.236215845296744,21.732598541668875,0.49638269637212906,3.259889781250331,0.03722870222790968,3.222661079022421
2025-03-11 00:00:00-04:00,9.991606421699998,9.991606421699998,29.70571036964603,29.70571036964603,-19.71410394794603,-19.71410394794603,22.660430567320294,2.9463266193742634,3.399064585098044,0.22097449645306974,3.178090088644974
2025-03-12 00:00:00-04:00,9.849293336025,9.849293336025,29.32618538928281,29.32618538928281,-19.47689205325781,-19.47689205325781,22.311026063609557,2.8341340103517467,3.3466539095414336,0.212560050776381,3.1340938587650524
2025-03-13 00:00:00-04:00,8.956756256399999,8.956756256399999,25.94408533106186,25.94408533106186,-16.98732907466186,-16.98732907466186,19.63208176182959,2.6447526871677267,2.944812264274438,0.1983564515375795,2.746455812736859
2025-03-14 00:00:00-04:00,9.350921072699999,9.350921072699999,27.207828660325763,27.207828660325763,-17.856907587625766,-17.856907587625766,20.6680850380547,2.811177450428933,3.100212755708205,0.21083830878216997,2.889374446926035
2025-03-15 00:00:00-04:00,8.241864736499998,8.241864736499998,29.96416432324793,29.96416432324793,-21.722299586747933,-21.722299586747933,23.106599833572417,1.384300246824484,3.4659899750358627,0.1038225185118363,3.3621674565240265
2025-03-16 00:00:00-04:00,8.771441863049999,8.771441863049999,33.13515684929529,33.13515684929529,-24.363714986245295,-24.363714986245295,26.253888319534045,1.89017333328875,3.9380832479301064,0.14176299999665626,3.7963202479334504
2025-03-17 00:00:00-04:00,8.764596162899998,8.764596162899998,27.632503093237762,27.632503093237762,-18.867906930337764,-18.867906930337764,21.502545200584837,2.6346382702470725,3.2253817800877256,0.19759787026853043,3.027783909819195
2025-03-18 00:00:00-04:00,10.048217877899999,10.048217877899999,27.33240533654866,27.33240533654866,-17.284187458648663,-17.284187458648663,20.40974509375354,3.125557635104876,3.0614617640630306,0.23441682263286567,2.827044941430165
2025-03-19 00:00:00-04:00,9.814102118549998,9.814102118549998,32.20745900099522,32.20745900099522,-22.39335688244522,-22.39335688244522,24.886587976759472,2.493231094314254,3.7329881965139204,0.18699233207356905,3.5459958644403513
2025-03-20 00:00:00-04:00,9.846644309999999,9.846644309999999,27.96217594818151,27.96217594818151,-18.11553163818151,-18.11553163818151,21.092333217384535,2.9768015792030242,3.16384998260768,0.2232601184402268,2.9405898641674533
2025-03-21 00:00:00-04:00,10.29751724655,10.29751724655,27.435372156281616,27.435372156281616,-17.137854909731615,-17.137854909731615,20.390874444560446,3.2530195348288293,3.0586311666840666,0.2439764651121622,2.8146547015719046
2025-03-22 00:00:00-04:00,8.8341122151,8.8341122151,31.472289781733586,31.472289781733586,-22.638177566633587,-22.638177566633587,24.52652248245918,1.8883449158255894,3.6789783723688765,0.1416258686869192,3.5373525036819573
2025-03-23 00:00:00-04:00,7.213346627399999,7.213346627399999,32.94915173478677,32.94915173478677,-25.73580510738677,-25.73580510738677,26.73628817835673,1.000483070969959,4.01044322675351,0.07503623032274692,3.9354069964307627
2025-03-24 00:00:00-04:00,8.624798111699999,8.624798111699999,32.157427139291926,32.157427139291926,-23.532629027591927,-23.532629027591927,25.36862289607618,1.835993868484252,3.8052934344114266,0.1376995401363189,3.667593894275108
2025-03-25 00:00:00-04:00,3.5740089782999993,3.5740089782999993,29.363784169238066,29.363784169238066,-25.78977519093807,-25.78977519093807,25.78977519093807,0.0,3.8684662786407102,0.0,3.8684662786407102
2025-03-26 00:00:00-04:00,9.188281520999999,9.188281520999999,28.098082086812344,28.098082086812344,-18.909800565812343,-18.909800565812343,21.437537600503262,2.5277370346909183,3.215630640075489,0.18958027760181886,3.0260503624736703
2025-03-27 00:00:00-04:00,9.4327170003,9.4327170003,26.64813229543395,26.64813229543395,-17.21541529513395,-17.21541529513395,19.959944662556715,2.744529367422764,2.9939916993835074,0.2058397025567073,2.7881519968268003
2025-03-28 00:00:00-04:00,7.253424898199999,7.253424898199999,30.021016370316918,30.021016370316918,-22.767591472116916,-22.767591472116916,24.26526970747444,1.4976782353575229,3.6397904561211663,0.11232586765181421,3.527464588469352
2025-03-29 00:00:00-04:00,2.6822063843999993,2.6822063843999993,29.153574886283014,29.153574886283014,-26.471368501883017,-26.471368501883017,26.471368501883017,0.0,3.9707052752824525,0.0,3.9707052752824525
2025-03-30 00:00:00-04:00,2.0646116216999992,2.0646116216999992,32.69042568097668,32.69042568097668,-30.62581405927668,-30.62581405927668,30.62581405927668,0.0,4.593872108891502,0.0,4.593872108891502
2025-03-31 00:00:00-04:00,8.9461042569,8.9461042569,30.962034240189244,30.962034240189244,-22.015929983289244,-22.015929983289244,24.154659799737104,2.138729816447859,3.6231989699605656,0.16040473623358945,3.462794233726976
2025-04-01 00:00:00-04:00,8.2346638419,8.2346638419,26.939501911562612,26.939501911562612,-18.704838069662614,-18.704838069662614,20.962501699803845,2.2576636301412307,3.144375254970577,0.1693247722605923,2.9750504827099844
2025-04-02 00:00:00-04:00,8.756337651299999,8.756337651299999,26.309031143038215,26.309031143038215,-17.552693491738214,-17.552693491738214,20.00234140212035,2.4496479103821365,3.0003512103180525,0.18372359327866022,2.8166276170393925
2025-04-03 00:00:00-04:00,7.877663024399999,7.877663024399999,30.70767987274209,30.70767987274209,-22.83001684834209,-22.83001684834209,24.23741798745479,1.4074011391126993,3.6356126981182184,0.10555508543345245,3.530057612684766
2025-04-04 00:00:00-04:00,7.7237709272999995,7.7237709272999995,30.639204525922363,30.639204525922363,-22.915433598622364,-22.915433598622364,24.681358670904316,1.765925072281956,3.7022038006356475,0.1324443804211467,3.569759420214501
2025-04-05 00:00:00-04:00,8.790669368999998,8.790669368999998,29.583322744434916,29.583322744434916,-20.792653375434917,-20.792653375434917,23.019733969175636,2.227080593740717,3.4529600953763455,0.16703104453055376,3.285929050845792
2025-04-06 00:00:00-04:00,9.1454373513,9.1454373513,31.22519664477081,31.22519664477081,-22.07975929347081,-22.07975929347081,24.198808034713817,2.1190487412430077,3.6298212052070724,0.15892865559322558,3.470892549613847
2025-04-07 00:00:00-04:00,8.9220976038,8.9220976038,28.70674350814473,28.70674350814473,-19.784645904344732,-19.784645904344732,22.051652454447876,2.2670065501031442,3.3077478681671812,0.1700254912577358,3.1377223769094456
2025-04-08 00:00:00-04:00,4.153018119299999,4.153018119299999,26.7209554473598,26.7209554473598,-22.5679373280598,-22.5679373280598,23.191272895543847,0.623335567484048,3.478690934331577,0.046750167561303596,3.431940766770273
2025-04-09 00:00:00-04:00,8.6378621697,8.6378621697,31.957469523793744,31.957469523793744,-23.319607354093744,-23.319607354093744,24.994107242553863,1.6744998884601192,3.7491160863830792,0.12558749163450894,3.6235285947485703
2025-04-10 00:00:00-04:00,8.175491673299998,8.175491673299998,29.4225277941069,29.4225277941069,-21.247036120806904,-21.247036120806904,23.075312437403056,1.8282763165961549,3.4612968656104584,0.1371207237447116,3.3241761418657467
2025-04-11 00:00:00-04:00,8.247873238199999,8.247873238199999,28.83099024691071,28.83099024691071,-20.58311700871071,-20.58311700871071,22.897067721861216,2.3139507131505086,3.4345601582791825,0.17354630348628813,3.2610138547928944
2025-04-12 00:00:00-04:00,9.4277642715,9.4277642715,29.796195031498154,29.796195031498154,-20.368430759998155,-20.368430759998155,22.8738834799629,2.505452719964743,3.4310825219944348,0.18790895399735572,3.2431735679970792
2025-04-13 00:00:00-04:00,9.139262722649999,9.139262722649999,29.063133954065446,29.063133954065446,-19.923871231415447,-19.923871231415447,22.303356276616007,2.379485045200562,3.345503441492401,0.17846137839004214,3.1670420631023593
2025-04-14 00:00:00-04:00,9.28351454265,9.28351454265,29.831969170263463,29.831969170263463,-20.548454627613467,-20.548454627613467,22.848787407115708,2.3003327795022432,3.4273181110673563,0.17252495846266824,3.2547931526046883
2025-04-15 00:00:00-04:00,9.288764934299998,9.288764934299998,30.257942875291803,30.257942875291803,-20.969177940991802,-20.969177940991802,23.438954695346162,2.4697767543543607,3.515843204301924,0.18523325657657705,3.330609947725347
2025-04-16 00:00:00-04:00,8.455994315549999,8.455994315549999,30.194952245069167,30.194952245069167,-21.738957929519167,-21.738957929519167,23.583607864844723,1.8446499353255548,3.5375411797267082,0.1383487451494166,3.3991924345772917
2025-04-17 00:00:00-04:00,8.90154620415,8.90154620415,27.18450472555951,27.18450472555951,-18.28295852140951,-18.28295852140951,20.778576664954162,2.495618143544653,3.116786499743124,0.18717136076584898,2.929615138977275
2025-04-18 00:00:00-04:00,8.71721736885,8.71721736885,29.660010734273826,29.660010734273826,-20.942793365423828,-20.942793365423828,23.05025140598473,2.107458040560906,3.4575377108977094,0.15805935304206795,3.2994783578556417
2025-04-19 00:00:00-04:00,8.40035242125,8.40035242125,29.57035647393234,29.57035647393234,-21.17000405268234,-21.17000405268234,22.829073443647868,1.6590693909655285,3.4243610165471803,0.12443020432241464,3.2999308122247655
2025-04-20 00:00:00-04:00,8.939591838,8.939591838,30.388858610783526,30.388858610783526,-21.449266772783528,-21.449266772783528,23.72405095916684,2.27478418638331,3.5586076438750256,0.17060881397874825,3.3879988298962775
2025-04-21 00:00:00-04:00,8.288640378899998,8.288640378899998,27.41904302005864,27.41904302005864,-19.130402641158643,-19.130402641158643,21.260709234715378,2.1303065935567354,3.1891063852073067,0.15977299451675514,3.0293333906905517
2025-04-22 00:00:00-04:00,6.979297953599999,6.979297953599999,27.13651202375243,27.13651202375243,-20.15721407015243,-20.15721407015243,21.652298324139124,1.495084253986694,3.2478447486208686,0.11213131904900205,3.1357134295718665
2025-04-23 00:00:00-04:00,8.443273569299999,8.443273569299999,30.427985156276144,30.427985156276144,-21.984711586976147,-21.984711586976147,23.903473715679354,1.9187621287032068,3.585521057351903,0.1439071596527405,3.441613897699163
2025-04-24 00:00:00-04:00,7.5220919108999995,7.5220919108999995,29.4001451272878,29.4001451272878,-21.8780532163878,-21.8780532163878,23.42509082108437,1.5470376046965677,3.5137636231626557,0.11602782035224257,3.397735802810413
2025-04-25 00:00:00-04:00,8.834856290549999,8.834856290549999,28.92922692672169,28.92922692672169,-20.09437063617169,-20.09437063617169,22.245158819421167,2.1507881832494795,3.336773822913175,0.16130911374371096,3.175464709169464
2025-04-26 00:00:00-04:00,8.63006076,8.63006076,33.90622953819556,33.90622953819556,-25.276168778195565,-25.276168778195565,26.713291840169937,1.4371230619743738,4.006993776025491,0.10778422964807803,3.8992095463774126
2025-04-27 00:00:00-04:00,9.160353262349998,9.160353262349998,29.777343092602695,29.777343092602695,-20.616989830252695,-20.616989830252695,22.775710644904056,2.158720814651359,3.4163565967356084,0.16190406109885191,3.2544525356367564
2025-04-28 00:00:00-04:00,9.0862674345,9.0862674345,31.135715981960754,31.135715981960754,-22.049448547460752,-22.049448547460752,24.03280372473711,1.9833551772763585,3.6049205587105666,0.14875163829572688,3.45616892041484
2025-04-29 00:00:00-04:00,8.27455987215,8.27455987215,30.64688148006447,30.64688148006447,-22.37232160791447,-22.37232160791447,24.090383289757526,1.7180616818430585,3.6135574934636288,0.12885462613822937,3.4847028673253995
2025-04-30 00:00:00-04:00,8.692673502149999,8.692673502149999,32.220663742452274,32.220663742452274,-23.527990240302273,-23.527990240302273,25.22928607623441,1.7012958359321364,3.784392911435161,0.1275971876949102,3.656795723740251
2025-05-01 00:00:00-04:00,8.594227276649999,8.594227276649999,30.11730992852809,30.11730992852809,-21.52308265187809,-21.52308265187809,23.404548109481215,1.8814654576031251,3.510682216422182,0.14110990932023437,3.3695723071019477
2025-05-02 00:00:00-04:00,8.635284240749998,8.635284240749998,29.592388759392776,29.592388759392776,-20.957104518642776,-20.957104518642776,22.831823905375025,1.8747193867322474,3.424773585806254,0.14060395400491854,3.284169631801335
2025-05-03 00:00:00-04:00,6.145921697849999,6.145921697849999,29.717111560046785,29.717111560046785,-23.571189862196785,-23.571189862196785,24.77333647306098,1.2021466108641943,3.7160004709591465,0.09016099581481457,3.625839475144332
2025-05-04 00:00:00-04:00,2.6515315561499992,2.6515315561499992,32.63910347489991,32.63910347489991,-29.987571918749914,-29.987571918749914,29.987571918749914,0.0,4.498135787812487,0.0,4.498135787812487
2025-05-05 00:00:00-04:00,5.786193761549999,5.786193761549999,29.79105355522657,29.79105355522657,-24.004859793676566,-24.004859793676566,24.084209772517976,0.0793499788414086,3.6126314658776963,0.0059512484131056444,3.6066802174645907
2025-05-06 00:00:00-04:00,7.785205382699998,7.785205382699998,26.41060130460399,26.41060130460399,-18.625395921903994,-18.625395921903994,20.396772284542283,1.7713763626382906,3.0595158426813422,0.1328532271978718,2.9266626154834703
2025-05-07 00:00:00-04:00,8.680750615349998,8.680750615349998,27.20032551730251,27.20032551730251,-18.51957490195251,-18.51957490195251,20.74863244474677,2.229057542794262,3.112294866712016,0.16717931570956965,2.9451155510024463
2025-05-08 00:00:00-04:00,8.485040803499999,8.485040803499999,27.212845517554467,27.212845517554467,-18.727804714054468,-18.727804714054468,20.81656151292261,2.088756798868146,3.1224842269383917,0.15665675991511094,2.965827467023281
2025-05-09 00:00:00-04:00,8.525181974849998,8.525181974849998,32.15665624133011,32.15665624133011,-23.631474266480115,-23.631474266480115,25.25585125930972,1.6243769928296021,3.7883776888964578,0.12182827446222015,3.6665494144342374
2025-05-10 00:00:00-04:00,7.850752533449999,7.850752533449999,33.413621836325014,33.413621836325014,-25.562869302875015,-25.562869302875015,26.86813903317869,1.3052697303036755,4.030220854976803,0.09789522977277566,3.9323256252040273
2025-05-11 00:00:00-04:00,7.646108782049998,7.646108782049998,30.124240416183344,30.124240416183344,-22.478131634133348,-22.478131634133348,23.766758673476968,1.2886270393436203,3.565013801021545,0.09664702795077153,3.4683667730707737
2025-05-12 00:00:00-04:00,3.9676059832499986,3.9676059832499986,26.56689587983179,26.56689587983179,-22.59928989658179,-22.59928989658179,23.33399769995345,0.7347078033716615,3.5000996549930172,0.05510308525287461,3.444996569740143
2025-05-13 00:00:00-04:00,7.967406704399999,7.967406704399999,31.091713672088353,31.091713672088353,-23.124306967688355,-23.124306967688355,24.55275514691138,1.4284481792230261,3.682913272036707,0.10713361344172696,3.57577965859498
2025-05-14 00:00:00-04:00,8.85492629505,8.85492629505,28.052239635120532,28.052239635120532,-19.197313340070533,-19.197313340070533,21.374503546948603,2.177190206878071,3.20617553204229,0.16328926551585532,3.042886266526435
2025-05-15 00:00:00-04:00,8.698149575999999,8.698149575999999,27.584305524394335,27.584305524394335,-18.886155948394336,-18.886155948394336,20.885840729739865,1.9996847813455283,3.13287610946098,0.14997635860091463,2.9828997508600654
2025-05-16 00:00:00-04:00,8.634516984449998,8.634516984449998,26.646201183873668,26.646201183873668,-18.01168419942367,-18.01168419942367,20.150815754707494,2.1391315552838233,3.022622363206124,0.16043486664628673,2.8621874965598373
2025-05-17 00:00:00-04:00,8.43700684095,8.43700684095,32.75698928086264,32.75698928086264,-24.319982439912643,-24.319982439912643,25.763148558847092,1.4431661189344518,3.8644722838270638,0.10823745892008388,3.7562348249069797
2025-05-18 00:00:00-04:00,8.5465623393,8.5465623393,32.64013129395615,32.64013129395615,-24.093568954656153,-24.093568954656153,25.578428206792243,1.4848592521360904,3.836764231018836,0.11136444391020678,3.7253997871086293
2025-05-19 00:00:00-04:00,8.4539448549,8.4539448549,30.12607450686847,30.12607450686847,-21.672129651968472,-21.672129651968472,23.306850801610043,1.6347211496415732,3.4960276202415064,0.12260408622311798,3.3734235340183885
2025-05-20 00:00:00-04:00,8.518113594899999,8.518113594899999,30.614984385185547,30.614984385185547,-22.09687079028555,-22.09687079028555,23.60968774669466,1.5128169564091132,3.541453162004199,0.11346127173068349,3.427991890273516
2025-05-21 00:00:00-04:00,8.500266740699999,8.500266740699999,30.532777331825848,30.532777331825848,-22.03251059112585,-22.03251059112585,23.589367068932926,1.5568564778070773,3.538405060339939,0.11676423583553079,3.421640824504408
2025-05-22 00:00:00-04:00,7.787843867249999,7.787843867249999,30.24773219733875,30.24773219733875,-22.459888330088752,-22.459888330088752,23.905778070710884,1.445889740622131,3.5858667106066324,0.10844173054665981,3.477424980059973
2025-05-23 00:00:00-04:00,7.409283599699999,7.409283599699999,29.869888717212266,29.869888717212266,-22.460605117512266,-22.460605117512266,23.641920055924174,1.1813149384119108,3.546288008388626,0.0885986203808933,3.4576893880077324
2025-05-24 00:00:00-04:00,7.3933476974999985,7.3933476974999985,30.757453777010063,30.757453777010063,-23.364106079510066,-23.364106079510066,24.74148991990468,1.377383840394613,3.711223487985702,0.10330378802959597,3.607919699956106
2025-05-25 00:00:00-04:00,8.193126072599998,8.193126072599998,29.11616671569044,29.11616671569044,-20.92304064309044,-20.92304064309044,22.517962205737177,1.5949215626467357,3.3776943308605767,0.11961911719850517,3.2580752136620714
2025-05-26 00:00:00-04:00,8.045102979,8.045102979,31.079409836787928,31.079409836787928,-23.03430685778793,-23.03430685778793,24.486727647577375,1.4524207897894454,3.673009147136606,0.1089315592342084,3.5640775879023976
2025-05-27 00:00:00-04:00,8.201609186399999,8.201609186399999,27.743097771036513,27.743097771036513,-19.541488584636515,-19.541488584636515,21.354699424000213,1.8132108393636985,3.203204913600032,0.13599081295227738,3.0672141006477545
2025-05-28 00:00:00-04:00,7.308172860299999,7.308172860299999,29.66509069093647,29.66509069093647,-22.356917830636473,-22.356917830636473,23.36673948914412,1.0098216585076474,3.505010923371618,0.07573662438807355,3.429274298983544
2025-05-29 00:00:00-04:00,8.0595667251,8.0595667251,28.510763940457828,28.510763940457828,-20.451197215357826,-20.451197215357826,22.123382932720485,1.6721857173626598,3.3185074399080725,0.12541392880219948,3.193093511105873
2025-05-30 00:00:00-04:00,7.871104980899999,7.871104980899999,27.375300797726382,27.375300797726382,-19.504195816826382,-19.504195816826382,21.034133082473137,1.529937265646755,3.1551199623709705,0.11474529492350662,3.040374667447464
2025-05-31 00:00:00-04:00,6.3031459554,6.3031459554,31.98600373055535,31.98600373055535,-25.682857775155348,-25.682857775155348,26.405361980799317,0.7225042056439668,3.960804297119897,0.05418781542329751,3.9066164816965996
2025-06-01 00:00:00-04:00,3.3426389150999993,3.3426389150999993,32.2938276867454,32.2938276867454,-28.951188771645402,-28.951188771645402,29.102894608200128,0.15170583655472547,4.365434191230019,0.01137793774160441,4.354056253488414
2025-06-02 00:00:00-04:00,3.2154222563999992,3.2154222563999992,29.058984853601736,29.058984853601736,-25.843562597201736,-25.843562597201736,25.843562597201736,0.0,3.87653438958026,0.0,3.87653438958026
2025-06-03 00:00:00-04:00,0.720327721499999,0.720327721499999,31.206362652172853,31.206362652172853,-30.486034930672854,-30.486034930672854,30.486034930672854,0.0,4.572905239600928,0.0,4.572905239600928
2025-06-04 00:00:00-04:00,5.314996088999998,5.314996088999998,30.026156207660218,30.026156207660218,-24.71116011866022,-24.71116011866022,25.552958607022454,0.8417984883622321,3.832943791053368,0.0631348866271674,3.7698089044262004
2025-06-05 00:00:00-04:00,5.478412425299999,5.478412425299999,27.021919797450828,27.021919797450828,-21.543507372150827,-21.543507372150827,21.854402737984802,0.31089536583397354,3.2781604106977205,0.023317152437548016,3.2548432582601725
2025-06-06 00:00:00-04:00,7.832946491099999,7.832946491099999,30.171284861927354,30.171284861927354,-22.33833837082736,-22.33833837082736,23.781809716795152,1.4434713459677941,3.5672714575192725,0.10826035094758456,3.459011106571688
2025-06-07 00:00:00-04:00,8.136945363599999,8.136945363599999,31.31914812040831,31.31914812040831,-23.182202756808312,-23.182202756808312,24.48850327899027,1.3063005221819586,3.67327549184854,0.09797253916364689,3.575302952684893
2025-06-08 00:00:00-04:00,8.254577381399999,8.254577381399999,33.962682768090815,33.962682768090815,-25.708105386690818,-25.708105386690818,26.907825848153262,1.1997204614624428,4.036173877222989,0.0899790346096832,3.946194842613306
2025-06-09 00:00:00-04:00,8.168719222799998,8.168719222799998,30.98575383355291,30.98575383355291,-22.81703461075291,-22.81703461075291,24.284671093375973,1.4676364826230628,3.6427006640063957,0.1100727361967297,3.532627927809666
2025-06-10 00:00:00-04:00,6.860400596999999,6.860400596999999,28.280272032028215,28.280272032028215,-21.419871435028217,-21.419871435028217,22.222544605035527,0.8026731700073098,3.333381690755329,0.06020048775054823,3.2731812030047807
2025-06-11 00:00:00-04:00,8.0960673069,8.0960673069,29.18048418312381,29.18048418312381,-21.08441687622381,-21.08441687622381,22.564666559810078,1.4802496835862688,3.3846999839715117,0.11101872626897016,3.2736812577025414
2025-06-12 00:00:00-04:00,7.587819719999999,7.587819719999999,28.32948844151644,28.32948844151644,-20.74166872151644,-20.74166872151644,22.23918168801444,1.4975129664979978,3.335877253202166,0.11231347248734984,3.223563780714816
2025-06-13 00:00:00-04:00,8.0487069525,8.0487069525,27.61775726722611,27.61775726722611,-19.569050314726113,-19.569050314726113,21.27872575359276,1.709675438866646,3.1918088630389136,0.12822565791499843,3.063583205123915
2025-06-14 00:00:00-04:00,8.2232057466,8.2232057466,31.008940554489747,31.008940554489747,-22.785734807889746,-22.785734807889746,24.356996424575563,1.5712616166858147,3.653549463686334,0.11784462125143609,3.5357048424348982
2025-06-15 00:00:00-04:00,8.185151924999998,8.185151924999998,29.988567855773294,29.988567855773294,-21.803415930773298,-21.803415930773298,23.37803664451143,1.5746207137381314,3.506705496676714,0.11809655353035985,3.3886089431463544
2025-06-16 00:00:00-04:00,8.2927600389,8.2927600389,29.295980954146323,29.295980954146323,-21.003220915246324,-21.003220915246324,22.604222793181385,1.6010018779350617,3.390633418977208,0.12007514084512962,3.270558278132078
2025-06-17 00:00:00-04:00,8.014175270099999,8.014175270099999,30.11611476426264,30.11611476426264,-22.101939494162643,-22.101939494162643,23.587369957469004,1.485430463306363,3.5381054936203507,0.11140728474797723,3.4266982088723736
2025-06-18 00:00:00-04:00,8.081164346399998,8.081164346399998,27.439943554353896,27.439943554353896,-19.358779207953894,-19.358779207953894,21.080601759756643,1.7218225518027475,3.1620902639634965,0.12913669138520606,3.0329535725782906
2025-06-19 00:00:00-04:00,7.892163730799998,7.892163730799998,27.167239877735998,27.167239877735998,-19.275076146935998,-19.275076146935998,20.89024361278342,1.6151674658474218,3.1335365419175125,0.12113755993855663,3.012398981978956
2025-06-20 00:00:00-04:00,8.222829922799999,8.222829922799999,27.54082671505877,27.54082671505877,-19.31799679225877,-19.31799679225877,21.1455598925833,1.827563100324527,3.171833983887495,0.13706723252433953,3.0347667513631555
2025-06-21 00:00:00-04:00,7.726843446299998,7.726843446299998,31.728040791952015,31.728040791952015,-24.001197345652017,-24.001197345652017,25.236816507373923,1.2356191617219063,3.785522476106088,0.09267143712914297,3.6928510389769453
2025-06-22 00:00:00-04:00,7.387292275199999,7.387292275199999,29.953582797657006,29.953582797657006,-22.566290522457006,-22.566290522457006,23.686390645039992,1.1201001225829872,3.5529585967559987,0.08400750919372403,3.4689510875622744
2025-06-23 00:00:00-04:00,8.1249489369,8.1249489369,28.4327799334911,28.4327799334911,-20.307830996591104,-20.307830996591104,22.121267333090202,1.813436336499099,3.3181900999635303,0.13600772523743243,3.1821823747260978
2025-06-24 00:00:00-04:00,7.508342862899998,7.508342862899998,29.199637704444584,29.199637704444584,-21.691294841544583,-21.691294841544583,22.7904521447892,1.0991573032446165,3.41856782171838,0.08243679774334624,3.3361310239750335
2025-06-25 00:00:00-04:00,6.231143748599999,6.231143748599999,29.068520757347454,29.068520757347454,-22.837377008747456,-22.837377008747456,24.375292571557235,1.5379155628097823,3.656293885733585,0.11534366721073366,3.5409502185228514
2025-06-26 00:00:00-04:00,5.558797041299999,5.558797041299999,27.060573551532777,27.060573551532777,-21.501776510232776,-21.501776510232776,22.568341715744417,1.0665652055116408,3.3852512573616624,0.07999239041337305,3.3052588669482894
2025-06-27 00:00:00-04:00,5.078086063199999,5.078086063199999,26.800916534220963,26.800916534220963,-21.722830471020963,-21.722830471020963,22.473838978371734,0.7510085073507701,3.37107584675576,0.056325638051307754,3.314750208704452
2025-06-28 00:00:00-04:00,7.641418580999998,7.641418580999998,33.238476168160666,33.238476168160666,-25.59705758716067,-25.59705758716067,26.549681434639275,0.9526238474786084,3.982452215195891,0.07144678856089563,3.9110054266349956
2025-06-29 00:00:00-04:00,5.861376912599999,5.861376912599999,31.434644319601965,31.434644319601965,-25.573267407001968,-25.573267407001968,25.97308711113704,0.39981970413507584,3.895963066670556,0.029986477810130686,3.865976588860425
2025-06-30 00:00:00-04:00,7.383569571899999,7.383569571899999,30.115136035811823,30.115136035811823,-22.731566463911825,-22.731566463911825,24.007453762379324,1.2758872984675005,3.6011180643568985,0.09569154738506254,3.505426516971836
2025-07-01 00:00:00-04:00,3.9141041183999987,3.9141041183999987,28.324309473474393,28.324309473474393,-24.410205355074392,-24.410205355074392,24.410205355074392,0.0,3.661530803261159,0.0,3.661530803261159
2025-07-02 00:00:00-04:00,5.317398376444952,5.317398376444952,28.755923236946646,28.755923236946646,-23.438524860501694,-23.438524860501694,23.8498030212028,0.41127816070110695,3.57747045318042,0.03084586205258302,3.546624591127837
2025-07-03 00:00:00-04:00,3.314191758299999,3.314191758299999,28.897272111014953,28.897272111014953,-25.58308035271495,-25.58308035271495,25.705904787885267,0.1228244351703136,3.85588571818279,0.00921183263777352,3.8466738855450164
2025-07-04 00:00:00-04:00,3.2577250598999985,3.2577250598999985,29.64241716780893,29.64241716780893,-26.384692107908933,-26.384692107908933,26.384692107908933,0.0,3.95770381618634,0.0,3.95770381618634
2025-07-05 00:00:00-04:00,5.8788740034,5.8788740034,30.02428298185943,30.02428298185943,-24.14540897845943,-24.14540897845943,24.805617560397764,0.6602085819383355,3.7208426340596645,0.04951564364537516,3.6713269904142893
2025-07-06 00:00:00-04:00,5.940331478999999,5.940331478999999,34.02385632208356,34.02385632208356,-28.08352484308356,-28.08352484308356,28.312147953516767,0.2286231104332066,4.246822193027515,0.017146733282490494,4.229675459745025
2025-07-07 00:00:00-04:00,5.654948693399999,5.654948693399999,28.269755274635976,28.269755274635976,-22.614806581235978,-22.614806581235978,23.107045030198687,0.49223844896270846,3.466056754529803,0.03691788367220313,3.4291388708576
2025-07-08 00:00:00-04:00,8.2015011189,8.2015011189,27.464750107396906,27.464750107396906,-19.263248988496905,-19.263248988496905,20.975965384457623,1.7127163959607155,3.1463948076686434,0.12845372969705365,3.0179410779715896
2025-07-09 00:00:00-04:00,7.126080191999999,7.126080191999999,28.54268553020972,28.54268553020972,-21.41660533820972,-21.41660533820972,22.230319395639473,0.8137140574297539,3.334547909345921,0.06102855430723154,3.2735193550386894
2025-07-10 00:00:00-04:00,7.713182736899999,7.713182736899999,27.128048232255633,27.128048232255633,-19.414865495355635,-19.414865495355635,21.09636222375426,1.6814967283986242,3.1644543335631385,0.1261122546298968,3.038342078933242
2025-07-11 00:00:00-04:00,7.816411244249999,7.816411244249999,30.512163423361002,30.512163423361002,-22.695752179111,-22.695752179111,24.046486915011553,1.3507347359005513,3.606973037251733,0.10130510519254134,3.5056679320591915
2025-07-12 00:00:00-04:00,6.921512827649998,6.921512827649998,34.15325545892537,34.15325545892537,-27.23174263127537,-27.23174263127537,27.70541860062653,0.47367596935115897,4.15581279009398,0.03552569770133692,4.120287092392643
2025-07-13 00:00:00-04:00,5.505048777149999,5.505048777149999,34.74435010824134,34.74435010824134,-29.239301331091347,-29.239301331091347,29.608119513298522,0.368818182207177,4.441217926994778,0.027661363665538275,4.41355656332924
2025-07-14 00:00:00-04:00,3.348667691099999,3.348667691099999,29.82569737431074,29.82569737431074,-26.47702968321074,-26.47702968321074,26.47702968321074,0.0,3.971554452481611,0.0,3.971554452481611
2025-07-15 00:00:00-04:00,7.0433885501999995,7.0433885501999995,30.631383631924873,30.631383631924873,-23.587995081724873,-23.587995081724873,24.492599173045,0.9046040913201264,3.6738898759567498,0.06784530684900948,3.6060445691077403
2025-07-16 00:00:00-04:00,7.770606974099999,7.770606974099999,26.69693433121155,26.69693433121155,-18.926327357111553,-18.926327357111553,20.604961957885674,1.6786346007741195,3.090744293682851,0.12589759505805895,2.964846698624792
2025-07-17 00:00:00-04:00,6.815976678899999,6.815976678899999,30.70994511873535,30.70994511873535,-23.89396843983535,-23.89396843983535,24.79251187950371,0.8985434396683579,3.718876781925556,0.06739075797512684,3.6514860239504294
2025-07-18 00:00:00-04:00,7.653404377799999,7.653404377799999,27.879480191043193,27.879480191043193,-20.226075813243195,-20.226075813243195,21.655264365832082,1.4291885525888892,3.2482896548748124,0.10718914144416669,3.141100513430646
2025-07-19 00:00:00-04:00,8.295850826099999,8.295850826099999,31.701366160634624,31.701366160634624,-23.405515334534623,-23.405515334534623,24.901384222915063,1.495868888380438,3.735207633437259,0.11219016662853286,3.6230174668087263
2025-07-20 00:00:00-04:00,8.403845872949999,8.403845872949999,30.73496385113678,30.73496385113678,-22.33111797818678,-22.33111797818678,24.003553236902963,1.6724352587161841,3.600532985535444,0.1254326444037138,3.4751003411317303
2025-07-21 00:00:00-04:00,8.4004649046,8.4004649046,27.634992484062646,27.634992484062646,-19.234527579462647,-19.234527579462647,21.079454628105875,1.8449270486432297,3.161918194215881,0.13836952864824223,3.023548665567639
2025-07-22 00:00:00-04:00,7.9309540475999984,7.9309540475999984,31.62739643577402,31.62739643577402,-23.69644238817402,-23.69644238817402,25.118478685350254,1.4220362971762328,3.767771802802538,0.10665272228821746,3.6611190805143203
2025-07-23 00:00:00-04:00,6.545755712249998,6.545755712249998,26.81036507193381,26.81036507193381,-20.264609359683813,-20.264609359683813,21.748517026089605,1.4839076664057935,3.2622775539134405,0.11129307498043452,3.150984478933006
2025-07-24 00:00:00-04:00,7.916912189999999,7.916912189999999,29.25400985577222,29.25400985577222,-21.33709766577222,-21.33709766577222,22.740422108268856,1.403324442496634,3.411063316240328,0.10524933318724755,3.3058139830530804
2025-07-25 00:00:00-04:00,8.2779345468,8.2779345468,30.71916890236475,30.71916890236475,-22.44123435556475,-22.44123435556475,23.904528632199543,1.463294276634794,3.5856792948299314,0.10974707074760955,3.475932224082322
2025-07-26 00:00:00-04:00,8.317193202899999,8.317193202899999,34.58273608781053,34.58273608781053,-26.265542884910534,-26.265542884910534,27.641720624697843,1.3761777397873112,4.1462580937046765,0.10321333048404834,4.043044763220628
2025-07-27 00:00:00-04:00,8.092710811349999,8.092710811349999,34.540308602469445,34.540308602469445,-26.447597791119446,-26.447597791119446,27.586788840358082,1.139191049238638,4.138018326053712,0.08543932869289785,4.052578997360814
2025-07-28 00:00:00-04:00,7.880556754799999,7.880556754799999,28.840734233875374,28.840734233875374,-20.960177479075373,-20.960177479075373,22.665563415139367,1.7053859360639945,3.399834512270905,0.12790394520479959,3.2719305670661054
2025-07-29 00:00:00-04:00,7.90839423945,7.90839423945,29.51272011134489,29.51272011134489,-21.604325871894893,-21.604325871894893,23.394196115471104,1.7898702435762113,3.5091294173206653,0.13424026826821583,3.3748891490524495
2025-07-30 00:00:00-04:00,8.378539281899998,8.378539281899998,28.06451443284646,28.06451443284646,-19.685975150946465,-19.685975150946465,21.584131585115202,1.8981564341687371,3.23761973776728,0.14236173256265527,3.095258005204625
2025-07-31 00:00:00-04:00,8.042858478449999,8.042858478449999,26.764424532066993,26.764424532066993,-18.721566053616996,-18.721566053616996,20.733358683392797,2.011792629775803,3.1100038025089196,0.1508844472331852,2.9591193552757344
2025-08-01 00:00:00-04:00,8.113429929599999,8.113429929599999,28.12333619517387,28.12333619517387,-20.00990626557387,-20.00990626557387,21.98415906434375,1.9742527987698781,3.2976238596515626,0.14806895990774085,3.149554899743822
2025-08-02 00:00:00-04:00,8.197382274299999,8.197382274299999,29.29363285197001,29.29363285197001,-21.09625057767001,-21.09625057767001,22.979637692694702,1.8833871150246904,3.4469456539042054,0.14125403362685177,3.3056916202773534
2025-08-03 00:00:00-04:00,8.100897563699998,8.100897563699998,33.65021269212897,33.65021269212897,-25.54931512842897,-25.54931512842897,26.950369527588542,1.4010543991595727,4.0425554291382815,0.10507907993696795,3.9374763492013134
2025-08-04 00:00:00-04:00,7.964771613749999,7.964771613749999,28.665763571658246,28.665763571658246,-20.700991957908247,-20.700991957908247,22.510804794640674,1.8098128367324282,3.376620719196101,0.1357359627549321,3.2408847564411687
2025-08-05 00:00:00-04:00,8.18494239825,8.18494239825,29.966333436066773,29.966333436066773,-21.781391037816775,-21.781391037816775,23.4475969312723,1.6662058934555253,3.517139539690845,0.12496544200916439,3.3921740976816808
2025-08-06 00:00:00-04:00,7.878321045449999,7.878321045449999,26.856460901920666,26.856460901920666,-18.97813985647067,-18.97813985647067,20.860077646623793,1.881937790153125,3.1290116469935687,0.14114533426148437,2.987866312732084
2025-08-07 00:00:00-04:00,4.433196372749999,4.433196372749999,27.993688358350614,27.993688358350614,-23.560491985600613,-23.560491985600613,23.560491985600613,0.0,3.534073797840092,0.0,3.534073797840092
2025-08-08 00:00:00-04:00,5.1083833045499984,5.1083833045499984,29.304980333478994,29.304980333478994,-24.196597028928995,-24.196597028928995,25.16570335597864,0.9691063270496425,3.774855503396796,0.07268297452872319,3.702172528868073
2025-08-09 00:00:00-04:00,1.2414985708499993,1.2414985708499993,33.17122513352692,33.17122513352692,-31.929726562676915,-31.929726562676915,31.929726562676915,0.0,4.789458984401537,0.0,4.789458984401537
2025-08-10 00:00:00-04:00,7.029196992449998,7.029196992449998,32.84124536866363,32.84124536866363,-25.81204837621363,-25.81204837621363,26.83474491096156,1.0226965347479298,4.025211736644234,0.07670224010609474,3.9485094965381395
2025-08-11 00:00:00-04:00,7.98484186125,7.98484186125,28.95990268448996,28.95990268448996,-20.97506082323996,-20.97506082323996,22.74770837792342,1.772647554683458,3.412156256688513,0.13294856660125934,3.2792076900872535
2025-08-12 00:00:00-04:00,8.074118971799999,8.074118971799999,31.61842236035874,31.61842236035874,-23.544303388558742,-23.544303388558742,25.117242535957402,1.5729391473986598,3.76758638039361,0.11797043605489949,3.6496159443387106
2025-08-13 00:00:00-04:00,8.1376258959,8.1376258959,30.32658604927395,30.32658604927395,-22.18896015337395,-22.18896015337395,23.950727211552724,1.7617670581787748,3.5926090817329084,0.1321325293634081,3.4604765523695002
2025-08-14 00:00:00-04:00,8.153661503699999,8.153661503699999,26.67473716844223,26.67473716844223,-18.521075664742234,-18.521075664742234,20.733911778754013,2.21283611401178,3.110086766813102,0.1659627085508835,2.944124058262218
2025-08-15 00:00:00-04:00,8.18761533345,8.18761533345,27.562288442434653,27.562288442434653,-19.374673108984652,-19.374673108984652,21.246556526535677,1.8718834175510264,3.1869834789803515,0.14039125631632698,3.0465922226640245
2025-08-16 00:00:00-04:00,8.204422093649999,8.204422093649999,30.273965461275566,30.273965461275566,-22.069543367625567,-22.069543367625567,23.818228073818815,1.7486847061932465,3.5727342110728224,0.13115135296449348,3.4415828581083288
2025-08-17 00:00:00-04:00,8.2080613305,8.2080613305,31.300243798176794,31.300243798176794,-23.092182467676796,-23.092182467676796,24.883680536351605,1.7914980686748074,3.7325520804527406,0.13436235515061054,3.59818972530213
2025-08-18 00:00:00-04:00,8.4661949277,8.4661949277,28.44927171718752,28.44927171718752,-19.98307678948752,-19.98307678948752,22.031766071380904,2.0486892818933824,3.3047649107071355,0.15365169614200366,3.151113214565132
2025-08-19 00:00:00-04:00,5.864075134649999,5.864075134649999,30.82566620690797,30.82566620690797,-24.961591072257974,-24.961591072257974,25.216780021068782,0.2551889488108088,3.7825170031603172,0.019139171160810656,3.7633778319995064
2025-08-20 00:00:00-04:00,7.748842882949998,7.748842882949998,30.781983306634544,30.781983306634544,-23.033140423684547,-23.033140423684547,24.44708440755847,1.413943983873927,3.6670626611337704,0.10604579879054452,3.561016862343226
2025-08-21 00:00:00-04:00,4.854239474399999,4.854239474399999,27.257640584015252,27.257640584015252,-22.403401109615253,-22.403401109615253,23.4441223942625,1.040721284647247,3.516618359139375,0.07805409634854352,3.4385642627908313
2025-08-22 00:00:00-04:00,5.814049097249999,5.814049097249999,29.4157166272082,29.4157166272082,-23.601667529958203,-23.601667529958203,24.596882187529715,0.995214657571511,3.689532328129457,0.07464109931786332,3.6148912288115937
2025-08-23 00:00:00-04:00,2.679167458799999,2.679167458799999,32.72641121379451,32.72641121379451,-30.04724375499451,-30.04724375499451,30.04724375499451,0.0,4.507086563249176,0.0,4.507086563249176
2025-08-24 00:00:00-04:00,5.806102416749999,5.806102416749999,31.16806048888309,31.16806048888309,-25.36195807213309,-25.36195807213309,25.488798376609452,0.1268403044763623,3.8233197564914176,0.009513022835727173,3.8138067336556905
2025-08-25 00:00:00-04:00,8.291556910799999,8.291556910799999,27.323804979896092,27.323804979896092,-19.03224806909609,-19.03224806909609,21.168805399207503,2.13655733011141,3.1753208098811254,0.16024179975835576,3.01507901012277
2025-08-26 00:00:00-04:00,7.985388892049999,7.985388892049999,27.645689590121638,27.645689590121638,-19.66030069807164,-19.66030069807164,21.495127688317645,1.8348269902460057,3.2242691532476466,0.13761202426845043,3.086657128979196
2025-08-27 00:00:00-04:00,6.0704563293,6.0704563293,27.778411181259422,27.778411181259422,-21.70795485195942,-21.70795485195942,21.932253388484703,0.22429853652527998,3.2898380082727052,0.016822390239396,3.2730156180333094
2025-08-28 00:00:00-04:00,5.684511135149998,5.684511135149998,29.42778022969777,29.42778022969777,-23.743269094547774,-23.743269094547774,23.97698128301968,0.23371218847190522,3.596547192452952,0.01752841413539289,3.579018778317559
2025-08-29 00:00:00-04:00,6.228783473399999,6.228783473399999,29.575347114275488,29.575347114275488,-23.346563640875488,-23.346563640875488,24.15985597859123,0.8132923377157424,3.6239783967886847,0.06099692532868067,3.562981471460004
2025-08-30 00:00:00-04:00,4.451525827649999,4.451525827649999,32.2413703513861,32.2413703513861,-27.789844523736104,-27.789844523736104,27.789844523736104,0.0,4.168476678560415,0.0,4.168476678560415
2025-08-31 00:00:00-04:00,3.8472284096999996,3.8472284096999996,31.767929844377218,31.767929844377218,-27.920701434677216,-27.920701434677216,27.983982156053695,0.06328072137647789,4.197597323408054,0.004746054103235841,4.1928512693048186
2025-09-01 00:00:00-04:00,6.2446733297999995,6.2446733297999995,28.32136719084612,28.32136719084612,-22.076693861046124,-22.076693861046124,22.8915525879177,0.8148587268715785,3.433732888187655,0.061114404515368384,3.372618483672287
2025-09-02 00:00:00-04:00,7.370654281199998,7.370654281199998,27.6021969804856,27.6021969804856,-20.2315426992856,-20.2315426992856,21.612237640868827,1.380694941583227,3.241835646130324,0.10355212061874203,3.1382835255115817
2025-09-03 00:00:00-04:00,3.416253175799999,3.416253175799999,28.58330899486543,28.58330899486543,-25.16705581906543,-25.16705581906543,25.16705581906543,0.0,3.775058372859814,0.0,3.775058372859814
2025-09-04 00:00:00-04:00,4.426508987099999,4.426508987099999,26.655063184836724,26.655063184836724,-22.228554197736724,-22.228554197736724,22.28567433062594,0.057120132889218356,3.342851149593891,0.004284009966691376,3.3385671396272
2025-09-05 00:00:00-04:00,2.2446281195999993,2.2446281195999993,29.30723315610389,29.30723315610389,-27.062605036503893,-27.062605036503893,27.062605036503893,0.0,4.059390755475584,0.0,4.059390755475584
2025-09-06 00:00:00-04:00,2.448833390999999,2.448833390999999,32.704235312175726,32.704235312175726,-30.255401921175725,-30.255401921175725,30.255401921175725,0.0,4.538310288176358,0.0,4.538310288176358
2025-09-07 00:00:00-04:00,4.8624933312,4.8624933312,32.3309730416511,32.3309730416511,-27.4684797104511,-27.4684797104511,27.475419955185423,0.006940244734326084,4.121312993277813,0.0005205183550744563,4.120792474922739
2025-09-08 00:00:00-04:00,4.676874225299999,4.676874225299999,28.971251303531687,28.971251303531687,-24.294377078231687,-24.294377078231687,24.340868516226458,0.04649143799476818,3.6511302774339685,0.0034868578496076133,3.647643419584361
2025-09-09 00:00:00-04:00,3.7216539152999992,3.7216539152999992,28.257141921661326,28.257141921661326,-24.535488006361327,-24.535488006361327,24.572069236804744,0.03658123044341893,3.6858103855207114,0.00274359228325642,3.683066793237455
2025-09-10 00:00:00-04:00,3.9337446932999995,3.9337446932999995,27.66207777442557,27.66207777442557,-23.72833308112557,-23.72833308112557,23.791487825331355,0.0631547442057866,3.5687231737997034,0.004736605815433994,3.5639865679842693
2025-09-11 00:00:00-04:00,6.362641624499999,6.362641624499999,30.519679005072916,30.519679005072916,-24.157037380572916,-24.157037380572916,25.047630007741517,0.8905926271685993,3.7571445011612274,0.06679444703764495,3.6903500541235825
2025-09-12 00:00:00-04:00,2.740820862599999,2.740820862599999,27.674991872186375,27.674991872186375,-24.934171009586375,-24.934171009586375,24.934171009586375,0.0,3.740125651437956,0.0,3.740125651437956
2025-09-13 00:00:00-04:00,6.597467331299999,6.597467331299999,31.983960016798505,31.983960016798505,-25.386492685498506,-25.386492685498506,25.912564912054123,0.526072226555619,3.8868847368081183,0.039455416991671426,3.847429319816447
2025-09-14 00:00:00-04:00,8.4254328063,8.4254328063,29.536701544794063,29.536701544794063,-21.111268738494065,-21.111268738494065,23.0787048973651,1.9674361588710352,3.461805734604765,0.14755771191532763,3.3142480226894375
2025-09-15 00:00:00-04:00,7.6267568600999995,7.6267568600999995,27.737224904812592,27.737224904812592,-20.110468044712594,-20.110468044712594,21.947392951759642,1.836924907047051,3.2921089427639463,0.13776936802852882,3.1543395747354173
2025-09-16 00:00:00-04:00,5.939689081499999,5.939689081499999,27.847029736384357,27.847029736384357,-21.907340654884358,-21.907340654884358,22.337621787196333,0.4302811323119733,3.35064326807945,0.032271084923397995,3.318372183156052
2025-09-17 00:00:00-04:00,2.7869886620999993,2.7869886620999993,26.816096346230132,26.816096346230132,-24.029107684130135,-24.029107684130135,24.029107684130135,0.0,3.6043661526195203,0.0,3.6043661526195203
2025-09-18 00:00:00-04:00,5.0255405505,5.0255405505,26.023139673627426,26.023139673627426,-20.997599123127426,-20.997599123127426,22.132507886275413,1.1349087631479848,3.3198761829413117,0.08511815723609886,3.234758025705213
2025-09-19 00:00:00-04:00,8.423753676299999,8.423753676299999,26.85153348443361,26.85153348443361,-18.42777980813361,-18.42777980813361,20.481243250737176,2.053463442603565,3.0721864876105762,0.15400975819526738,2.918176729415309
2025-09-20 00:00:00-04:00,5.648009115599999,5.648009115599999,31.75182845780864,31.75182845780864,-26.103819342208638,-26.103819342208638,26.301046281296934,0.19722693908829558,3.94515694219454,0.014792020431622168,3.930364921762918
2025-09-21 00:00:00-04:00,4.0571567685,4.0571567685,31.511540835214188,31.511540835214188,-27.454384066714187,-27.454384066714187,27.490152425914978,0.03576835920078991,4.1235228638872465,0.002682626940059243,4.1208402369471875
2025-09-22 00:00:00-04:00,6.3254075498999995,6.3254075498999995,31.350240078918276,31.350240078918276,-25.024832529018276,-25.024832529018276,25.572149724650497,0.5473171956322198,3.8358224586975744,0.041048789672416486,3.794773669025158
2025-09-23 00:00:00-04:00,5.268908409299999,5.268908409299999,28.9387325149615,28.9387325149615,-23.6698241056615,-23.6698241056615,23.91005974464847,0.24023563898696976,3.5865089616972705,0.018017672924022732,3.568491288773248
2025-09-24 00:00:00-04:00,5.1099482421,5.1099482421,30.730981566957983,30.730981566957983,-25.621033324857983,-25.621033324857983,25.621033324857983,0.0,3.8431549987286973,0.0,3.8431549987286973
2025-09-25 00:00:00-04:00,6.5573744643,6.5573744643,32.28550606632515,32.28550606632515,-25.72813160202515,-25.72813160202515,26.32626392779902,0.5981323257738684,3.9489395891698527,0.044859924433040134,3.9040796647368126
2025-09-26 00:00:00-04:00,8.595686487599998,8.595686487599998,27.28588495410496,27.28588495410496,-18.69019846650496,-18.69019846650496,20.799573050630148,2.1093745841251863,3.1199359575945222,0.15820309380938896,2.9617328637851332
2025-09-27 00:00:00-04:00,8.037143163,8.037143163,32.75752571949284,32.75752571949284,-24.720382556492844,-24.720382556492844,26.016761717720318,1.296379161227474,3.9025142576580474,0.09722843709206054,3.8052858205659867
2025-09-28 00:00:00-04:00,5.641242698249999,5.641242698249999,32.86845040248423,32.86845040248423,-27.227207704234228,-27.227207704234228,27.449640824518838,0.22243312028460704,4.1174461236778255,0.016682484021345527,4.10076363965648
2025-09-29 00:00:00-04:00,7.206470914049999,7.206470914049999,28.65019356910659,28.65019356910659,-21.443722655056593,-21.443722655056593,22.98362724618094,1.5399045911243463,3.447544086927141,0.11549284433432597,3.332051242592815
2025-09-30 00:00:00-04:00,6.023130153004991,6.023130153004991,31.781736264762465,31.781736264762465,-25.758606111757473,-25.758606111757473,26.00300945995695,0.2444033481994764,3.9004514189935424,0.01833025111496073,3.882121167878582
2025-10-01 00:00:00-04:00,6.1248250897414,6.1248250897414,30.32202433463244,30.32202433463244,-24.197199244891042,-24.197199244891042,24.684077898963373,0.4868786540723342,3.7026116848445056,0.036515899055425065,3.666095785789081
2025-10-02 00:00:00-04:00,6.193592766501278,6.193592766501278,27.77571029117522,27.77571029117522,-21.582117524673944,-21.582117524673944,22.11752412431344,0.5354065996394965,3.317628618647016,0.04015549497296224,3.2774731236740537
2025-10-03 00:00:00-04:00,6.165675653743678,6.165675653743678,31.59495328312731,31.59495328312731,-25.42927762938363,-25.42927762938363,25.78373809821046,0.35446046882682747,3.8675607147315687,0.02658453516201206,3.8409761795695565
2025-10-04 00:00:00-04:00,6.528550005487966,6.528550005487966,31.881515535400236,31.881515535400236,-25.352965529912268,-25.352965529912268,25.594955859238983,0.24199032932671305,3.8392433788858473,0.01814927469950348,3.821094104186344
2025-10-05 00:00:00-04:00,6.604417481419741,6.604417481419741,33.166633271266946,33.166633271266946,-26.562215789847205,-26.562215789847205,26.816911206724416,0.25469541687721065,4.0225366810086625,0.019102156265790798,4.003434524742872
2025-10-06 00:00:00-04:00,6.602980677230139,6.602980677230139,29.56105887220292,29.56105887220292,-22.95807819497278,-22.95807819497278,23.500892984175195,0.5428147892024136,3.525133947626279,0.04071110919018101,3.4844228384360982
2025-10-07 00:00:00-04:00,6.693080760495611,6.693080760495611,28.546212436184767,28.546212436184767,-21.853131675689156,-21.853131675689156,22.393437017849653,0.540305342160495,3.3590155526774477,0.04052290066203712,3.3184926520154105
2025-10-08 00:00:00-04:00,6.784311132706573,6.784311132706573,29.255994336914853,29.255994336914853,-22.471683204208283,-22.471683204208283,23.057079107743498,0.5853959035352149,3.4585618661615247,0.04390469276514111,3.4146571733963835
2025-10-09 00:00:00-04:00,6.872282403154469,6.872282403154469,29.072451675577316,29.072451675577316,-22.200169272422844,-22.200169272422844,22.918234659363154,0.7180653869403094,3.437735198904473,0.0538549040205232,3.3838802948839497
2025-10-10 00:00:00-04:00,6.6852248808719725,6.6852248808719725,30.669022815263236,30.669022815263236,-23.983797934391266,-23.983797934391266,24.31052402447076,0.3267260900794934,3.646578603670614,0.024504456755962002,3.622074146914652
2025-10-11 00:00:00-04:00,6.729304233007204,6.729304233007204,33.71071506492768,33.71071506492768,-26.981410831920478,-26.981410831920478,27.27379525000593,0.2923844180854507,4.091069287500889,0.0219288313564088,4.06914045614448
2025-10-12 00:00:00-04:00,6.751848728050121,6.751848728050121,33.06280396073222,33.06280396073222,-26.310955232682097,-26.310955232682097,26.699142572500307,0.38818733981820897,4.004871385875046,0.029114050486365672,3.9757573353886806
2025-10-13 00:00:00-04:00,6.798671017292426,6.798671017292426,26.919697741685454,26.919697741685454,-20.121026724393026,-20.121026724393026,20.90273337113142,0.7817066467383922,3.1354100056697125,0.05862799850537941,3.0767820071643333
2025-10-14 00:00:00-04:00,6.986340897324947,6.986340897324947,29.639847721052057,29.639847721052057,-22.65350682372711,-22.65350682372711,23.22051081763709,0.5670039939099822,3.4830766226455636,0.042525299543248664,3.440551323102315
2025-10-15 00:00:00-04:00,6.93594694593321,6.93594694593321,27.04754354710481,27.04754354710481,-20.1115966011716,-20.1115966011716,20.92418541493771,0.8125888137661132,3.1386278122406566,0.06094416103245849,3.077683651208198
2025-10-16 00:00:00-04:00,7.038790681603154,7.038790681603154,28.21233167492842,28.21233167492842,-21.173540993325265,-21.173540993325265,21.919054376293033,0.7455133829677683,3.287858156443955,0.055913503722582615,3.2319446527213724
2025-10-17 00:00:00-04:00,7.11951249967777,7.11951249967777,26.91791376946594,26.91791376946594,-19.79840126978817,-19.79840126978817,20.715180532001362,0.9167792622131942,3.107277079800204,0.06875844466598956,3.0385186351342144
2025-10-18 00:00:00-04:00,7.128159016082501,7.128159016082501,34.62134122044794,34.62134122044794,-27.493182204365436,-27.493182204365436,27.813498406641514,0.32031620227607593,4.172024760996227,0.024023715170705694,4.148001045825522
2025-10-19 00:00:00-04:00,7.14950215439036,7.14950215439036,29.91100328615701,29.91100328615701,-22.761501131766646,-22.761501131766646,23.456724331401382,0.695223199634734,3.518508649710207,0.05214173997260505,3.466366909737602
2025-10-20 00:00:00-04:00,7.355056053773136,7.355056053773136,30.352734296194672,30.352734296194672,-22.997678242421536,-22.997678242421536,23.838817493042267,0.8411392506207308,3.57582262395634,0.06308544379655481,3.5127371801597853
2025-10-21 00:00:00-04:00,7.396114685689548,7.396114685689548,29.057673708510524,29.057673708510524,-21.661559022820978,-21.661559022820978,22.51109427337457,0.849535250553594,3.3766641410061857,0.06371514379151955,3.312948997214666
2025-10-22 00:00:00-04:00,7.469683864434276,7.469683864434276,27.656994822590313,27.656994822590313,-20.187310958156036,-20.187310958156036,21.362780096347695,1.17546913819166,3.204417014452154,0.08816018536437449,3.1162568290877797
2025-10-23 00:00:00-04:00,7.5136145565394665,7.5136145565394665,27.65155536089255,27.65155536089255,-20.137940804353086,-20.137940804353086,21.199367705824756,1.0614269014716675,3.1799051558737133,0.07960701761037506,3.100298138263338
2025-10-24 00:00:00-04:00,7.615493451242593,7.615493451242593,31.30624806171139,31.30624806171139,-23.690754610468797,-23.690754610468797,24.594410931865788,0.903656321396993,3.689161639779868,0.06777422410477447,3.621387415675094
2025-10-25 00:00:00-04:00,7.707496601582737,7.707496601582737,29.048844915735437,29.048844915735437,-21.3413483141527,-21.3413483141527,22.306705918891133,0.9653576047384325,3.34600588783367,0.07240182035538244,3.2736040674782876
2025-10-26 00:00:00-04:00,7.428749608672774,7.428749608672774,29.597628137230732,29.597628137230732,-22.168878528557958,-22.168878528557958,23.26857120583095,1.099692677272989,3.490285680874642,0.08247695079547417,3.407808730079168
2025-10-27 00:00:00-04:00,7.496395717781265,7.496395717781265,29.269046232758075,29.269046232758075,-21.77265051497681,-21.77265051497681,22.75242418582196,0.9797736708451477,3.4128636278732936,0.07348302531338607,3.3393806025599075
2025-10-28 00:00:00-04:00,7.491406880588416,7.491406880588416,30.526182119493868,30.526182119493868,-23.03477523890545,-23.03477523890545,24.02521125661565,0.9904360177101982,3.6037816884923473,0.07428270132826487,3.5294989871640823
2025-10-29 00:00:00-04:00,7.444941530543209,7.444941530543209,26.17371682650267,26.17371682650267,-18.728775295959462,-18.728775295959462,20.034354119291148,1.3055788233316878,3.005153117893672,0.09791841174987659,2.9072347061437958
2025-10-30 00:00:00-04:00,7.462339118745074,7.462339118745074,28.238584478532744,28.238584478532744,-20.77624535978767,-20.77624535978767,21.903795620453753,1.1275502606660823,3.285569343068063,0.08456626954995618,3.2010030735181068
2025-10-31 00:00:00-04:00,7.638165282413937,7.638165282413937,27.08627566084879,27.08627566084879,-19.448110378434855,-19.448110378434855,20.803389252781948,1.3552788743470918,3.120508387917292,0.10164591557603188,3.0188624723412603
2025-11-01 00:00:00-04:00,7.671077250767192,7.671077250767192,31.850538766997243,31.850538766997243,-24.179461516230052,-24.179461516230052,25.192249768000206,1.0127882517701554,3.7788374652000307,0.07595911888276165,3.702878346317269
2025-11-02 00:00:00-04:00,7.9715288702275355,7.9715288702275355,32.3022636562441,32.3022636562441,-24.330734786016567,-24.330734786016567,24.957391163010268,0.6266563769937029,3.74360867445154,0.04699922827452772,3.6966094461770123
2025-11-03 00:00:00-05:00,7.889489782993028,7.889489782993028,31.58036118290933,31.58036118290933,-23.6908713999163,-23.6908713999163,24.36307817241176,0.6722067724954591,3.654461725861764,0.05041550793715943,3.6040462179246044
2025-11-04 00:00:00-05:00,7.775028475145002,7.775028475145002,32.228497640770776,32.228497640770776,-24.453469165625776,-24.453469165625776,24.97128797990204,0.5178188142762647,3.745693196985306,0.038836411070719855,3.706856785914586
2025-11-05 00:00:00-05:00,7.74895800940589,7.74895800940589,29.990917126121715,29.990917126121715,-22.241959116715826,-22.241959116715826,22.83044435678244,0.5884852400666137,3.424566653517366,0.04413639300499603,3.38043026051237
2025-11-06 00:00:00-05:00,7.642980419715918,7.642980419715918,28.195666718917163,28.195666718917163,-20.552686299201245,-20.552686299201245,21.32049798381731,0.7678116846160669,3.1980746975725967,0.05758587634620501,3.1404888212263917
2025-11-07 00:00:00-05:00,7.634212836716984,7.634212836716984,31.90852392794599,31.90852392794599,-24.274311091229006,-24.274311091229006,24.71394020000674,0.43962910877773276,3.7070910300010107,0.032972183158329955,3.674118846842681
2025-11-08 00:00:00-05:00,7.478903260992038,7.478903260992038,34.559527762250696,34.559527762250696,-27.080624501258658,-27.080624501258658,27.253976094657432,0.1733515933987757,4.088096414198614,0.013001369504908178,4.075095044693706
2025-11-09 00:00:00-05:00,7.562322289713783,7.562322289713783,30.1276239001692,30.1276239001692,-22.565301610455418,-22.565301610455418,23.095124052126952,0.5298224416715338,3.4642686078190428,0.03973668312536503,3.4245319246936776
2025-11-10 00:00:00-05:00,7.535590323994529,7.535590323994529,27.13645850227492,27.13645850227492,-19.60086817828039,-19.60086817828039,20.40550539188784,0.804637213607448,3.060825808783176,0.060347791020558594,3.0004780177626174
2025-11-11 00:00:00-05:00,7.522618348898043,7.522618348898043,28.127302735633286,28.127302735633286,-20.604684386735244,-20.604684386735244,21.30949447685636,0.7048100901211154,3.196424171528454,0.05286075675908365,3.1435634147693703
2025-11-12 00:00:00-05:00,7.530579953490138,7.530579953490138,31.710350764455466,31.710350764455466,-24.17977081096533,-24.17977081096533,24.54335148361938,0.36358067265404814,3.6815027225429064,0.02726855044905361,3.6542341720938527
2025-11-13 00:00:00-05:00,7.613075119236594,7.613075119236594,29.211869277250745,29.211869277250745,-21.59879415801415,-21.59879415801415,22.331814578800063,0.7330204207859139,3.3497721868200094,0.05497653155894354,3.294795655261066
2025-11-14 00:00:00-05:00,7.672228821880202,7.672228821880202,27.95432959019842,27.95432959019842,-20.282100768318216,-20.282100768318216,21.040543691872493,0.7584429235542754,3.156081553780874,0.05688321926657065,3.0991983345143033
2025-11-15 00:00:00-05:00,7.781334000489426,7.781334000489426,33.634718065564364,33.634718065564364,-25.85338406507494,-25.85338406507494,26.23645565146599,0.38307158639105054,3.9354683477198984,0.02873036897932879,3.9067379787405696
2025-11-16 00:00:00-05:00,7.713164258714409,7.713164258714409,29.98719613927307,29.98719613927307,-22.274031880558663,-22.274031880558663,22.862745453179937,0.5887135726212728,3.4294118179769906,0.04415351794659546,3.385258300030395
2025-11-17 00:00:00-05:00,7.746124078876052,7.746124078876052,28.295073096454267,28.295073096454267,-20.548949017578217,-20.548949017578217,21.483215526481963,0.9342665089037485,3.2224823289722946,0.07006998816778114,3.1524123408045135
2025-11-18 00:00:00-05:00,7.779988584529918,7.779988584529918,28.519348554601546,28.519348554601546,-20.73935997007163,-20.73935997007163,21.464313481322506,0.7249535112508757,3.2196470221983757,0.054371513343815674,3.16527550885456
2025-11-19 00:00:00-05:00,7.79301227145162,7.79301227145162,26.935921622733133,26.935921622733133,-19.142909351281514,-19.142909351281514,20.202886736483485,1.059977385201973,3.030433010472523,0.07949830389014796,2.950934706582375
2025-11-20 00:00:00-05:00,7.7818308844361015,7.7818308844361015,30.058388384649554,30.058388384649554,-22.276557500213453,-22.276557500213453,23.08863059078505,0.8120730905715993,3.4632945886177575,0.06090548179286994,3.4023891068248875
2025-11-21 00:00:00-05:00,7.7190260770965615,7.7190260770965615,27.26230170476132,27.26230170476132,-19.54327562766476,-19.54327562766476,20.520931363675906,0.9776557360111473,3.078139704551386,0.07332418020083604,3.00481552435055
2025-11-22 00:00:00-05:00,7.733284538550544,7.733284538550544,31.582030602778005,31.582030602778005,-23.848746064227463,-23.848746064227463,24.44328054981578,0.5945344855883162,3.6664920824723666,0.044590086419123716,3.621901996053243
2025-11-23 00:00:00-05:00,7.843141827177969,7.843141827177969,34.69336464548583,34.69336464548583,-26.85022281830786,-26.85022281830786,27.240871564838145,0.3906487465302845,4.086130734725722,0.029298655989771334,4.05683207873595
2025-11-24 00:00:00-05:00,7.942476859650288,7.942476859650288,30.176071576611587,30.176071576611587,-22.2335947169613,-22.2335947169613,22.979979794490617,0.7463850775293179,3.4469969691735924,0.055978880814698845,3.3910180883588934
2025-11-25 00:00:00-05:00,8.0015676434389,8.0015676434389,27.402059705907224,27.402059705907224,-19.400492062468324,-19.400492062468324,20.297421605490467,0.8969295430221429,3.04461324082357,0.06726971572666071,2.9773435250969094
2025-11-26 00:00:00-05:00,7.985389406734625,7.985389406734625,27.850173724248314,27.850173724248314,-19.864784317513692,-19.864784317513692,20.877018518230475,1.0122342007167862,3.131552777734571,0.07591756505375896,3.055635212680812
2025-11-27 00:00:00-05:00,8.112477034916406,8.112477034916406,26.932300383245888,26.932300383245888,-18.81982334832948,-18.81982334832948,20.058693743681896,1.238870395352417,3.008804061552284,0.09291527965143127,2.9158887819008528
2025-11-28 00:00:00-05:00,8.104164948498937,8.104164948498937,28.414323583839167,28.414323583839167,-20.31015863534023,-20.31015863534023,21.300865080095097,0.9907064447548652,3.1951297620142642,0.0743029833566149,3.1208267786576496
2025-11-29 00:00:00-05:00,8.241192216467836,8.241192216467836,34.88289769659598,34.88289769659598,-26.64170548012815,-26.64170548012815,27.14867092486384,0.5069654447356882,4.072300638729576,0.03802240835517661,4.034278230374399
2025-11-30 00:00:00-05:00,8.215876279413482,8.215876279413482,32.958782684242784,32.958782684242784,-24.742906404829306,-24.742906404829306,25.480883389149135,0.7379769843198274,3.82213250837237,0.055348273823987056,3.766784234548383
2025-12-01 00:00:00-05:00,8.17570150857289,8.17570150857289,28.361274396324472,28.361274396324472,-20.18557288775158,-20.18557288775158,21.256350942212272,1.0707780544606924,3.188452641331841,0.08030835408455193,3.108144287247289
2025-12-02 00:00:00-05:00,8.1116552064939,8.1116552064939,30.21262724764403,30.21262724764403,-22.100972041150126,-22.100972041150126,22.87135142465826,0.7703793835081354,3.430702713698739,0.05777845376311015,3.372924259935629
2025-12-03 00:00:00-05:00,7.951658528999296,7.951658528999296,30.767624760581068,30.767624760581068,-22.815966231581772,-22.815966231581772,23.570450738915113,0.7544845073333414,3.535567610837267,0.0565863380500006,3.478981272787266
2025-12-04 00:00:00-05:00,7.785902093589515,7.785902093589515,31.825961370224647,31.825961370224647,-24.040059276635134,-24.040059276635134,24.650846462381647,0.6107871857465136,3.697626969357247,0.04580903893098852,3.6518179304262586
2025-12-05 00:00:00-05:00,7.565187269120701,7.565187269120701,29.922172626469667,29.922172626469667,-22.356985357348965,-22.356985357348965,23.10660618080985,0.7496208234608853,3.4659909271214775,0.0562215617595664,3.409769365361911
2025-12-06 00:00:00-05:00,7.455101450192358,7.455101450192358,29.835210269783495,29.835210269783495,-22.38010881959114,-22.38010881959114,22.990223133590607,0.6101143139994694,3.448533470038591,0.0457585735499602,3.402774896488631
2025-12-07 00:00:00-05:00,7.401031330540031,7.401031330540031,32.81879592908918,32.81879592908918,-25.417764598549144,-25.417764598549144,25.820495818071922,0.40273121952277624,3.8730743727107884,0.030204841464208217,3.84286953124658
2025-12-08 00:00:00-05:00,7.392935104851701,7.392935104851701,28.28086378477903,28.28086378477903,-20.88792867992733,-20.88792867992733,21.57664728190467,0.6887186019773386,3.2364970922857004,0.05165389514830039,3.1848431971374
2025-12-09 00:00:00-05:00,7.36111672875302,7.36111672875302,27.834846950254125,27.834846950254125,-20.473730221501107,-20.473730221501107,21.267432282466682,0.7937020609655784,3.190114842370002,0.059527654572418376,3.130587187797584
2025-12-10 00:00:00-05:00,7.320020673305452,7.320020673305452,30.11856297910982,30.11856297910982,-22.798542305804368,-22.798542305804368,23.296384092510728,0.49784178670635826,3.4944576138766092,0.03733813400297687,3.4571194798736324
2025-12-11 00:00:00-05:00,7.371497120214865,7.371497120214865,28.49867220782594,28.49867220782594,-21.127175087611075,-21.127175087611075,21.72388468650129,0.5967095988902149,3.2585827029751933,0.04475321991676612,3.213829483058427
2025-12-12 00:00:00-05:00,7.339860045551843,7.339860045551843,28.721953313490673,28.721953313490673,-21.38209326793883,-21.38209326793883,22.024492609150933,0.6423993412121043,3.30367389137264,0.04817995059090782,3.255493940781732
2025-12-13 00:00:00-05:00,7.431947265121131,7.431947265121131,28.66661566897725,28.66661566897725,-21.23466840385612,-21.23466840385612,21.92266588779686,0.6879974839407414,3.288399883169529,0.05159981129555561,3.2368000718739736
2025-12-14 00:00:00-05:00,7.378746666138188,7.378746666138188,28.745077733951643,28.745077733951643,-21.366331067813455,-21.366331067813455,22.07384458412425,0.7075135163107936,3.311076687618637,0.05306351372330952,3.2580131738953275
2025-12-15 00:00:00-05:00,7.24643279269184,7.24643279269184,31.372008292309513,31.372008292309513,-24.125575499617675,-24.125575499617675,24.619304994836476,0.49372949521880427,3.692895749225471,0.03702971214141032,3.6558660370840608
2025-12-16 00:00:00-05:00,7.154905765616699,7.154905765616699,29.614974397858738,29.614974397858738,-22.46006863224204,-22.46006863224204,23.10562904889286,0.6455604166508205,3.4658443573339293,0.04841703124881154,3.4174273260851176
2025-12-17 00:00:00-05:00,7.147943580774014,7.147943580774014,26.994577596440195,26.994577596440195,-19.846634015666183,-19.846634015666183,20.618323473061338,0.771689457395156,3.0927485209592005,0.0578767093046367,3.034871811654564
2025-12-18 00:00:00-05:00,6.896433484953382,6.896433484953382,30.2148911021308,30.2148911021308,-23.31845761717742,-23.31845761717742,23.896291723389933,0.5778341062125152,3.5844437585084896,0.04333755796593864,3.541106200542551
2025-12-19 00:00:00-05:00,6.824631626846197,6.824631626846197,29.446651498282858,29.446651498282858,-22.622019871436663,-22.622019871436663,23.044556710570546,0.4225368391338845,3.456683506585582,0.03169026293504134,3.4249932436505404
