timestamp_local,PV_P_kW,PV_E_kWh,Load_kW,Load_E_kWh,Net_P_kW,Net_E_kWh,Import_kWh,Export_kWh,Buy_$,Sell_$,NetBill_$
2022-12-31 00:00:00-05:00,0.0,0.0,5.044158293274345,5.044158293274345,-5.044158293274345,-5.044158293274345,5.044158293274345,0.0,1.4123643221168167,0.0,1.4123643221168167
2023-01-01 00:00:00-05:00,0.8315201717999994,0.8315201717999994,31.363286551706416,31.363286551706416,-30.531766379906415,-30.531766379906415,30.531766379906415,0.0,8.548894586373796,0.0,8.548894586373796
2023-01-02 00:00:00-05:00,3.369683470499999,3.369683470499999,26.838049735471422,26.838049735471422,-23.468366264971426,-23.468366264971426,23.468366264971426,0.0,6.571142554192,0.0,6.571142554192
2023-01-03 00:00:00-05:00,0.8842356980999991,0.8842356980999991,28.57471733687721,28.57471733687721,-27.69048163877721,-27.69048163877721,27.69048163877721,0.0,7.753334858857619,0.0,7.753334858857619
2023-01-04 00:00:00-05:00,1.7036679617999995,1.7036679617999995,25.93101364908508,25.93101364908508,-24.22734568728508,-24.22734568728508,24.22734568728508,0.0,6.783656792439823,0.0,6.783656792439823
2023-01-05 00:00:00-05:00,1.0651468787999996,1.0651468787999996,26.541992870435227,26.541992870435227,-25.476845991635226,-25.476845991635226,25.476845991635226,0.0,7.133516877657864,0.0,7.133516877657864
2023-01-06 00:00:00-05:00,1.5734137436999995,1.5734137436999995,26.679645063039214,26.679645063039214,-25.106231319339212,-25.106231319339212,25.106231319339212,0.0,7.02974476941498,0.0,7.02974476941498
2023-01-07 00:00:00-05:00,2.0267369855999995,2.0267369855999995,30.152979169645672,30.152979169645672,-28.126242184045672,-28.126242184045672,28.126242184045672,0.0,7.875347811532789,0.0,7.875347811532789
2023-01-08 00:00:00-05:00,8.1011777427,8.1011777427,27.56774242860794,27.56774242860794,-19.46656468590794,-19.46656468590794,20.64556083477017,1.178996148862231,5.7807570337356475,0.16505946084071235,5.615697572894935
2023-01-09 00:00:00-05:00,4.996513741499999,4.996513741499999,24.92685175893406,24.92685175893406,-19.93033801743406,-19.93033801743406,19.9542673588571,0.02392934142303693,5.587194860479988,0.0033501077992251706,5.583844752680763
2023-01-10 00:00:00-05:00,3.0639195107999995,3.0639195107999995,24.309675658891667,24.309675658891667,-21.24575614809167,-21.24575614809167,21.29806393612397,0.05230778803230257,5.963457902114712,0.00732309032452236,5.956134811790189
2023-01-11 00:00:00-05:00,8.4260322657,8.4260322657,29.539498183938793,29.539498183938793,-21.11346591823879,-21.11346591823879,22.236682426815193,1.123216508576399,6.226271079508255,0.15725031120069588,6.069020768307559
2023-01-12 00:00:00-05:00,2.1399405335999995,2.1399405335999995,26.349232555060873,26.349232555060873,-24.209292021460875,-24.209292021460875,24.209292021460875,0.0,6.778601766009046,0.0,6.778601766009046
2023-01-13 00:00:00-05:00,0.4935715856999997,0.4935715856999997,26.182459686577925,26.182459686577925,-25.688888100877925,-25.688888100877925,25.688888100877925,0.0,7.1928886682458195,0.0,7.1928886682458195
2023-01-14 00:00:00-05:00,1.1449106594999994,1.1449106594999994,28.888067991131425,28.888067991131425,-27.743157331631426,-27.743157331631426,27.743157331631426,0.0,7.7680840528568,0.0,7.7680840528568
2023-01-15 00:00:00-05:00,1.6827213158999996,1.6827213158999996,31.59294602690473,31.59294602690473,-29.91022471100473,-29.91022471100473,29.91022471100473,0.0,8.374862919081325,0.0,8.374862919081325
2023-01-16 00:00:00-05:00,0.5247883538999994,0.5247883538999994,28.803946565368097,28.803946565368097,-28.279158211468097,-28.279158211468097,28.279158211468097,0.0,7.918164299211068,0.0,7.918164299211068
2023-01-17 00:00:00-05:00,1.7731786166999994,1.7731786166999994,27.213834575143952,27.213834575143952,-25.440655958443955,-25.440655958443955,25.440655958443955,0.0,7.123383668364308,0.0,7.123383668364308
2023-01-18 00:00:00-05:00,5.019391521899999,5.019391521899999,28.39965598136682,28.39965598136682,-23.38026445946682,-23.38026445946682,24.06577807771993,0.6855136182531103,6.738417861761581,0.09597190655543546,6.642445955206146
2023-01-19 00:00:00-05:00,7.780533815699999,7.780533815699999,25.138752898026663,25.138752898026663,-17.358219082326663,-17.358219082326663,18.715179951939096,1.3569608696124331,5.2402503865429475,0.18997452174574064,5.050275864797207
2023-01-20 00:00:00-05:00,1.3297621769999994,1.3297621769999994,29.658033723643623,29.658033723643623,-28.328271546643624,-28.328271546643624,28.328271546643624,0.0,7.931916033060215,0.0,7.931916033060215
2023-01-21 00:00:00-05:00,7.480157795099999,7.480157795099999,30.865396607812254,30.865396607812254,-23.385238812712256,-23.385238812712256,23.629377912449797,0.24413909973754022,6.616225815485944,0.03417947396325564,6.582046341522688
2023-01-22 00:00:00-05:00,4.1686275968999995,4.1686275968999995,29.61194308377221,29.61194308377221,-25.44331548687221,-25.44331548687221,26.38604852458113,0.9427330377089205,7.388093586882717,0.13198262527924887,7.2561109616034685
2023-01-23 00:00:00-05:00,0.6933935717999997,0.6933935717999997,28.97804897342722,28.97804897342722,-28.28465540162722,-28.28465540162722,28.28465540162722,0.0,7.919703512455622,0.0,7.919703512455622
2023-01-24 00:00:00-05:00,3.5133950987999993,3.5133950987999993,29.26017235330875,29.26017235330875,-25.74677725450875,-25.74677725450875,25.74677725450875,0.0,7.209097631262451,0.0,7.209097631262451
2023-01-25 00:00:00-05:00,6.9905571344999995,6.9905571344999995,29.635467688758318,29.635467688758318,-22.64491055425832,-22.64491055425832,23.60831207854785,0.9634015242895332,6.6103273819933985,0.13487621340053466,6.475451168592864
2023-01-26 00:00:00-05:00,1.3702171922999993,1.3702171922999993,27.543023407692317,27.543023407692317,-26.172806215392317,-26.172806215392317,26.172806215392317,0.0,7.32838574030985,0.0,7.32838574030985
2023-01-27 00:00:00-05:00,8.6499594981,8.6499594981,25.986188572826865,25.986188572826865,-17.33622907472687,-17.33622907472687,19.069836790058496,1.7336077153316274,5.3395543012163795,0.24270508014642786,5.096849221069951
2023-01-28 00:00:00-05:00,2.5387077969,2.5387077969,27.876021760609138,27.876021760609138,-25.33731396370914,-25.33731396370914,25.44339565843593,0.10608169472678708,7.124150784362061,0.014851437261750193,7.10929934710031
2023-01-29 00:00:00-05:00,1.7977873076999993,1.7977873076999993,26.797725942988034,26.797725942988034,-24.999938635288036,-24.999938635288036,24.999938635288036,0.0,6.9999828178806505,0.0,6.9999828178806505
2023-01-30 00:00:00-05:00,7.9429274756999995,7.9429274756999995,27.145286380363526,27.145286380363526,-19.202358904663527,-19.202358904663527,20.42808304479854,1.2257241401350143,5.719863252543592,0.171601379618902,5.54826187292469
2023-01-31 00:00:00-05:00,5.0327620407,5.0327620407,27.65757605963078,27.65757605963078,-22.624814018930785,-22.624814018930785,23.246989308783185,0.622175289852404,6.509157006459293,0.08710454057933657,6.422052465879956
2023-02-01 00:00:00-05:00,9.36802449,9.36802449,30.13012362133297,30.13012362133297,-20.76209913133297,-20.76209913133297,22.537742154190635,1.7756430228576625,6.310567803173378,0.24859002320007278,6.061977779973305
2023-02-02 00:00:00-05:00,6.177523600799999,6.177523600799999,26.52008252649656,26.52008252649656,-20.34255892569656,-20.34255892569656,21.528725275155367,1.1861663494588073,6.028043077043503,0.16606328892423303,5.86197978811927
2023-02-03 00:00:00-05:00,10.150712491499998,10.150712491499998,26.91682169981475,26.91682169981475,-16.766109208314752,-16.766109208314752,19.18540216565647,2.4192929573417183,5.371912606383812,0.3387010140278406,5.033211592355971
2023-02-04 00:00:00-05:00,10.300713553799998,10.300713553799998,27.587611190157958,27.587611190157958,-17.28689763635796,-17.28689763635796,20.00189363935421,2.71499600299625,5.60053021901918,0.3800994404194751,5.220430778599704
2023-02-05 00:00:00-05:00,2.614096794599999,2.614096794599999,27.87011663630956,27.87011663630956,-25.256019841709563,-25.256019841709563,25.256019841709563,0.0,7.071685555678679,0.0,7.071685555678679
2023-02-06 00:00:00-05:00,2.3027863976999994,2.3027863976999994,25.88927185165291,25.88927185165291,-23.58648545395291,-23.58648545395291,23.58648545395291,0.0,6.604215927106815,0.0,6.604215927106815
2023-02-07 00:00:00-05:00,9.3507354639,9.3507354639,24.537726963025843,24.537726963025843,-15.186991499125845,-15.186991499125845,17.853006916481043,2.6660154173551973,4.998841936614692,0.37324215842972763,4.625599778184965
2023-02-08 00:00:00-05:00,4.183433473499999,4.183433473499999,28.721831576795232,28.721831576795232,-24.538398103295233,-24.538398103295233,24.89450093957787,0.35610283628263695,6.970460263081804,0.04985439707956918,6.920605866002235
2023-02-09 00:00:00-05:00,6.8837030334,6.8837030334,25.785419192133382,25.785419192133382,-18.901716158733382,-18.901716158733382,20.11267384554646,1.2109576868130811,5.63154867675301,0.16953407615383137,5.462014600599178
2023-02-10 00:00:00-05:00,1.250153948699999,1.250153948699999,25.714746249265634,25.714746249265634,-24.464592300565634,-24.464592300565634,24.464592300565634,0.0,6.850085844158378,0.0,6.850085844158378
2023-02-11 00:00:00-05:00,9.3678011217,9.3678011217,28.304987554139892,28.304987554139892,-18.93718643243989,-18.93718643243989,20.880657105432494,1.9434706729926017,5.846583989521099,0.2720858942189643,5.574498095302134
2023-02-12 00:00:00-05:00,5.4286727391,5.4286727391,27.85665804726183,27.85665804726183,-22.42798530816183,-22.42798530816183,22.9661354526209,0.5381501444590686,6.430517926733852,0.07534102022426961,6.355176906509583
2023-02-13 00:00:00-05:00,3.1669749305999995,3.1669749305999995,27.75130507738415,27.75130507738415,-24.58433014678415,-24.58433014678415,24.768939759722354,0.18460961293820544,6.93530313272226,0.025845345811348765,6.909457786910911
2023-02-14 00:00:00-05:00,8.788328791465837,8.788328791465837,27.7798167031948,27.7798167031948,-18.991487911728964,-18.991487911728964,20.651114289411858,1.6596263776828928,5.78231200103532,0.232347692875605,5.549964308159716
2023-02-15 00:00:00-05:00,2.996946010799999,2.996946010799999,27.64402341276635,27.64402341276635,-24.647077401966353,-24.647077401966353,25.185667699749658,0.5385902977833051,7.051986955929904,0.07540264168966272,6.976584314240242
2023-02-16 00:00:00-05:00,8.496468388799999,8.496468388799999,27.141065446263905,27.141065446263905,-18.64459705746391,-18.64459705746391,20.088250470091218,1.443653412627309,5.624710131625542,0.2021114777678233,5.422598653857719
2023-02-17 00:00:00-05:00,0.5178949352999992,0.5178949352999992,26.214915093606024,26.214915093606024,-25.697020158306024,-25.697020158306024,25.697020158306024,0.0,7.195165644325687,0.0,7.195165644325687
2023-02-18 00:00:00-05:00,9.982690827299999,9.982690827299999,30.89996166574454,30.89996166574454,-20.917270838444544,-20.917270838444544,22.90176681356475,1.9844959751202031,6.41249470779813,0.27782943651682845,6.1346652712813015
2023-02-19 00:00:00-05:00,9.0718332723,9.0718332723,32.33654775932962,32.33654775932962,-23.26471448702962,-23.26471448702962,24.532869328354,1.2681548413243813,6.869203411939121,0.17754167778541338,6.6916617341537075
2023-02-20 00:00:00-05:00,2.1555942371999994,2.1555942371999994,29.159125452215292,29.159125452215292,-27.003531215015293,-27.003531215015293,27.003531215015293,0.0,7.560988740204283,0.0,7.560988740204283
2023-02-21 00:00:00-05:00,7.6677562844999985,7.6677562844999985,29.152457954788876,29.152457954788876,-21.484701670288878,-21.484701670288878,22.401219641101967,0.9165179708130878,6.272341499508552,0.1283125159138323,6.144028983594719
2023-02-22 00:00:00-05:00,9.512672048999999,9.512672048999999,28.57309724954272,28.57309724954272,-19.06042520054272,-19.06042520054272,20.75872012287406,1.6982949223313408,5.812441634404737,0.23776128912638775,5.57468034527835
2023-02-23 00:00:00-05:00,1.950222465224999,1.950222465224999,27.201925072534475,27.201925072534475,-25.251702607309475,-25.251702607309475,25.251702607309475,0.0,7.070476730046654,0.0,7.070476730046654
2023-02-24 00:00:00-05:00,3.8448838721249996,3.8448838721249996,27.99770760256841,27.99770760256841,-24.15282373044341,-24.15282373044341,24.15282373044341,0.0,6.762790644524155,0.0,6.762790644524155
2023-02-25 00:00:00-05:00,9.3247882317,9.3247882317,31.909287873912568,31.909287873912568,-22.584499642212567,-22.584499642212567,24.10219884444879,1.5176992022362217,6.748615676445661,0.21247788831307104,6.53613778813259
2023-02-26 00:00:00-05:00,3.9466227071249995,3.9466227071249995,31.3374800636616,31.3374800636616,-27.3908573565366,-27.3908573565366,28.24265182124902,0.8517944647124167,7.907942509949726,0.11925122505973836,7.788691284889988
2023-02-27 00:00:00-05:00,7.670924593424999,7.670924593424999,30.124205220219178,30.124205220219178,-22.45328062679418,-22.45328062679418,23.736265341556248,1.2829847147620683,6.64615429563575,0.1796178600666896,6.46653643556906
2023-02-28 00:00:00-05:00,3.9884727185999993,3.9884727185999993,27.319570832219043,27.319570832219043,-23.331098113619042,-23.331098113619042,23.510552731910963,0.1794546182919175,6.58295476493507,0.025123646560868452,6.557831118374201
2023-03-01 00:00:00-05:00,6.9307970706,6.9307970706,29.48593511973789,29.48593511973789,-22.555138049137888,-22.555138049137888,23.968343262463545,1.4132052133256559,6.711136113489793,0.19784872986559185,6.513287383624202
2023-03-02 00:00:00-05:00,1.2941527349249993,1.2941527349249993,29.40485928380083,29.40485928380083,-28.11070654887583,-28.11070654887583,28.11070654887583,0.0,7.870997833685233,0.0,7.870997833685233
2023-03-03 00:00:00-05:00,10.535513626124999,10.535513626124999,24.68924454628763,24.68924454628763,-14.153730920162628,-14.153730920162628,17.183284546878802,3.0295536267161736,4.811319673126065,0.4241375077402643,4.387182165385801
2023-03-04 00:00:00-05:00,1.6390794149999992,1.6390794149999992,27.77708725983782,27.77708725983782,-26.138007844837823,-26.138007844837823,26.138007844837823,0.0,7.318642196554591,0.0,7.318642196554591
2023-03-05 00:00:00-05:00,10.188159187724999,10.188159187724999,27.997182688511565,27.997182688511565,-17.809023500786566,-17.809023500786566,20.055078542085234,2.2460550412986713,5.615421991783866,0.314447705781814,5.300974286002052
2023-03-06 00:00:00-05:00,2.4261436892249995,2.4261436892249995,25.145040588745328,25.145040588745328,-22.71889689952033,-22.71889689952033,22.737158364498043,0.01826146497771275,6.366404342059453,0.002556605096879785,6.363847736962573
2023-03-07 00:00:00-05:00,2.932532026424999,2.932532026424999,28.57851379364899,28.57851379364899,-25.64598176722399,-25.64598176722399,25.64598176722399,0.0,7.1808748948227175,0.0,7.1808748948227175
2023-03-08 00:00:00-05:00,5.25088555155,5.25088555155,29.217160789993834,29.217160789993834,-23.966275238443835,-23.966275238443835,24.294263065902236,0.32798782745840155,6.802393658452627,0.04591829584417622,6.756475362608451
2023-03-09 00:00:00-05:00,7.0024175486999995,7.0024175486999995,24.984127721838842,24.984127721838842,-17.981710173138843,-17.981710173138843,18.671509621333854,0.6897994481950118,5.22802269397348,0.09657192274730167,5.131450771226178
2023-03-10 00:00:00-05:00,6.1866491229,6.1866491229,29.390526139793735,29.390526139793735,-23.203877016893735,-23.203877016893735,24.081945255998193,0.8780682391044548,6.742944671679495,0.12292955347462367,6.620015118204871
2023-03-11 00:00:00-05:00,8.5320080487,8.5320080487,31.62206966625712,31.62206966625712,-23.09006161755712,-23.09006161755712,23.835445912946387,0.7453842953892675,6.673924855624989,0.10435380135449747,6.569571054270492
2023-03-12 00:00:00-05:00,10.272879971325,10.272879971325,30.20701021089587,30.20701021089587,-19.93413023957087,-19.93413023957087,22.088081449345967,2.153951209775096,6.184662805816871,0.3015531693685135,5.883109636448358
2023-03-13 00:00:00-04:00,9.2532415797,9.2532415797,25.978044799762856,25.978044799762856,-16.724803220062856,-16.724803220062856,18.870608113372764,2.1458048933099088,5.283770271744374,0.30041268506338725,4.983357586680987
2023-03-14 00:00:00-04:00,2.4201968777999996,2.4201968777999996,28.416386974864974,28.416386974864974,-25.996190097064975,-25.996190097064975,25.996190097064975,0.0,7.278933227178194,0.0,7.278933227178194
2023-03-15 00:00:00-04:00,2.0029782734999992,2.0029782734999992,26.51047170275427,26.51047170275427,-24.50749342925427,-24.50749342925427,24.50749342925427,0.0,6.862098160191197,0.0,6.862098160191197
2023-03-16 00:00:00-04:00,8.599525504199999,8.599525504199999,24.652257412418898,24.652257412418898,-16.0527319082189,-16.0527319082189,17.746226765986048,1.69349485776715,4.968943494476094,0.23708928008740102,4.731854214388693
2023-03-17 00:00:00-04:00,5.451544638224999,5.451544638224999,25.054914389054154,25.054914389054154,-19.603369750829156,-19.603369750829156,19.757543433075305,0.15417368224615013,5.532112161261086,0.021584315514461022,5.510527845746625
2023-03-18 00:00:00-04:00,1.9564109468999995,1.9564109468999995,28.95022937770551,28.95022937770551,-26.99381843080551,-26.99381843080551,26.99381843080551,0.0,7.558269160625544,0.0,7.558269160625544
2023-03-19 00:00:00-04:00,7.5322303832249995,7.5322303832249995,32.08193625447481,32.08193625447481,-24.54970587124981,-24.54970587124981,24.965603853957404,0.4158979827075935,6.990369079108074,0.05822571757906309,6.932143361529011
2023-03-20 00:00:00-04:00,10.233963920925,10.233963920925,28.19106916598221,28.19106916598221,-17.95710524505721,-17.95710524505721,20.254892702444756,2.2977874573875474,5.671369956684532,0.32169024403425667,5.349679712650275
2023-03-21 00:00:00-04:00,7.9509855852,7.9509855852,27.88268560466003,27.88268560466003,-19.931700019460028,-19.931700019460028,21.304058250709307,1.3723582312492795,5.965136310198607,0.19213015237489914,5.7730061578237075
2023-03-22 00:00:00-04:00,10.610961257024998,10.610961257024998,27.373010731679237,27.373010731679237,-16.762049474654237,-16.762049474654237,19.53831669981239,2.7762672251581537,5.47072867594747,0.3886774115221416,5.082051264425329
2023-03-23 00:00:00-04:00,1.4550004154249991,1.4550004154249991,28.54788766119474,28.54788766119474,-27.09288724576974,-27.09288724576974,27.09288724576974,0.0,7.5860084288155285,0.0,7.5860084288155285
2023-03-24 00:00:00-04:00,3.9048296237999995,3.9048296237999995,24.701479274201493,24.701479274201493,-20.79664965040149,-20.79664965040149,20.79664965040149,0.0,5.823061902112418,0.0,5.823061902112418
2023-03-25 00:00:00-04:00,7.297616831625,7.297616831625,31.077646299747553,31.077646299747553,-23.780029468122553,-23.780029468122553,24.246476474166364,0.46644700604381173,6.789013412766582,0.06530258084613365,6.723710831920449
2023-03-26 00:00:00-04:00,2.7436445387999995,2.7436445387999995,32.14282329146644,32.14282329146644,-29.399178752666444,-29.399178752666444,29.399178752666444,0.0,8.231770050746604,0.0,8.231770050746604
2023-03-27 00:00:00-04:00,7.309464002999999,7.309464002999999,27.548919878360323,27.548919878360323,-20.239455875360324,-20.239455875360324,21.15928198251754,0.9198261071572154,5.924598955104912,0.12877565500201016,5.795823300102902
2023-03-28 00:00:00-04:00,6.3229040775,6.3229040775,26.987321423195507,26.987321423195507,-20.664417345695508,-20.664417345695508,22.170296298272838,1.505878952577333,6.207682963516395,0.21082305336082666,5.996859910155568
2023-03-29 00:00:00-04:00,10.380198824099999,10.380198824099999,25.86853968390986,25.86853968390986,-15.488340859809858,-15.488340859809858,18.401205930439954,2.9128650706300956,5.152337660523187,0.40780110988821344,4.744536550634974
2023-03-30 00:00:00-04:00,10.288951568099998,10.288951568099998,28.78288161691819,28.78288161691819,-18.493930048818193,-18.493930048818193,21.048432938573324,2.5545028897551316,5.893561222800531,0.3576304045657185,5.535930818234813
2023-03-31 00:00:00-04:00,9.760817951324999,9.760817951324999,26.471846691138673,26.471846691138673,-16.71102873981367,-16.71102873981367,18.99728763962461,2.286258899810937,5.319240539094891,0.32007624597353124,4.99916429312136
2023-04-01 00:00:00-04:00,1.7398088900999993,1.7398088900999993,31.34307264413053,31.34307264413053,-29.603263754030532,-29.603263754030532,29.603263754030532,0.0,8.28891385112855,0.0,8.28891385112855
2023-04-02 00:00:00-04:00,11.092714668,11.092714668,31.255271377100218,31.255271377100218,-20.16255670910022,-20.16255670910022,22.63730094554457,2.474744236444352,6.33844426475248,0.34646419310220933,5.991980071650271
2023-04-03 00:00:00-04:00,7.9538609016,7.9538609016,27.191445764232732,27.191445764232732,-19.237584862632733,-19.237584862632733,20.297790634096085,1.0602057714633515,5.683381377546905,0.1484288080048692,5.534952569542035
2023-04-04 00:00:00-04:00,8.210032875224998,8.210032875224998,27.821290047884897,27.821290047884897,-19.611257172659897,-19.611257172659897,21.10965522263624,1.4983980499763412,5.910703462338147,0.20977572699668778,5.700927735341459
2023-04-05 00:00:00-04:00,2.5587067859999992,2.5587067859999992,27.978555691580773,27.978555691580773,-25.41984890558077,-25.41984890558077,25.41984890558077,0.0,7.117557693562617,0.0,7.117557693562617
2023-04-06 00:00:00-04:00,3.6378637285499993,3.6378637285499993,27.284796132793716,27.284796132793716,-23.646932404243717,-23.646932404243717,23.651744625628517,0.004812221384797033,6.622488495175985,0.0006737109938715846,6.6218147841821136
2023-04-07 00:00:00-04:00,9.128646712799998,9.128646712799998,27.67290654053732,27.67290654053732,-18.54425982773732,-18.54425982773732,20.520204210921225,1.9759443831839036,5.745657179057943,0.2766322136457465,5.4690249654121965
2023-04-08 00:00:00-04:00,11.3508901503,11.3508901503,27.943805591296698,27.943805591296698,-16.5929154409967,-16.5929154409967,19.62938706500249,3.0364716240057907,5.496228378200698,0.42510602736081077,5.071122350839887
2023-04-09 00:00:00-04:00,11.0084519961,11.0084519961,28.042541845647726,28.042541845647726,-17.034089849547726,-17.034089849547726,19.70939528647509,2.675305436927364,5.518630680213025,0.374542761169831,5.144087919043194
2023-04-10 00:00:00-04:00,10.74113133975,10.74113133975,24.72969657535156,24.72969657535156,-13.988565235601559,-13.988565235601559,17.026534063158728,3.0379688275571697,4.767429537684444,0.4253156358580038,4.3421139018264405
2023-04-11 00:00:00-04:00,6.298473340799999,6.298473340799999,28.096034753801884,28.096034753801884,-21.797561413001887,-21.797561413001887,22.284902631917266,0.4873412189153802,6.239772736936835,0.06822777064815323,6.171544966288682
2023-04-12 00:00:00-04:00,8.672832778949997,8.672832778949997,26.686177209936524,26.686177209936524,-18.013344430986525,-18.013344430986525,20.07758047949054,2.064236048504012,5.621722534257351,0.2889930467905617,5.332729487466789
2023-04-13 00:00:00-04:00,10.126213339499998,10.126213339499998,28.855750557195535,28.855750557195535,-18.729537217695537,-18.729537217695537,20.64174876547106,1.9122115477755242,5.779689654331897,0.2677096166885734,5.511980037643324
2023-04-14 00:00:00-04:00,10.4317176483,10.4317176483,27.294009014906315,27.294009014906315,-16.862291366606318,-16.862291366606318,19.18168939343453,2.3193980268282144,5.370873030161669,0.32471572375595004,5.0461573064057195
2023-04-15 00:00:00-04:00,10.49070264345,10.49070264345,29.067958352257204,29.067958352257204,-18.577255708807204,-18.577255708807204,20.756318040429846,2.1790623316226427,5.811769051320358,0.30506872642717003,5.506700324893187
2023-04-16 00:00:00-04:00,2.1334378103999994,2.1334378103999994,26.939219760629236,26.939219760629236,-24.80578195022924,-24.80578195022924,24.80578195022924,0.0,6.9456189460641875,0.0,6.9456189460641875
2023-04-17 00:00:00-04:00,2.3991213554999993,2.3991213554999993,25.633606911002534,25.633606911002534,-23.234485555502534,-23.234485555502534,23.234485555502534,0.0,6.5056559555407105,0.0,6.5056559555407105
2023-04-18 00:00:00-04:00,6.310070423999998,6.310070423999998,26.992726573232968,26.992726573232968,-20.68265614923297,-20.68265614923297,20.87166301720249,0.18900686796952276,5.844065644816697,0.02646096151573319,5.8176046833009645
2023-04-19 00:00:00-04:00,3.6919590331499994,3.6919590331499994,26.046812180263984,26.046812180263984,-22.354853147113985,-22.354853147113985,22.354853147113985,0.0,6.2593588811919165,0.0,6.2593588811919165
2023-04-20 00:00:00-04:00,7.26176245635,7.26176245635,25.05695227765058,25.05695227765058,-17.795189821300582,-17.795189821300582,18.91134166941579,1.1161518481152068,5.295175667436422,0.15626125873612898,5.138914408700293
2023-04-21 00:00:00-04:00,10.432613114099999,10.432613114099999,26.656095938596646,26.656095938596646,-16.22348282449665,-16.22348282449665,18.71509030973342,2.491607485236773,5.240225286725358,0.3488250479331483,4.89140023879221
2023-04-22 00:00:00-04:00,9.734430580649999,9.734430580649999,33.01419549542845,33.01419549542845,-23.279764914778454,-23.279764914778454,24.78714225145174,1.5073773366732843,6.940399830406488,0.21103282713425983,6.729367003272228
2023-04-23 00:00:00-04:00,10.03558477635,10.03558477635,27.78940794873767,27.78940794873767,-17.75382317238767,-17.75382317238767,19.907074497472184,2.153251325084515,5.573980859292212,0.3014551855118321,5.27252567378038
2023-04-24 00:00:00-04:00,2.187419458499999,2.187419458499999,24.633420533084564,24.633420533084564,-22.446001074584565,-22.446001074584565,22.446001074584565,0.0,6.284880300883679,0.0,6.284880300883679
2023-04-25 00:00:00-04:00,1.4092616519999988,1.4092616519999988,25.26709572654875,25.26709572654875,-23.85783407454875,-23.85783407454875,23.85783407454875,0.0,6.680193540873651,0.0,6.680193540873651
2023-04-26 00:00:00-04:00,2.2596365258999995,2.2596365258999995,25.26146630859524,25.26146630859524,-23.00182978269524,-23.00182978269524,23.00182978269524,0.0,6.440512339154668,0.0,6.440512339154668
2023-04-27 00:00:00-04:00,8.72003453805,8.72003453805,26.88298715327633,26.88298715327633,-18.16295261522633,-18.16295261522633,19.69170574050809,1.5287531252817614,5.513677607342266,0.2140254375394466,5.299652169802819
2023-04-28 00:00:00-04:00,9.699801440399998,9.699801440399998,25.65820865809607,25.65820865809607,-15.958407217696069,-15.958407217696069,18.20457726336854,2.246170045672471,5.097281633743192,0.31446380639414595,4.782817827349046
2023-04-29 00:00:00-04:00,10.128627436499999,10.128627436499999,31.742837349032815,31.742837349032815,-21.614209912532814,-21.614209912532814,23.63287408795351,2.018664175420696,6.617204744626983,0.28261298455889744,6.334591760068085
2023-04-30 00:00:00-04:00,3.3812759623499993,3.3812759623499993,28.52257219673792,28.52257219673792,-25.141296234387923,-25.141296234387923,25.141296234387923,0.0,7.039562945628619,0.0,7.039562945628619
2023-05-01 00:00:00-04:00,1.9170774130499988,1.9170774130499988,26.61655788803367,26.61655788803367,-24.699480474983673,-24.699480474983673,24.699480474983673,0.0,6.9158545329954295,0.0,6.9158545329954295
2023-05-02 00:00:00-04:00,5.588933291099999,5.588933291099999,27.401682513122083,27.401682513122083,-21.81274922202208,-21.81274922202208,23.179239515136075,1.3664902931139935,6.490187064238102,0.1913086410359591,6.298878423202143
2023-05-03 00:00:00-04:00,2.540399971949999,2.540399971949999,24.984903435610264,24.984903435610264,-22.444503463660265,-22.444503463660265,22.444503463660265,0.0,6.284460969824875,0.0,6.284460969824875
2023-05-04 00:00:00-04:00,2.4229894985999993,2.4229894985999993,27.064557343407333,27.064557343407333,-24.641567844807334,-24.641567844807334,24.641567844807334,0.0,6.899638996546054,0.0,6.899638996546054
2023-05-05 00:00:00-04:00,9.646439246549999,9.646439246549999,29.130755161822314,29.130755161822314,-19.484315915272315,-19.484315915272315,21.278725035609426,1.794409120337108,5.95804300997064,0.25121727684719514,5.706825733123445
2023-05-06 00:00:00-04:00,9.177357970349998,9.177357970349998,28.10544842222359,28.10544842222359,-18.928090451873594,-18.928090451873594,20.592254615016095,1.6641641631425015,5.765831292204507,0.23298298283995023,5.532848309364557
2023-05-07 00:00:00-04:00,9.28937653965,9.28937653965,32.11063428591886,32.11063428591886,-22.82125774626886,-22.82125774626886,23.94532151944703,1.1240637731781693,6.704690025445169,0.15736892824494372,6.547321097200225
2023-05-08 00:00:00-04:00,10.2122341164,10.2122341164,28.822070888586886,28.822070888586886,-18.609836772186885,-18.609836772186885,20.993458850542385,2.383622078355498,5.878168478151869,0.33370709096976975,5.544461387182099
2023-05-09 00:00:00-04:00,10.179947442149999,10.179947442149999,27.488753048270745,27.488753048270745,-17.308805606120746,-17.308805606120746,19.437875145307437,2.1290695391866943,5.442605040686083,0.29806973548613724,5.1445353051999465
2023-05-10 00:00:00-04:00,9.982243230749999,9.982243230749999,28.759110981199136,28.759110981199136,-18.776867750449135,-18.776867750449135,20.7259149377764,1.9490471873272632,5.8032561825773925,0.2728666062258169,5.530389576351576
2023-05-11 00:00:00-04:00,9.5937080211,9.5937080211,27.905087239307917,27.905087239307917,-18.311379218207918,-18.311379218207918,19.956278093102416,1.6448988748944977,5.587757866068677,0.2302858424852297,5.357472023583448
2023-05-12 00:00:00-04:00,6.676529244299999,6.676529244299999,25.630819860100512,25.630819860100512,-18.954290615800513,-18.954290615800513,19.39378644230763,0.43949582650711494,5.430260203846137,0.0615294157109961,5.3687307881351405
2023-05-13 00:00:00-04:00,8.861455829249998,8.861455829249998,31.205230372209616,31.205230372209616,-22.34377454295962,-22.34377454295962,23.046620635451852,0.7028460924922352,6.453053777926519,0.09839845294891293,6.354655324977607
2023-05-14 00:00:00-04:00,10.808890011899999,10.808890011899999,29.817942206263318,29.817942206263318,-19.009052194363317,-19.009052194363317,21.20156626102728,2.1925140666639615,5.93643855308764,0.30695196933295466,5.629486583754685
2023-05-15 00:00:00-04:00,6.5846184349499985,6.5846184349499985,25.796099793724554,25.796099793724554,-19.211481358774556,-19.211481358774556,20.006404275773313,0.7949229169987584,5.601793197216528,0.11128920837982618,5.490503988836702
2023-05-16 00:00:00-04:00,1.8885316738499993,1.8885316738499993,26.88601484203446,26.88601484203446,-24.99748316818446,-24.99748316818446,24.99748316818446,0.0,6.999295287091649,0.0,6.999295287091649
2023-05-17 00:00:00-04:00,7.729159503599999,7.729159503599999,25.930076929263212,25.930076929263212,-18.20091742566321,-18.20091742566321,19.40786793466575,1.206950509002539,5.43420302170641,0.16897307126035546,5.265229950446055
2023-05-18 00:00:00-04:00,11.017255294799998,11.017255294799998,30.66286097852777,30.66286097852777,-19.645605683727773,-19.645605683727773,21.840006215191583,2.1944005314638098,6.115201740253644,0.30721607440493337,5.807985665848711
2023-05-19 00:00:00-04:00,10.814500252799998,10.814500252799998,26.323374476458675,26.323374476458675,-15.508874223658676,-15.508874223658676,18.1546380816365,2.6457638579778227,5.08329866285822,0.37040694011689523,4.7128917227413245
2023-05-20 00:00:00-04:00,5.705046475199999,5.705046475199999,27.42138357328355,27.42138357328355,-21.71633709808355,-21.71633709808355,22.065482709946174,0.3491456118626226,6.17833515878493,0.04888038566076717,6.129454773124163
2023-05-21 00:00:00-04:00,7.162522874999999,7.162522874999999,27.808231992667572,27.808231992667572,-20.645709117667575,-20.645709117667575,21.82904537569292,1.183336258025347,6.112132705194019,0.1656670761235486,5.94646562907047
2023-05-22 00:00:00-04:00,11.348635350599999,11.348635350599999,25.140015044662164,25.140015044662164,-13.791379694062163,-13.791379694062163,16.733076528002538,2.941696833940374,4.685261427840711,0.4118375567516524,4.273423871089059
2023-05-23 00:00:00-04:00,11.116707381,11.116707381,25.23762361598559,25.23762361598559,-14.120916234985593,-14.120916234985593,17.0788522465955,2.957936011609908,4.78207862904674,0.41411104162538714,4.3679675874213535
2023-05-24 00:00:00-04:00,7.302320928899999,7.302320928899999,26.684302998970864,26.684302998970864,-19.381982070070865,-19.381982070070865,20.061926633737595,0.6799445636667321,5.617339457446527,0.0951922389133425,5.522147218533185
2023-05-25 00:00:00-04:00,4.181397873299999,4.181397873299999,28.12374118271151,28.12374118271151,-23.94234330941151,-23.94234330941151,23.94234330941151,0.0,6.703856126635223,0.0,6.703856126635223
2023-05-26 00:00:00-04:00,4.6733529446999995,4.6733529446999995,26.124367178077875,26.124367178077875,-21.451014233377876,-21.451014233377876,21.471723863931217,0.020709630553340685,6.012082681900742,0.0028993482774676963,6.009183333623274
2023-05-27 00:00:00-04:00,10.572581910599999,10.572581910599999,28.622761793493016,28.622761793493016,-18.050179882893016,-18.050179882893016,20.34716538455621,2.296985501663194,5.6972063076757395,0.3215779702328472,5.375628337442892
2023-05-28 00:00:00-04:00,10.351095434999998,10.351095434999998,31.13027031775437,31.13027031775437,-20.779174882754372,-20.779174882754372,22.457922586107117,1.6787477033527445,6.288218324109994,0.23502467846938424,6.05319364564061
2023-05-29 00:00:00-04:00,11.021775456599999,11.021775456599999,28.10450482092026,28.10450482092026,-17.082729364320258,-17.082729364320258,19.57681998287093,2.4940906185506733,5.481509595203861,0.3491726865970943,5.132336908606767
2023-05-30 00:00:00-04:00,10.760878158299999,10.760878158299999,24.591738118015435,24.591738118015435,-13.830859959715438,-13.830859959715438,16.538590562270034,2.707730602554598,4.63080535743561,0.37908228435764374,4.251723073077966
2023-05-31 00:00:00-04:00,10.539525572999999,10.539525572999999,25.10209197587594,25.10209197587594,-14.562566402875941,-14.562566402875941,17.1410730363722,2.5785066334962594,4.799500450184217,0.36099092868947635,4.4385095214947405
2023-06-01 00:00:00-04:00,9.999694125899998,9.999694125899998,24.73010342105963,24.73010342105963,-14.730409295159633,-14.730409295159633,17.162905424249704,2.43249612909007,4.805613518789918,0.34054945807260983,4.465064060717308
2023-06-02 00:00:00-04:00,8.7128960904,8.7128960904,29.024608323438912,29.024608323438912,-20.311712233038914,-20.311712233038914,21.749955302837474,1.4382430697985615,6.089987484794493,0.20135402977179864,5.888633455022695
2023-06-03 00:00:00-04:00,2.2494899690999994,2.2494899690999994,31.706585483999717,31.706585483999717,-29.457095514899716,-29.457095514899716,29.457095514899716,0.0,8.247986744171921,0.0,8.247986744171921
2023-06-04 00:00:00-04:00,1.5884077967999994,1.5884077967999994,31.935350545400432,31.935350545400432,-30.346942748600434,-30.346942748600434,30.346942748600434,0.0,8.497143969608123,0.0,8.497143969608123
2023-06-05 00:00:00-04:00,2.382531213599999,2.382531213599999,28.505500316270357,28.505500316270357,-26.122969102670357,-26.122969102670357,26.122969102670357,0.0,7.314431348747701,0.0,7.314431348747701
2023-06-06 00:00:00-04:00,3.780688445999999,3.780688445999999,27.23318787355578,27.23318787355578,-23.452499427555782,-23.452499427555782,23.452499427555782,0.0,6.5666998397156195,0.0,6.5666998397156195
2023-06-07 00:00:00-04:00,4.703493563099999,4.703493563099999,24.905141077019096,24.905141077019096,-20.2016475139191,-20.2016475139191,20.211410619681025,0.009763105761926849,5.6591949735106875,0.001366834806669759,5.6578281387040175
2023-06-08 00:00:00-04:00,4.192475012099999,4.192475012099999,25.682213602318384,25.682213602318384,-21.489738590218384,-21.489738590218384,21.489738590218384,0.0,6.017126805261148,0.0,6.017126805261148
2023-06-09 00:00:00-04:00,2.8726560683999987,2.8726560683999987,29.158991635502336,29.158991635502336,-26.286335567102338,-26.286335567102338,26.286335567102338,0.0,7.360173958788655,0.0,7.360173958788655
2023-06-10 00:00:00-04:00,5.194388682,5.194388682,27.21682158427962,27.21682158427962,-22.022432902279622,-22.022432902279622,22.236828439267573,0.2143955369879499,6.226311962994921,0.030015375178312986,6.196296587816608
2023-06-11 00:00:00-04:00,9.8509841442,9.8509841442,27.8528606889224,27.8528606889224,-18.0018765447224,-18.0018765447224,19.868950329410463,1.8670737846880607,5.563306092234931,0.26139032985632854,5.301915762378602
2023-06-12 00:00:00-04:00,7.215131616299999,7.215131616299999,26.74379305774592,26.74379305774592,-19.52866144144592,-19.52866144144592,20.23987616066315,0.7112147192172319,5.667165324985683,0.09957006069041248,5.56759526429527
2023-06-13 00:00:00-04:00,4.991080534199999,4.991080534199999,29.07602192296043,29.07602192296043,-24.08494138876043,-24.08494138876043,24.26287747234991,0.1779360835894791,6.793605692257976,0.024911051702527075,6.768694640555449
2023-06-14 00:00:00-04:00,3.191581988099999,3.191581988099999,30.157378463923276,30.157378463923276,-26.96579647582328,-26.96579647582328,26.96579647582328,0.0,7.550423013230518,0.0,7.550423013230518
2023-06-15 00:00:00-04:00,4.815089547299999,4.815089547299999,29.08154734515772,29.08154734515772,-24.266457797857722,-24.266457797857722,24.469146573729883,0.2026887758721614,6.851361040644368,0.028376428622102597,6.822984612022265
2023-06-16 00:00:00-04:00,6.0578558235,6.0578558235,25.644761497780724,25.644761497780724,-19.586905674280725,-19.586905674280725,20.6545418080129,1.067636133732177,5.783271706243613,0.1494690587225048,5.633802647521108
2023-06-17 00:00:00-04:00,1.819775324699999,1.819775324699999,29.153822734347678,29.153822734347678,-27.334047409647678,-27.334047409647678,27.334047409647678,0.0,7.65353327470135,0.0,7.65353327470135
2023-06-18 00:00:00-04:00,3.767486285699999,3.767486285699999,31.820760720069803,31.820760720069803,-28.053274434369804,-28.053274434369804,28.053274434369804,0.0,7.854916841623546,0.0,7.854916841623546
2023-06-19 00:00:00-04:00,5.248582698599999,5.248582698599999,27.040694949406245,27.040694949406245,-21.792112250806245,-21.792112250806245,21.900200236818726,0.10808798601248265,6.132056066309244,0.015132318041747573,6.116923748267496
2023-06-20 00:00:00-04:00,5.810658821999999,5.810658821999999,29.35007327786331,29.35007327786331,-23.53941445586331,-23.53941445586331,23.885641373561402,0.3462269176980926,6.687979584597193,0.04847176847773297,6.63950781611946
2023-06-21 00:00:00-04:00,10.4363553924,10.4363553924,25.775406221389723,25.775406221389723,-15.339050828989725,-15.339050828989725,17.878723308687572,2.5396724796978476,5.006042526432521,0.3555541471576987,4.6504883792748215
2023-06-22 00:00:00-04:00,10.745864727299999,10.745864727299999,27.292531809300584,27.292531809300584,-16.546667082000585,-16.546667082000585,18.981249603933772,2.4345825219331876,5.314749889101456,0.3408415530706463,4.97390833603081
2023-06-23 00:00:00-04:00,10.698179870699999,10.698179870699999,28.788715337904186,28.788715337904186,-18.090535467204187,-18.090535467204187,20.441054480907635,2.350519013703449,5.723495254654138,0.3290726619184829,5.394422592735656
2023-06-24 00:00:00-04:00,4.861000098899999,4.861000098899999,27.451481383725127,27.451481383725127,-22.590481284825128,-22.590481284825128,22.630645523268466,0.040164238443340605,6.336580746515171,0.005622993382067685,6.330957753133103
2023-06-25 00:00:00-04:00,4.656325756499999,4.656325756499999,32.19289088535454,32.19289088535454,-27.536565128854537,-27.536565128854537,27.536565128854537,0.0,7.710238236079271,0.0,7.710238236079271
2023-06-26 00:00:00-04:00,1.642664051099999,1.642664051099999,27.960072160855002,27.960072160855002,-26.317408109755004,-26.317408109755004,26.317408109755004,0.0,7.368874270731402,0.0,7.368874270731402
2023-06-27 00:00:00-04:00,3.3643526768999994,3.3643526768999994,27.781284344118905,27.781284344118905,-24.416931667218908,-24.416931667218908,24.416931667218908,0.0,6.836740866821295,0.0,6.836740866821295
2023-06-28 00:00:00-04:00,2.817797017499999,2.817797017499999,29.162242929327032,29.162242929327032,-26.34444591182703,-26.34444591182703,26.34444591182703,0.0,7.376444855311569,0.0,7.376444855311569
2023-06-29 00:00:00-04:00,3.171151517399999,3.171151517399999,28.433825749760178,28.433825749760178,-25.26267423236018,-25.26267423236018,25.26267423236018,0.0,7.073548785060851,0.0,7.073548785060851
2023-06-30 00:00:00-04:00,5.481102959099999,5.481102959099999,29.60025243333173,29.60025243333173,-24.11914947423173,-24.11914947423173,24.387485567215474,0.26833609298374383,6.8284959588203336,0.03756705301772414,6.790928905802609
2023-07-01 00:00:00-04:00,5.295120379199999,5.295120379199999,32.16547243721045,32.16547243721045,-26.870352058010447,-26.870352058010447,27.338907345227785,0.4685552872173382,7.654894056663781,0.06559774021042736,7.589296316453353
2023-07-02 00:00:00-04:00,3.186906146999999,3.186906146999999,27.84701555971031,27.84701555971031,-24.660109412710312,-24.660109412710312,24.660109412710312,0.0,6.904830635558888,0.0,6.904830635558888
2023-07-03 00:00:00-04:00,3.979458212399999,3.979458212399999,29.19406779967753,29.19406779967753,-25.214609587277533,-25.214609587277533,25.214609587277533,0.0,7.06009068443771,0.0,7.06009068443771
2023-07-04 00:00:00-04:00,6.627148720199999,6.627148720199999,27.37880169679162,27.37880169679162,-20.751652976591622,-20.751652976591622,21.111611489673308,0.35995851308168697,5.911251217108527,0.05039419183143618,5.860857025277091
2023-07-05 00:00:00-04:00,7.651243880999999,7.651243880999999,29.93776131147387,29.93776131147387,-22.28651743047387,-22.28651743047387,22.877754934266676,0.5912375037928044,6.40577138159467,0.08277325053099262,6.322998131063677
2023-07-06 00:00:00-04:00,9.268116117299998,9.268116117299998,25.637501592275935,25.637501592275935,-16.369385474975935,-16.369385474975935,18.005049196801266,1.6356637218253294,5.041413775104355,0.22899292105554614,4.812420854048809
2023-07-07 00:00:00-04:00,10.086572141999998,10.086572141999998,29.286349026714245,29.286349026714245,-19.199776884714247,-19.199776884714247,21.11295934019649,1.9131824554822432,5.911628615255018,0.26784554376751407,5.643783071487504
2023-07-08 00:00:00-04:00,9.699654716999998,9.699654716999998,31.50278579070005,31.50278579070005,-21.80313107370005,-21.80313107370005,23.138809475473423,1.3356784017733718,6.478866653132559,0.18699497624827208,6.291871676884287
2023-07-09 00:00:00-04:00,4.906044439199999,4.906044439199999,30.762687804869277,30.762687804869277,-25.856643365669278,-25.856643365669278,26.04894369097731,0.19230032530803332,7.2937042334736475,0.026922045543124665,7.266782187930523
2023-07-10 00:00:00-04:00,2.867424575399999,2.867424575399999,27.43103140852566,27.43103140852566,-24.563606833125657,-24.563606833125657,24.563606833125657,0.0,6.877809913275184,0.0,6.877809913275184
2023-07-11 00:00:00-04:00,4.257430731899999,4.257430731899999,29.530474543870046,29.530474543870046,-25.273043811970048,-25.273043811970048,25.34940163681526,0.07635782484521025,7.0978324583082735,0.010690095478329437,7.087142362829944
2023-07-12 00:00:00-04:00,9.4285712961,9.4285712961,29.42425049498634,29.42425049498634,-19.995679198886343,-19.995679198886343,21.267500600004393,1.2718214011180509,5.954900168001231,0.17805499615652715,5.776845171844704
2023-07-13 00:00:00-04:00,9.520294548599999,9.520294548599999,27.544023396634824,27.544023396634824,-18.023728848034825,-18.023728848034825,20.01613782812932,1.992408980094495,5.60451859187621,0.2789372572132293,5.325581334662981
2023-07-14 00:00:00-04:00,5.415940716299999,5.415940716299999,25.042804799757274,25.042804799757274,-19.626864083457274,-19.626864083457274,20.438024860493396,0.8111607770361206,5.722646960938151,0.11356250878505689,5.609084452153095
2023-07-15 00:00:00-04:00,3.415491276299999,3.415491276299999,30.777485443386574,30.777485443386574,-27.361994167086575,-27.361994167086575,27.361994167086575,0.0,7.661358366784242,0.0,7.661358366784242
2023-07-16 00:00:00-04:00,2.0228026940999992,2.0228026940999992,28.217992164139993,28.217992164139993,-26.195189470039995,-26.195189470039995,26.195189470039995,0.0,7.334653051611199,0.0,7.334653051611199
2023-07-17 00:00:00-04:00,5.464390042799999,5.464390042799999,26.14889800207444,26.14889800207444,-20.684507959274438,-20.684507959274438,21.365359765441923,0.6808518061674824,5.982300734323739,0.09531925286344754,5.886981481460292
2023-07-18 00:00:00-04:00,5.259777524999999,5.259777524999999,28.40060323327971,28.40060323327971,-23.140825708279714,-23.140825708279714,23.209828372005273,0.06900266372556152,6.498751944161477,0.009660372921578614,6.489091571239899
2023-07-19 00:00:00-04:00,6.4512678069,6.4512678069,24.95689199818017,24.95689199818017,-18.50562419128017,-18.50562419128017,19.27561185243294,0.769987661152771,5.397171318681224,0.10779827256138794,5.289373046119836
2023-07-20 00:00:00-04:00,9.660472956899998,9.660472956899998,27.28255759358412,27.28255759358412,-17.62208463668412,-17.62208463668412,19.344991573447206,1.722906936763085,5.416597640565218,0.2412069711468319,5.175390669418386
2023-07-21 00:00:00-04:00,8.2400770422,8.2400770422,30.355664851822414,30.355664851822414,-22.115587809622415,-22.115587809622415,22.877904280635228,0.762316471012813,6.405813198577865,0.10672430594179383,6.299088892636071
2023-07-22 00:00:00-04:00,8.6178115971,8.6178115971,29.182645193761598,29.182645193761598,-20.5648335966616,-20.5648335966616,21.741997789198745,1.1771641925371443,6.087759380975649,0.1648029869552002,5.922956394020449
2023-07-23 00:00:00-04:00,7.774285394699999,7.774285394699999,30.241160171604154,30.241160171604154,-22.466874776904156,-22.466874776904156,23.22297229319763,0.7560975162934728,6.502432242095336,0.1058536522810862,6.396578589814251
2023-07-24 00:00:00-04:00,9.631196927099998,9.631196927099998,26.506102550563288,26.506102550563288,-16.87490562346329,-16.87490562346329,18.62639017892878,1.7514845554654883,5.215389250100059,0.24520783776516838,4.970181412334891
2023-07-25 00:00:00-04:00,9.418747157099999,9.418747157099999,24.54049745269322,24.54049745269322,-15.12175029559322,-15.12175029559322,17.444091492950445,2.3223411973572246,4.884345618026125,0.32512776763001144,4.559217850396114
2023-07-26 00:00:00-04:00,8.017902477,8.017902477,25.28652060255447,25.28652060255447,-17.26861812555447,-17.26861812555447,18.9338168634626,1.6651987379081254,5.301468721769528,0.23312782330713758,5.068340898462391
2023-07-27 00:00:00-04:00,2.027730439799999,2.027730439799999,27.694852906244247,27.694852906244247,-25.667122466444248,-25.667122466444248,25.667122466444248,0.0,7.18679429060439,0.0,7.18679429060439
2023-07-28 00:00:00-04:00,9.060516899999998,9.060516899999998,25.640977890608635,25.640977890608635,-16.580460990608636,-16.580460990608636,18.498111511758093,1.9176505211494572,5.179471223292267,0.26847107296092404,4.9110001503313425
2023-07-29 00:00:00-04:00,9.1039879557,9.1039879557,28.609776154519867,28.609776154519867,-19.505788198819868,-19.505788198819868,21.400828736979854,1.8950405381599866,5.99223204635436,0.26530567534239813,5.726926371011961
2023-07-30 00:00:00-04:00,9.723343831199998,9.723343831199998,29.333525804828916,29.333525804828916,-19.610181973628915,-19.610181973628915,21.515975847776662,1.9057938741477471,6.024473237377466,0.26681114238068465,5.757662094996781
2023-07-31 00:00:00-04:00,6.730723663199999,6.730723663199999,27.91163508830723,27.91163508830723,-21.18091142510723,-21.18091142510723,21.677772754744552,0.49686132963732155,6.069776371328476,0.06956058614922503,6.00021578517925
2023-08-01 00:00:00-04:00,6.954904965599999,6.954904965599999,26.457866787628543,26.457866787628543,-19.502961822028542,-19.502961822028542,20.83788583173694,1.334924009708397,5.834608032886344,0.18688936135917558,5.647718671527168
2023-08-02 00:00:00-04:00,9.8032106007,9.8032106007,23.998124974833367,23.998124974833367,-14.194914374133367,-14.194914374133367,16.572788928784703,2.3778745546513367,4.640380900059718,0.33290243765118716,4.307478462408531
2023-08-03 00:00:00-04:00,8.9379773595,8.9379773595,25.11389324640065,25.11389324640065,-16.17591588690065,-16.17591588690065,18.290584690955075,2.114668804054423,5.121363713467422,0.29605363256761924,4.825310080899802
2023-08-04 00:00:00-04:00,1.9587090221999994,1.9587090221999994,26.44476101407283,26.44476101407283,-24.48605199187283,-24.48605199187283,24.48605199187283,0.0,6.8560945577243935,0.0,6.8560945577243935
2023-08-05 00:00:00-04:00,6.223595666399999,6.223595666399999,32.79245308436548,32.79245308436548,-26.568857417965475,-26.568857417965475,27.44928649508991,0.8804290771244365,7.685800218625176,0.12326007079742113,7.562540147827755
2023-08-06 00:00:00-04:00,9.76017111435,9.76017111435,26.967824033654978,26.967824033654978,-17.20765291930498,-17.20765291930498,19.40713065720744,2.199477737902459,5.433996584018083,0.30792688330634427,5.126069700711739
2023-08-07 00:00:00-04:00,6.8727618665999985,6.8727618665999985,29.85465122535815,29.85465122535815,-22.981889358758153,-22.981889358758153,23.781359585566328,0.7994702268081739,6.658780683958573,0.11192583175314436,6.546854852205429
2023-08-08 00:00:00-04:00,1.775320413299999,1.775320413299999,25.659584546379428,25.659584546379428,-23.88426413307943,-23.88426413307943,23.88426413307943,0.0,6.687593957262241,0.0,6.687593957262241
2023-08-09 00:00:00-04:00,4.037134054499999,4.037134054499999,24.882122616845503,24.882122616845503,-20.844988562345506,-20.844988562345506,20.986563599319542,0.14157503697403573,5.876237807809472,0.019820505176365005,5.8564173026331074
2023-08-10 00:00:00-04:00,9.19424323575,9.19424323575,24.540792627355234,24.540792627355234,-15.346549391605237,-15.346549391605237,17.328067897287042,1.9815185056818034,4.851859011240372,0.2774125907954525,4.57444642044492
2023-08-11 00:00:00-04:00,7.701453333449999,7.701453333449999,26.525399116695546,26.525399116695546,-18.823945783245545,-18.823945783245545,20.366023349933506,1.5420775666879594,5.7024865379813825,0.21589085933631433,5.4865956786450685
2023-08-12 00:00:00-04:00,7.717908594149999,7.717908594149999,31.05612839268103,31.05612839268103,-23.33821979853103,-23.33821979853103,24.230567012082908,0.8923472135518763,6.784558763383215,0.12492860989726269,6.659630153485952
2023-08-13 00:00:00-04:00,2.193723140399999,2.193723140399999,28.746699730895365,28.746699730895365,-26.552976590495366,-26.552976590495366,26.552976590495366,0.0,7.434833445338703,0.0,7.434833445338703
2023-08-14 00:00:00-04:00,6.322841563049999,6.322841563049999,25.36256237250948,25.36256237250948,-19.03972080945948,-19.03972080945948,19.850017872975695,0.810297063516213,5.558005004433195,0.11344158889226984,5.444563415540925
2023-08-15 00:00:00-04:00,5.245012607399999,5.245012607399999,27.455983582710644,27.455983582710644,-22.210970975310644,-22.210970975310644,22.707305774049388,0.4963347987387439,6.358045616733829,0.06948687182342415,6.288558744910405
2023-08-16 00:00:00-04:00,6.369166301399998,6.369166301399998,25.097029837342923,25.097029837342923,-18.727863535942923,-18.727863535942923,19.119922090260836,0.3920585543179119,5.353578185273035,0.05488819760450767,5.298689987668527
2023-08-17 00:00:00-04:00,3.410441452799999,3.410441452799999,24.90943077821369,24.90943077821369,-21.498989325413692,-21.498989325413692,21.498989325413692,0.0,6.0197170111158345,0.0,6.0197170111158345
2023-08-18 00:00:00-04:00,1.8902102138999992,1.8902102138999992,28.700938042176855,28.700938042176855,-26.810727828276857,-26.810727828276857,26.810727828276857,0.0,7.507003791917521,0.0,7.507003791917521
2023-08-19 00:00:00-04:00,7.9711181257499995,7.9711181257499995,29.8822430878889,29.8822430878889,-21.9111249621389,-21.9111249621389,22.527155138296063,0.6160301761571647,6.307603438722898,0.08624422466200307,6.221359214060895
2023-08-20 00:00:00-04:00,5.986817505899999,5.986817505899999,32.38434776563214,32.38434776563214,-26.397530259732143,-26.397530259732143,27.266452880024215,0.8689226202920731,7.634606806406781,0.12164916684089025,7.512957639565891
2023-08-21 00:00:00-04:00,5.767218584099999,5.767218584099999,26.824811851089116,26.824811851089116,-21.05759326698912,-21.05759326698912,21.722495758836843,0.6649024918477249,6.082298812474317,0.09308634885868149,5.989212463615636
2023-08-22 00:00:00-04:00,9.463614643349999,9.463614643349999,27.531516765806685,27.531516765806685,-18.067902122456687,-18.067902122456687,20.04365842681535,1.9757563043586661,5.612224359508299,0.2766058826102133,5.335618476898086
2023-08-23 00:00:00-04:00,9.8963782938,9.8963782938,24.552013323545534,24.552013323545534,-14.655635029745536,-14.655635029745536,17.203645320992756,2.54801029124722,4.817020689877972,0.3567214407746108,4.460299249103361
2023-08-24 00:00:00-04:00,8.17502487435,8.17502487435,28.241884319240917,28.241884319240917,-20.06685944489092,-20.06685944489092,20.999613530177594,0.9327540852866772,5.879891788449727,0.13058557194013481,5.749306216509591
2023-08-25 00:00:00-04:00,1.497827027699999,1.497827027699999,29.712790867164653,29.712790867164653,-28.214963839464655,-28.214963839464655,28.214963839464655,0.0,7.9001898750501045,0.0,7.9001898750501045
2023-08-26 00:00:00-04:00,4.07590476255,4.07590476255,30.951390162848504,30.951390162848504,-26.87548540029851,-26.87548540029851,27.138830881028024,0.2633454807295182,7.598872646687847,0.03686836730213255,7.5620042793857145
2023-08-27 00:00:00-04:00,8.563774913549999,8.563774913549999,30.954952192996647,30.954952192996647,-22.391177279446648,-22.391177279446648,23.460330400230134,1.0691531207834863,6.568892512064438,0.1496814369096881,6.41921107515475
2023-08-28 00:00:00-04:00,8.840585110049998,8.840585110049998,25.19421671875034,25.19421671875034,-16.353631608700343,-16.353631608700343,18.130795363993762,1.7771637552934205,5.076622701918254,0.2488029257410789,4.827819776177175
2023-08-29 00:00:00-04:00,9.4294468467,9.4294468467,27.045127423228593,27.045127423228593,-17.615680576528597,-17.615680576528597,19.43042915444001,1.814748577911414,5.440520163243203,0.254064800907598,5.186455362335606
2023-08-30 00:00:00-04:00,1.224224867249999,1.224224867249999,29.314473575616397,29.314473575616397,-28.0902487083664,-28.0902487083664,28.0902487083664,0.0,7.865269638342593,0.0,7.865269638342593
2023-08-31 00:00:00-04:00,10.081529622,10.081529622,29.41469220703965,29.41469220703965,-19.33316258503965,-19.33316258503965,21.402999582816207,2.0698369977765565,5.992839883188538,0.2897771796887179,5.70306270349982
2023-09-01 00:00:00-04:00,9.805702869449998,9.805702869449998,25.33467419082413,25.33467419082413,-15.528971321374131,-15.528971321374131,17.82890180749429,2.2999304861201586,4.992092506098402,0.32199026805682224,4.670102238041579
2023-09-02 00:00:00-04:00,9.1794078171,9.1794078171,30.44605988093783,30.44605988093783,-21.266652063837835,-21.266652063837835,22.749709473416335,1.4830574095785005,6.369918652556574,0.20762803734099008,6.162290615215584
2023-09-03 00:00:00-04:00,7.647264805949999,7.647264805949999,28.621797408604568,28.621797408604568,-20.974532602654566,-20.974532602654566,21.6967678419508,0.7222352392962319,6.075094995746224,0.10111293350147248,5.973982062244752
2023-09-04 00:00:00-04:00,8.51389578315,8.51389578315,26.715482937498912,26.715482937498912,-18.201587154348914,-18.201587154348914,19.864375514867632,1.6627883605187184,5.562025144162938,0.2327903704726206,5.329234773690318
2023-09-05 00:00:00-04:00,8.6538699108,8.6538699108,28.855765522793234,28.855765522793234,-20.201895611993237,-20.201895611993237,21.453290017670767,1.2513944056775284,6.006921204947815,0.17519521679485398,5.831725988152962
2023-09-06 00:00:00-04:00,7.826610210749999,7.826610210749999,28.272196213827897,28.272196213827897,-20.445586003077896,-20.445586003077896,20.9979590404631,0.5523730373852036,5.879428531329669,0.0773322252339285,5.8020963060957405
2023-09-07 00:00:00-04:00,7.053142005899999,7.053142005899999,30.57912805992217,30.57912805992217,-23.52598605402217,-23.52598605402217,24.32387294823503,0.7978868942128626,6.810684425505809,0.11170416518980078,6.6989802603160085
2023-09-08 00:00:00-04:00,5.606964537749999,5.606964537749999,27.330414045320776,27.330414045320776,-21.723449507570777,-21.723449507570777,22.177918923474287,0.4544694159035096,6.209817298572801,0.06362571822649135,6.14619158034631
2023-09-09 00:00:00-04:00,7.481224962,7.481224962,30.586058743511458,30.586058743511458,-23.10483378151146,-23.10483378151146,23.93612136199863,0.8312875804871727,6.702113981359617,0.11638026126820418,6.5857337200914134
2023-09-10 00:00:00-04:00,4.187977898849999,4.187977898849999,30.786680306025616,30.786680306025616,-26.598702407175615,-26.598702407175615,26.598702407175615,0.0,7.447636674009173,0.0,7.447636674009173
2023-09-11 00:00:00-04:00,1.6967194685999991,1.6967194685999991,25.430588474854837,25.430588474854837,-23.73386900625484,-23.73386900625484,23.73386900625484,0.0,6.645483321751356,0.0,6.645483321751356
2023-09-12 00:00:00-04:00,1.0809918740249993,1.0809918740249993,26.246944686885335,26.246944686885335,-25.165952812860333,-25.165952812860333,25.165952812860333,0.0,7.0464667876008935,0.0,7.0464667876008935
2023-09-13 00:00:00-04:00,2.027764307924999,2.027764307924999,26.35581300792177,26.35581300792177,-24.32804869999677,-24.32804869999677,24.32804869999677,0.0,6.811853635999096,0.0,6.811853635999096
2023-09-14 00:00:00-04:00,3.4130785988249994,3.4130785988249994,27.225730740519477,27.225730740519477,-23.81265214169448,-23.81265214169448,24.16205788669924,0.3494057450047639,6.7653762082757884,0.04891680430066695,6.716459403975121
2023-09-15 00:00:00-04:00,7.972785455399999,7.972785455399999,29.472649521884797,29.472649521884797,-21.4998640664848,-21.4998640664848,22.22773196244498,0.7278678959601808,6.223764949484595,0.10190150543442532,6.121863444050169
2023-09-16 00:00:00-04:00,0.6255692633249993,0.6255692633249993,32.602598693666444,32.602598693666444,-31.977029430341442,-31.977029430341442,31.977029430341442,0.0,8.953568240495605,0.0,8.953568240495605
2023-09-17 00:00:00-04:00,9.790872831224998,9.790872831224998,26.803744327589204,26.803744327589204,-17.012871496364205,-17.012871496364205,19.135768832270244,2.1228973359060412,5.358015273035669,0.2972056270268458,5.060809646008823
2023-09-18 00:00:00-04:00,1.7474860349999994,1.7474860349999994,26.06585591585373,26.06585591585373,-24.318369880853734,-24.318369880853734,24.318369880853734,0.0,6.809143566639046,0.0,6.809143566639046
2023-09-19 00:00:00-04:00,4.248691573724999,4.248691573724999,26.1712736983008,26.1712736983008,-21.922582124575804,-21.922582124575804,22.078841292561478,0.15625916798567396,6.182075561917214,0.021876283517994356,6.16019927839922
2023-09-20 00:00:00-04:00,7.864140748724999,7.864140748724999,26.04462377126284,26.04462377126284,-18.180483022537842,-18.180483022537842,18.80341893572394,0.6229359131860988,5.264957302002704,0.08721102784605383,5.17774627415665
2023-09-21 00:00:00-04:00,9.1101107592,9.1101107592,28.34982742794456,28.34982742794456,-19.239716668744563,-19.239716668744563,20.796790432282535,1.557073763537972,5.82310132103911,0.2179903268953161,5.605110994143794
2023-09-22 00:00:00-04:00,9.580391151299999,9.580391151299999,24.86766610526548,24.86766610526548,-15.287274953965483,-15.287274953965483,17.568914051992024,2.281639098026542,4.919295934557767,0.31942947372371594,4.599866460834051
2023-09-23 00:00:00-04:00,7.716430558799999,7.716430558799999,31.420314377726793,31.420314377726793,-23.703883818926794,-23.703883818926794,24.14537586936353,0.44149205043673456,6.760705243421789,0.06180888706114285,6.698896356360646
2023-09-24 00:00:00-04:00,5.125462819425,5.125462819425,31.697766842592266,31.697766842592266,-26.572304023167266,-26.572304023167266,26.572304023167266,0.0,7.440245126486835,0.0,7.440245126486835
2023-09-25 00:00:00-04:00,8.573495305049999,8.573495305049999,27.164440212007456,27.164440212007456,-18.590944906957457,-18.590944906957457,19.685552771366634,1.0946078644091748,5.511954775982658,0.15324510101728447,5.3587096749653735
2023-09-26 00:00:00-04:00,9.727647671025,9.727647671025,29.648321389474866,29.648321389474866,-19.920673718449866,-19.920673718449866,21.624739243019036,1.7040655245691698,6.054926988045331,0.23856917343968378,5.816357814605647
2023-09-27 00:00:00-04:00,6.049991525399999,6.049991525399999,29.668392468987935,29.668392468987935,-23.618400943587936,-23.618400943587936,23.674540541376217,0.05613959778828226,6.6288713515853415,0.007859543690359516,6.621011807894982
2023-09-28 00:00:00-04:00,7.855250166449999,7.855250166449999,25.225673252646626,25.225673252646626,-17.370423086196627,-17.370423086196627,18.425854412374058,1.0554313261774295,5.159239235464737,0.14776038566484015,5.0114788497998966
2023-09-29 00:00:00-04:00,4.717207926224999,4.717207926224999,26.69963628263838,26.69963628263838,-21.982428356413383,-21.982428356413383,21.982428356413383,0.0,6.155079939795748,0.0,6.155079939795748
2023-09-30 00:00:00-04:00,4.001449698899999,4.001449698899999,31.347388807492653,31.347388807492653,-27.345939108592653,-27.345939108592653,27.345939108592653,0.0,7.656862950405944,0.0,7.656862950405944
2023-10-01 00:00:00-04:00,8.6021151255,8.6021151255,30.434319094311217,30.434319094311217,-21.832203968811218,-21.832203968811218,22.858025906370443,1.0258219375592281,6.400247253783725,0.14361507125829195,6.256632182525433
2023-10-02 00:00:00-04:00,9.230290002224999,9.230290002224999,28.909071833932636,28.909071833932636,-19.678781831707635,-19.678781831707635,21.133052249567086,1.454270417859448,5.9172546298787845,0.20359785850032275,5.713656771378462
2023-10-03 00:00:00-04:00,8.673115159124999,8.673115159124999,25.69153124673042,25.69153124673042,-17.018416087605424,-17.018416087605424,18.4676702246502,1.4492541370447771,5.170947662902056,0.20289557918626883,4.968052083715787
2023-10-04 00:00:00-04:00,8.715907683225,8.715907683225,27.74442707617881,27.74442707617881,-19.02851939295381,-19.02851939295381,20.4670277446083,1.438508351654488,5.730767768490324,0.20139116923162836,5.529376599258695
2023-10-05 00:00:00-04:00,1.851292343699999,1.851292343699999,27.369298295155637,27.369298295155637,-25.51800595145564,-25.51800595145564,25.51800595145564,0.0,7.14504166640758,0.0,7.14504166640758
2023-10-06 00:00:00-04:00,1.9726116191999994,1.9726116191999994,28.32892810669243,28.32892810669243,-26.356316487492432,-26.356316487492432,26.356316487492432,0.0,7.3797686164978815,0.0,7.3797686164978815
2023-10-07 00:00:00-04:00,0.9238726424249991,0.9238726424249991,28.420808332107587,28.420808332107587,-27.496935689682587,-27.496935689682587,27.496935689682587,0.0,7.699141993111125,0.0,7.699141993111125
2023-10-08 00:00:00-04:00,3.125993379524999,3.125993379524999,30.086868785722526,30.086868785722526,-26.960875406197527,-26.960875406197527,26.960875406197527,0.0,7.549045113735308,0.0,7.549045113735308
2023-10-09 00:00:00-04:00,4.096616444324999,4.096616444324999,29.70717692394858,29.70717692394858,-25.61056047962358,-25.61056047962358,25.73697000612829,0.12640952650470905,7.206351601715921,0.017697333710659267,7.188654268005262
2023-10-10 00:00:00-04:00,5.8891724433,5.8891724433,27.043281832503663,27.043281832503663,-21.15410938920366,-21.15410938920366,22.066585216538947,0.9124758273352844,6.178643860630905,0.12774661582693983,6.0508972448039655
2023-10-11 00:00:00-04:00,3.0747524177249996,3.0747524177249996,27.54469389025819,27.54469389025819,-24.46994147253319,-24.46994147253319,24.554708730390374,0.08476725785718298,6.875318444509305,0.011867416100005617,6.863451028409299
2023-10-12 00:00:00-04:00,2.048070363299999,2.048070363299999,27.94239429559979,27.94239429559979,-25.89432393229979,-25.89432393229979,25.89432393229979,0.0,7.2504107010439425,0.0,7.2504107010439425
2023-10-13 00:00:00-04:00,2.582839493325,2.582839493325,28.132216848703713,28.132216848703713,-25.549377355378713,-25.549377355378713,25.635847537642885,0.08647018226417141,7.178037310540009,0.012105825516984,7.165931485023025
2023-10-14 00:00:00-04:00,4.787828459999999,4.787828459999999,27.47628225126386,27.47628225126386,-22.68845379126386,-22.68845379126386,22.883458140769505,0.19500434950564471,6.407368279415462,0.02730060893079026,6.380067670484672
2023-10-15 00:00:00-04:00,3.7195401392999994,3.7195401392999994,30.71792198939544,30.71792198939544,-26.99838185009544,-26.99838185009544,27.23916817490675,0.24078632481131101,7.626967088973891,0.03371008547358355,7.593257003500307
2023-10-16 00:00:00-04:00,1.955193581699999,1.955193581699999,25.104922011174175,25.104922011174175,-23.149728429474177,-23.149728429474177,23.149728429474177,0.0,6.48192396025277,0.0,6.48192396025277
2023-10-17 00:00:00-04:00,2.1697322444999996,2.1697322444999996,29.30667127694663,29.30667127694663,-27.13693903244663,-27.13693903244663,27.13693903244663,0.0,7.5983429290850575,0.0,7.5983429290850575
2023-10-18 00:00:00-04:00,6.676755633224999,6.676755633224999,27.496711550102106,27.496711550102106,-20.819955916877106,-20.819955916877106,21.298415917627864,0.47846000075075945,5.963556456935803,0.06698440010510633,5.8965720568306965
2023-10-19 00:00:00-04:00,4.4181847223999995,4.4181847223999995,27.357850839968584,27.357850839968584,-22.939666117568585,-22.939666117568585,23.137538626693896,0.1978725091253125,6.478510815474292,0.027702151277543753,6.450808664196748
2023-10-20 00:00:00-04:00,2.5052822423999994,2.5052822423999994,26.70894631255412,26.70894631255412,-24.20366407015412,-24.20366407015412,24.20366407015412,0.0,6.777025939643154,0.0,6.777025939643154
2023-10-21 00:00:00-04:00,2.3535539057249992,2.3535539057249992,29.445544263267777,29.445544263267777,-27.09199035754278,-27.09199035754278,27.09199035754278,0.0,7.585757300111979,0.0,7.585757300111979
2023-10-22 00:00:00-04:00,1.1700379394999996,1.1700379394999996,30.945162106851626,30.945162106851626,-29.775124167351628,-29.775124167351628,29.775124167351628,0.0,8.337034766858457,0.0,8.337034766858457
2023-10-23 00:00:00-04:00,4.3056357516,4.3056357516,28.933798873788888,28.933798873788888,-24.628163122188887,-24.628163122188887,24.628163122188887,0.0,6.895885674212889,0.0,6.895885674212889
2023-10-24 00:00:00-04:00,7.324504101225,7.324504101225,24.624308757772003,24.624308757772003,-17.299804656547003,-17.299804656547003,18.08617753672627,0.7863728801792688,5.064129710283357,0.11009220322509763,4.954037507058259
2023-10-25 00:00:00-04:00,4.041923360399999,4.041923360399999,26.49337416989181,26.49337416989181,-22.45145080949181,-22.45145080949181,22.52605045961835,0.07459965012654052,6.3072941286931385,0.010443951017715673,6.296850177675423
2023-10-26 00:00:00-04:00,2.0990587832999994,2.0990587832999994,27.200907391676587,27.200907391676587,-25.101848608376585,-25.101848608376585,25.101848608376585,0.0,7.028517610345444,0.0,7.028517610345444
2023-10-27 00:00:00-04:00,7.391308751999999,7.391308751999999,28.62033645559236,28.62033645559236,-21.229027703592358,-21.229027703592358,22.01288476927828,0.78385706568592,6.163607735397919,0.1097399891960288,6.053867746201891
2023-10-28 00:00:00-04:00,7.041377892599999,7.041377892599999,27.8725657636434,27.8725657636434,-20.8311878710434,-20.8311878710434,21.117291463208854,0.2861035921654554,5.9128416096984795,0.04005450290316376,5.8727871067953155
2023-10-29 00:00:00-04:00,2.1881538233999995,2.1881538233999995,31.123095257636052,31.123095257636052,-28.934941434236052,-28.934941434236052,28.934941434236052,0.0,8.101783601586096,0.0,8.101783601586096
2023-10-30 00:00:00-04:00,0.7084886183999997,0.7084886183999997,29.747280500524575,29.747280500524575,-29.038791882124574,-29.038791882124574,29.038791882124574,0.0,8.130861726994882,0.0,8.130861726994882
2023-10-31 00:00:00-04:00,8.962395684299999,8.962395684299999,26.557094445568453,26.557094445568453,-17.594698761268454,-17.594698761268454,19.125686454559293,1.5309876932908393,5.355192207276603,0.2143382770607175,5.1408539302158855
2023-11-01 00:00:00-04:00,6.3697081266,6.3697081266,28.639609266655924,28.639609266655924,-22.269901140055925,-22.269901140055925,22.65858446925183,0.3886833291959093,6.344403651390514,0.05441566608742731,6.289987985303086
2023-11-02 00:00:00-04:00,8.836367484599998,8.836367484599998,28.173778521495397,28.173778521495397,-19.337411036895396,-19.337411036895396,20.694891853705037,1.3574808168096413,5.794569719037411,0.1900473143533498,5.604522404684062
2023-11-03 00:00:00-04:00,4.824857909699999,4.824857909699999,26.25315539290141,26.25315539290141,-21.42829748320141,-21.42829748320141,21.873843367594098,0.4455458843926883,6.124676142926348,0.062376423814976364,6.062299719111372
2023-11-04 00:00:00-04:00,2.425386191399999,2.425386191399999,29.403360357524022,29.403360357524022,-26.977974166124024,-26.977974166124024,26.977974166124024,0.0,7.553832766514727,0.0,7.553832766514727
2023-11-05 00:00:00-04:00,3.0758639948999993,3.0758639948999993,34.71121445570353,34.71121445570353,-31.635350460803526,-31.635350460803526,31.635350460803526,0.0,8.857898129024989,0.0,8.857898129024989
2023-11-06 00:00:00-05:00,7.207442783099999,7.207442783099999,25.006394318601515,25.006394318601515,-17.79895153550152,-17.79895153550152,19.15938609923314,1.360434563731622,5.364628107785279,0.1904608389224271,5.174167268862852
2023-11-07 00:00:00-05:00,0.36712801799999933,0.36712801799999933,26.78853031612415,26.78853031612415,-26.42140229812415,-26.42140229812415,26.42140229812415,0.0,7.397992643474763,0.0,7.397992643474763
2023-11-08 00:00:00-05:00,1.9478715974999996,1.9478715974999996,24.654588656037276,24.654588656037276,-22.706717058537276,-22.706717058537276,22.706717058537276,0.0,6.357880776390438,0.0,6.357880776390438
2023-11-09 00:00:00-05:00,0.8410903757999993,0.8410903757999993,27.3108490875193,27.3108490875193,-26.4697587117193,-26.4697587117193,26.4697587117193,0.0,7.411532439281405,0.0,7.411532439281405
2023-11-10 00:00:00-05:00,4.314877279199999,4.314877279199999,26.47925335843814,26.47925335843814,-22.16437607923814,-22.16437607923814,22.96966656447391,0.8052904852357717,6.431506638052696,0.11274066793300805,6.318765970119688
2023-11-11 00:00:00-05:00,4.413170093399999,4.413170093399999,32.05019303179637,32.05019303179637,-27.63702293839637,-27.63702293839637,27.780294180370145,0.14327124197377783,7.778482370503641,0.020057973876328898,7.758424396627313
2023-11-12 00:00:00-05:00,6.135509497499999,6.135509497499999,30.709791837164765,30.709791837164765,-24.574282339664766,-24.574282339664766,25.5744872732416,1.000204933576836,7.1608564365076495,0.14002869070075705,7.020827745806892
2023-11-13 00:00:00-05:00,3.740771265299999,3.740771265299999,28.56758405931549,28.56758405931549,-24.82681279401549,-24.82681279401549,24.917099480947837,0.09028668693234854,6.976787854665395,0.012640136170528796,6.964147718494867
2023-11-14 00:00:00-05:00,6.780084058799999,6.780084058799999,25.06878607798278,25.06878607798278,-18.288702019182782,-18.288702019182782,19.234234042448236,0.9455320232654563,5.385585531885506,0.1323744832571639,5.2532110486283425
2023-11-15 00:00:00-05:00,6.2861805323999995,6.2861805323999995,28.66720402565068,28.66720402565068,-22.38102349325068,-22.38102349325068,22.92166464628518,0.5406411530345004,6.418066100959851,0.07568976142483007,6.34237633953502
2023-11-16 00:00:00-05:00,6.5320081452,6.5320081452,25.359268530398804,25.359268530398804,-18.827260385198805,-18.827260385198805,19.19029657094339,0.3630361857445817,5.373283039864149,0.05082506600424144,5.322457973859907
2023-11-17 00:00:00-05:00,4.5150139017,4.5150139017,25.025999100310866,25.025999100310866,-20.510985198610864,-20.510985198610864,20.62752091472366,0.11653571611279834,5.7757058561226255,0.01631500025579177,5.759390855866834
2023-11-18 00:00:00-05:00,0.4818723479999991,0.4818723479999991,30.440591524776806,30.440591524776806,-29.958719176776807,-29.958719176776807,29.958719176776807,0.0,8.388441369497507,0.0,8.388441369497507
2023-11-19 00:00:00-05:00,5.618268793799999,5.618268793799999,32.397175772052876,32.397175772052876,-26.77890697825288,-26.77890697825288,27.654413524535485,0.8755065462826078,7.743235786869937,0.12257091647956511,7.620664870390372
2023-11-20 00:00:00-05:00,6.655330917899999,6.655330917899999,26.07263665706496,26.07263665706496,-19.417305739164963,-19.417305739164963,20.60936935911335,1.19206361994839,5.770623420551739,0.16688890679277463,5.6037345137589645
2023-11-21 00:00:00-05:00,8.1718474482,8.1718474482,28.39836713371595,28.39836713371595,-20.22651968551595,-20.22651968551595,21.40256012922461,1.1760404437086631,5.9927168361828915,0.16464566211921286,5.828071174063679
2023-11-22 00:00:00-05:00,0.4080301181999995,0.4080301181999995,27.990043695894634,27.990043695894634,-27.582013577694635,-27.582013577694635,27.582013577694635,0.0,7.722963801754498,0.0,7.722963801754498
2023-11-23 00:00:00-05:00,3.7030342481999994,3.7030342481999994,27.833495842762474,27.833495842762474,-24.130461594562476,-24.130461594562476,24.130461594562476,0.0,6.756529246477494,0.0,6.756529246477494
2023-11-24 00:00:00-05:00,4.6393474895999995,4.6393474895999995,27.875427880972428,27.875427880972428,-23.236080391372425,-23.236080391372425,23.77496049794878,0.5388801065763512,6.656988939425659,0.07544321492068917,6.58154572450497
2023-11-25 00:00:00-05:00,8.1006746058,8.1006746058,30.87604566537361,30.87604566537361,-22.77537105957361,-22.77537105957361,23.784051726758204,1.0086806671845923,6.659534483492298,0.14121529340584293,6.518319190086455
2023-11-26 00:00:00-05:00,6.9627304944,6.9627304944,29.25764428561282,29.25764428561282,-22.294913791212817,-22.294913791212817,23.084577397710728,0.7896636064979073,6.463681671359004,0.11055290490970704,6.353128766449297
2023-11-27 00:00:00-05:00,1.0877884145999994,1.0877884145999994,26.692875176231244,26.692875176231244,-25.605086761631245,-25.605086761631245,25.605086761631245,0.0,7.169424293256749,0.0,7.169424293256749
2023-11-28 00:00:00-05:00,4.9102265907,4.9102265907,28.31174829440029,28.31174829440029,-23.40152170370029,-23.40152170370029,24.103397854528755,0.7018761508284642,6.748951399268052,0.098262661115985,6.650688738152067
2023-11-29 00:00:00-05:00,7.818854653799999,7.818854653799999,27.83291002204729,27.83291002204729,-20.01405536824729,-20.01405536824729,21.21465468946129,1.200599321213999,5.940103313049162,0.16808390496995987,5.772019408079203
2023-11-30 00:00:00-05:00,7.0309708371,7.0309708371,26.820314622749663,26.820314622749663,-19.789343785649663,-19.789343785649663,20.676227373868812,0.8868835882191496,5.789343664683268,0.12416370235068096,5.665179962332587
2023-12-01 00:00:00-05:00,5.941943316899999,5.941943316899999,27.10728538236521,27.10728538236521,-21.16534206546521,-21.16534206546521,21.94700138024941,0.7816593147842016,6.145160386469835,0.10943230406978824,6.035728082400047
2023-12-02 00:00:00-05:00,0.3781656719999994,0.3781656719999994,28.587959184544278,28.587959184544278,-28.20979351254428,-28.20979351254428,28.20979351254428,0.0,7.898742183512399,0.0,7.898742183512399
2023-12-03 00:00:00-05:00,0.7297897364999998,0.7297897364999998,31.592587722119504,31.592587722119504,-30.8627979856195,-30.8627979856195,30.8627979856195,0.0,8.64158343597346,0.0,8.64158343597346
2023-12-04 00:00:00-05:00,1.3385581937999995,1.3385581937999995,26.812018379464497,26.812018379464497,-25.4734601856645,-25.4734601856645,25.4734601856645,0.0,7.13256885198606,0.0,7.13256885198606
2023-12-05 00:00:00-05:00,2.9628378557999997,2.9628378557999997,28.044961506021473,28.044961506021473,-25.082123650221472,-25.082123650221472,25.469463616771808,0.3873399665503351,7.131449812696107,0.05422759531704692,7.0772222173790595
2023-12-06 00:00:00-05:00,7.860014252999999,7.860014252999999,28.16200465076258,28.16200465076258,-20.30199039776258,-20.30199039776258,21.452225648192762,1.150235250430185,6.006623181493974,0.1610329350602259,5.845590246433748
2023-12-07 00:00:00-05:00,5.521595099399999,5.521595099399999,27.455281569453742,27.455281569453742,-21.933686470053743,-21.933686470053743,22.433493706045017,0.4998072359912746,6.281378237692605,0.06997301303877845,6.211405224653827
2023-12-08 00:00:00-05:00,7.855990831799999,7.855990831799999,27.192893781194556,27.192893781194556,-19.336902949394556,-19.336902949394556,20.539222160813036,1.202319211418478,5.7509822050276505,0.16832468959858693,5.582657515429063
2023-12-09 00:00:00-05:00,1.7570393126999995,1.7570393126999995,31.338708520849952,31.338708520849952,-29.58166920814995,-29.58166920814995,29.58166920814995,0.0,8.282867378281987,0.0,8.282867378281987
2023-12-10 00:00:00-05:00,0.9683822024999994,0.9683822024999994,28.301042457511187,28.301042457511187,-27.332660255011188,-27.332660255011188,27.332660255011188,0.0,7.653144871403133,0.0,7.653144871403133
2023-12-11 00:00:00-05:00,0.6182123417999997,0.6182123417999997,28.679989391525304,28.679989391525304,-28.0617770497253,-28.0617770497253,28.0617770497253,0.0,7.857297573923085,0.0,7.857297573923085
2023-12-12 00:00:00-05:00,7.6087576934999985,7.6087576934999985,24.841532614897126,24.841532614897126,-17.232774921397127,-17.232774921397127,18.39994032618411,1.1671654047869846,5.151983291331552,0.16340315667017785,4.988580134661374
2023-12-13 00:00:00-05:00,6.772183672499999,6.772183672499999,26.55046359820845,26.55046359820845,-19.77827992570845,-19.77827992570845,20.565620649702012,0.7873407239935618,5.758373781916564,0.11022770135909866,5.648146080557465
2023-12-14 00:00:00-05:00,7.803833201099999,7.803833201099999,29.454460709964078,29.454460709964078,-21.65062750886408,-21.65062750886408,22.62494966085591,0.9743221519918297,6.334985905039656,0.13640510127885616,6.1985808037608
2023-12-15 00:00:00-05:00,6.866929934099999,6.866929934099999,27.945133288249917,27.945133288249917,-21.078203354149917,-21.078203354149917,21.94799925072673,0.8697958965768136,6.145439790203485,0.12177142552075391,6.023668364682732
2023-12-16 00:00:00-05:00,4.422932180999999,4.422932180999999,28.538254797276966,28.538254797276966,-24.115322616276966,-24.115322616276966,24.151400838909645,0.03607822263267613,6.762392234894701,0.005050951168574658,6.757341283726126
2023-12-17 00:00:00-05:00,0.9296680904999997,0.9296680904999997,32.544707849932124,32.544707849932124,-31.615039759432126,-31.615039759432126,31.615039759432126,0.0,8.852211132640996,0.0,8.852211132640996
2023-12-18 00:00:00-05:00,0.2992127201999995,0.2992127201999995,25.86167038120721,25.86167038120721,-25.562457661007212,-25.562457661007212,25.562457661007212,0.0,7.15748814508202,0.0,7.15748814508202
2023-12-19 00:00:00-05:00,1.8155670155999997,1.8155670155999997,25.613153404583752,25.613153404583752,-23.797586388983753,-23.797586388983753,23.797586388983753,0.0,6.6633241889154515,0.0,6.6633241889154515
2023-12-20 00:00:00-05:00,3.3153562223999993,3.3153562223999993,28.810042418009097,28.810042418009097,-25.494686195609095,-25.494686195609095,25.494686195609095,0.0,7.138512134770547,0.0,7.138512134770547
2023-12-21 00:00:00-05:00,7.820407105199999,7.820407105199999,28.857856620410345,28.857856620410345,-21.037449515210344,-21.037449515210344,21.958104528293088,0.9206550130827423,6.148269267922065,0.12889170183158394,6.019377566090481
2023-12-22 00:00:00-05:00,7.9003005020999995,7.9003005020999995,25.743744132814353,25.743744132814353,-17.843443630714354,-17.843443630714354,19.21208395245083,1.368640321736473,5.379383506686232,0.19160964504310626,5.187773861643126
2023-12-23 00:00:00-05:00,4.645414305899999,4.645414305899999,31.57190426017803,31.57190426017803,-26.926489954278033,-26.926489954278033,26.926489954278033,0.0,7.5394171871978495,0.0,7.5394171871978495
2023-12-24 00:00:00-05:00,3.7803571208999998,3.7803571208999998,28.40631358114473,28.40631358114473,-24.62595646024473,-24.62595646024473,24.62595646024473,0.0,6.895267808868525,0.0,6.895267808868525
2023-12-25 00:00:00-05:00,2.3505510554999995,2.3505510554999995,26.24514403070028,26.24514403070028,-23.894592975200283,-23.894592975200283,24.005445087009342,0.11085211180906257,6.721524624362616,0.015519295653268761,6.706005328709348
2023-12-26 00:00:00-05:00,3.0657435659999996,3.0657435659999996,24.909604265950023,24.909604265950023,-21.843860699950024,-21.843860699950024,21.843860699950024,0.0,6.116280995986007,0.0,6.116280995986007
2023-12-27 00:00:00-05:00,0.5080099382999996,0.5080099382999996,24.486477800411883,24.486477800411883,-23.978467862111884,-23.978467862111884,23.978467862111884,0.0,6.713971001391328,0.0,6.713971001391328
2023-12-28 00:00:00-05:00,1.1615352722999996,1.1615352722999996,27.26720538378878,27.26720538378878,-26.10567011148878,-26.10567011148878,26.10567011148878,0.0,7.30958763121686,0.0,7.30958763121686
2023-12-29 00:00:00-05:00,1.5386542271999994,1.5386542271999994,28.405072315661943,28.405072315661943,-26.866418088461945,-26.866418088461945,26.866418088461945,0.0,7.522597064769346,0.0,7.522597064769346
2023-12-30 00:00:00-05:00,1.3741319789999993,1.3741319789999993,32.52438821083669,32.52438821083669,-31.15025623183669,-31.15025623183669,31.15025623183669,0.0,8.722071744914274,0.0,8.722071744914274
2023-12-31 00:00:00-05:00,2.2846532570999996,2.2846532570999996,29.17372966076642,29.17372966076642,-26.88907640366642,-26.88907640366642,26.88907640366642,0.0,7.528941393026598,0.0,7.528941393026598
2024-01-01 00:00:00-05:00,3.293415692999999,3.293415692999999,24.400725462669328,24.400725462669328,-21.107309769669328,-21.107309769669328,21.107309769669328,0.0,5.910046735507413,0.0,5.910046735507413
2024-01-02 00:00:00-05:00,6.8878756296,6.8878756296,29.987516166210085,29.987516166210085,-23.099640536610085,-23.099640536610085,23.930956346862587,0.8313158102525046,6.700667777121525,0.11638421343535064,6.584283563686174
2024-01-03 00:00:00-05:00,4.1751833454,4.1751833454,25.57934602464828,25.57934602464828,-21.40416267924828,-21.40416267924828,21.525623280324943,0.12146060107666196,6.027174518490985,0.017004484150732677,6.010170034340252
2024-01-04 00:00:00-05:00,2.2162398173999995,2.2162398173999995,28.767311055610804,28.767311055610804,-26.551071238210806,-26.551071238210806,26.551071238210806,0.0,7.434299946699026,0.0,7.434299946699026
2024-01-05 00:00:00-05:00,8.128016687699999,8.128016687699999,26.605929409182412,26.605929409182412,-18.47791272148241,-18.47791272148241,19.832305491036006,1.3543927695535931,5.553045537490083,0.18961498773750304,5.36343054975258
2024-01-06 00:00:00-05:00,7.2259231031999995,7.2259231031999995,31.209096198805838,31.209096198805838,-23.98317309560584,-23.98317309560584,24.849936715499812,0.8667636198939733,6.957982280339948,0.12134690678515628,6.836635373554792
2024-01-07 00:00:00-05:00,1.0052239157999994,1.0052239157999994,30.114986465195106,30.114986465195106,-29.109762549395107,-29.109762549395107,29.109762549395107,0.0,8.15073351383063,0.0,8.15073351383063
2024-01-08 00:00:00-05:00,7.322055682499999,7.322055682499999,27.11955698160407,27.11955698160407,-19.797501299104074,-19.797501299104074,20.38691694974395,0.5894156506398776,5.708336745928306,0.08251819108958286,5.625818554838723
2024-01-09 00:00:00-05:00,6.816104504999998,6.816104504999998,28.676205676506324,28.676205676506324,-21.860101171506326,-21.860101171506326,22.768614071282062,0.9085128997757347,6.375211939958978,0.12719180596860286,6.248020133990376
2024-01-10 00:00:00-05:00,0.5420184038999993,0.5420184038999993,26.860972627711803,26.860972627711803,-26.318954223811804,-26.318954223811804,26.318954223811804,0.0,7.369307182667306,0.0,7.369307182667306
2024-01-11 00:00:00-05:00,6.042560094,6.042560094,24.862935454025745,24.862935454025745,-18.820375360025746,-18.820375360025746,19.46160243021819,0.6412270701924422,5.449248680461094,0.08977178982694191,5.359476890634151
2024-01-12 00:00:00-05:00,8.2106313498,8.2106313498,29.196815946647273,29.196815946647273,-20.986184596847274,-20.986184596847274,22.106832121666205,1.1206475248189314,6.189912994066538,0.1568906534746504,6.033022340591888
2024-01-13 00:00:00-05:00,0.5301174194999994,0.5301174194999994,28.71229069419943,28.71229069419943,-28.18217327469943,-28.18217327469943,28.18217327469943,0.0,7.891008516915841,0.0,7.891008516915841
2024-01-14 00:00:00-05:00,4.323042805499999,4.323042805499999,28.582064590422593,28.582064590422593,-24.259021784922595,-24.259021784922595,25.169688232950634,0.9106664480280384,7.047512705226178,0.1274933027239254,6.920019402502253
2024-01-15 00:00:00-05:00,8.172360296999999,8.172360296999999,26.01646660971766,26.01646660971766,-17.84410631271766,-17.84410631271766,19.212653821944894,1.3685475092272337,5.379543070144571,0.19159665129181272,5.187946418852758
2024-01-16 00:00:00-05:00,1.2864722993999993,1.2864722993999993,28.249919146590443,28.249919146590443,-26.963446847190443,-26.963446847190443,26.963446847190443,0.0,7.549765117213325,0.0,7.549765117213325
2024-01-17 00:00:00-05:00,8.510803434,8.510803434,25.869114294729997,25.869114294729997,-17.358310860729997,-17.358310860729997,19.00534081886439,1.647029958134391,5.32149542928203,0.23058419413881476,5.090911235143215
2024-01-18 00:00:00-05:00,6.660914169599999,6.660914169599999,30.159430281435817,30.159430281435817,-23.49851611183582,-23.49851611183582,24.547572303142037,1.0490561913062153,6.873320244879771,0.14686786678287014,6.726452378096901
2024-01-19 00:00:00-05:00,9.030118572,9.030118572,30.509005676592803,30.509005676592803,-21.478887104592804,-21.478887104592804,22.838957574088653,1.3600704694958472,6.394908120744823,0.19040986572941862,6.204498255015404
2024-01-20 00:00:00-05:00,2.8839684419999996,2.8839684419999996,28.320576030643842,28.320576030643842,-25.436607588643845,-25.436607588643845,25.436607588643845,0.0,7.122250124820277,0.0,7.122250124820277
2024-01-21 00:00:00-05:00,8.430623753399999,8.430623753399999,30.07660901972323,30.07660901972323,-21.64598526632323,-21.64598526632323,22.622095405773944,0.9761101394507178,6.334186713616705,0.1366554195231005,6.197531294093604
2024-01-22 00:00:00-05:00,5.2533206262,5.2533206262,24.837585657500373,24.837585657500373,-19.584265031300372,-19.584265031300372,19.802705072041096,0.218440040740721,5.544757420171507,0.030581605703700943,5.514175814467806
2024-01-23 00:00:00-05:00,4.9782933126,4.9782933126,26.635682859003666,26.635682859003666,-21.657389546403664,-21.657389546403664,21.816534608353344,0.15914506194967842,6.108629690338937,0.022280308672954982,6.086349381665982
2024-01-24 00:00:00-05:00,3.3704247068999993,3.3704247068999993,28.451764801768046,28.451764801768046,-25.081340094868047,-25.081340094868047,25.584309835789163,0.502969740921114,7.163606754020966,0.07041576372895597,7.09319099029201
2024-01-25 00:00:00-05:00,4.6565406927,4.6565406927,25.9945537855556,25.9945537855556,-21.338013092855597,-21.338013092855597,21.705120888180353,0.367107795324756,6.077433848690499,0.05139509134546585,6.026038757345034
2024-01-26 00:00:00-05:00,0.6112982168999994,0.6112982168999994,25.088492039135335,25.088492039135335,-24.477193822235336,-24.477193822235336,24.477193822235336,0.0,6.853614270225894,0.0,6.853614270225894
2024-01-27 00:00:00-05:00,3.2852134385999996,3.2852134385999996,32.108277750664485,32.108277750664485,-28.823064312064485,-28.823064312064485,28.94935040049193,0.12628608842744427,8.105818112137742,0.017680052379842198,8.088138059757899
2024-01-28 00:00:00-05:00,1.3155571826999997,1.3155571826999997,29.620765468023894,29.620765468023894,-28.305208285323893,-28.305208285323893,28.305208285323893,0.0,7.925458319890691,0.0,7.925458319890691
2024-01-29 00:00:00-05:00,2.0526556814999997,2.0526556814999997,28.649586572292215,28.649586572292215,-26.596930890792216,-26.596930890792216,26.596930890792216,0.0,7.447140649421821,0.0,7.447140649421821
2024-01-30 00:00:00-05:00,8.658889156799999,8.658889156799999,27.02600766964557,27.02600766964557,-18.367118512845572,-18.367118512845572,19.935727954949844,1.5686094421042753,5.5820038273859565,0.21960532189459855,5.362398505491358
2024-01-31 00:00:00-05:00,5.360948417699999,5.360948417699999,27.630198000485777,27.630198000485777,-22.26924958278578,-22.26924958278578,23.443277962270155,1.1740283794843787,6.564117829435644,0.16436397312781303,6.399753856307831
2024-02-01 00:00:00-05:00,1.3959302210999995,1.3959302210999995,24.759014015263105,24.759014015263105,-23.363083794163103,-23.363083794163103,23.363083794163103,0.0,6.541663462365669,0.0,6.541663462365669
2024-02-02 00:00:00-05:00,1.5360036533999994,1.5360036533999994,26.896956135226482,26.896956135226482,-25.360952481826484,-25.360952481826484,25.360952481826484,0.0,7.101066694911416,0.0,7.101066694911416
2024-02-03 00:00:00-05:00,8.7229984833,8.7229984833,27.60798606611925,27.60798606611925,-18.88498758281925,-18.88498758281925,20.451593703014947,1.5666061201956967,5.726446236844185,0.21932485682739755,5.5071213800167875
2024-02-04 00:00:00-05:00,9.2691905283,9.2691905283,32.20064445507113,32.20064445507113,-22.931453926771127,-22.931453926771127,24.413576514865955,1.4821225880948292,6.835801424162468,0.20749716233327611,6.628304261829192
2024-02-05 00:00:00-05:00,2.2271631048,2.2271631048,26.086951305282277,26.086951305282277,-23.859788200482278,-23.859788200482278,23.859788200482278,0.0,6.680740696135039,0.0,6.680740696135039
2024-02-06 00:00:00-05:00,3.6689246297999993,3.6689246297999993,27.330722552119635,27.330722552119635,-23.661797922319636,-23.661797922319636,23.72587255709857,0.06407463477893338,6.6432443159876,0.008970448869050674,6.634273867118549
2024-02-07 00:00:00-05:00,7.131400782299999,7.131400782299999,28.366921042274228,28.366921042274228,-21.23552025997423,-21.23552025997423,21.76844910152432,0.5329288415500903,6.095165748426811,0.07461003781701266,6.020555710609798
2024-02-08 00:00:00-05:00,8.960157721799998,8.960157721799998,28.01508468887582,28.01508468887582,-19.054926967075822,-19.054926967075822,20.704033578290964,1.6491066112151411,5.79712940192147,0.2308749255701198,5.56625447635135
2024-02-09 00:00:00-05:00,4.181540827499999,4.181540827499999,26.69233093864432,26.69233093864432,-22.51079011114432,-22.51079011114432,23.534362815750185,1.0235727046058631,6.589621588410052,0.14330017864482086,6.446321409765232
2024-02-10 00:00:00-05:00,5.4728585144999995,5.4728585144999995,30.067825700564303,30.067825700564303,-24.594967186064302,-24.594967186064302,24.6913896605017,0.09642247443739682,6.913589104940477,0.013499146421235557,6.900089958519241
2024-02-11 00:00:00-05:00,4.946717681999999,4.946717681999999,32.872349957594516,32.872349957594516,-27.925632275594513,-27.925632275594513,28.79973756577516,0.8741052901806478,8.063926518417047,0.1223747406252907,7.941551777791756
2024-02-12 00:00:00-05:00,8.651726823599999,8.651726823599999,27.876876890933797,27.876876890933797,-19.225150067333796,-19.225150067333796,20.820012188995342,1.594862121661546,5.829603412918696,0.22328069703261647,5.60632271588608
2024-02-13 00:00:00-05:00,2.0407427107689937,2.0407427107689937,28.55403202680147,28.55403202680147,-26.513289316032477,-26.513289316032477,26.61239825383387,0.09910893780139335,7.451471511073485,0.01387525129219507,7.43759625978129
2024-02-14 00:00:00-05:00,8.795624349599999,8.795624349599999,28.57544869362658,28.57544869362658,-19.77982434402658,-19.77982434402658,20.835463513550614,1.0556391695240332,5.833929783794172,0.14778948373336467,5.686140300060807
2024-02-15 00:00:00-05:00,9.8240353524,9.8240353524,27.916189646495152,27.916189646495152,-18.09215429409515,-18.09215429409515,20.321447156979502,2.2292928628843507,5.690005203954261,0.31210100080380915,5.377904203150452
2024-02-16 00:00:00-05:00,5.143879857599999,5.143879857599999,29.42356036646599,29.42356036646599,-24.279680508865987,-24.279680508865987,24.285125799840422,0.005445290974435801,6.799835223955319,0.0007623407364210123,6.799072883218898
2024-02-17 00:00:00-05:00,3.9990684149999995,3.9990684149999995,32.23152039114027,32.23152039114027,-28.232451976140272,-28.232451976140272,28.57578766412655,0.3433356879862768,8.001220545955436,0.04806699631807875,7.953153549637356
2024-02-18 00:00:00-05:00,8.398715269499998,8.398715269499998,32.43448924456896,32.43448924456896,-24.03577397506896,-24.03577397506896,24.706541618708624,0.6707676436396625,6.917831653238415,0.09390747010955275,6.823924183128862
2024-02-19 00:00:00-05:00,10.086987207599998,10.086987207599998,26.194360804590215,26.194360804590215,-16.107373596990215,-16.107373596990215,18.651003794395045,2.5436301974048305,5.222281062430613,0.3561082276366763,4.866172834793937
2024-02-20 00:00:00-05:00,10.360712246399999,10.360712246399999,26.37462232876986,26.37462232876986,-16.01391008236986,-16.01391008236986,18.552177912221232,2.53826782985137,5.194609815421946,0.3553574961791918,4.839252319242754
2024-02-21 00:00:00-05:00,10.0727364537,10.0727364537,29.72676481242552,29.72676481242552,-19.654028358725522,-19.654028358725522,21.841349459496833,2.187321100771312,6.115577848659114,0.3062249541079837,5.80935289455113
2024-02-22 00:00:00-05:00,8.532598392225,8.532598392225,27.32166531501234,27.32166531501234,-18.789066922787338,-18.789066922787338,20.162278615656078,1.373211692868738,5.6454380123837025,0.1922496370016233,5.453188375382079
2024-02-23 00:00:00-05:00,0.7853943437999992,0.7853943437999992,28.05861220792995,28.05861220792995,-27.27321786412995,-27.27321786412995,27.27321786412995,0.0,7.636501001956387,0.0,7.636501001956387
2024-02-24 00:00:00-05:00,8.470518435,8.470518435,31.121362969804878,31.121362969804878,-22.65084453480488,-22.65084453480488,23.790466661885866,1.1396221270809879,6.661330665328043,0.15954709779133833,6.501783567536704
2024-02-25 00:00:00-05:00,10.2762190458,10.2762190458,29.057150493903674,29.057150493903674,-18.780931448103672,-18.780931448103672,21.14068979427657,2.359758346172899,5.919393142397441,0.3303661684642059,5.589026973933235
2024-02-26 00:00:00-05:00,3.851922222,3.851922222,25.181508875182992,25.181508875182992,-21.329586653182993,-21.329586653182993,21.750435926283817,0.42084927310082537,6.090122059359469,0.05891889823411556,6.031203161125354
2024-02-27 00:00:00-05:00,9.226362623399998,9.226362623399998,27.596842096427007,27.596842096427007,-18.37047947302701,-18.37047947302701,20.14976536816682,1.779285895139808,5.6419343030867095,0.24910002531957315,5.392834277767136
2024-02-28 00:00:00-05:00,0.5886339605999994,0.5886339605999994,24.760139963385775,24.760139963385775,-24.171506002785776,-24.171506002785776,24.171506002785776,0.0,6.768021680780018,0.0,6.768021680780018
2024-02-29 00:00:00-05:00,9.576971484525,9.576971484525,25.879988618699606,25.879988618699606,-16.303017134174606,-16.303017134174606,18.640238283243594,2.337221149068988,5.219266719308207,0.32721096086965834,4.8920557584385485
2024-03-01 00:00:00-05:00,11.0261943036,11.0261943036,29.914861940756612,29.914861940756612,-18.888667637156615,-18.888667637156615,21.367966421382064,2.4792987842254512,5.9830305979869784,0.34710182979156323,5.6359287681954156
2024-03-02 00:00:00-05:00,7.072697625299999,7.072697625299999,30.084803938332474,30.084803938332474,-23.012106313032472,-23.012106313032472,24.033851622283986,1.021745309251513,6.7294784542395165,0.14304434329521182,6.586434110944305
2024-03-03 00:00:00-05:00,2.3164002722249992,2.3164002722249992,32.84433315287834,32.84433315287834,-30.52793288065334,-30.52793288065334,30.52793288065334,0.0,8.547821206582936,0.0,8.547821206582936
2024-03-04 00:00:00-05:00,9.900050703525,9.900050703525,27.262827870081342,27.262827870081342,-17.362777166556345,-17.362777166556345,19.585733642498475,2.222956475942133,5.484005419899574,0.3112139066318987,5.172791513267675
2024-03-05 00:00:00-05:00,1.4077820924999995,1.4077820924999995,29.228465612432263,29.228465612432263,-27.820683519932263,-27.820683519932263,27.820683519932263,0.0,7.789791385581035,0.0,7.789791385581035
2024-03-06 00:00:00-05:00,3.2859968591249995,3.2859968591249995,29.063162398303973,29.063162398303973,-25.777165539178974,-25.777165539178974,25.970760164032267,0.1935946248532905,7.271812845929036,0.02710324747946067,7.2447095984495755
2024-03-07 00:00:00-05:00,1.4515771481999997,1.4515771481999997,26.862400921491474,26.862400921491474,-25.410823773291476,-25.410823773291476,25.410823773291476,0.0,7.115030656521614,0.0,7.115030656521614
2024-03-08 00:00:00-05:00,10.955264735924999,10.955264735924999,26.460044811680046,26.460044811680046,-15.504780075755047,-15.504780075755047,18.212938014227188,2.7081579384721417,5.099622643983613,0.3791421113860999,4.720480532597513
2024-03-09 00:00:00-05:00,4.177821982499999,4.177821982499999,28.601466736894512,28.601466736894512,-24.423644754394513,-24.423644754394513,24.474176490503915,0.050531736109400316,6.852769417341097,0.007074443055316045,6.845694974285781
2024-03-10 00:00:00-05:00,0.9815376473999993,0.9815376473999993,29.694583157868706,29.694583157868706,-28.713045510468707,-28.713045510468707,28.713045510468707,0.0,8.039652742931239,0.0,8.039652742931239
2024-03-11 00:00:00-04:00,2.2659834719249994,2.2659834719249994,29.117418702516392,29.117418702516392,-26.85143523059139,-26.85143523059139,26.85143523059139,0.0,7.518401864565591,0.0,7.518401864565591
2024-03-12 00:00:00-04:00,8.320614389099998,8.320614389099998,25.130645513543126,25.130645513543126,-16.810031124443128,-16.810031124443128,18.35369122249465,1.5436600980515252,5.1390335422985025,0.21611241372721354,4.922921128571289
2024-03-13 00:00:00-04:00,9.797413492125,9.797413492125,28.36522607009078,28.36522607009078,-18.567812577965782,-18.567812577965782,20.777339745907216,2.2095271679414354,5.817655128854021,0.309333803511801,5.50832132534222
2024-03-14 00:00:00-04:00,3.4032735521999995,3.4032735521999995,28.68443185805701,28.68443185805701,-25.281158305857012,-25.281158305857012,25.443839845076774,0.16268153921976192,7.124275156621497,0.02277541549076667,7.101499741130731
2024-03-15 00:00:00-04:00,1.8881284004999992,1.8881284004999992,27.51782998227065,27.51782998227065,-25.62970158177065,-25.62970158177065,25.62970158177065,0.0,7.176316442895783,0.0,7.176316442895783
2024-03-16 00:00:00-04:00,5.1305985737999995,5.1305985737999995,30.529783283770495,30.529783283770495,-25.399184709970495,-25.399184709970495,25.805817980892083,0.40663327092158963,7.225629034649784,0.056928657929022554,7.1687003767207615
2024-03-17 00:00:00-04:00,0.8267537240999995,0.8267537240999995,28.02364813366967,28.02364813366967,-27.196894409569673,-27.196894409569673,27.196894409569673,0.0,7.615130434679509,0.0,7.615130434679509
2024-03-18 00:00:00-04:00,5.146579892025,5.146579892025,25.2999717643198,25.2999717643198,-20.1533918722948,-20.1533918722948,20.718267446621173,0.5648755743263739,5.801114885053929,0.07908258040569235,5.722032304648237
2024-03-19 00:00:00-04:00,4.703994984824999,4.703994984824999,26.655052392897453,26.655052392897453,-21.95105740807245,-21.95105740807245,22.493362031378375,0.5423046233059241,6.298141368785946,0.07592264726282938,6.222218721523117
2024-03-20 00:00:00-04:00,2.8231394507999994,2.8231394507999994,28.25736315045095,28.25736315045095,-25.434223699650946,-25.434223699650946,25.434223699650946,0.0,7.121582635902266,0.0,7.121582635902266
2024-03-21 00:00:00-04:00,5.751355922099999,5.751355922099999,27.755527320241058,27.755527320241058,-22.004171398141057,-22.004171398141057,22.17168151728486,0.16751011914380198,6.208070824839761,0.02345141668013228,6.184619408159629
2024-03-22 00:00:00-04:00,11.1295952991,11.1295952991,29.463543289286857,29.463543289286857,-18.33394799018686,-18.33394799018686,21.09390241849221,2.759954428305349,5.906292677177819,0.3863936199627489,5.519899057215071
2024-03-23 00:00:00-04:00,2.1329798336999994,2.1329798336999994,30.130337817452386,30.130337817452386,-27.997357983752384,-27.997357983752384,27.997357983752384,0.0,7.839260235450668,0.0,7.839260235450668
2024-03-24 00:00:00-04:00,10.271385378899998,10.271385378899998,29.605369276077205,29.605369276077205,-19.33398389717721,-19.33398389717721,21.704773096312355,2.3707891991351477,6.07733646696746,0.3319104878789207,5.745425979088539
2024-03-25 00:00:00-04:00,9.676827590624999,9.676827590624999,26.092325898719302,26.092325898719302,-16.415498308094303,-16.415498308094303,18.45484231793508,2.039344009840775,5.167355849021822,0.28550816137770857,4.881847687644114
2024-03-26 00:00:00-04:00,3.191740553024999,3.191740553024999,27.6385899631648,27.6385899631648,-24.4468494101398,-24.4468494101398,24.4468494101398,0.0,6.8451178348391455,0.0,6.8451178348391455
2024-03-27 00:00:00-04:00,2.8738144547999993,2.8738144547999993,25.20416553599558,25.20416553599558,-22.330351081195577,-22.330351081195577,22.330351081195577,0.0,6.252498302734762,0.0,6.252498302734762
2024-03-28 00:00:00-04:00,1.3534071617249994,1.3534071617249994,29.78202149541119,29.78202149541119,-28.42861433368619,-28.42861433368619,28.42861433368619,0.0,7.960012013432134,0.0,7.960012013432134
2024-03-29 00:00:00-04:00,1.4783061863249993,1.4783061863249993,26.823106601190208,26.823106601190208,-25.344800414865208,-25.344800414865208,25.344800414865208,0.0,7.096544116162259,0.0,7.096544116162259
2024-03-30 00:00:00-04:00,10.686569910524998,10.686569910524998,28.007467329578795,28.007467329578795,-17.320897419053793,-17.320897419053793,19.906616616506344,2.5857191974525495,5.573852652621777,0.36200068764335697,5.21185196497842
2024-03-31 00:00:00-04:00,10.390213334699999,10.390213334699999,29.022384483375323,29.022384483375323,-18.632171148675326,-18.632171148675326,20.94837856381613,2.3162074151408056,5.865545997868518,0.3242690381197128,5.541276959748805
2024-04-01 00:00:00-04:00,10.463141079899998,10.463141079899998,27.679696676298697,27.679696676298697,-17.216555596398695,-17.216555596398695,19.869970170826782,2.6534145744280857,5.563591647831499,0.37147804041993204,5.192113607411567
2024-04-02 00:00:00-04:00,10.640903271525,10.640903271525,26.266282818443525,26.266282818443525,-15.625379546918527,-15.625379546918527,18.462588835902334,2.837209288983806,5.169524874052654,0.39720930045773284,4.772315573594922
2024-04-03 00:00:00-04:00,5.568358281975,5.568358281975,28.877102068619326,28.877102068619326,-23.308743786644328,-23.308743786644328,23.970048364291976,0.6613045776476489,6.711613542001754,0.09258264087067086,6.619030901131084
2024-04-04 00:00:00-04:00,1.4586878573999995,1.4586878573999995,26.509102231631232,26.509102231631232,-25.05041437423123,-25.05041437423123,25.05041437423123,0.0,7.014116024784745,0.0,7.014116024784745
2024-04-05 00:00:00-04:00,3.329663106599999,3.329663106599999,26.130866433906384,26.130866433906384,-22.801203327306386,-22.801203327306386,22.801203327306386,0.0,6.384336931645788,0.0,6.384336931645788
2024-04-06 00:00:00-04:00,4.66802973,4.66802973,28.921093090681712,28.921093090681712,-24.25306336068171,-24.25306336068171,24.263605114523912,0.010541753842198576,6.793809432066696,0.0014758455379078007,6.792333586528788
2024-04-07 00:00:00-04:00,6.093365871149999,6.093365871149999,28.241354292800935,28.241354292800935,-22.147988421650936,-22.147988421650936,22.90490168283499,0.7569132611840547,6.413372471193798,0.10596785656576767,6.30740461462803
2024-04-08 00:00:00-04:00,9.380721429,9.380721429,28.15039415889025,28.15039415889025,-18.769672729890253,-18.769672729890253,20.157415268210784,1.3877425383205324,5.64407627509902,0.19428395536487456,5.449792319734145
2024-04-09 00:00:00-04:00,10.85147160795,10.85147160795,25.26464269037982,25.26464269037982,-14.41317108242982,-14.41317108242982,17.281460924139697,2.868289841709879,4.838809058759115,0.4015605778393831,4.437248480919732
2024-04-10 00:00:00-04:00,5.9108641744499995,5.9108641744499995,27.62654774131503,27.62654774131503,-21.71568356686503,-21.71568356686503,22.247223558117273,0.531539991252242,6.229222596272837,0.0744155987753139,6.1548069974975235
2024-04-11 00:00:00-04:00,2.2684078727999992,2.2684078727999992,29.805050212726318,29.805050212726318,-27.53664233992632,-27.53664233992632,27.53664233992632,0.0,7.710259855179371,0.0,7.710259855179371
2024-04-12 00:00:00-04:00,1.1815522973999992,1.1815522973999992,25.332320626823527,25.332320626823527,-24.150768329423528,-24.150768329423528,24.150768329423528,0.0,6.762215132238588,0.0,6.762215132238588
2024-04-13 00:00:00-04:00,6.467053009949999,6.467053009949999,33.1063000989847,33.1063000989847,-26.639247089034694,-26.639247089034694,26.834865255461494,0.19561816642680152,7.513762271529219,0.027386543299752215,7.486375728229467
2024-04-14 00:00:00-04:00,10.358769670649998,10.358769670649998,32.21509645582832,32.21509645582832,-21.85632678517832,-21.85632678517832,23.651576588137125,1.7952498029588027,6.622441444678396,0.2513349724142324,6.371106472264163
2024-04-15 00:00:00-04:00,5.8370190718499995,5.8370190718499995,29.381798241851214,29.381798241851214,-23.544779170001217,-23.544779170001217,23.95526361194895,0.4104844419477346,6.707473811345706,0.057467821872682845,6.650005989473024
2024-04-16 00:00:00-04:00,7.783840432799999,7.783840432799999,26.30008675185219,26.30008675185219,-18.51624631905219,-18.51624631905219,19.620774414289194,1.1045280952370014,5.493816836000975,0.1546339333331802,5.339182902667795
2024-04-17 00:00:00-04:00,10.796087951099999,10.796087951099999,28.36588563578883,28.36588563578883,-17.56979768468883,-17.56979768468883,20.061776537547274,2.4919788528584466,5.617297430513237,0.34887703940018255,5.268420391113055
2024-04-18 00:00:00-04:00,8.940732570449999,8.940732570449999,28.522613105626757,28.522613105626757,-19.581880535176758,-19.581880535176758,20.827626527898495,1.2457459927217367,5.831735427811579,0.17440443898104316,5.657330988830536
2024-04-19 00:00:00-04:00,10.5754562604,10.5754562604,28.626612424078456,28.626612424078456,-18.051156163678456,-18.051156163678456,20.393752167140683,2.3425960034622237,5.7102506067993914,0.3279634404847114,5.38228716631468
2024-04-20 00:00:00-04:00,1.405448198999999,1.405448198999999,29.22220978021178,29.22220978021178,-27.816761581211782,-27.816761581211782,27.816761581211782,0.0,7.7886932427393,0.0,7.7886932427393
2024-04-21 00:00:00-04:00,5.993255542499999,5.993255542499999,30.664128868945223,30.664128868945223,-24.670873326445225,-24.670873326445225,25.12045918580577,0.4495858593605473,7.033728572025616,0.06294202031047663,6.97078655171514
2024-04-22 00:00:00-04:00,11.2895916615,11.2895916615,25.285995713950363,25.285995713950363,-13.996404052450366,-13.996404052450366,17.283765331758723,3.2873612793083584,4.839454292892443,0.4602305791031702,4.379223713789273
2024-04-23 00:00:00-04:00,10.859778799199999,10.859778799199999,27.752429447415402,27.752429447415402,-16.892650648215405,-16.892650648215405,19.5799377464402,2.687287098224797,5.482382569003257,0.37622019375147164,5.1061623752517855
2024-04-24 00:00:00-04:00,2.870419025249999,2.870419025249999,25.122320909119303,25.122320909119303,-22.2519018838693,-22.2519018838693,22.2519018838693,0.0,6.230532527483405,0.0,6.230532527483405
2024-04-25 00:00:00-04:00,11.370893074649999,11.370893074649999,27.46759576188589,27.46759576188589,-16.09670268723589,-16.09670268723589,19.07156094660242,2.974858259366531,5.340037065048678,0.4164801563113144,4.923556908737364
2024-04-26 00:00:00-04:00,11.163648343049998,11.163648343049998,24.25120346529401,24.25120346529401,-13.087555122244014,-13.087555122244014,16.36624634514717,3.2786912229031584,4.582548976641209,0.45901677120644224,4.123532205434767
2024-04-27 00:00:00-04:00,10.774717594199998,10.774717594199998,31.25794247117186,31.25794247117186,-20.48322487697186,-20.48322487697186,22.716698484609605,2.233473607637747,6.36067557569069,0.3126863050692846,6.047989270621406
2024-04-28 00:00:00-04:00,6.109470405899999,6.109470405899999,31.425704196404734,31.425704196404734,-25.316233790504736,-25.316233790504736,25.761994850285742,0.4457610597810081,7.213358558080008,0.06240654836934114,7.150952009710667
2024-04-29 00:00:00-04:00,10.298375537399998,10.298375537399998,28.52128132306753,28.52128132306753,-18.22290578566753,-18.22290578566753,20.441298351950103,2.218392566282572,5.7235635385460295,0.31057495927956014,5.41298857926647
2024-04-30 00:00:00-04:00,9.80668953315,9.80668953315,28.520290227292662,28.520290227292662,-18.713600694142663,-18.713600694142663,20.957838141931447,2.2442374477887834,5.868194679740806,0.3141932426904297,5.554001437050376
2024-05-01 00:00:00-04:00,6.6500977373999985,6.6500977373999985,25.76740037341735,25.76740037341735,-19.117302636017353,-19.117302636017353,19.61506566078781,0.4977630247704565,5.492218385020587,0.06968682346786391,5.422531561552724
2024-05-02 00:00:00-04:00,3.8558916607499993,3.8558916607499993,25.91951030414287,25.91951030414287,-22.063618643392875,-22.063618643392875,22.41337654235065,0.3497578989577795,6.275745431858183,0.04896610585408913,6.226779326004094
2024-05-03 00:00:00-04:00,9.454853321549999,9.454853321549999,25.605145808934957,25.605145808934957,-16.15029248738496,-16.15029248738496,18.445298663996017,2.2950061766110585,5.164683625918885,0.32130086472554825,4.843382761193337
2024-05-04 00:00:00-04:00,5.930579427299999,5.930579427299999,28.27715156629779,28.27715156629779,-22.34657213899779,-22.34657213899779,22.599433953183755,0.25286181418596626,6.327841506891452,0.03540065398603528,6.2924408529054165
2024-05-05 00:00:00-04:00,4.506745991399999,4.506745991399999,29.16943502343858,29.16943502343858,-24.662689032038582,-24.662689032038582,24.804317469394107,0.14162843735552721,6.945208891430351,0.019827981229773813,6.925380910200577
2024-05-06 00:00:00-04:00,4.985398829699999,4.985398829699999,29.979101119433754,29.979101119433754,-24.993702289733754,-24.993702289733754,25.37505495331011,0.3813526635763532,7.105015386926831,0.05338937290068946,7.051626014026142
2024-05-07 00:00:00-04:00,10.266453278099998,10.266453278099998,27.168806992087706,27.168806992087706,-16.902353713987708,-16.902353713987708,19.158124442493612,2.2557707285059023,5.364274843898212,0.31580790199082637,5.048466941907385
2024-05-08 00:00:00-04:00,5.754400180199999,5.754400180199999,28.447506418214132,28.447506418214132,-22.693106238014135,-22.693106238014135,22.973920393040675,0.2808141550265425,6.432697710051389,0.03931398170371595,6.393383728347674
2024-05-09 00:00:00-04:00,2.5463970742499993,2.5463970742499993,26.445661226592918,26.445661226592918,-23.89926415234292,-23.89926415234292,23.89926415234292,0.0,6.691793962656018,0.0,6.691793962656018
2024-05-10 00:00:00-04:00,6.644000758049999,6.644000758049999,25.810768065424966,25.810768065424966,-19.166767307374965,-19.166767307374965,19.85718391493234,0.6904166075573719,5.560011496181056,0.09665832505803207,5.463353171123024
2024-05-11 00:00:00-04:00,8.454652659899999,8.454652659899999,29.15531074261393,29.15531074261393,-20.700658082713932,-20.700658082713932,21.937054914963955,1.2363968322500232,6.142375376189908,0.17309555651500327,5.969279819674905
2024-05-12 00:00:00-04:00,6.758536118849999,6.758536118849999,29.740349639705325,29.740349639705325,-22.981813520855326,-22.981813520855326,23.431267457535874,0.4494539366805478,6.560754888110045,0.0629235511352767,6.497831336974769
2024-05-13 00:00:00-04:00,7.855297074899999,7.855297074899999,29.25979246412343,29.25979246412343,-21.40449538922343,-21.40449538922343,22.835234668402784,1.4307392791793552,6.39386570715278,0.20030349908510975,6.19356220806767
2024-05-14 00:00:00-04:00,7.6046114195999985,7.6046114195999985,25.51787321592169,25.51787321592169,-17.91326179632169,-17.91326179632169,19.008782087570765,1.0955202912490722,5.322458984519814,0.15337284077487012,5.169086143744944
2024-05-15 00:00:00-04:00,9.88889511285,9.88889511285,29.49038599495123,29.49038599495123,-19.601490882101228,-19.601490882101228,21.28641615658496,1.6849252744837284,5.9601965238437895,0.235889538427722,5.724306985416067
2024-05-16 00:00:00-04:00,6.157881755549999,6.157881755549999,27.56115989382064,27.56115989382064,-21.40327813827064,-21.40327813827064,22.383538699859095,0.9802605615884549,6.267390835960547,0.1372364786223837,6.130154357338163
2024-05-17 00:00:00-04:00,9.2636522208,9.2636522208,26.42052483657283,26.42052483657283,-17.15687261577283,-17.15687261577283,18.865916306017205,1.7090436902443722,5.282456565684818,0.23926611663421213,5.043190449050606
2024-05-18 00:00:00-04:00,7.048731809699999,7.048731809699999,30.72227207868423,30.72227207868423,-23.67354026898423,-23.67354026898423,24.010423694054616,0.33688342507038627,6.722918634335293,0.04716367950985408,6.675754954825439
2024-05-19 00:00:00-04:00,3.6247034654999988,3.6247034654999988,28.73300114000605,28.73300114000605,-25.10829767450605,-25.10829767450605,25.10829767450605,0.0,7.030323348861695,0.0,7.030323348861695
2024-05-20 00:00:00-04:00,8.019299346299999,8.019299346299999,26.253329003294034,26.253329003294034,-18.234029656994036,-18.234029656994036,19.225926146954965,0.9918964899609285,5.38325932114739,0.13886550859453,5.24439381255286
2024-05-21 00:00:00-04:00,10.216530364499999,10.216530364499999,29.638511746494927,29.638511746494927,-19.42198138199493,-19.42198138199493,21.158474249738468,1.736492867743538,5.924372789926772,0.24310900148409534,5.681263788442677
2024-05-22 00:00:00-04:00,7.238542076999999,7.238542076999999,29.591053684034897,29.591053684034897,-22.3525116070349,-22.3525116070349,22.42388526216831,0.07137365513340999,6.278687873407127,0.009992311718677399,6.26869556168845
2024-05-23 00:00:00-04:00,5.445739987199999,5.445739987199999,28.652413625337314,28.652413625337314,-23.206673638137314,-23.206673638137314,23.744400547098806,0.5377269089614902,6.648432153187667,0.07528176725460864,6.573150385933058
2024-05-24 00:00:00-04:00,7.252706355299998,7.252706355299998,27.869420246105744,27.869420246105744,-20.616713890805745,-20.616713890805745,21.163838919586976,0.5471250287812293,5.925874897484354,0.0765975040293721,5.849277393454981
2024-05-25 00:00:00-04:00,10.320828621299999,10.320828621299999,30.75236734702174,30.75236734702174,-20.43153872572174,-20.43153872572174,22.158944922419774,1.7274061966980359,6.204504578277537,0.24183686753772504,5.962667710739812
2024-05-26 00:00:00-04:00,4.795394934599999,4.795394934599999,28.51892012949535,28.51892012949535,-23.723525194895352,-23.723525194895352,23.936267174158026,0.2127419792626748,6.702154808764248,0.029783877096774474,6.672370931667473
2024-05-27 00:00:00-04:00,4.017054732299999,4.017054732299999,26.723652908035408,26.723652908035408,-22.706598175735408,-22.706598175735408,22.706598175735408,0.0,6.3578474892059145,0.0,6.3578474892059145
2024-05-28 00:00:00-04:00,3.107216834999999,3.107216834999999,26.899290297781306,26.899290297781306,-23.792073462781307,-23.792073462781307,23.792073462781307,0.0,6.661780569578767,0.0,6.661780569578767
2024-05-29 00:00:00-04:00,8.816171516999999,8.816171516999999,27.667836403525925,27.667836403525925,-18.851664886525924,-18.851664886525924,20.4476207523542,1.5959558658282766,5.725333810659177,0.22343382121595876,5.501899989443219
2024-05-30 00:00:00-04:00,6.992847058499999,6.992847058499999,28.662532368537853,28.662532368537853,-21.669685310037853,-21.669685310037853,21.867009571440555,0.19732426140269999,6.122762680003356,0.027625396596378,6.095137283406977
2024-05-31 00:00:00-04:00,8.792441265599999,8.792441265599999,24.6969940171179,24.6969940171179,-15.904552751517897,-15.904552751517897,17.06471977329277,1.1601670217748707,4.778121536521976,0.16242338304848192,4.6156981534734935
2024-06-01 00:00:00-04:00,9.160489232999998,9.160489232999998,28.03550605587277,28.03550605587277,-18.875016822872773,-18.875016822872773,20.02539626255724,1.1503794396844682,5.6071109535160275,0.16105312155582557,5.446057831960202
2024-06-02 00:00:00-04:00,10.7543794824,10.7543794824,30.962123760614247,30.962123760614247,-20.20774427821425,-20.20774427821425,22.086935346613586,1.8791910683993387,6.184341897051805,0.26308674957590744,5.921255147475898
2024-06-03 00:00:00-04:00,5.221422005399999,5.221422005399999,29.07579904412605,29.07579904412605,-23.854377038726053,-23.854377038726053,23.962546538387194,0.1081694996611397,6.709513030748415,0.015143729952559559,6.694369300795855
2024-06-04 00:00:00-04:00,9.641739487499999,9.641739487499999,26.130237505513296,26.130237505513296,-16.4884980180133,-16.4884980180133,18.500491212123322,2.011993194110022,5.180137539394531,0.28167904717540315,4.898458492219127
2024-06-05 00:00:00-04:00,8.198649057599999,8.198649057599999,27.76043334444259,27.76043334444259,-19.56178428684259,-19.56178428684259,20.397828864839425,0.8360445779968348,5.711392082155039,0.11704624091955688,5.594345841235483
2024-06-06 00:00:00-04:00,9.688269883499999,9.688269883499999,27.672935042546726,27.672935042546726,-17.984665159046727,-17.984665159046727,19.612362893233144,1.6276977341864192,5.491461610105281,0.2278776827860987,5.263583927319182
2024-06-07 00:00:00-04:00,2.2135999841999987,2.2135999841999987,26.929553783044334,26.929553783044334,-24.715953798844335,-24.715953798844335,24.715953798844335,0.0,6.920467063676415,0.0,6.920467063676415
2024-06-08 00:00:00-04:00,2.850003149399999,2.850003149399999,30.826178370788433,30.826178370788433,-27.976175221388434,-27.976175221388434,28.0028549035255,0.026679682137063176,7.84079937298714,0.003735155499188845,7.837064217487952
2024-06-09 00:00:00-04:00,3.3811733582999994,3.3811733582999994,31.707976519508072,31.707976519508072,-28.326803161208073,-28.326803161208073,28.326803161208073,0.0,7.931504885138261,0.0,7.931504885138261
2024-06-10 00:00:00-04:00,6.9873556392,6.9873556392,26.17823541674156,26.17823541674156,-19.19087977754156,-19.19087977754156,20.107746803050173,0.916867025508614,5.6301691048540485,0.12836138357120597,5.501807721282843
2024-06-11 00:00:00-04:00,6.945806435399999,6.945806435399999,27.584858330408842,27.584858330408842,-20.639051895008844,-20.639051895008844,21.05395126372213,0.41489936871328537,5.895106353842197,0.05808591161985996,5.837020442222337
2024-06-12 00:00:00-04:00,9.2912245992,9.2912245992,24.825780393997107,24.825780393997107,-15.534555794797107,-15.534555794797107,17.456338508636012,1.9217827138389028,4.8877747824180835,0.26904957993744644,4.618725202480637
2024-06-13 00:00:00-04:00,8.805410945099998,8.805410945099998,27.36257774430483,27.36257774430483,-18.55716679920483,-18.55716679920483,20.387410763012827,1.8302439638079986,5.708475013643592,0.25623415493311985,5.452240858710472
2024-06-14 00:00:00-04:00,5.554427898599998,5.554427898599998,28.380876135842918,28.380876135842918,-22.826448237242918,-22.826448237242918,23.437639009825737,0.6111907725828184,6.562538922751207,0.08556670816159459,6.476972214589613
2024-06-15 00:00:00-04:00,6.251356755899999,6.251356755899999,27.074834803200858,27.074834803200858,-20.823478047300856,-20.823478047300856,21.20570893396369,0.38223088666283234,5.937598501509834,0.05351232413279653,5.884086177377037
2024-06-16 00:00:00-04:00,10.873654150499998,10.873654150499998,31.106543615055,31.106543615055,-20.232889464555004,-20.232889464555004,22.343516319244717,2.1106268546897136,6.256184569388521,0.29548775965655993,5.960696809731962
2024-06-17 00:00:00-04:00,4.371966238499999,4.371966238499999,29.156021419065908,29.156021419065908,-24.784055180565908,-24.784055180565908,24.784055180565908,0.0,6.939535450558455,0.0,6.939535450558455
2024-06-18 00:00:00-04:00,9.7754416488,9.7754416488,24.73702680750898,24.73702680750898,-14.961585158708981,-14.961585158708981,17.223201835955443,2.261616677246461,4.822496514067525,0.3166263348145046,4.50587017925302
2024-06-19 00:00:00-04:00,8.958929200199998,8.958929200199998,25.22625503350946,25.22625503350946,-16.26732583330946,-16.26732583330946,17.942615526332876,1.6752896930234145,5.023932347373206,0.23454055702327806,4.789391790349928
2024-06-20 00:00:00-04:00,8.3982964644,8.3982964644,25.4672750170286,25.4672750170286,-17.068978552628604,-17.068978552628604,18.68487387169502,1.6158953190664171,5.231764684074607,0.22622534466929842,5.005539339405308
2024-06-21 00:00:00-04:00,8.601899433299998,8.601899433299998,25.738855563710835,25.738855563710835,-17.136956130410837,-17.136956130410837,18.553879711094588,1.416923580683751,5.195086319106485,0.19836930129572516,4.99671701781076
2024-06-22 00:00:00-04:00,4.865108362199999,4.865108362199999,27.60524344697414,27.60524344697414,-22.74013508477414,-22.74013508477414,22.74013508477414,0.0,6.367237823736759,0.0,6.367237823736759
2024-06-23 00:00:00-04:00,1.6368128486999989,1.6368128486999989,32.816598499882936,32.816598499882936,-31.17978565118294,-31.17978565118294,31.17978565118294,0.0,8.730339982331223,0.0,8.730339982331223
2024-06-24 00:00:00-04:00,1.8247992659999988,1.8247992659999988,27.456589934236778,27.456589934236778,-25.63179066823678,-25.63179066823678,25.63179066823678,0.0,7.176901387106299,0.0,7.176901387106299
2024-06-25 00:00:00-04:00,9.9748558296,9.9748558296,28.932305845418515,28.932305845418515,-18.957450015818516,-18.957450015818516,20.9211115160327,1.963661500214185,5.857911224489157,0.27491261002998596,5.582998614459171
2024-06-26 00:00:00-04:00,7.153262582399999,7.153262582399999,28.28432520507121,28.28432520507121,-21.131062622671212,-21.131062622671212,21.458955341977365,0.3278927193061544,6.008507495753663,0.045904980702861614,5.9626025150508015
2024-06-27 00:00:00-04:00,6.921257635799999,6.921257635799999,25.51618336506134,25.51618336506134,-18.594925729261345,-18.594925729261345,19.651259370239956,1.0563336409786126,5.502352623667188,0.14788670973700577,5.3544659139301825
2024-06-28 00:00:00-04:00,10.604113366499998,10.604113366499998,28.513047355027805,28.513047355027805,-17.908933988527806,-17.908933988527806,20.342782828122342,2.4338488395945355,5.695979191874256,0.340738837543235,5.355240354331022
2024-06-29 00:00:00-04:00,3.3071879879999986,3.3071879879999986,32.250456661255164,32.250456661255164,-28.943268673255165,-28.943268673255165,28.974269558912482,0.031000885657318955,8.112795476495496,0.004340123992024654,8.108455352503471
2024-06-30 00:00:00-04:00,6.104714858099999,6.104714858099999,32.12071342931942,32.12071342931942,-26.015998571219423,-26.015998571219423,26.4392350195295,0.4232364483100809,7.402985805468261,0.05925310276341133,7.34373270270485
2024-07-01 00:00:00-04:00,10.382620907699998,10.382620907699998,29.949439809332354,29.949439809332354,-19.566818901632356,-19.566818901632356,21.53443491727919,1.9676160156468323,6.029641776838173,0.27546624219055654,5.754175534647617
2024-07-02 00:00:00-04:00,10.029715115399998,10.029715115399998,28.336332444940957,28.336332444940957,-18.30661732954096,-18.30661732954096,20.143123847114204,1.8365065175732465,5.640074677191977,0.2571109124602545,5.3829637647317226
2024-07-03 00:00:00-04:00,10.0472692707,10.0472692707,26.4561193666963,26.4561193666963,-16.4088500959963,-16.4088500959963,18.674679635110195,2.2658295391138963,5.228910297830855,0.3172161354759455,4.91169416235491
2024-07-04 00:00:00-04:00,6.186541238999999,6.186541238999999,29.601358270922965,29.601358270922965,-23.414817031922965,-23.414817031922965,24.179252064279815,0.76443503235685,6.770190577998349,0.10702090452995901,6.66316967346839
2024-07-05 00:00:00-04:00,6.848769266999999,6.848769266999999,27.80589138966137,27.80589138966137,-20.957122122661367,-20.957122122661367,21.77027367760004,0.8131515549386726,6.095676629728012,0.11384121769141418,5.981835412036598
2024-07-06 00:00:00-04:00,2.0448858509999988,2.0448858509999988,33.32580985497787,33.32580985497787,-31.28092400397787,-31.28092400397787,31.28092400397787,0.0,8.758658721113804,0.0,8.758658721113804
2024-07-07 00:00:00-04:00,7.5260792816999995,7.5260792816999995,29.57816271953136,29.57816271953136,-22.05208343783136,-22.05208343783136,22.944231463413303,0.8921480255819395,6.4243848097557255,0.12490072358147154,6.299484086174254
2024-07-08 00:00:00-04:00,6.464685232799999,6.464685232799999,28.13969260094509,28.13969260094509,-21.67500736814509,-21.67500736814509,22.024770458952652,0.34976309080756174,6.166935728506743,0.04896683271305865,6.117968895793685
2024-07-09 00:00:00-04:00,7.120595765699999,7.120595765699999,29.035610784569062,29.035610784569062,-21.915015018869063,-21.915015018869063,22.27923216492405,0.36421714605498645,6.2381850061787345,0.050990400447698106,6.187194605731037
2024-07-10 00:00:00-04:00,7.0633663334999985,7.0633663334999985,28.793350794091886,28.793350794091886,-21.729984460591886,-21.729984460591886,21.973800497072148,0.24381603648025912,6.152664139180202,0.03413424510723628,6.1185298940729655
2024-07-11 00:00:00-04:00,2.1228329015999994,2.1228329015999994,26.130480048406827,26.130480048406827,-24.00764714680683,-24.00764714680683,24.00764714680683,0.0,6.722141201105913,0.0,6.722141201105913
2024-07-12 00:00:00-04:00,6.494634132299999,6.494634132299999,24.81129461446218,24.81129461446218,-18.316660482162185,-18.316660482162185,19.042226984906296,0.7255665027441152,5.331823555773764,0.10157931038417613,5.230244245389588
2024-07-13 00:00:00-04:00,6.667411932899999,6.667411932899999,31.117395965982077,31.117395965982077,-24.449984033082075,-24.449984033082075,25.189018071152255,0.7390340380701795,7.052925059922632,0.10346476532982514,6.949460294592807
2024-07-14 00:00:00-04:00,9.9411008751,9.9411008751,30.858444729812263,30.858444729812263,-20.91734385471226,-20.91734385471226,22.607692559967425,1.6903487052551651,6.33015391679088,0.23664881873572313,6.093505098055156
2024-07-15 00:00:00-04:00,7.449735245399999,7.449735245399999,28.628742800038285,28.628742800038285,-21.179007554638286,-21.179007554638286,21.63036390629912,0.4513563516608336,6.0565018937637545,0.06318988923251671,5.993312004531238
2024-07-16 00:00:00-04:00,6.174894130199999,6.174894130199999,25.633369687516478,25.633369687516478,-19.45847555731648,-19.45847555731648,20.33579108230238,0.8773155249858993,5.694021503044667,0.12282417349802591,5.57119732954664
2024-07-17 00:00:00-04:00,9.135002245499999,9.135002245499999,25.173537508676223,25.173537508676223,-16.038535263176225,-16.038535263176225,17.850216972909152,1.8116817097329274,4.998060752414563,0.25363543936260985,4.744425313051954
2024-07-18 00:00:00-04:00,6.607409006699999,6.607409006699999,28.420259202909456,28.420259202909456,-21.81285019620946,-21.81285019620946,22.840427968934225,1.0275777727247684,6.395319831301584,0.14386088818146758,6.251458943120117
2024-07-19 00:00:00-04:00,10.1118906387,10.1118906387,27.599545268166004,27.599545268166004,-17.487654629466004,-17.487654629466004,19.54924539276522,2.061590763299214,5.4737887099742615,0.28862270686188995,5.185166003112371
2024-07-20 00:00:00-04:00,9.267938784,9.267938784,29.842409195259133,29.842409195259133,-20.574470411259135,-20.574470411259135,22.268439987493196,1.6939695762340632,6.235163196498095,0.23715574067276887,5.998007455825326
2024-07-21 00:00:00-04:00,8.7189411771,8.7189411771,30.709624065108017,30.709624065108017,-21.99068288800802,-21.99068288800802,23.696900749014866,1.7062178610068455,6.635132209724163,0.23887050054095837,6.396261709183205
2024-07-22 00:00:00-04:00,10.1566082115,10.1566082115,28.94814993868855,28.94814993868855,-18.79154172718855,-18.79154172718855,20.75110347503616,1.9595617478476075,5.810308973010126,0.2743386446986651,5.5359703283114605
2024-07-23 00:00:00-04:00,1.4402613644999993,1.4402613644999993,28.853619739342474,28.853619739342474,-27.413358374842474,-27.413358374842474,27.413358374842474,0.0,7.675740344955893,0.0,7.675740344955893
2024-07-24 00:00:00-04:00,3.786045996599999,3.786045996599999,26.928965747920827,26.928965747920827,-23.14291975132083,-23.14291975132083,23.14291975132083,0.0,6.480017530369833,0.0,6.480017530369833
2024-07-25 00:00:00-04:00,1.9411574858999991,1.9411574858999991,27.935567957757602,27.935567957757602,-25.994410471857602,-25.994410471857602,25.994410471857602,0.0,7.278434932120129,0.0,7.278434932120129
2024-07-26 00:00:00-04:00,8.896515681599999,8.896515681599999,28.607306474729143,28.607306474729143,-19.710790793129142,-19.710790793129142,21.599709913614586,1.8889191204854436,6.047918775812085,0.26444867686796214,5.783470098944123
2024-07-27 00:00:00-04:00,8.813798192699998,8.813798192699998,31.206871203170376,31.206871203170376,-22.393073010470378,-22.393073010470378,23.260482537584696,0.8674095271143192,6.512935110523715,0.1214373337960047,6.391497776727711
2024-07-28 00:00:00-04:00,8.936889742799998,8.936889742799998,29.038649913555854,29.038649913555854,-20.101760170755856,-20.101760170755856,21.44127600121852,1.3395158304626633,6.003557280341186,0.18753221626477287,5.816025064076412
2024-07-29 00:00:00-04:00,3.006730889099999,3.006730889099999,28.83438951288851,28.83438951288851,-25.827658623788512,-25.827658623788512,25.827658623788512,0.0,7.231744414660784,0.0,7.231744414660784
2024-07-30 00:00:00-04:00,3.981889637999999,3.981889637999999,26.872890953599132,26.872890953599132,-22.891001315599134,-22.891001315599134,23.080760201253074,0.1897588856539396,6.462612856350861,0.02656624399155155,6.43604661235931
2024-07-31 00:00:00-04:00,4.887254342699999,4.887254342699999,25.63565779567895,25.63565779567895,-20.748403452978952,-20.748403452978952,20.916367383056176,0.1679639300772267,5.85658286725573,0.023514950210811743,5.833067917044918
2024-08-01 00:00:00-04:00,4.863373520399999,4.863373520399999,29.03220629135314,29.03220629135314,-24.168832770953145,-24.168832770953145,24.290657207319587,0.1218244363664443,6.801384018049485,0.017055421091302203,6.784328596958183
2024-08-02 00:00:00-04:00,8.415071448299999,8.415071448299999,26.587725346500015,26.587725346500015,-18.172653898200018,-18.172653898200018,19.614620267639303,1.4419663694392875,5.492093674939006,0.20187529172150026,5.290218383217505
2024-08-03 00:00:00-04:00,5.191443168299999,5.191443168299999,32.21361146330629,32.21361146330629,-27.022168295006292,-27.022168295006292,27.11708629816124,0.09491800315494836,7.592784163485148,0.013288520441692772,7.5794956430434555
2024-08-04 00:00:00-04:00,4.000301216099999,4.000301216099999,31.498947700736633,31.498947700736633,-27.498646484636634,-27.498646484636634,27.848635300124716,0.34998881548808236,7.7976178840349215,0.04899843416833154,7.74861944986659
2024-08-05 00:00:00-04:00,8.195973425099998,8.195973425099998,29.252558711795768,29.252558711795768,-21.05658528669577,-21.05658528669577,22.612324717708088,1.5557394310123176,6.3314509209582654,0.21780352034172448,6.113647400616541
2024-08-06 00:00:00-04:00,5.642141698349999,5.642141698349999,29.61881677389415,29.61881677389415,-23.97667507554415,-23.97667507554415,24.66294771761767,0.6862726420735186,6.905625360932948,0.09607816989029261,6.809547191042656
2024-08-07 00:00:00-04:00,9.146666755799998,9.146666755799998,26.766586926606617,26.766586926606617,-17.61992017080662,-17.61992017080662,19.68483363286714,2.064913462060519,5.5117534172028,0.2890878846884727,5.222665532514327
2024-08-08 00:00:00-04:00,9.52264229715,9.52264229715,26.86370744010564,26.86370744010564,-17.34106514295564,-17.34106514295564,19.22901290143408,1.8879477584784397,5.384123612401543,0.26431268618698156,5.119810926214561
2024-08-09 00:00:00-04:00,1.8533450321999991,1.8533450321999991,27.571670675880046,27.571670675880046,-25.71832564368005,-25.71832564368005,25.71832564368005,0.0,7.201131180230415,0.0,7.201131180230415
2024-08-10 00:00:00-04:00,6.080465946149999,6.080465946149999,27.869467069598226,27.869467069598226,-21.789001123448227,-21.789001123448227,22.723637376873892,0.9346362534256676,6.36261846552469,0.13084907547959349,6.231769390045097
2024-08-11 00:00:00-04:00,8.98930156905,8.98930156905,29.518745681335723,29.518745681335723,-20.529444112285724,-20.529444112285724,21.942850523208897,1.4134064109231703,6.143998146498491,0.19787689752924387,5.946121248969248
2024-08-12 00:00:00-04:00,7.390460352599999,7.390460352599999,28.208983547738526,28.208983547738526,-20.818523195138525,-20.818523195138525,21.58505022564971,0.766527030511185,6.0438140631819195,0.1073137842715659,5.936500278910353
2024-08-13 00:00:00-04:00,8.8528252995,8.8528252995,24.891570526254707,24.891570526254707,-16.038745226754706,-16.038745226754706,18.005758029189504,1.967012802434799,5.041612248173061,0.2753817923408719,4.76623045583219
2024-08-14 00:00:00-04:00,3.975708260699999,3.975708260699999,26.462582722127976,26.462582722127976,-22.486874461427977,-22.486874461427977,22.536039431330494,0.04916496990251673,6.310091040772539,0.006883095786352343,6.303207944986187
2024-08-15 00:00:00-04:00,8.890377407099999,8.890377407099999,28.4448624371994,28.4448624371994,-19.554485030099404,-19.554485030099404,21.367971828135573,1.8134867980361715,5.983032111877961,0.253888151725064,5.729143960152896
2024-08-16 00:00:00-04:00,9.231697873349999,9.231697873349999,26.251683429116152,26.251683429116152,-17.01998555576615,-17.01998555576615,19.063419762281942,2.04343420651579,5.337757533438944,0.28608078891221067,5.051676744526734
2024-08-17 00:00:00-04:00,9.072091471949998,9.072091471949998,32.004972857395,32.004972857395,-22.932881385445008,-22.932881385445008,24.214201420394858,1.281320034949852,6.779976397710561,0.17938480489297928,6.600591592817581
2024-08-18 00:00:00-04:00,2.8267287443999987,2.8267287443999987,30.741354589035833,30.741354589035833,-27.914625844635832,-27.914625844635832,27.914625844635832,0.0,7.816095236498033,0.0,7.816095236498033
2024-08-19 00:00:00-04:00,2.9959290625499992,2.9959290625499992,24.549736666294784,24.549736666294784,-21.553807603744783,-21.553807603744783,21.553807603744783,0.0,6.0350661290485395,0.0,6.0350661290485395
2024-08-20 00:00:00-04:00,2.449637244449999,2.449637244449999,26.05346154743988,26.05346154743988,-23.60382430298988,-23.60382430298988,23.60382430298988,0.0,6.609070804837168,0.0,6.609070804837168
2024-08-21 00:00:00-04:00,8.167086816299998,8.167086816299998,24.484959578479728,24.484959578479728,-16.31787276217973,-16.31787276217973,17.848677247038925,1.5308044848591953,4.997629629170899,0.21431262788028735,4.783317001290612
2024-08-22 00:00:00-04:00,8.682315970049999,8.682315970049999,25.06227722913187,25.06227722913187,-16.37996125908187,-16.37996125908187,18.698912939380424,2.3189516802985533,5.235695623026519,0.3246532352417975,4.911042387784722
2024-08-23 00:00:00-04:00,7.910218210949999,7.910218210949999,26.02334390498367,26.02334390498367,-18.11312569403367,-18.11312569403367,19.69244123903494,1.5793155450012701,5.513883546929784,0.22110417630017784,5.2927793706296065
2024-08-24 00:00:00-04:00,9.171548874449998,9.171548874449998,29.37392409052734,29.37392409052734,-20.202375216077343,-20.202375216077343,21.862299794796883,1.6599245787195407,6.121443942543127,0.23238944102073572,5.889054501522391
2024-08-25 00:00:00-04:00,8.423531159849999,8.423531159849999,32.41227582131691,32.41227582131691,-23.988744661466914,-23.988744661466914,24.81303701043967,0.8242923489727556,6.947650362923108,0.1154009288561858,6.832249434066922
2024-08-26 00:00:00-04:00,8.081473824449999,8.081473824449999,28.405104850518395,28.405104850518395,-20.323631026068394,-20.323631026068394,21.895774621910512,1.572143595842117,6.130816894134944,0.2201001034178964,5.910716790717048
2024-08-27 00:00:00-04:00,9.348560688149998,9.348560688149998,27.928137023821453,27.928137023821453,-18.579576335671455,-18.579576335671455,20.28424815279215,1.7046718171206952,5.679589482781802,0.23865405439689735,5.440935428384905
2024-08-28 00:00:00-04:00,4.228401888449999,4.228401888449999,24.494583965713023,24.494583965713023,-20.266182077263025,-20.266182077263025,21.31490274440355,1.0487206671405271,5.968172768432995,0.1468208933996738,5.82135187503332
2024-08-29 00:00:00-04:00,10.269207878849999,10.269207878849999,26.985632797533942,26.985632797533942,-16.71642491868394,-16.71642491868394,19.12668505883206,2.410260140148119,5.355471816472977,0.33743641962073667,5.01803539685224
2024-08-30 00:00:00-04:00,9.96901113555,9.96901113555,29.34716745049261,29.34716745049261,-19.37815631494261,-19.37815631494261,21.301554814105764,1.9233984991631523,5.964435347949614,0.26927578988284134,5.695159558066773
2024-08-31 00:00:00-04:00,7.05862926045,7.05862926045,32.32525691925061,32.32525691925061,-25.26662765880061,-25.26662765880061,25.826595203462226,0.5599675446616167,7.231446656969424,0.07839545625262634,7.1530512007167975
2024-09-01 00:00:00-04:00,3.909796990649999,3.909796990649999,32.17273635385457,32.17273635385457,-28.262939363204566,-28.262939363204566,28.75221761525639,0.4892782520518246,8.05062093227179,0.06849895528725546,7.982121976984535
2024-09-02 00:00:00-04:00,9.12585012435,9.12585012435,29.578239198814956,29.578239198814956,-20.452389074464957,-20.452389074464957,21.829002599335855,1.376613524870898,6.11212072781404,0.19272589348192573,5.919394834332114
2024-09-03 00:00:00-04:00,10.0556771112,10.0556771112,27.990450102974336,27.990450102974336,-17.934772991774334,-17.934772991774334,20.158214417252534,2.2234414254781987,5.64430003683071,0.31128179956694785,5.3330182372637625
2024-09-04 00:00:00-04:00,9.48833898615,9.48833898615,26.60460558620452,26.60460558620452,-17.116266600054523,-17.116266600054523,19.141749017621365,2.025482417566842,5.3596897249339825,0.28356753845935795,5.076122186474625
2024-09-05 00:00:00-04:00,9.382756568849999,9.382756568849999,27.018542649805738,27.018542649805738,-17.63578608095574,-17.63578608095574,19.57850621824226,1.9427201372865213,5.481981741107833,0.271980819220113,5.21000092188772
2024-09-06 00:00:00-04:00,5.2846624988999995,5.2846624988999995,25.371320421398536,25.371320421398536,-20.08665792249854,-20.08665792249854,20.412566363928953,0.3259084414304151,5.715518581900107,0.04562718180025812,5.669891400099849
2024-09-07 00:00:00-04:00,1.4287490045999993,1.4287490045999993,28.590808149080225,28.590808149080225,-27.162059144480224,-27.162059144480224,27.162059144480224,0.0,7.605376560454464,0.0,7.605376560454464
2024-09-08 00:00:00-04:00,8.82307428165,8.82307428165,26.90704822998145,26.90704822998145,-18.083973948331447,-18.083973948331447,19.987823914261238,1.90384996592979,5.5965906959931475,0.2665389952301706,5.330051700762977
2024-09-09 00:00:00-04:00,9.634630267814838,9.634630267814838,26.8464641129941,26.8464641129941,-17.21183384517926,-17.21183384517926,19.28204440136042,2.0702105561811606,5.398972432380918,0.2898294778653625,5.109142954515556
2024-09-10 00:00:00-04:00,8.07837881175,8.07837881175,27.352569266189683,27.352569266189683,-19.274190454439683,-19.274190454439683,21.1517020881603,1.8775116337206157,5.922476584684884,0.26285162872088624,5.659624955963998
2024-09-11 00:00:00-04:00,10.067146367625,10.067146367625,27.97757590678966,27.97757590678966,-17.91042953916466,-17.91042953916466,19.86574240374075,1.955312864576089,5.562407873047411,0.2737438010406525,5.288664072006759
2024-09-12 00:00:00-04:00,7.6382893485,7.6382893485,29.665424290626124,29.665424290626124,-22.027134942126125,-22.027134942126125,22.737491016268418,0.7103560741422937,6.366497484555158,0.09944985037992113,6.267047634175237
2024-09-13 00:00:00-04:00,7.2970364942999995,7.2970364942999995,26.14841345613913,26.14841345613913,-18.851376961839133,-18.851376961839133,19.73179097035648,0.8804140085173493,5.524901471699815,0.12325796119242892,5.401643510507387
2024-09-14 00:00:00-04:00,9.767599508924999,9.767599508924999,28.91715429609284,28.91715429609284,-19.14955478716784,-19.14955478716784,20.97275802402488,1.8232032368570419,5.872372246726967,0.2552484531599859,5.617123793566981
2024-09-15 00:00:00-04:00,9.386718781725,9.386718781725,27.539516044380125,27.539516044380125,-18.152797262655127,-18.152797262655127,19.998799883638128,1.8460026209829996,5.599663967418676,0.25844036693761996,5.341223600481056
2024-09-16 00:00:00-04:00,9.283036166099999,9.283036166099999,28.413643962548214,28.413643962548214,-19.130607796448214,-19.130607796448214,20.77428140596724,1.643673609519026,5.816798793670828,0.23011430533266367,5.5866844883381646
2024-09-17 00:00:00-04:00,9.239227013025,9.239227013025,25.034523878937048,25.034523878937048,-15.795296865912048,-15.795296865912048,17.806367986365302,2.0110711204532525,4.985783036182285,0.2815499568634554,4.70423307931883
2024-09-18 00:00:00-04:00,8.9733414384,8.9733414384,26.00631665314222,26.00631665314222,-17.032975214742223,-17.032975214742223,18.749780825143482,1.716805610401258,5.249938631040175,0.24035278545617614,5.009585845583999
2024-09-19 00:00:00-04:00,6.556922867699999,6.556922867699999,26.30584084496357,26.30584084496357,-19.74891797726357,-19.74891797726357,20.078783833081996,0.3298658558184281,5.62205947326296,0.046181219814579934,5.57587825344838
2024-09-20 00:00:00-04:00,3.2390881181999993,3.2390881181999993,26.05354955355408,26.05354955355408,-22.81446143535408,-22.81446143535408,22.81446143535408,0.0,6.388049201899143,0.0,6.388049201899143
2024-09-21 00:00:00-04:00,4.926688247024999,4.926688247024999,29.844437914179373,29.844437914179373,-24.91774966715437,-24.91774966715437,24.969262741397554,0.051513074243182744,6.991393567591316,0.007211830394045585,6.98418173719727
2024-09-22 00:00:00-04:00,6.4685669067,6.4685669067,31.305209385526986,31.305209385526986,-24.836642478826988,-24.836642478826988,25.076368082516836,0.23972560368984708,7.0213830631047145,0.03356158451657859,6.987821478588136
2024-09-23 00:00:00-04:00,3.110659475399999,3.110659475399999,28.50283187873055,28.50283187873055,-25.39217240333055,-25.39217240333055,25.39217240333055,0.0,7.109808272932555,0.0,7.109808272932555
2024-09-24 00:00:00-04:00,7.004551098149999,7.004551098149999,28.948003696871456,28.948003696871456,-21.943452598721457,-21.943452598721457,23.21621361788104,1.2727610191595815,6.500539813006691,0.17818654268234144,6.32235327032435
2024-09-25 00:00:00-04:00,2.5390737191249992,2.5390737191249992,26.754688135981375,26.754688135981375,-24.215614416856376,-24.215614416856376,24.215614416856376,0.0,6.780372036719786,0.0,6.780372036719786
2024-09-26 00:00:00-04:00,1.0994942578499993,1.0994942578499993,27.521122805925714,27.521122805925714,-26.421628548075713,-26.421628548075713,26.421628548075713,0.0,7.398055993461201,0.0,7.398055993461201
2024-09-27 00:00:00-04:00,5.5039971818249995,5.5039971818249995,27.205305314645713,27.205305314645713,-21.701308132820714,-21.701308132820714,22.45801128809234,0.7567031552716279,6.288243160665856,0.10593844173802791,6.182304718927829
2024-09-28 00:00:00-04:00,3.6116431361999997,3.6116431361999997,31.542351967659755,31.542351967659755,-27.930708831459754,-27.930708831459754,27.930708831459754,0.0,7.820598472808732,0.0,7.820598472808732
2024-09-29 00:00:00-04:00,5.775476544899999,5.775476544899999,27.090615199491364,27.090615199491364,-21.315138654591365,-21.315138654591365,21.714865633490298,0.3997269788989311,6.080162377377284,0.05596177704585036,6.024200600331433
2024-09-30 00:00:00-04:00,9.1447071147,9.1447071147,28.33367722301682,28.33367722301682,-19.188970108316823,-19.188970108316823,20.576519354530728,1.3875492462139063,5.761425419268604,0.1942568944699469,5.567168524798657
2024-10-01 00:00:00-04:00,6.810928928999999,6.810928928999999,28.30277540404655,28.30277540404655,-21.49184647504655,-21.49184647504655,22.463638797285828,0.9717923222392769,6.289818863240033,0.13605092511349878,6.153767938126534
2024-10-02 00:00:00-04:00,5.0679227420999995,5.0679227420999995,26.148154840541704,26.148154840541704,-21.080232098441705,-21.080232098441705,21.404591630837395,0.32435953239569043,5.993285656634471,0.04541033453539667,5.947875322099074
2024-10-03 00:00:00-04:00,2.5031048003999996,2.5031048003999996,26.449783666403185,26.449783666403185,-23.94667886600319,-23.94667886600319,23.94667886600319,0.0,6.705070082480893,0.0,6.705070082480893
2024-10-04 00:00:00-04:00,5.8403422871999995,5.8403422871999995,27.628972709579074,27.628972709579074,-21.788630422379075,-21.788630422379075,21.802064433935275,0.0134340115561975,6.1045780415018775,0.0018807616178676502,6.10269727988401
2024-10-05 00:00:00-04:00,1.1781654578999992,1.1781654578999992,32.020839061733405,32.020839061733405,-30.8426736038334,-30.8426736038334,30.8426736038334,0.0,8.635948609073353,0.0,8.635948609073353
2024-10-06 00:00:00-04:00,1.6323502697999992,1.6323502697999992,29.954152907234544,29.954152907234544,-28.321802637434544,-28.321802637434544,28.321802637434544,0.0,7.930104738481673,0.0,7.930104738481673
2024-10-07 00:00:00-04:00,0.9523416698999988,0.9523416698999988,29.03597954902724,29.03597954902724,-28.08363787912724,-28.08363787912724,28.08363787912724,0.0,7.863418606155628,0.0,7.863418606155628
2024-10-08 00:00:00-04:00,3.9995014349249995,3.9995014349249995,29.62838072348144,29.62838072348144,-25.628879288556437,-25.628879288556437,26.295521934705924,0.6666426461494865,7.362746141717659,0.09332997046092813,7.269416171256731
2024-10-09 00:00:00-04:00,2.4065436338999997,2.4065436338999997,27.76659948229919,27.76659948229919,-25.36005584839919,-25.36005584839919,25.36005584839919,0.0,7.100815637551773,0.0,7.100815637551773
2024-10-10 00:00:00-04:00,5.932153532699999,5.932153532699999,27.73179170214824,27.73179170214824,-21.79963816944824,-21.79963816944824,22.194434412322465,0.39479624287422344,6.2144416354502905,0.05527147400239129,6.159170161447899
2024-10-11 00:00:00-04:00,5.431907679249823,5.431907679249823,25.04232570966792,25.04232570966792,-19.6104180304181,-19.6104180304181,20.617620369247515,1.0072023388294156,5.772933703389305,0.14100832743611819,5.631925375953187
2024-10-12 00:00:00-04:00,5.571390421799999,5.571390421799999,31.754351441631258,31.754351441631258,-26.18296101983126,-26.18296101983126,26.261153309798786,0.07819228996752692,7.35312292674366,0.01094692059545377,7.342176006148207
2024-10-13 00:00:00-04:00,8.573689649024999,8.573689649024999,29.092972034970597,29.092972034970597,-20.519282385945598,-20.519282385945598,21.791363214343097,1.2720808283975003,6.101581700016068,0.17809131597565006,5.923490384040417
2024-10-14 00:00:00-04:00,0.598594697999999,0.598594697999999,23.97348882646045,23.97348882646045,-23.37489412846045,-23.37489412846045,23.37489412846045,0.0,6.5449703559689265,0.0,6.5449703559689265
2024-10-15 00:00:00-04:00,3.8166513707249994,3.8166513707249994,26.06223767120008,26.06223767120008,-22.245586300475082,-22.245586300475082,22.368549373943747,0.12296307346866547,6.26319382470425,0.01721483028561317,6.245978994418637
2024-10-16 00:00:00-04:00,4.734083263724999,4.734083263724999,27.015131610334038,27.015131610334038,-22.281048346609037,-22.281048346609037,22.414969754811406,0.13392140820236653,6.2761915313471945,0.018748997148331316,6.257442534198863
2024-10-17 00:00:00-04:00,9.1461372669,9.1461372669,29.09987514215991,29.09987514215991,-19.95373787525991,-19.95373787525991,21.241308815768413,1.287570940508501,5.947566468415157,0.18025993167119014,5.767306536743966
2024-10-18 00:00:00-04:00,9.1491416163,9.1491416163,28.95628052133972,28.95628052133972,-19.80713890503972,-19.80713890503972,21.284287799314065,1.4771488942743423,5.959600583807939,0.20680084519840794,5.752799738609531
2024-10-19 00:00:00-04:00,8.522239915125,8.522239915125,30.394529122560822,30.394529122560822,-21.872289207435823,-21.872289207435823,22.77148143596189,0.8991922285260651,6.37601480206933,0.12588691199364913,6.250127890075681
2024-10-20 00:00:00-04:00,8.237428957125,8.237428957125,30.662015728681766,30.662015728681766,-22.424586771556765,-22.424586771556765,23.118507475757106,0.6939207042003398,6.473182093211991,0.09714889858804758,6.376033194623943
2024-10-21 00:00:00-04:00,6.273289652399999,6.273289652399999,27.157629761599367,27.157629761599367,-20.884340109199368,-20.884340109199368,21.22499940767818,0.3406592984788105,5.942999834149891,0.04769230178703347,5.895307532362858
2024-10-22 00:00:00-04:00,8.2454356377,8.2454356377,27.20201039018975,27.20201039018975,-18.956574752489747,-18.956574752489747,20.113403319561364,1.1568285670716143,5.631752929477183,0.16195599939002603,5.469796930087157
2024-10-23 00:00:00-04:00,5.850889099424999,5.850889099424999,25.776670175843932,25.776670175843932,-19.925781076418932,-19.925781076418932,20.893792471500877,0.9680113950819438,5.850261892020246,0.13552159531147215,5.714740296708774
2024-10-24 00:00:00-04:00,5.4674417663999995,5.4674417663999995,28.906449714175306,28.906449714175306,-23.43900794777531,-23.43900794777531,23.471941800385547,0.03293385261023818,6.572143704107954,0.004610739365433346,6.5675329647425205
2024-10-25 00:00:00-04:00,8.8557557634,8.8557557634,27.49740396172616,27.49740396172616,-18.641648198326163,-18.641648198326163,20.003890523050234,1.3622423247240742,5.601089346454066,0.19071392546137042,5.410375420992696
2024-10-26 00:00:00-04:00,5.942476191599998,5.942476191599998,32.309035387387546,32.309035387387546,-26.366559195787545,-26.366559195787545,26.550028239087226,0.18346904329968172,7.434007906944424,0.025685666061955444,7.408322240882469
2024-10-27 00:00:00-04:00,7.278643540799999,7.278643540799999,31.42618350576073,31.42618350576073,-24.14753996496073,-24.14753996496073,24.398575597991016,0.25103563303028775,6.831601167437485,0.035144988624240286,6.796456178813245
2024-10-28 00:00:00-04:00,9.160221511799998,9.160221511799998,24.926887395728258,24.926887395728258,-15.76666588392826,-15.76666588392826,17.637113286511436,1.8704474025831757,4.938391720223202,0.26186263636164464,4.676529083861557
2024-10-29 00:00:00-04:00,6.5370518559,6.5370518559,28.8616711049565,28.8616711049565,-22.3246192490565,-22.3246192490565,22.613897158375458,0.28927790931895925,6.331891204345129,0.040498907304654296,6.291392297040475
2024-10-30 00:00:00-04:00,0.5574109364999993,0.5574109364999993,24.86957996887469,24.86957996887469,-24.31216903237469,-24.31216903237469,24.31216903237469,0.0,6.8074073290649135,0.0,6.8074073290649135
2024-10-31 00:00:00-04:00,7.0226512137,7.0226512137,28.885204032229755,28.885204032229755,-21.862552818529753,-21.862552818529753,22.528003151955108,0.6654503334253542,6.307840882547431,0.0931630466795496,6.214677835867882
2024-11-01 00:00:00-04:00,2.4969221297999997,2.4969221297999997,27.11126645073573,27.11126645073573,-24.61434432093573,-24.61434432093573,24.842534162206746,0.228189841271016,6.9559095654178895,0.03194657777794224,6.923962987639947
2024-11-02 00:00:00-04:00,7.524490644899999,7.524490644899999,31.300484469780535,31.300484469780535,-23.775993824880537,-23.775993824880537,24.454279076433206,0.6782852515526678,6.847198141401298,0.0949599352173735,6.752238206183925
2024-11-03 00:00:00-04:00,8.589375567,8.589375567,32.71393917832549,32.71393917832549,-24.124563611325488,-24.124563611325488,25.189258876287962,1.0646952649624755,7.05299248536063,0.14905733709474658,6.903935148265883
2024-11-04 00:00:00-05:00,3.7485424701,3.7485424701,26.41155628122336,26.41155628122336,-22.663013811123356,-22.663013811123356,22.995697968111894,0.3326841569885369,6.438795431071331,0.046575781978395174,6.392219649092937
2024-11-05 00:00:00-05:00,1.9122552197999991,1.9122552197999991,27.74915051294378,27.74915051294378,-25.836895293143776,-25.836895293143776,25.836895293143776,0.0,7.234330682080258,0.0,7.234330682080258
2024-11-06 00:00:00-05:00,3.0307007249999995,3.0307007249999995,27.36260978846891,27.36260978846891,-24.33190906346891,-24.33190906346891,24.718701704669474,0.38679264120056434,6.9212364773074535,0.05415096976807901,6.867085507539374
2024-11-07 00:00:00-05:00,6.287804028899999,6.287804028899999,25.36827589838356,25.36827589838356,-19.080471869483556,-19.080471869483556,19.97683704745906,0.8963651779755019,5.593514373288538,0.12549112491657027,5.468023248371967
2024-11-08 00:00:00-05:00,2.4843826169999996,2.4843826169999996,25.965574804862968,25.965574804862968,-23.48119218786297,-23.48119218786297,23.740517313796257,0.2593251259332886,6.647344847862953,0.03630551763066041,6.611039330232292
2024-11-09 00:00:00-05:00,6.1865627417999995,6.1865627417999995,28.352191650286784,28.352191650286784,-22.165628908486784,-22.165628908486784,22.71943474267963,0.5538058341928462,6.3614417279502975,0.07753281678699848,6.283908911163299
2024-11-10 00:00:00-05:00,8.007926282099998,8.007926282099998,32.84262614023046,32.84262614023046,-24.83469985813046,-24.83469985813046,25.741558441358972,0.9068585832285107,7.207636363580513,0.1269602016519915,7.080676161928522
2024-11-11 00:00:00-05:00,3.0720416237999992,3.0720416237999992,26.399872707833538,26.399872707833538,-23.327831084033537,-23.327831084033537,23.327831084033537,0.0,6.5317927035293915,0.0,6.5317927035293915
2024-11-12 00:00:00-05:00,1.2695610977999994,1.2695610977999994,25.297358372555934,25.297358372555934,-24.027797274755937,-24.027797274755937,24.027797274755937,0.0,6.727783236931663,0.0,6.727783236931663
2024-11-13 00:00:00-05:00,8.4121850727,8.4121850727,25.69610534243736,25.69610534243736,-17.28392026973736,-17.28392026973736,18.987354419644998,1.703434149907638,5.3164592375006,0.23848078098706935,5.07797845651353
2024-11-14 00:00:00-05:00,8.454164229899998,8.454164229899998,27.98681711374077,27.98681711374077,-19.532652883840772,-19.532652883840772,20.818894282963544,1.286241399122774,5.829290399229793,0.18007379587718836,5.649216603352604
2024-11-15 00:00:00-05:00,1.481211986399999,1.481211986399999,26.193649765028425,26.193649765028425,-24.712437778628427,-24.712437778628427,24.712437778628427,0.0,6.91948257801596,0.0,6.91948257801596
2024-11-16 00:00:00-05:00,1.143712653299999,1.143712653299999,30.458092285692764,30.458092285692764,-29.314379632392765,-29.314379632392765,29.314379632392765,0.0,8.208026297069974,0.0,8.208026297069974
2024-11-17 00:00:00-05:00,4.6586528217,4.6586528217,27.666785620931577,27.666785620931577,-23.00813279923158,-23.00813279923158,23.13040762934471,0.1222748301131309,6.47651413621652,0.017118476215838327,6.459395660000681
2024-11-18 00:00:00-05:00,2.099579732099999,2.099579732099999,25.841341550101397,25.841341550101397,-23.741761818001397,-23.741761818001397,23.741761818001397,0.0,6.647693309040392,0.0,6.647693309040392
2024-11-19 00:00:00-05:00,1.771415678699999,1.771415678699999,26.39394117880269,26.39394117880269,-24.622525500102693,-24.622525500102693,24.622525500102693,0.0,6.894307140028754,0.0,6.894307140028754
2024-11-20 00:00:00-05:00,1.6333653509999992,1.6333653509999992,28.376894521215792,28.376894521215792,-26.743529170215794,-26.743529170215794,26.743529170215794,0.0,7.488188167660423,0.0,7.488188167660423
2024-11-21 00:00:00-05:00,1.4853020543999997,1.4853020543999997,24.563969561780905,24.563969561780905,-23.078667507380906,-23.078667507380906,23.078667507380906,0.0,6.462026902066654,0.0,6.462026902066654
2024-11-22 00:00:00-05:00,0.7079513048999992,0.7079513048999992,25.242027358016614,25.242027358016614,-24.534076053116618,-24.534076053116618,24.534076053116618,0.0,6.869541294872653,0.0,6.869541294872653
2024-11-23 00:00:00-05:00,0.5426078731891634,0.5426078731891634,27.403851011236267,27.403851011236267,-26.8612431380471,-26.8612431380471,26.8612431380471,0.0,7.521148078653189,0.0,7.521148078653189
2024-11-24 00:00:00-05:00,1.4208752213999993,1.4208752213999993,28.134292617042703,28.134292617042703,-26.713417395642704,-26.713417395642704,26.713417395642704,0.0,7.4797568707799575,0.0,7.4797568707799575
2024-11-25 00:00:00-05:00,5.026930972199999,5.026930972199999,26.04148227185952,26.04148227185952,-21.01455129965952,-21.01455129965952,21.576600078758247,0.5620487790987285,6.04144802205231,0.078686829073822,5.962761192978488
2024-11-26 00:00:00-05:00,1.8966133880999994,1.8966133880999994,27.50605629592008,27.50605629592008,-25.60944290782008,-25.60944290782008,25.60944290782008,0.0,7.170644014189622,0.0,7.170644014189622
2024-11-27 00:00:00-05:00,2.4726577049999996,2.4726577049999996,29.960071471480273,29.960071471480273,-27.487413766480273,-27.487413766480273,27.603485142636277,0.11607137615600116,7.728975839938158,0.016249992661840164,7.712725847276318
2024-11-28 00:00:00-05:00,1.9628989820999994,1.9628989820999994,28.21390516129653,28.21390516129653,-26.251006179196533,-26.251006179196533,26.251006179196533,0.0,7.3502817301750305,0.0,7.3502817301750305
2024-11-29 00:00:00-05:00,5.4149671503,5.4149671503,29.37027198187034,29.37027198187034,-23.95530483157034,-23.95530483157034,24.601217460816613,0.6459126292462737,6.888340889028653,0.09042776809447832,6.797913120934174
2024-11-30 00:00:00-05:00,7.4908994103,7.4908994103,28.534403552874323,28.534403552874323,-21.043504142574324,-21.043504142574324,22.001497040823068,0.9579928982487428,6.160419171430459,0.134119005754824,6.026300165675635
2024-12-01 00:00:00-05:00,6.441486200999999,6.441486200999999,30.930767956155847,30.930767956155847,-24.489281755155847,-24.489281755155847,25.293549451393165,0.8042676962373186,7.082193846390087,0.11259747747322461,6.9695963689168625
2024-12-02 00:00:00-05:00,7.111428463799999,7.111428463799999,25.07047996958103,25.07047996958103,-17.959051505781026,-17.959051505781026,18.985230812209604,1.0261793064285767,5.31586462741869,0.14366510290000076,5.172199524518689
2024-12-03 00:00:00-05:00,3.4512162236999995,3.4512162236999995,27.754251316296557,27.754251316296557,-24.30303509259656,-24.30303509259656,25.17701508298857,0.8739799903920134,7.049564223236801,0.12235719865488189,6.927207024581919
2024-12-04 00:00:00-05:00,7.535833282799999,7.535833282799999,28.25166478793078,28.25166478793078,-20.71583150513078,-20.71583150513078,21.73597237691842,1.0201408717876386,6.086072265537158,0.1428197220502694,5.943252543486889
2024-12-05 00:00:00-05:00,1.0744239464999996,1.0744239464999996,28.502695082053545,28.502695082053545,-27.428271135553548,-27.428271135553548,27.428271135553548,0.0,7.679915917954994,0.0,7.679915917954994
2024-12-06 00:00:00-05:00,4.8324534336,4.8324534336,27.99068301515182,27.99068301515182,-23.158229581551822,-23.158229581551822,23.191618092984566,0.03338851143274624,6.493653066035679,0.004674391600584474,6.488978674435095
2024-12-07 00:00:00-05:00,7.789786826399999,7.789786826399999,26.99874361970327,26.99874361970327,-19.20895679330327,-19.20895679330327,20.446373778364283,1.2374169850610113,5.724984657942,0.1732383779085416,5.551746280033458
2024-12-08 00:00:00-05:00,0.7366940684999995,0.7366940684999995,28.95215119323563,28.95215119323563,-28.215457124735632,-28.215457124735632,28.215457124735632,0.0,7.900327994925978,0.0,7.900327994925978
2024-12-09 00:00:00-05:00,2.1304119257999994,2.1304119257999994,25.750316970114753,25.750316970114753,-23.619905044314752,-23.619905044314752,23.619905044314752,0.0,6.613573412408131,0.0,6.613573412408131
2024-12-10 00:00:00-05:00,0.5526658133999998,0.5526658133999998,29.143598967187355,29.143598967187355,-28.590933153787354,-28.590933153787354,28.590933153787354,0.0,8.00546128306046,0.0,8.00546128306046
2024-12-11 00:00:00-05:00,0.4459798250999996,0.4459798250999996,26.710420062398775,26.710420062398775,-26.264440237298775,-26.264440237298775,26.264440237298775,0.0,7.354043266443657,0.0,7.354043266443657
2024-12-12 00:00:00-05:00,6.110733606299999,6.110733606299999,26.043411242346906,26.043411242346906,-19.932677636046904,-19.932677636046904,20.81284953402879,0.8801718979818846,5.827597869528062,0.12322406571746385,5.704373803810598
2024-12-13 00:00:00-05:00,7.625252606399999,7.625252606399999,27.29061933989564,27.29061933989564,-19.665366733495638,-19.665366733495638,20.596491829464625,0.931125095968988,5.767017712250095,0.13035751343565832,5.636660198814437
2024-12-14 00:00:00-05:00,7.7804924301,7.7804924301,30.846012617216584,30.846012617216584,-23.065520187116583,-23.065520187116583,23.89729129401152,0.8317711068949347,6.691241562323226,0.11644795496529087,6.574793607357935
2024-12-15 00:00:00-05:00,7.789161301199998,7.789161301199998,31.328222070236464,31.328222070236464,-23.539060769036464,-23.539060769036464,24.359691061063305,0.8206302920268399,6.820713497097726,0.1148882408837576,6.705825256213968
2024-12-16 00:00:00-05:00,4.6055638017,4.6055638017,27.567774204220367,27.567774204220367,-22.962210402520366,-22.962210402520366,23.51701142849946,0.5548010259790922,6.584763199979849,0.07767214363707292,6.507091056342777
2024-12-17 00:00:00-05:00,2.5774289396999994,2.5774289396999994,27.544796234066485,27.544796234066485,-24.967367294366486,-24.967367294366486,24.967367294366486,0.0,6.990862842422617,0.0,6.990862842422617
2024-12-18 00:00:00-05:00,6.012703161899999,6.012703161899999,24.91982580556903,24.91982580556903,-18.90712264366903,-18.90712264366903,19.7458396487454,0.8387170050763687,5.5288351016487125,0.11742038071069164,5.411414720938021
2024-12-19 00:00:00-05:00,4.625884836,4.625884836,28.39030229373667,28.39030229373667,-23.764417457736673,-23.764417457736673,24.42303283167776,0.6586153739410872,6.838449192869773,0.09220615235175221,6.746243040518021
2024-12-20 00:00:00-05:00,3.12681141,3.12681141,26.601366728716854,26.601366728716854,-23.474555318716853,-23.474555318716853,23.49599436245232,0.021439043735463514,6.57887842148665,0.003001466122964892,6.575876955363685
2024-12-21 00:00:00-05:00,1.3359011534999994,1.3359011534999994,27.07114962484441,27.07114962484441,-25.735248471344413,-25.735248471344413,25.735248471344413,0.0,7.205869571976436,0.0,7.205869571976436
2024-12-22 00:00:00-05:00,7.363051564499998,7.363051564499998,29.157291112338708,29.157291112338708,-21.79423954783871,-21.79423954783871,22.64135017023105,0.8471106223923399,6.339578047664695,0.1185954871349276,6.220982560529767
2024-12-23 00:00:00-05:00,7.408241156699999,7.408241156699999,28.615223280481345,28.615223280481345,-21.206982123781344,-21.206982123781344,22.220165419853007,1.0131832960716616,6.221646317558843,0.14184566145003263,6.0798006561088105
2024-12-24 00:00:00-05:00,0.7806013307999997,0.7806013307999997,28.925818458522205,28.925818458522205,-28.145217127722205,-28.145217127722205,28.145217127722205,0.0,7.880660795762219,0.0,7.880660795762219
2024-12-25 00:00:00-05:00,1.6995899978999995,1.6995899978999995,30.18498078384163,30.18498078384163,-28.485390785941632,-28.485390785941632,28.485390785941632,0.0,7.975909420063658,0.0,7.975909420063658
2024-12-26 00:00:00-05:00,7.6150545659999995,7.6150545659999995,25.521833197728316,25.521833197728316,-17.906778631728315,-17.906778631728315,19.049830938490988,1.1430523067626726,5.333952662777477,0.1600273229467742,5.173925339830703
2024-12-27 00:00:00-05:00,7.825256896499999,7.825256896499999,28.44664583085059,28.44664583085059,-20.62138893435059,-20.62138893435059,21.616180761769655,0.9947918274190646,6.052530613295504,0.13927085583866905,5.913259757456835
2024-12-28 00:00:00-05:00,6.0800463243,6.0800463243,28.816138402477662,28.816138402477662,-22.736092078177663,-22.736092078177663,23.565764645250287,0.8296725670726224,6.598414100670081,0.11615415939016714,6.4822599412799145
2024-12-29 00:00:00-05:00,1.9155472541999998,1.9155472541999998,30.596765375055245,30.596765375055245,-28.681218120855245,-28.681218120855245,28.681218120855245,0.0,8.030741073839469,0.0,8.030741073839469
2024-12-30 00:00:00-05:00,0.7206066557999995,0.7206066557999995,27.794281981560538,27.794281981560538,-27.073675325760536,-27.073675325760536,27.073675325760536,0.0,7.580629091212951,0.0,7.580629091212951
2024-12-31 00:00:00-05:00,7.123170969,7.123170969,26.519103446782964,26.519103446782964,-19.395932477782964,-19.395932477782964,20.275307682370467,0.8793752045875046,5.677086151063731,0.12311252864225065,5.553973622421481
2025-01-01 00:00:00-05:00,0.4534384022999995,0.4534384022999995,30.282826434169763,30.282826434169763,-29.82938803186976,-29.82938803186976,29.82938803186976,0.0,8.352228648923534,0.0,8.352228648923534
2025-01-02 00:00:00-05:00,1.5501160268999996,1.5501160268999996,28.75673277929807,28.75673277929807,-27.20661675239807,-27.20661675239807,27.20661675239807,0.0,7.6178526906714605,0.0,7.6178526906714605
2025-01-03 00:00:00-05:00,5.231620661399999,5.231620661399999,29.086075242189278,29.086075242189278,-23.854454580789277,-23.854454580789277,23.918118439465914,0.06366385867663726,6.697073163050456,0.008912940214729218,6.688160222835727
2025-01-04 00:00:00-05:00,4.5374622983999995,4.5374622983999995,29.924670352751455,29.924670352751455,-25.387208054351458,-25.387208054351458,25.771559835924066,0.38435178157260974,7.216036754058739,0.05380924942016537,7.162227504638573
2025-01-05 00:00:00-05:00,6.1644697919999984,6.1644697919999984,29.28196552458091,29.28196552458091,-23.117495732580913,-23.117495732580913,23.24178582877842,0.12429009619750231,6.507700032057958,0.017400613467650324,6.490299418590308
2025-01-06 00:00:00-05:00,8.182949726699999,8.182949726699999,27.97105217065314,27.97105217065314,-19.788102443953143,-19.788102443953143,21.022103988414816,1.234001544461672,5.8861891167561495,0.1727602162246341,5.7134289005315155
2025-01-07 00:00:00-05:00,2.5607874195,2.5607874195,25.631132122592884,25.631132122592884,-23.070344703092886,-23.070344703092886,23.134793470339776,0.06444876724689041,6.477742171695138,0.00902282741456466,6.468719344280574
2025-01-08 00:00:00-05:00,2.592977254199999,2.592977254199999,26.20856410629238,26.20856410629238,-23.615586852092378,-23.615586852092378,23.615586852092378,0.0,6.6123643185858665,0.0,6.6123643185858665
2025-01-09 00:00:00-05:00,4.641070837499999,4.641070837499999,27.420419059483635,27.420419059483635,-22.779348221983636,-22.779348221983636,23.11937569051069,0.34002746852705384,6.473425193342994,0.047603845593787546,6.425821347749206
2025-01-10 00:00:00-05:00,3.3812922500999996,3.3812922500999996,28.44910469817211,28.44910469817211,-25.06781244807211,-25.06781244807211,25.111414232735463,0.04360178466335107,7.0311959851659305,0.006104249852869151,7.025091735313062
2025-01-11 00:00:00-05:00,0.7813297934999992,0.7813297934999992,29.338266787882986,29.338266787882986,-28.55693699438299,-28.55693699438299,28.55693699438299,0.0,7.995942358427238,0.0,7.995942358427238
2025-01-12 00:00:00-05:00,3.1302754397999997,3.1302754397999997,28.99454488638104,28.99454488638104,-25.86426944658104,-25.86426944658104,25.86426944658104,0.0,7.241995445042692,0.0,7.241995445042692
2025-01-13 00:00:00-05:00,4.7564542007999995,4.7564542007999995,27.634145491821595,27.634145491821595,-22.8776912910216,-22.8776912910216,23.120844017848444,0.24315272682684586,6.473836324997565,0.034041381755758424,6.4397949432418065
2025-01-14 00:00:00-05:00,2.4210441404999994,2.4210441404999994,29.021661592084047,29.021661592084047,-26.600617451584046,-26.600617451584046,26.600617451584046,0.0,7.448172886443533,0.0,7.448172886443533
2025-01-15 00:00:00-05:00,4.475699198999999,4.475699198999999,26.24133586645799,26.24133586645799,-21.765636667457994,-21.765636667457994,22.09320530079832,0.3275686333403271,6.186097484223531,0.045859608667645796,6.140237875555885
2025-01-16 00:00:00-05:00,7.817554863,7.817554863,28.198781895614356,28.198781895614356,-20.38122703261436,-20.38122703261436,21.468091161132893,1.086864128518535,6.0110655251172105,0.1521609779925949,5.858904547124616
2025-01-17 00:00:00-05:00,8.340157521,8.340157521,25.718831680404502,25.718831680404502,-17.378674159404504,-17.378674159404504,19.014899803738277,1.636225644333774,5.324171945046718,0.22907159020672838,5.09510035483999
2025-01-18 00:00:00-05:00,0.8933738912999994,0.8933738912999994,30.553306875602296,30.553306875602296,-29.659932984302298,-29.659932984302298,29.659932984302298,0.0,8.304781235604644,0.0,8.304781235604644
2025-01-19 00:00:00-05:00,5.756351343299999,5.756351343299999,27.076309790684437,27.076309790684437,-21.31995844738444,-21.31995844738444,22.065088912532136,0.7451304651476971,6.178224895508999,0.1043182651206776,6.073906630388321
2025-01-20 00:00:00-05:00,6.8655064833,6.8655064833,28.737395193199237,28.737395193199237,-21.87188870989924,-21.87188870989924,22.987634298892445,1.115745588993208,6.436537603689885,0.15620438245904913,6.280333221230836
2025-01-21 00:00:00-05:00,9.0841172463,9.0841172463,26.554372921770074,26.554372921770074,-17.470255675470074,-17.470255675470074,19.217911497376488,1.7476558219064136,5.381015219265417,0.24467181506689792,5.136343404198519
2025-01-22 00:00:00-05:00,9.4139061408,9.4139061408,25.67607885634946,25.67607885634946,-16.262172715549458,-16.262172715549458,18.353361411702444,2.0911886961529853,5.138941195276685,0.29276641746141796,4.846174777815267
2025-01-23 00:00:00-05:00,4.1507040087,4.1507040087,29.03007959716431,29.03007959716431,-24.87937558846431,-24.87937558846431,25.100608812127135,0.22123322366282405,7.028170467395598,0.03097265131279537,6.997197816082803
2025-01-24 00:00:00-05:00,7.0885601414999995,7.0885601414999995,24.843624312102325,24.843624312102325,-17.755064170602324,-17.755064170602324,19.569113937523245,1.8140497669209206,5.479351902506509,0.25396696736892893,5.22538493513758
2025-01-25 00:00:00-05:00,8.939873626199999,8.939873626199999,30.96116845750398,30.96116845750398,-22.021294831303983,-22.021294831303983,23.515594049365095,1.4942992180611139,6.584366333822227,0.20920189052855595,6.375164443293671
2025-01-26 00:00:00-05:00,5.4256907862,5.4256907862,32.608954492484656,32.608954492484656,-27.183263706284652,-27.183263706284652,27.71076865224993,0.5275049459652755,7.759015222629981,0.07385069243513859,7.685164530194842
2025-01-27 00:00:00-05:00,6.5020185054,6.5020185054,25.05123744218322,25.05123744218322,-18.54921893678322,-18.54921893678322,19.073512515415306,0.5242935786320859,5.340583504316286,0.07340110100849204,5.267182403307794
2025-01-28 00:00:00-05:00,3.8382182693999995,3.8382182693999995,25.738847040333983,25.738847040333983,-21.900628770933984,-21.900628770933984,22.670258998944707,0.7696302280107221,6.347672519704519,0.10774823192150111,6.239924287783017
2025-01-29 00:00:00-05:00,1.2218883776999996,1.2218883776999996,26.845999886515806,26.845999886515806,-25.624111508815805,-25.624111508815805,25.624111508815805,0.0,7.174751222468426,0.0,7.174751222468426
2025-01-30 00:00:00-05:00,9.481988465999999,9.481988465999999,29.75665123526605,29.75665123526605,-20.27466276926605,-20.27466276926605,22.157258657972747,1.882595888706696,6.20403242423237,0.2635634244189375,5.940468999813432
2025-01-31 00:00:00-05:00,1.7437612607999995,1.7437612607999995,29.78732265867761,29.78732265867761,-28.04356139787761,-28.04356139787761,28.04356139787761,0.0,7.852197191405732,0.0,7.852197191405732
2025-02-01 00:00:00-05:00,8.1859661343,8.1859661343,30.5574298493529,30.5574298493529,-22.3714637150529,-22.3714637150529,23.319915235077023,0.9484515200241236,6.529576265821567,0.13278321280337732,6.39679305301819
2025-02-02 00:00:00-05:00,7.39217556,7.39217556,27.76611896807578,27.76611896807578,-20.373943408075778,-20.373943408075778,21.662045113220337,1.2881017051445574,6.065372631701695,0.18033423872023804,5.885038392981457
2025-02-03 00:00:00-05:00,1.3587541370999996,1.3587541370999996,26.6833245113313,26.6833245113313,-25.324570374231303,-25.324570374231303,25.324570374231303,0.0,7.090879704784766,0.0,7.090879704784766
2025-02-04 00:00:00-05:00,4.286423420999999,4.286423420999999,27.97012206164908,27.97012206164908,-23.683698640649077,-23.683698640649077,24.54480283096038,0.8611041903113015,6.872544792668907,0.12055458664358222,6.751990206025325
2025-02-05 00:00:00-05:00,9.715562023499999,9.715562023499999,28.721800521968856,28.721800521968856,-19.006238498468857,-19.006238498468857,21.080630300406803,2.0743918019379457,5.902576484113905,0.2904148522713124,5.612161631842593
2025-02-06 00:00:00-05:00,3.1155284987999994,3.1155284987999994,25.291547113158973,25.291547113158973,-22.176018614358973,-22.176018614358973,23.13818380041944,0.9621651860604639,6.478691464117444,0.13470312604846496,6.3439883380689785
2025-02-07 00:00:00-05:00,6.319770751799999,6.319770751799999,28.090699449611723,28.090699449611723,-21.770928697811723,-21.770928697811723,22.486002116709386,0.7150734188976635,6.296080592678629,0.1001102786456729,6.195970314032956
2025-02-08 00:00:00-05:00,8.7493857264,8.7493857264,29.467188060372948,29.467188060372948,-20.717802333972948,-20.717802333972948,22.612863738536817,1.89506140456387,6.331601846790309,0.26530859663894185,6.066293250151367
2025-02-09 00:00:00-05:00,3.3114147866999994,3.3114147866999994,30.842241498006818,30.842241498006818,-27.530826711306815,-27.530826711306815,27.530826711306815,0.0,7.708631479165909,0.0,7.708631479165909
2025-02-10 00:00:00-05:00,8.1303911082,8.1303911082,28.807235126241075,28.807235126241075,-20.676844018041077,-20.676844018041077,21.959034006453287,1.28218998841221,6.148529521806921,0.17950659837770944,5.969022923429212
2025-02-11 00:00:00-05:00,8.782753068899998,8.782753068899998,24.415028106477287,24.415028106477287,-15.632275037577289,-15.632275037577289,17.47725407924131,1.8449790416640206,4.893631142187567,0.2582970658329629,4.635334076354604
2025-02-12 00:00:00-05:00,9.854590347899999,9.854590347899999,29.701641637040666,29.701641637040666,-19.84705128914067,-19.84705128914067,21.8531027438588,2.006051454718129,6.118868768280464,0.2808472036605381,5.838021564619926
2025-02-13 00:00:00-05:00,0.8599404419999994,0.8599404419999994,24.637026234708113,24.637026234708113,-23.777085792708114,-23.777085792708114,23.777085792708114,0.0,6.6575840219582725,0.0,6.6575840219582725
2025-02-14 00:00:00-05:00,10.1050613505,10.1050613505,28.421197486753066,28.421197486753066,-18.316136136253064,-18.316136136253064,20.597847457480697,2.281711321227632,5.767397288094595,0.31943958497186853,5.447957703122727
2025-02-15 00:00:00-05:00,9.861940403999998,9.861940403999998,32.50314942624202,32.50314942624202,-22.641209022242023,-22.641209022242023,24.36828902827197,1.7270800060299494,6.823120927916152,0.24179120084419295,6.581329727071959
2025-02-16 00:00:00-05:00,0.8248696235999994,0.8248696235999994,30.484589320688695,30.484589320688695,-29.659719697088697,-29.659719697088697,29.659719697088697,0.0,8.304721515184836,0.0,8.304721515184836
2025-02-17 00:00:00-05:00,4.582587171599999,4.582587171599999,28.724673754914974,28.724673754914974,-24.142086583314974,-24.142086583314974,24.307361564973373,0.16527498165839816,6.806061238192545,0.023138497432175744,6.78292274076037
2025-02-18 00:00:00-05:00,8.730577518299999,8.730577518299999,26.13157212259719,26.13157212259719,-17.40099460429719,-17.40099460429719,18.894885517500104,1.4938909132029135,5.29056794490003,0.2091447278484079,5.081423217051622
2025-02-19 00:00:00-05:00,9.881019605699999,9.881019605699999,27.505895382345628,27.505895382345628,-17.624875776645627,-17.624875776645627,19.777678990315593,2.152803213669966,5.5377501172883665,0.30139244991379527,5.2363576673745715
2025-02-20 00:00:00-05:00,8.167844339099998,8.167844339099998,28.282422011681913,28.282422011681913,-20.114577672581913,-20.114577672581913,21.03862322454372,0.9240455519618056,5.890814502872242,0.1293663772746528,5.76144812559759
2025-02-21 00:00:00-05:00,9.676735124399999,9.676735124399999,29.307585471457728,29.307585471457728,-19.630850347057727,-19.630850347057727,21.39926544432103,1.7684150972633033,5.99179432440989,0.24757811361686247,5.744216210793027
2025-02-22 00:00:00-05:00,10.343936370824999,10.343936370824999,28.45328102138042,28.45328102138042,-18.10934465055542,-18.10934465055542,20.56064124273176,2.4512965921763388,5.756979547964893,0.34318152290468745,5.413798025060206
2025-02-23 00:00:00-05:00,3.0508849820249995,3.0508849820249995,29.569880772763916,29.569880772763916,-26.518995790738916,-26.518995790738916,26.518995790738916,0.0,7.425318821406897,0.0,7.425318821406897
2025-02-24 00:00:00-05:00,7.5754799855999995,7.5754799855999995,28.201790937338448,28.201790937338448,-20.626310951738446,-20.626310951738446,22.065974131372446,1.439663179633999,6.178472756784285,0.20155284514875987,5.976919911635525
2025-02-25 00:00:00-05:00,6.178941114299999,6.178941114299999,27.053205534887983,27.053205534887983,-20.874264420587984,-20.874264420587984,21.34082656901348,0.46656214842549376,5.975431439323775,0.06531870077956914,5.910112738544206
2025-02-26 00:00:00-05:00,4.397026574024999,4.397026574024999,28.178365340322763,28.178365340322763,-23.781338766297765,-23.781338766297765,23.967442364856016,0.18610359855825376,6.710883862159685,0.026054503798155527,6.6848293583615295
2025-02-27 00:00:00-05:00,1.166625649799999,1.166625649799999,25.964517986357347,25.964517986357347,-24.797892336557346,-24.797892336557346,24.797892336557346,0.0,6.943409854236058,0.0,6.943409854236058
2025-02-28 00:00:00-05:00,8.118742286924999,8.118742286924999,27.373442567444656,27.373442567444656,-19.254700280519657,-19.254700280519657,20.909149383017542,1.654449102497887,5.854561827244912,0.2316228743497042,5.622938952895208
2025-03-01 00:00:00-05:00,2.0441730125249995,2.0441730125249995,31.364639717012942,31.364639717012942,-29.32046670448794,-29.32046670448794,29.32046670448794,0.0,8.209730677256625,0.0,8.209730677256625
2025-03-02 00:00:00-05:00,10.141391969999999,10.141391969999999,28.672618879634552,28.672618879634552,-18.531226909634555,-18.531226909634555,20.97917966468503,2.447952755050478,5.874170306111809,0.34271338570706694,5.531456920404742
2025-03-03 00:00:00-05:00,11.214053116199999,11.214053116199999,29.47107004716068,29.47107004716068,-18.257016930960678,-18.257016930960678,20.999967028286598,2.7429500973259193,5.879990767920248,0.38401301362562873,5.495977754294619
2025-03-04 00:00:00-05:00,4.697461007099999,4.697461007099999,28.693782838474945,28.693782838474945,-23.996321831374946,-23.996321831374946,24.216725083673445,0.2204032522985,6.7806830234285655,0.030856455321790002,6.7498265681067755
2025-03-05 00:00:00-05:00,1.8949660532999992,1.8949660532999992,29.041976555440566,29.041976555440566,-27.147010502140567,-27.147010502140567,27.147010502140567,0.0,7.60116294059936,0.0,7.60116294059936
2025-03-06 00:00:00-05:00,1.1450602070999996,1.1450602070999996,26.09808218246553,26.09808218246553,-24.95302197536553,-24.95302197536553,24.95302197536553,0.0,6.986846153102349,0.0,6.986846153102349
2025-03-07 00:00:00-05:00,2.269701677699999,2.269701677699999,28.49863301224585,28.49863301224585,-26.22893133454585,-26.22893133454585,26.22893133454585,0.0,7.344100773672839,0.0,7.344100773672839
2025-03-08 00:00:00-05:00,5.497238536424999,5.497238536424999,29.636054783542463,29.636054783542463,-24.13881624711746,-24.13881624711746,24.5010005671115,0.362184319994038,6.8602801587912206,0.050705804799165324,6.809574353992055
2025-03-09 00:00:00-05:00,9.280404254699999,9.280404254699999,31.091626470504504,31.091626470504504,-21.811222215804502,-21.811222215804502,23.324135739702548,1.512913523898046,6.530758007116714,0.21180789334572647,6.318950113770987
2025-03-10 00:00:00-04:00,3.5298127532249994,3.5298127532249994,28.391014815513948,28.391014815513948,-24.86120206228895,-24.86120206228895,24.86120206228895,0.0,6.961136577440906,0.0,6.961136577440906
2025-03-11 00:00:00-04:00,8.5065421293,8.5065421293,28.211235926943075,28.211235926943075,-19.704693797643078,-19.704693797643078,21.512736954965327,1.8080431573222495,6.023566347390292,0.25312604202511496,5.770440305365177
2025-03-12 00:00:00-04:00,10.404852218324999,10.404852218324999,29.653186014718624,29.653186014718624,-19.248333796393627,-19.248333796393627,21.74046103661254,2.492127240218913,6.087329090251512,0.34889781363064787,5.738431276620863
2025-03-13 00:00:00-04:00,10.510101104624999,10.510101104624999,27.439990217104437,27.439990217104437,-16.929889112479437,-16.929889112479437,19.546620473290556,2.6167313608111185,5.473053732521357,0.3663423905135566,5.1067113420078
2025-03-14 00:00:00-04:00,10.091701325925,10.091701325925,26.931591998128905,26.931591998128905,-16.839890672203904,-16.839890672203904,19.25554184070118,2.415651168497275,5.391551715396331,0.3381911635896185,5.053360551806713
2025-03-15 00:00:00-04:00,9.603690290325,9.603690290325,28.29380245816246,28.29380245816246,-18.690112167837462,-18.690112167837462,20.88008170664885,2.1899695388113862,5.846422877861678,0.3065957354335941,5.539827142428084
2025-03-16 00:00:00-04:00,1.9575349454249993,1.9575349454249993,28.551278038529357,28.551278038529357,-26.593743093104358,-26.593743093104358,26.593743093104358,0.0,7.446248066069221,0.0,7.446248066069221
2025-03-17 00:00:00-04:00,1.1288824517249991,1.1288824517249991,27.329615956339914,27.329615956339914,-26.200733504614917,-26.200733504614917,26.200733504614917,0.0,7.336205381292177,0.0,7.336205381292177
2025-03-18 00:00:00-04:00,6.036225912899999,6.036225912899999,26.062355992220162,26.062355992220162,-20.026130079320165,-20.026130079320165,20.922729753876666,0.8965996745565021,5.858364331085467,0.1255239544379103,5.732840376647557
2025-03-19 00:00:00-04:00,10.034292393,10.034292393,25.732413798040348,25.732413798040348,-15.69812140504035,-15.69812140504035,18.285276333389607,2.5871549283492583,5.11987737334909,0.3622016899688962,4.757675683380194
2025-03-20 00:00:00-04:00,2.9514698891999993,2.9514698891999993,24.699819790309995,24.699819790309995,-21.748349901109997,-21.748349901109997,21.748349901109997,0.0,6.0895379723108,0.0,6.0895379723108
2025-03-21 00:00:00-04:00,1.0567974392999995,1.0567974392999995,29.26675833906296,29.26675833906296,-28.20996089976296,-28.20996089976296,28.20996089976296,0.0,7.89878905193363,0.0,7.89878905193363
2025-03-22 00:00:00-04:00,10.316858789025,10.316858789025,28.673072563936003,28.673072563936003,-18.356213774911005,-18.356213774911005,20.750549960615157,2.394336185704151,5.810153988972244,0.3352070659985812,5.474946922973663
2025-03-23 00:00:00-04:00,11.055970718325,11.055970718325,29.90438228433191,29.90438228433191,-18.84841156600691,-18.84841156600691,21.520867884561756,2.672456318554848,6.025843007677293,0.3741438845976788,5.651699123079614
2025-03-24 00:00:00-04:00,2.1411376859249995,2.1411376859249995,29.166984228701477,29.166984228701477,-27.025846542776478,-27.025846542776478,27.025846542776478,0.0,7.567237031977414,0.0,7.567237031977414
2025-03-25 00:00:00-04:00,4.2674228244,4.2674228244,29.39751778880192,29.39751778880192,-25.130094964401923,-25.130094964401923,25.130094964401923,0.0,7.036426590032539,0.0,7.036426590032539
2025-03-26 00:00:00-04:00,8.146768567725,8.146768567725,25.610655742404983,25.610655742404983,-17.463887174679982,-17.463887174679982,18.424459054077396,0.9605718793974121,5.158848535141671,0.1344800631156377,5.024368472026033
2025-03-27 00:00:00-04:00,6.114071051324999,6.114071051324999,28.15003909935263,28.15003909935263,-22.03596804802763,-22.03596804802763,22.406377821331716,0.370409773304086,6.273785789972881,0.05185736826257204,6.221928421710309
2025-03-28 00:00:00-04:00,10.2457317825,10.2457317825,29.962800450994635,29.962800450994635,-19.717068668494633,-19.717068668494633,22.111648031741446,2.3945793632468115,6.191261448887605,0.33524111085455366,5.856020338033051
2025-03-29 00:00:00-04:00,8.865722396925,8.865722396925,30.54918424056258,30.54918424056258,-21.683461843637584,-21.683461843637584,23.459766501674444,1.776304658036861,6.568734620468845,0.24868265212516058,6.320051968343685
2025-03-30 00:00:00-04:00,2.527323986699999,2.527323986699999,29.732297012089216,29.732297012089216,-27.20497302538922,-27.20497302538922,27.20497302538922,0.0,7.617392447108982,0.0,7.617392447108982
2025-03-31 00:00:00-04:00,1.185576452324999,1.185576452324999,26.613735128013882,26.613735128013882,-25.428158675688884,-25.428158675688884,25.428158675688884,0.0,7.119884429192888,0.0,7.119884429192888
2025-04-01 00:00:00-04:00,8.2071452907,8.2071452907,27.258412380150283,27.258412380150283,-19.05126708945028,-19.05126708945028,21.28410484884516,2.232837759394877,5.959549357676646,0.31259728631528283,5.646952071361363
2025-04-02 00:00:00-04:00,11.245792776525,11.245792776525,29.046142872848904,29.046142872848904,-17.800350096323903,-17.800350096323903,20.696479185504845,2.8961290891809415,5.795014171941357,0.40545807248533183,5.389556099456025
2025-04-03 00:00:00-04:00,1.710209087099999,1.710209087099999,26.967465264477063,26.967465264477063,-25.257256177377066,-25.257256177377066,25.257256177377066,0.0,7.0720317296655795,0.0,7.0720317296655795
2025-04-04 00:00:00-04:00,8.260762997699999,8.260762997699999,29.834493452286708,29.834493452286708,-21.57373045458671,-21.57373045458671,22.67210079560559,1.098370341018882,6.348188222769566,0.15377184774264352,6.194416375026922
2025-04-05 00:00:00-04:00,4.164810728399999,4.164810728399999,29.699107103818815,29.699107103818815,-25.534296375418815,-25.534296375418815,25.534296375418815,0.0,7.149602985117269,0.0,7.149602985117269
2025-04-06 00:00:00-04:00,3.6071306761499993,3.6071306761499993,29.156654304284267,29.156654304284267,-25.549523628134267,-25.549523628134267,25.556053795881727,0.0065301677474601805,7.155695062846884,0.0009142234846444253,7.15478083936224
2025-04-07 00:00:00-04:00,7.594766221949999,7.594766221949999,25.657503520484013,25.657503520484013,-18.062737298534014,-18.062737298534014,18.939757932669487,0.8770206341354745,5.3031322211474565,0.12278288877896644,5.18034933236849
2025-04-08 00:00:00-04:00,2.6301046868999993,2.6301046868999993,25.54320178084643,25.54320178084643,-22.91309709394643,-22.91309709394643,22.91309709394643,0.0,6.415667186305001,0.0,6.415667186305001
2025-04-09 00:00:00-04:00,7.472147016599999,7.472147016599999,26.506837246108105,26.506837246108105,-19.034690229508108,-19.034690229508108,21.250795817148077,2.21610558763997,5.950222828801462,0.3102547822695958,5.639968046531866
2025-04-10 00:00:00-04:00,11.233804760999998,11.233804760999998,29.666477278343567,29.666477278343567,-18.43267251734357,-18.43267251734357,21.035846737155534,2.6031742198119665,5.8900370864035505,0.36444439077367535,5.525592695629875
2025-04-11 00:00:00-04:00,2.561542357049999,2.561542357049999,26.65029223916113,26.65029223916113,-24.088749882111127,-24.088749882111127,24.088749882111127,0.0,6.744849966991116,0.0,6.744849966991116
2025-04-12 00:00:00-04:00,2.4541596377999992,2.4541596377999992,27.97575970903654,27.97575970903654,-25.52160007123654,-25.52160007123654,25.52160007123654,0.0,7.146048019946233,0.0,7.146048019946233
2025-04-13 00:00:00-04:00,1.4649907427999989,1.4649907427999989,31.978006536848163,31.978006536848163,-30.513015794048165,-30.513015794048165,30.513015794048165,0.0,8.543644422333488,0.0,8.543644422333488
2025-04-14 00:00:00-04:00,4.072722709949999,4.072722709949999,29.576907986566944,29.576907986566944,-25.504185276616948,-25.504185276616948,25.504185276616948,0.0,7.141171877452746,0.0,7.141171877452746
2025-04-15 00:00:00-04:00,3.228468988499999,3.228468988499999,25.081530945213387,25.081530945213387,-21.85306195671339,-21.85306195671339,21.85306195671339,0.0,6.11885734787975,0.0,6.11885734787975
2025-04-16 00:00:00-04:00,5.820314622749999,5.820314622749999,25.87520274965524,25.87520274965524,-20.05488812690524,-20.05488812690524,20.587446557130708,0.532558430225467,5.764485035996599,0.0745581802315654,5.689926855765034
2025-04-17 00:00:00-04:00,8.4947722191,8.4947722191,28.859354268522118,28.859354268522118,-20.36458204942212,-20.36458204942212,21.474898763323512,1.110316713901394,6.012971653730584,0.1554443399461952,5.857527313784389
2025-04-18 00:00:00-04:00,9.40987921365,9.40987921365,28.961625554355987,28.961625554355987,-19.55174634070599,-19.55174634070599,21.267242864596135,1.7154965238901463,5.954828002086918,0.2401695133446205,5.714658488742297
2025-04-19 00:00:00-04:00,2.1409148677499994,2.1409148677499994,30.869777716872708,30.869777716872708,-28.72886284912271,-28.72886284912271,28.72886284912271,0.0,8.04408159775436,0.0,8.04408159775436
2025-04-20 00:00:00-04:00,10.6569307584,10.6569307584,29.148430076733472,29.148430076733472,-18.491499318333474,-18.491499318333474,21.149363905079262,2.657864586745786,5.9218218934221944,0.3721010421444101,5.549720851277784
2025-04-21 00:00:00-04:00,10.7352373842,10.7352373842,29.3070925936307,29.3070925936307,-18.571855209430698,-18.571855209430698,20.97592183548308,2.4040666260523826,5.873258113935264,0.3365693276473336,5.536688786287931
2025-04-22 00:00:00-04:00,1.4878138630499989,1.4878138630499989,29.457824366616155,29.457824366616155,-27.970010503566154,-27.970010503566154,27.970010503566154,0.0,7.831602940998524,0.0,7.831602940998524
2025-04-23 00:00:00-04:00,7.4638401506999985,7.4638401506999985,28.089472485875945,28.089472485875945,-20.625632335175943,-20.625632335175943,21.99215911603223,1.3665267808562849,6.157804552489025,0.1913137493198799,5.966490803169145
2025-04-24 00:00:00-04:00,9.512459816849999,9.512459816849999,24.74031642851117,24.74031642851117,-15.227856611661174,-15.227856611661174,17.37779764668973,2.1499410350285553,4.865783341073125,0.30099174490399777,4.564791596169127
2025-04-25 00:00:00-04:00,10.412073945449999,10.412073945449999,25.70672443399955,25.70672443399955,-15.294650488549552,-15.294650488549552,18.01622937438353,2.7215788858339787,5.044544224827389,0.38102104401675707,4.663523180810632
2025-04-26 00:00:00-04:00,0.8189771165999987,0.8189771165999987,29.635775955844643,29.635775955844643,-28.816798839244644,-28.816798839244644,28.816798839244644,0.0,8.068703674988502,0.0,8.068703674988502
2025-04-27 00:00:00-04:00,1.9679098162499988,1.9679098162499988,29.515646608160086,29.515646608160086,-27.54773679191009,-27.54773679191009,27.54773679191009,0.0,7.713366301734826,0.0,7.713366301734826
2025-04-28 00:00:00-04:00,10.362999401549999,10.362999401549999,27.281547650338435,27.281547650338435,-16.918548248788436,-16.918548248788436,19.486223440680064,2.5676751918916265,5.456142563390419,0.3594745268648277,5.096668036525591
2025-04-29 00:00:00-04:00,9.27158781375,9.27158781375,24.6942690881429,24.6942690881429,-15.422681274392902,-15.422681274392902,17.851221032176745,2.428539757783844,4.998341889009489,0.3399955660897382,4.658346322919751
2025-04-30 00:00:00-04:00,10.728693224099999,10.728693224099999,28.362008147801113,28.362008147801113,-17.633314923701114,-17.633314923701114,20.298918548036553,2.6656036243354406,5.683697193450236,0.37318450740696174,5.310512686043274
2025-05-01 00:00:00-04:00,10.851517374299998,10.851517374299998,28.387683994312333,28.387683994312333,-17.536166620012335,-17.536166620012335,20.31703470207183,2.7808680820594955,5.688769716580113,0.38932153148832943,5.299448185091784
2025-05-02 00:00:00-04:00,1.4305846805999989,1.4305846805999989,27.229600209309208,27.229600209309208,-25.79901552870921,-25.79901552870921,25.79901552870921,0.0,7.223724348038579,0.0,7.223724348038579
2025-05-03 00:00:00-04:00,4.616510160599998,4.616510160599998,29.268178552340505,29.268178552340505,-24.651668391740504,-24.651668391740504,24.660790473729758,0.009122081989253461,6.905021332644333,0.0012770914784954847,6.903744241165837
2025-05-04 00:00:00-04:00,1.631827182599999,1.631827182599999,30.936631727000453,30.936631727000453,-29.304804544400454,-29.304804544400454,29.304804544400454,0.0,8.205345272432128,0.0,8.205345272432128
2025-05-05 00:00:00-04:00,9.555957238049999,9.555957238049999,28.398491131149296,28.398491131149296,-18.842533893099297,-18.842533893099297,20.943175900557332,2.100642007458032,5.864089252156053,0.29408988104412453,5.569999371111929
2025-05-06 00:00:00-04:00,1.905223954049999,1.905223954049999,25.79872755983468,25.79872755983468,-23.893503605784684,-23.893503605784684,23.893503605784684,0.0,6.690181009619712,0.0,6.690181009619712
2025-05-07 00:00:00-04:00,4.478618119049998,4.478618119049998,25.37193797317939,25.37193797317939,-20.893319854129388,-20.893319854129388,21.261665798920177,0.3683459447907892,5.9532664236976505,0.05156843227071049,5.90169799142694
2025-05-08 00:00:00-04:00,3.7615586408999993,3.7615586408999993,24.781863481079423,24.781863481079423,-21.020304840179424,-21.020304840179424,21.020304840179424,0.0,5.8856853552502395,0.0,5.8856853552502395
2025-05-09 00:00:00-04:00,3.550387175099999,3.550387175099999,29.4228652349994,29.4228652349994,-25.8724780598994,-25.8724780598994,25.8724780598994,0.0,7.244293856771833,0.0,7.244293856771833
2025-05-10 00:00:00-04:00,1.385392642199999,1.385392642199999,28.42980933983968,28.42980933983968,-27.04441669763968,-27.04441669763968,27.04441669763968,0.0,7.572436675339111,0.0,7.572436675339111
2025-05-11 00:00:00-04:00,10.455277698449999,10.455277698449999,32.39308906778957,32.39308906778957,-21.93781136933957,-21.93781136933957,23.900965944015546,1.963154574675975,6.692270464324354,0.27484164045463655,6.4174288238697175
2025-05-12 00:00:00-04:00,4.322980602899999,4.322980602899999,27.51444105841752,27.51444105841752,-23.19146045551752,-23.19146045551752,23.787498158402638,0.5960377028851154,6.660499484352739,0.08344527840391616,6.577054205948823
2025-05-13 00:00:00-04:00,10.799679464099999,10.799679464099999,28.012509790285907,28.012509790285907,-17.21283032618591,-17.21283032618591,19.629670327796912,2.4168400016110017,5.496307691783136,0.3383576002255403,5.157950091557596
2025-05-14 00:00:00-04:00,10.448291163599999,10.448291163599999,25.49926910565572,25.49926910565572,-15.050977942055724,-15.050977942055724,17.553701799145614,2.5027238570898893,4.915036503760772,0.35038133999258453,4.564655163768188
2025-05-15 00:00:00-04:00,9.81761948955,9.81761948955,25.605025502700578,25.605025502700578,-15.787406013150576,-15.787406013150576,18.08911993989901,2.3017139267484352,5.064953583171723,0.322239949744781,4.742713633426942
2025-05-16 00:00:00-04:00,7.521745815449999,7.521745815449999,27.799158034955973,27.799158034955973,-20.277412219505973,-20.277412219505973,21.873989275609702,1.596577056103727,6.124716997170717,0.22352078785452179,5.901196209316195
2025-05-17 00:00:00-04:00,1.8140183171999988,1.8140183171999988,28.77189899634458,28.77189899634458,-26.95788067914458,-26.95788067914458,26.95788067914458,0.0,7.548206590160483,0.0,7.548206590160483
2025-05-18 00:00:00-04:00,3.2307660782999994,3.2307660782999994,27.353158807945686,27.353158807945686,-24.12239272964569,-24.12239272964569,24.12239272964569,0.0,6.754269964300794,0.0,6.754269964300794
2025-05-19 00:00:00-04:00,3.007514809799999,3.007514809799999,25.234310916216206,25.234310916216206,-22.226796106416206,-22.226796106416206,22.226796106416206,0.0,6.223502909796538,0.0,6.223502909796538
2025-05-20 00:00:00-04:00,2.805925641299999,2.805925641299999,28.630213621338633,28.630213621338633,-25.824287980038633,-25.824287980038633,25.824287980038633,0.0,7.230800634410818,0.0,7.230800634410818
2025-05-21 00:00:00-04:00,5.7992454224999985,5.7992454224999985,25.13390826243542,25.13390826243542,-19.33466283993542,-19.33466283993542,19.503967683638024,0.1693048437026024,5.4611109514186476,0.023702678118364337,5.437408273300283
2025-05-22 00:00:00-04:00,3.880244317499999,3.880244317499999,25.90718666947412,25.90718666947412,-22.026942351974125,-22.026942351974125,22.053248788303232,0.026306436329109117,6.174909660724905,0.003682901086075277,6.17122675963883
2025-05-23 00:00:00-04:00,2.925993491099999,2.925993491099999,26.58946651801418,26.58946651801418,-23.663473026914183,-23.663473026914183,23.663473026914183,0.0,6.625772447535971,0.0,6.625772447535971
2025-05-24 00:00:00-04:00,4.5044112797999984,4.5044112797999984,32.5940351038923,32.5940351038923,-28.089623824092303,-28.089623824092303,28.089623824092303,0.0,7.865094670745846,0.0,7.865094670745846
2025-05-25 00:00:00-04:00,4.995873665999999,4.995873665999999,32.184503083840305,32.184503083840305,-27.188629417840307,-27.188629417840307,27.188629417840307,0.0,7.612816236995287,0.0,7.612816236995287
2025-05-26 00:00:00-04:00,9.8867491407,9.8867491407,28.75826708218482,28.75826708218482,-18.87151794148482,-18.87151794148482,20.38425455888833,1.5127366174035104,5.707591276488733,0.21178312643649147,5.495808150052242
2025-05-27 00:00:00-04:00,10.6677495504,10.6677495504,28.276876780980505,28.276876780980505,-17.609127230580505,-17.609127230580505,19.9685407366806,2.3594135061000925,5.591191406270568,0.330317890854013,5.260873515416555
2025-05-28 00:00:00-04:00,10.1124090171,10.1124090171,26.29152281644132,26.29152281644132,-16.17911379934132,-16.17911379934132,18.568538027318723,2.389424227977404,5.199190647649243,0.3345193919168366,4.864671255732406
2025-05-29 00:00:00-04:00,8.282505625199999,8.282505625199999,30.075143116123492,30.075143116123492,-21.792637490923493,-21.792637490923493,22.96626048261422,1.1736229916907277,6.430552935131982,0.1643072188367019,6.2662457162952805
2025-05-30 00:00:00-04:00,5.525356091399999,5.525356091399999,24.652537304487478,24.652537304487478,-19.12718121308748,-19.12718121308748,19.542541241981098,0.41536002889361834,5.471911547754708,0.058150404045106574,5.413761143709602
2025-05-31 00:00:00-04:00,1.6800930791999993,1.6800930791999993,32.857231491758846,32.857231491758846,-31.17713841255885,-31.17713841255885,31.17713841255885,0.0,8.729598755516479,0.0,8.729598755516479
2025-06-01 00:00:00-04:00,3.8856082643999987,3.8856082643999987,33.52571324334634,33.52571324334634,-29.64010497894634,-29.64010497894634,29.64010497894634,0.0,8.299229394104977,0.0,8.299229394104977
2025-06-02 00:00:00-04:00,7.259538227399999,7.259538227399999,27.65882797315079,27.65882797315079,-20.39928974575079,-20.39928974575079,21.604575399965718,1.2052856542149297,6.0492811119904015,0.16873999159009018,5.880541120400311
2025-06-03 00:00:00-04:00,10.753986767399999,10.753986767399999,26.34269563897049,26.34269563897049,-15.588708871570491,-15.588708871570491,18.171584625327622,2.5828757537571323,5.088043695091734,0.36160260552599854,4.726441089565736
2025-06-04 00:00:00-04:00,8.677073025,8.677073025,29.651004503278315,29.651004503278315,-20.973931478278317,-20.973931478278317,22.154227379846382,1.1802959015680672,6.2031836663569875,0.16524142621952942,6.037942240137458
2025-06-05 00:00:00-04:00,9.0730144413,9.0730144413,29.527192158808372,29.527192158808372,-20.454177717508372,-20.454177717508372,21.628567358733402,1.1743896412250325,6.055998860445353,0.16441454977150458,5.891584310673848
2025-06-06 00:00:00-04:00,6.429849408899998,6.429849408899998,29.69229825267781,29.69229825267781,-23.262448843777808,-23.262448843777808,23.615520380442547,0.35307153666473834,6.6123457065239135,0.049430015133063374,6.56291569139085
2025-06-07 00:00:00-04:00,2.293564069799999,2.293564069799999,27.284076212490145,27.284076212490145,-24.990512142690147,-24.990512142690147,24.990512142690147,0.0,6.997343399953242,0.0,6.997343399953242
2025-06-08 00:00:00-04:00,10.263078755999999,10.263078755999999,27.144406682180897,27.144406682180897,-16.881327926180894,-16.881327926180894,19.02872946241778,2.1474015362368832,5.328044249476979,0.3006362150731637,5.027408034403815
2025-06-09 00:00:00-04:00,9.4547684916,9.4547684916,26.379619053108115,26.379619053108115,-16.92485056150812,-16.92485056150812,18.55393440010676,1.6290838385986413,5.195101632029893,0.2280717374038098,4.967029894626083
2025-06-10 00:00:00-04:00,1.8706284746999988,1.8706284746999988,25.896120809727247,25.896120809727247,-24.02549233502725,-24.02549233502725,24.02549233502725,0.0,6.72713785380763,0.0,6.72713785380763
2025-06-11 00:00:00-04:00,8.614984670099998,8.614984670099998,28.83795326950261,28.83795326950261,-20.22296859940261,-20.22296859940261,21.50331449325794,1.2803458938553285,6.020928058112223,0.179248425139746,5.841679632972477
2025-06-12 00:00:00-04:00,7.791794557199997,7.791794557199997,25.25470360668375,25.25470360668375,-17.462909049483752,-17.462909049483752,18.72593856235905,1.2630295128752997,5.243262797460535,0.17682413180254197,5.0664386656579925
2025-06-13 00:00:00-04:00,8.859782332799998,8.859782332799998,29.889365420397585,29.889365420397585,-21.029583087597587,-21.029583087597587,22.02735357952039,0.9977704919228054,6.16765900226571,0.13968786886919277,6.027971133396517
2025-06-14 00:00:00-04:00,4.8359226473999986,4.8359226473999986,26.97799133335546,26.97799133335546,-22.14206868595546,-22.14206868595546,22.7170027848878,0.574934098932337,6.360760779768585,0.08049077385052719,6.280270005918058
2025-06-15 00:00:00-04:00,8.8007941881,8.8007941881,28.08967429664989,28.08967429664989,-19.288880108549893,-19.288880108549893,20.840374080119165,1.5514939715692737,5.835304742433367,0.21720915601969834,5.618095586413669
2025-06-16 00:00:00-04:00,10.623402061199998,10.623402061199998,26.89411552250149,26.89411552250149,-16.27071346130149,-16.27071346130149,18.660535967451217,2.3898225061497276,5.224950070886341,0.3345751508609619,4.890374920025379
2025-06-17 00:00:00-04:00,10.218498821099999,10.218498821099999,25.19873527014166,25.19873527014166,-14.98023644904166,-14.98023644904166,17.22478155128992,2.244545102248259,4.822938834361178,0.3142363143147563,4.5087025200464215
2025-06-18 00:00:00-04:00,2.806307440199999,2.806307440199999,29.89487602039574,29.89487602039574,-27.08856858019574,-27.08856858019574,27.08856858019574,0.0,7.584799202454808,0.0,7.584799202454808
2025-06-19 00:00:00-04:00,3.798267111899999,3.798267111899999,27.0300552021267,27.0300552021267,-23.231788090226704,-23.231788090226704,23.255087160998528,0.023299070771824915,6.511424405079588,0.003261869908055488,6.508162535171533
2025-06-20 00:00:00-04:00,5.149863786599999,5.149863786599999,27.585272819550504,27.585272819550504,-22.435409032950506,-22.435409032950506,22.435409032950506,0.0,6.2819145292261425,0.0,6.2819145292261425
2025-06-21 00:00:00-04:00,10.4714839044,10.4714839044,32.27427662113491,32.27427662113491,-21.802792716734913,-21.802792716734913,23.571766551180424,1.7689738344455117,6.600094634330519,0.24765633682237168,6.352438297508147
2025-06-22 00:00:00-04:00,4.108118534099999,4.108118534099999,30.4493493357777,30.4493493357777,-26.341230801677703,-26.341230801677703,26.47944602971046,0.1382152280327551,7.41424488831893,0.019350131924585717,7.3948947563943435
2025-06-23 00:00:00-04:00,9.7866771291,9.7866771291,27.921667497357063,27.921667497357063,-18.134990368257068,-18.134990368257068,19.902302212147198,1.7673118438901307,5.572644619401216,0.24742365814461834,5.325220961256598
2025-06-24 00:00:00-04:00,9.1004158719,9.1004158719,27.05559643434397,27.05559643434397,-17.95518056244397,-17.95518056244397,19.323575161946827,1.3683945995028548,5.410601045345112,0.19157524393039968,5.219025801414713
2025-06-25 00:00:00-04:00,9.259123756499998,9.259123756499998,29.248278405412545,29.248278405412545,-19.989154648912546,-19.989154648912546,21.61105183468158,1.6218971857690319,6.051094513710843,0.22706560600766448,5.824028907703179
2025-06-26 00:00:00-04:00,5.7791809908,5.7791809908,27.257616512197277,27.257616512197277,-21.47843552139728,-21.47843552139728,21.840058531371465,0.3616230099741855,6.1152163887840105,0.05062722139638597,6.064589167387624
2025-06-27 00:00:00-04:00,10.0953795123,10.0953795123,27.60154580033719,27.60154580033719,-17.50616628803719,-17.50616628803719,19.572275518929697,2.066109230892507,5.480237145300316,0.289255292324951,5.190981852975365
2025-06-28 00:00:00-04:00,1.9770384122999989,1.9770384122999989,29.80347229043243,29.80347229043243,-27.826433878132434,-27.826433878132434,27.826433878132434,0.0,7.791401485877082,0.0,7.791401485877082
2025-06-29 00:00:00-04:00,2.3468136398999992,2.3468136398999992,31.072971655232653,31.072971655232653,-28.726158015332654,-28.726158015332654,28.726158015332654,0.0,8.043324244293144,0.0,8.043324244293144
2025-06-30 00:00:00-04:00,9.885571808399998,9.885571808399998,24.179960172976347,24.179960172976347,-14.294388364576347,-14.294388364576347,16.747938510088563,2.453550145512214,4.689422782824798,0.34349702037171004,4.3459257624530885
2025-07-01 00:00:00-04:00,4.2341595722999985,4.2341595722999985,26.99920997944738,26.99920997944738,-22.765050407147378,-22.765050407147378,22.765050407147378,0.0,6.3742141140012665,0.0,6.3742141140012665
2025-07-02 00:00:00-04:00,8.199037298699999,8.199037298699999,26.307785993944236,26.307785993944236,-18.108748695244238,-18.108748695244238,19.24943747874787,1.1406887835036303,5.389842494049404,0.15969642969050826,5.2301460643588955
2025-07-03 00:00:00-04:00,8.256100791599998,8.256100791599998,24.052863039485192,24.052863039485192,-15.796762247885196,-15.796762247885196,17.321997466791615,1.525235218906421,4.850159290701653,0.213532930646899,4.636626360054754
2025-07-04 00:00:00-04:00,7.321574688299999,7.321574688299999,29.831037153211565,29.831037153211565,-22.509462464911564,-22.509462464911564,22.768792783363594,0.2593303184520286,6.375261979341807,0.036306244583284006,6.338955734758523
2025-07-05 00:00:00-04:00,9.783614235599998,9.783614235599998,30.164066647057805,30.164066647057805,-20.380452411457807,-20.380452411457807,21.979092311200706,1.598639899742902,6.154145847136198,0.22380958596400632,5.930336261172192
2025-07-06 00:00:00-04:00,6.495880349699999,6.495880349699999,28.50493382333401,28.50493382333401,-22.009053473634008,-22.009053473634008,22.535363203123616,0.5263097294896052,6.309901696874613,0.07368336212854473,6.236218334746068
2025-07-07 00:00:00-04:00,4.142846409299999,4.142846409299999,30.125983709103288,30.125983709103288,-25.98313729980329,-25.98313729980329,25.98313729980329,0.0,7.275278443944922,0.0,7.275278443944922
2025-07-08 00:00:00-04:00,3.5838593180999996,3.5838593180999996,28.850332033385094,28.850332033385094,-25.266472715285094,-25.266472715285094,25.30992791988553,0.043455204600436614,7.086779817567949,0.0060837286440611265,7.080696088923888
2025-07-09 00:00:00-04:00,10.071521024399999,10.071521024399999,27.44626342562892,27.44626342562892,-17.374742401228925,-17.374742401228925,19.457788672143096,2.083046270914171,5.448180828200067,0.29162647792798396,5.156554350272083
2025-07-10 00:00:00-04:00,4.217597351099999,4.217597351099999,25.427902527249262,25.427902527249262,-21.210305176149262,-21.210305176149262,21.210305176149262,0.0,5.938885449321794,0.0,5.938885449321794
2025-07-11 00:00:00-04:00,7.792271971199999,7.792271971199999,26.949216595917203,26.949216595917203,-19.1569446247172,-19.1569446247172,20.15721205324489,1.0002674285276867,5.64401937490857,0.14003743999387616,5.503981934914694
2025-07-12 00:00:00-04:00,8.87160276,8.87160276,28.712805381597864,28.712805381597864,-19.841202621597862,-19.841202621597862,21.10296340632208,1.2617607847242158,5.908829753770183,0.17664650986139024,5.732183243908793
2025-07-13 00:00:00-04:00,8.957657994299998,8.957657994299998,32.864844677087135,32.864844677087135,-23.907186682787135,-23.907186682787135,25.331428354693784,1.4242416719066497,7.0927999393142604,0.19939383406693098,6.89340610524733
2025-07-14 00:00:00-04:00,7.402879102499998,7.402879102499998,25.848074858654044,25.848074858654044,-18.445195756154046,-18.445195756154046,19.37928904084929,0.9340932846952467,5.426200931437802,0.13077305985733453,5.2954278715804675
2025-07-15 00:00:00-04:00,9.686481365699999,9.686481365699999,28.152646176240534,28.152646176240534,-18.466164810540533,-18.466164810540533,20.213685312387913,1.7475205018473772,5.659831887468616,0.24465287025863283,5.415179017209984
2025-07-16 00:00:00-04:00,8.8070534982,8.8070534982,28.468771658737218,28.468771658737218,-19.66171816053722,-19.66171816053722,20.959492292642487,1.2977741321052685,5.868657841939897,0.1816883784947376,5.68696946344516
2025-07-17 00:00:00-04:00,4.707689425199999,4.707689425199999,26.76903004590235,26.76903004590235,-22.06134062070235,-22.06134062070235,22.06134062070235,0.0,6.177175373796659,0.0,6.177175373796659
2025-07-18 00:00:00-04:00,9.9919682082,9.9919682082,26.2847858241864,26.2847858241864,-16.2928176159864,-16.2928176159864,18.44009202984307,2.1472744138566697,5.163225768356059,0.30061841793993377,4.862607350416126
2025-07-19 00:00:00-04:00,8.315371685699999,8.315371685699999,30.38877487998741,30.38877487998741,-22.07340319428741,-22.07340319428741,23.01508740197079,0.9416842076833788,6.444224472551821,0.13183578907567303,6.312388683476148
2025-07-20 00:00:00-04:00,1.1347926065999991,1.1347926065999991,30.061769097362017,30.061769097362017,-28.92697649076202,-28.92697649076202,28.92697649076202,0.0,8.099553417413366,0.0,8.099553417413366
2025-07-21 00:00:00-04:00,8.3890160676,8.3890160676,28.03261062509993,28.03261062509993,-19.64359455749993,-19.64359455749993,20.879906551090247,1.2363119935903146,5.84637383430527,0.17308367910264408,5.673290155202626
2025-07-22 00:00:00-04:00,10.6024664961,10.6024664961,25.199298540808574,25.199298540808574,-14.596832044708576,-14.596832044708576,17.303136072089337,2.70630402738076,4.8448781001850145,0.37888256383330643,4.465995536351708
2025-07-23 00:00:00-04:00,9.1975198356,9.1975198356,29.77078256227732,29.77078256227732,-20.573262726677317,-20.573262726677317,22.125553578305546,1.5522908516282283,6.195155001925554,0.217320719227952,5.977834282697602
2025-07-24 00:00:00-04:00,8.3159207874,8.3159207874,29.036474467648922,29.036474467648922,-20.720553680248923,-20.720553680248923,21.805094890678276,1.084541210429351,6.105426569389918,0.15183576946010915,5.953590799929809
2025-07-25 00:00:00-04:00,3.990879333899999,3.990879333899999,24.89666417900098,24.89666417900098,-20.905784845100982,-20.905784845100982,20.976711140256143,0.07092629515516102,5.87347911927172,0.009929681321722544,5.863549437949998
2025-07-26 00:00:00-04:00,10.210813028099999,10.210813028099999,29.66491015628097,29.66491015628097,-19.454097128180972,-19.454097128180972,21.499123266900703,2.045026138719734,6.019754514732197,0.2863036594207628,5.7334508553114345
2025-07-27 00:00:00-04:00,7.600253795099999,7.600253795099999,29.648460446228157,29.648460446228157,-22.048206651128158,-22.048206651128158,22.52354373129944,0.47533708017128173,6.306592244763844,0.06654719122397945,6.240045053539864
2025-07-28 00:00:00-04:00,7.6964428718999995,7.6964428718999995,29.38707851562913,29.38707851562913,-21.69063564372913,-21.69063564372913,22.556024303951673,0.8653886602225408,6.315686805106469,0.12115441243115573,6.194532392675313
2025-07-29 00:00:00-04:00,8.389209851999999,8.389209851999999,28.798027923602938,28.798027923602938,-20.40881807160294,-20.40881807160294,21.665837811454352,1.2570197398514116,6.066434587207219,0.17598276357919765,5.890451823628021
2025-07-30 00:00:00-04:00,8.031962559599998,8.031962559599998,27.50382173983171,27.50382173983171,-19.47185918023171,-19.47185918023171,20.658890611439272,1.1870314312075634,5.784489371202997,0.16618440036905888,5.618304970833938
2025-07-31 00:00:00-04:00,3.8027464847999988,3.8027464847999988,25.15594944780018,25.15594944780018,-21.353202963000182,-21.353202963000182,21.409063522275705,0.05586055927552419,5.994537786237198,0.007820478298573387,5.986717307938624
2025-08-01 00:00:00-04:00,10.330691116499999,10.330691116499999,24.659709906945512,24.659709906945512,-14.329018790445513,-14.329018790445513,17.04817017181381,2.7191513813682957,4.773487648107867,0.3806811933915614,4.392806454716306
2025-08-02 00:00:00-04:00,9.945487935,9.945487935,30.656807687857896,30.656807687857896,-20.711319752857897,-20.711319752857897,22.513505069928378,1.8021853170704827,6.303781419579947,0.2523059443898676,6.051475475190079
2025-08-03 00:00:00-04:00,7.4655820341,7.4655820341,31.422407535360787,31.422407535360787,-23.956825501260788,-23.956825501260788,24.33146096220104,0.37463546094025035,6.812809069416291,0.052448964531635056,6.760360104884656
2025-08-04 00:00:00-04:00,5.510700048599999,5.510700048599999,26.215841732878836,26.215841732878836,-20.705141684278836,-20.705141684278836,20.873735316747062,0.16859363246822762,5.844645888689178,0.02360310854555187,5.821042780143626
2025-08-05 00:00:00-04:00,9.80162968725,9.80162968725,28.97575057062341,28.97575057062341,-19.174120883373412,-19.174120883373412,21.191330609303492,2.01720972593008,5.933572570604978,0.2824093616302112,5.651163208974767
2025-08-06 00:00:00-04:00,9.102281999849998,9.102281999849998,27.355637299545535,27.355637299545535,-18.253355299695535,-18.253355299695535,20.151942726711876,1.8985874270163392,5.6425439634793255,0.2658022397822875,5.376741723697038
2025-08-07 00:00:00-04:00,9.608959035899998,9.608959035899998,25.209311587797668,25.209311587797668,-15.600352551897668,-15.600352551897668,17.94168680132636,2.34133424942869,5.023672304371381,0.3277867949200166,4.695885509451364
2025-08-08 00:00:00-04:00,9.180187158599999,9.180187158599999,25.875740903633705,25.875740903633705,-16.695553745033706,-16.695553745033706,18.575872440476083,1.880318695442375,5.2012442833333035,0.2632446173619325,4.937999665971371
2025-08-09 00:00:00-04:00,9.662503248899998,9.662503248899998,28.357127581642782,28.357127581642782,-18.694624332742784,-18.694624332742784,20.711176856654966,2.016552523912184,5.799129519863391,0.2823173533477058,5.5168121665156855
2025-08-10 00:00:00-04:00,9.13809700035,9.13809700035,28.391576769642633,28.391576769642633,-19.253479769292632,-19.253479769292632,20.8852483006778,1.6317685313851706,5.847869524189785,0.22844759439392393,5.619421929795861
2025-08-11 00:00:00-04:00,8.66810430945,8.66810430945,25.706437662734338,25.706437662734338,-17.03833335328434,-17.03833335328434,18.500136214959543,1.4618028616752048,5.180038140188673,0.2046524006345287,4.975385739554144
2025-08-12 00:00:00-04:00,8.3210336586,8.3210336586,25.38613263545304,25.38613263545304,-17.06509897685304,-17.06509897685304,18.643812440323504,1.5787134634704643,5.2202674832905815,0.22101988488586502,4.999247598404716
2025-08-13 00:00:00-04:00,9.13401067725,9.13401067725,26.86939429832769,26.86939429832769,-17.73538362107769,-17.73538362107769,19.51887749445975,1.7834938733820593,5.465285698448731,0.24968914227348832,5.215596556175242
2025-08-14 00:00:00-04:00,4.2481365354,4.2481365354,28.83306773683507,28.83306773683507,-24.58493120143507,-24.58493120143507,25.14842107467629,0.5634898732412201,7.041557900909361,0.07888858225377082,6.962669318655591
2025-08-15 00:00:00-04:00,10.083414984749998,10.083414984749998,27.616925404413823,27.616925404413823,-17.533510419663823,-17.533510419663823,19.814435990300616,2.280925570636792,5.548042077284173,0.3193295798891509,5.228712497395023
2025-08-16 00:00:00-04:00,9.891607221,9.891607221,30.20260885375405,30.20260885375405,-20.311001632754053,-20.311001632754053,22.215449360278832,1.9044477275247802,6.220325820878074,0.26662268185346927,5.953703139024604
2025-08-17 00:00:00-04:00,6.446252878199998,6.446252878199998,31.872307527323898,31.872307527323898,-25.426054649123902,-25.426054649123902,25.734353229171457,0.3082985800475563,7.205618904168008,0.043161801206657885,7.16245710296135
2025-08-18 00:00:00-04:00,10.356076578599998,10.356076578599998,27.20629219811748,27.20629219811748,-16.850215619517485,-16.850215619517485,19.345874593974088,2.4956589744566027,5.416844886312745,0.3493922564239244,5.0674526298888205
2025-08-19 00:00:00-04:00,10.049061868199999,10.049061868199999,29.095357421546396,29.095357421546396,-19.046295553346397,-19.046295553346397,21.144061101984303,2.0977655486379074,5.920337108555605,0.29368717680930706,5.626649931746298
2025-08-20 00:00:00-04:00,6.490755579599999,6.490755579599999,24.59920214292939,24.59920214292939,-18.10844656332939,-18.10844656332939,18.790445038670807,0.681998475341415,5.261324610827827,0.09547978654779811,5.165844824280028
2025-08-21 00:00:00-04:00,10.0086054543,10.0086054543,28.869633087258666,28.869633087258666,-18.861027632958667,-18.861027632958667,20.93948784765843,2.078460214699766,5.863056597344361,0.2909844300579673,5.572072167286394
2025-08-22 00:00:00-04:00,9.95419852515,9.95419852515,29.460373670221486,29.460373670221486,-19.506175145071488,-19.506175145071488,21.50980004380719,2.003624898735703,6.022744012266013,0.28050748582299845,5.742236526443015
2025-08-23 00:00:00-04:00,9.598377748049998,9.598377748049998,31.903282667936942,31.903282667936942,-22.304904919886944,-22.304904919886944,23.859095132871257,1.5541902129843104,6.680546637203952,0.21758662981780347,6.462960007386149
2025-08-24 00:00:00-04:00,9.13745741895,9.13745741895,28.939394647827058,28.939394647827058,-19.80193722887706,-19.80193722887706,21.28979472948412,1.487857500607063,5.961142524255554,0.20830005008498884,5.752842474170565
2025-08-25 00:00:00-04:00,2.292921710099999,2.292921710099999,27.11898514482606,27.11898514482606,-24.82606343472606,-24.82606343472606,24.82606343472606,0.0,6.951297761723297,0.0,6.951297761723297
2025-08-26 00:00:00-04:00,7.717119262649998,7.717119262649998,24.908821067514456,24.908821067514456,-17.191701804864458,-17.191701804864458,18.638925114463234,1.447223309598774,5.218899032049706,0.2026112633438284,5.016287768705878
2025-08-27 00:00:00-04:00,6.538772752199999,6.538772752199999,27.32163497827311,27.32163497827311,-20.78286222607311,-20.78286222607311,21.28824676216426,0.5053845360911515,5.960709093405994,0.07075383505276123,5.889955258353233
2025-08-28 00:00:00-04:00,9.69921484515,9.69921484515,26.785360334555048,26.785360334555048,-17.086145489405048,-17.086145489405048,19.135653271688433,2.049507782283382,5.3579829160727614,0.2869310895196735,5.071051826553088
2025-08-29 00:00:00-04:00,4.277248121699999,4.277248121699999,27.8363204535157,27.8363204535157,-23.559072331815702,-23.559072331815702,23.603951744317087,0.044879412501386384,6.609106488408785,0.006283117750194095,6.602823370658591
2025-08-30 00:00:00-04:00,5.513634098099999,5.513634098099999,28.551804570257925,28.551804570257925,-23.038170472157926,-23.038170472157926,23.656498455647068,0.6183279834891438,6.6238195675811795,0.08656591768848014,6.537253649892699
2025-08-31 00:00:00-04:00,9.12802621905,9.12802621905,28.076461066885646,28.076461066885646,-18.948434847835646,-18.948434847835646,20.655447223485062,1.7070123756494144,5.783525222575818,0.23898173259091804,5.5445434899849
2025-09-01 00:00:00-04:00,9.48444102315,9.48444102315,25.54682708357606,25.54682708357606,-16.06238606042606,-16.06238606042606,18.271073016979056,2.208686956552995,5.1159004447541365,0.30921617391741935,4.806684270836717
2025-09-02 00:00:00-04:00,6.862879214549999,6.862879214549999,24.78774963993624,24.78774963993624,-17.924870425386242,-17.924870425386242,18.419956185449042,0.4950857600628015,5.157587731925732,0.06931200640879222,5.088275725516939
2025-09-03 00:00:00-04:00,9.286078783949998,9.286078783949998,27.487061055391845,27.487061055391845,-18.20098227144185,-18.20098227144185,20.069675933596354,1.8686936621545076,5.6195092614069795,0.26161711270163107,5.357892148705348
2025-09-04 00:00:00-04:00,9.565442537849998,9.565442537849998,28.670432257148345,28.670432257148345,-19.10498971929835,-19.10498971929835,20.960510864906563,1.8555211456082157,5.868943042173838,0.25977296038515024,5.6091700817886885
2025-09-05 00:00:00-04:00,5.1252648668999985,5.1252648668999985,28.536195046977,28.536195046977,-23.410930180077,-23.410930180077,23.410930180077,0.0,6.555060450421561,0.0,6.555060450421561
2025-09-06 00:00:00-04:00,4.871099312549999,4.871099312549999,30.631195706115225,30.631195706115225,-25.760096393565224,-25.760096393565224,26.0684848580339,0.3083884644686776,7.2991757602494935,0.043174385025614874,7.256001375223879
2025-09-07 00:00:00-04:00,1.5674487025499995,1.5674487025499995,28.690641060270565,28.690641060270565,-27.123192357720566,-27.123192357720566,27.123192357720566,0.0,7.594493860161759,0.0,7.594493860161759
2025-09-08 00:00:00-04:00,7.4795771006999985,7.4795771006999985,27.43344223972754,27.43344223972754,-19.953865139027542,-19.953865139027542,20.873544986148246,0.9196798471207037,5.84459259612151,0.12875517859689853,5.715837417524612
2025-09-09 00:00:00-04:00,9.66097775565,9.66097775565,28.72103170749048,28.72103170749048,-19.06005395184048,-19.06005395184048,21.018690545879057,1.9586365940385773,5.885233352846137,0.27420912316540086,5.611024229680736
2025-09-10 00:00:00-04:00,8.163473793749999,8.163473793749999,25.66946546840404,25.66946546840404,-17.50599167465404,-17.50599167465404,19.234896117558783,1.72890444290474,5.38577091291646,0.24204662200666363,5.143724290909796
2025-09-11 00:00:00-04:00,8.718359564699998,8.718359564699998,28.162473372715958,28.162473372715958,-19.44411380801596,-19.44411380801596,20.209202920897745,0.7650891128817863,5.658576817851369,0.10711247580345008,5.551464342047919
2025-09-12 00:00:00-04:00,10.374998342624998,10.374998342624998,29.297063911159757,29.297063911159757,-18.92206556853476,-18.92206556853476,20.89700287167083,1.9749373031360729,5.851160804067833,0.2764912224390502,5.574669581628783
2025-09-13 00:00:00-04:00,6.667037544825,6.667037544825,29.63140459040909,29.63140459040909,-22.964367045584094,-22.964367045584094,23.439666261187746,0.4752992156036522,6.563106553132569,0.06654189018451132,6.4965646629480585
2025-09-14 00:00:00-04:00,7.876907839124999,7.876907839124999,32.93451466376252,32.93451466376252,-25.05760682463752,-25.05760682463752,25.52887727965987,0.4712704550223489,7.148085638304765,0.06597786370312884,7.082107774601636
2025-09-15 00:00:00-04:00,9.9614680146,9.9614680146,29.713136644551675,29.713136644551675,-19.751668629951677,-19.751668629951677,21.425944835769144,1.6742762058174683,5.999264554015361,0.23439866881444557,5.764865885200916
2025-09-16 00:00:00-04:00,9.681389742824999,9.681389742824999,27.52199417111474,27.52199417111474,-17.840604428289744,-17.840604428289744,19.714599249208643,1.8739948209189001,5.520087789778421,0.262359274928646,5.2577285148497745
2025-09-17 00:00:00-04:00,7.919355559724998,7.919355559724998,26.39070185806108,26.39070185806108,-18.471346298336083,-18.471346298336083,19.206117692436344,0.734771394100259,5.377712953882177,0.10286799517403628,5.27484495870814
2025-09-18 00:00:00-04:00,8.7346304964,8.7346304964,25.179037864101865,25.179037864101865,-16.444407367701864,-16.444407367701864,18.161582142582894,1.7171747748810307,5.085242999923211,0.24040446848334432,4.8448385314398665
2025-09-19 00:00:00-04:00,9.0016764642,9.0016764642,29.00071333719566,29.00071333719566,-19.99903687299566,-19.99903687299566,21.507702942950065,1.5086660699544068,6.022156824026019,0.21121324979361697,5.810943574232402
2025-09-20 00:00:00-04:00,10.246940169524999,10.246940169524999,27.704542490903883,27.704542490903883,-17.457602321378886,-17.457602321378886,19.694511049704126,2.2369087283252402,5.514463093917156,0.31316722196553365,5.201295871951622
2025-09-21 00:00:00-04:00,10.028468198699999,10.028468198699999,28.44728744364887,28.44728744364887,-18.41881924494887,-18.41881924494887,20.445824447650157,2.0270052027012855,5.724830845342044,0.28378072837817997,5.441050116963864
2025-09-22 00:00:00-04:00,9.781049594699999,9.781049594699999,25.86940729177473,25.86940729177473,-16.08835769707473,-16.08835769707473,18.207479546264008,2.119121849189274,5.098094272953922,0.29667705888649837,4.801417214067424
2025-09-23 00:00:00-04:00,3.066858214424999,3.066858214424999,28.124745604243305,28.124745604243305,-25.057887389818305,-25.057887389818305,25.057887389818305,0.0,7.016208469149126,0.0,7.016208469149126
2025-09-24 00:00:00-04:00,2.8703321486999993,2.8703321486999993,28.187031464341427,28.187031464341427,-25.31669931564143,-25.31669931564143,25.481289266167096,0.16458995052566805,7.134760994526787,0.02304259307359353,7.111718401453194
2025-09-25 00:00:00-04:00,2.4223477409999994,2.4223477409999994,29.004981026532672,29.004981026532672,-26.58263328553267,-26.58263328553267,26.58263328553267,0.0,7.443137319949148,0.0,7.443137319949148
2025-09-26 00:00:00-04:00,7.1787941793,7.1787941793,27.14286053353159,27.14286053353159,-19.96406635423159,-19.96406635423159,21.152429694374444,1.1883633401428537,5.922680314424845,0.16637086761999953,5.7563094468048455
2025-09-27 00:00:00-04:00,9.772026631425,9.772026631425,31.381311889137315,31.381311889137315,-21.609285257712315,-21.609285257712315,23.171389842863203,1.5621045851508852,6.487989156001698,0.21869464192112395,6.269294514080574
2025-09-28 00:00:00-04:00,8.498106358649999,8.498106358649999,30.075236480639795,30.075236480639795,-21.577130121989796,-21.577130121989796,22.71621005827021,1.1390799362804134,6.3605388163156595,0.1594711910792579,6.201067625236401
2025-09-29 00:00:00-04:00,9.237701075624999,9.237701075624999,27.277470523019012,27.277470523019012,-18.039769447394015,-18.039769447394015,19.634080483702068,1.594311036308055,5.49754253543658,0.22320354508312773,5.274338990353452
2025-09-30 00:00:00-04:00,8.435205747182595,8.435205747182595,28.35864237616168,28.35864237616168,-19.923436628979083,-19.923436628979083,21.2417879294954,1.3183513005163148,5.947700620258712,0.1845691820722841,5.763131438186428
2025-10-01 00:00:00-04:00,8.057452146606915,8.057452146606915,26.725002433909292,26.725002433909292,-18.66755028730238,-18.66755028730238,19.913683221844238,1.2461329345418573,5.575831302116387,0.17445861083586003,5.401372691280527
2025-10-02 00:00:00-04:00,7.871988395559233,7.871988395559233,28.897331680032966,28.897331680032966,-21.02534328447373,-21.02534328447373,21.918771161083466,0.8934278766097339,6.137255925103371,0.12507990272536276,6.012176022378009
2025-10-03 00:00:00-04:00,7.551986698807569,7.551986698807569,26.176513161980797,26.176513161980797,-18.62452646317323,-18.62452646317323,19.705779279039533,1.081252815866306,5.5176181981310695,0.15137539422128285,5.3662428039097865
2025-10-04 00:00:00-04:00,7.591453621587055,7.591453621587055,28.42534767029617,28.42534767029617,-20.833894048709116,-20.833894048709116,21.766737467922116,0.9328434192130006,6.0946864910181935,0.1305980786898201,5.9640884123283735
2025-10-05 00:00:00-04:00,7.420750717440085,7.420750717440085,30.423959108003476,30.423959108003476,-23.00320839056339,-23.00320839056339,23.56259470164117,0.5593863110777801,6.597526516459529,0.07831408355088923,6.519212432908639
2025-10-06 00:00:00-04:00,7.142269024677913,7.142269024677913,27.841617449454915,27.841617449454915,-20.699348424777003,-20.699348424777003,21.394657044015446,0.6953086192384457,5.990503972324325,0.09734320669338241,5.893160765630943
2025-10-07 00:00:00-04:00,6.8543893586145135,6.8543893586145135,25.611953507577294,25.611953507577294,-18.75756414896278,-18.75756414896278,19.57640205799779,0.8188379090350086,5.481392576239382,0.11463730726490122,5.36675526897448
2025-10-08 00:00:00-04:00,6.855226287623503,6.855226287623503,27.262416208677433,27.262416208677433,-20.407189921053927,-20.407189921053927,21.130801792379696,0.7236118713257693,5.916624501866315,0.10130566198560771,5.815318839880708
2025-10-09 00:00:00-04:00,6.826606505904023,6.826606505904023,25.16219008513522,25.16219008513522,-18.335583579231194,-18.335583579231194,19.264921919003697,0.9293383397725007,5.394178137321036,0.1301073675681501,5.264070769752886
2025-10-10 00:00:00-04:00,6.796982481467302,6.796982481467302,28.520452518755885,28.520452518755885,-21.723470037288582,-21.723470037288582,22.18218779616376,0.45871775887517907,6.211012582925854,0.06422048624252508,6.1467920966833285
2025-10-11 00:00:00-04:00,6.857610928353639,6.857610928353639,32.10744362698469,32.10744362698469,-25.24983269863105,-25.24983269863105,25.48433293132254,0.23450023269149456,7.1356132207703125,0.03283003257680924,7.102783188193503
2025-10-12 00:00:00-04:00,6.6337867851498675,6.6337867851498675,28.997915341011645,28.997915341011645,-22.364128555861775,-22.364128555861775,22.77696894024583,0.4128403843840526,6.377551303268833,0.05779765381376737,6.319753649455065
2025-10-13 00:00:00-04:00,6.578809727466013,6.578809727466013,26.406017679121025,26.406017679121025,-19.827207951655012,-19.827207951655012,20.400694950828175,0.5734869991731628,5.71219458623189,0.0802881798842428,5.631906406347647
2025-10-14 00:00:00-04:00,6.522851189641959,6.522851189641959,28.89174689589249,28.89174689589249,-22.36889570625053,-22.36889570625053,22.7674320601469,0.3985363538963671,6.3748809768411325,0.0557950895454914,6.319085887295641
2025-10-15 00:00:00-04:00,6.4004464007264925,6.4004464007264925,29.099115906941403,29.099115906941403,-22.698669506214912,-22.698669506214912,22.892651528307535,0.1939820220926225,6.409942427926111,0.02715748309296715,6.382784944833143
2025-10-16 00:00:00-04:00,6.4967323843763545,6.4967323843763545,27.419392719587336,27.419392719587336,-20.92266033521098,-20.92266033521098,21.3269470434628,0.40428670825181734,5.971545172169584,0.056600139155254435,5.914945033014329
2025-10-17 00:00:00-04:00,6.791224681082483,6.791224681082483,29.122182397857795,29.122182397857795,-22.330957716775313,-22.330957716775313,22.673182101309564,0.3422243845342533,6.348490988366678,0.04791141383479547,6.300579574531882
2025-10-18 00:00:00-04:00,6.9713615808499085,6.9713615808499085,27.175103163236642,27.175103163236642,-20.203741582386733,-20.203741582386733,20.841568607233462,0.6378270248467288,5.83563921002537,0.08929578347854204,5.746343426546828
2025-10-19 00:00:00-04:00,7.151322226313568,7.151322226313568,31.37106764235432,31.37106764235432,-24.21974541604075,-24.21974541604075,24.607956588621086,0.3882111725803358,6.8902278448139045,0.05434956416124701,6.835878280652658
2025-10-20 00:00:00-04:00,7.054717564370312,7.054717564370312,27.52343286312519,27.52343286312519,-20.46871529875488,-20.46871529875488,21.014354827676783,0.5456395289219036,5.8840193517495,0.07638953404906651,5.807629817700434
2025-10-21 00:00:00-04:00,7.097398898088639,7.097398898088639,27.118242444376378,27.118242444376378,-20.020843546287736,-20.020843546287736,20.608140674833493,0.5872971285457567,5.770279388953378,0.08222159799640594,5.6880577909569725
2025-10-22 00:00:00-04:00,7.1777131646111325,7.1777131646111325,26.2280994380581,26.2280994380581,-19.050386273446964,-19.050386273446964,19.704451949340935,0.6540656758939685,5.517246545815462,0.0915691946251556,5.4256773511903065
2025-10-23 00:00:00-04:00,7.363214643086193,7.363214643086193,25.13290389527717,25.13290389527717,-17.769689252190975,-17.769689252190975,18.683873681653072,0.9141844294620953,5.231484630862861,0.12798582012469337,5.103498810738167
2025-10-24 00:00:00-04:00,7.407046083672779,7.407046083672779,29.84487083075286,29.84487083075286,-22.43782474708008,-22.43782474708008,22.89838984567814,0.46056509859805794,6.41154915678988,0.06447911380372812,6.347070042986152
2025-10-25 00:00:00-04:00,7.292184074253054,7.292184074253054,30.59820355220965,30.59820355220965,-23.306019477956596,-23.306019477956596,23.791730461791385,0.4857109838347867,6.6616845293015885,0.06799953773687015,6.593684991564718
2025-10-26 00:00:00-04:00,7.280134083469425,7.280134083469425,30.692365450498034,30.692365450498034,-23.412231367028607,-23.412231367028607,23.917026279593667,0.5047949125650593,6.696767358286228,0.0706712877591083,6.62609607052712
2025-10-27 00:00:00-04:00,7.323924238468884,7.323924238468884,25.55796299947663,25.55796299947663,-18.234038761007746,-18.234038761007746,18.964895640655747,0.7308568796480023,5.3101707793836095,0.10231996315072032,5.207850816232889
2025-10-28 00:00:00-04:00,7.202172864013081,7.202172864013081,29.21776452873229,29.21776452873229,-22.01559166471921,-22.01559166471921,22.54288531329338,0.5272936485741692,6.312007887722147,0.07382111080038369,6.238186776921763
2025-10-29 00:00:00-04:00,7.287101648233363,7.287101648233363,27.079624143305285,27.079624143305285,-19.79252249507192,-19.79252249507192,20.347258164993114,0.5547356699211902,5.697232286198073,0.07766299378896663,5.619569292409106
2025-10-30 00:00:00-04:00,7.016166580633673,7.016166580633673,25.510209724902314,25.510209724902314,-18.49404314426864,-18.49404314426864,19.16160712358027,0.6675639793116329,5.365249994602476,0.09345895710362861,5.271791037498848
2025-10-31 00:00:00-04:00,6.793896360345822,6.793896360345822,25.909761396186084,25.909761396186084,-19.11586503584026,-19.11586503584026,19.554784733686155,0.43891969784589246,5.475339725432124,0.06144875769842495,5.413890967733699
2025-11-01 00:00:00-04:00,6.620063237645966,6.620063237645966,27.766262199252207,27.766262199252207,-21.14619896160624,-21.14619896160624,21.587009690434066,0.44081072882782507,6.044362713321539,0.06171350203589552,5.9826492112856435
2025-11-02 00:00:00-04:00,6.96349630391243,6.96349630391243,31.59568448031922,31.59568448031922,-24.63218817640679,-24.63218817640679,25.327785527548308,0.695597351141516,7.091779947713527,0.09738362915981225,6.994396318553715
2025-11-03 00:00:00-05:00,6.8222643330772,6.8222643330772,27.13617714368997,27.13617714368997,-20.31391281061277,-20.31391281061277,21.10180286071617,0.7878900501034,5.908504801000528,0.110304607014476,5.798200193986052
2025-11-04 00:00:00-05:00,6.723940477627624,6.723940477627624,25.175178284729,25.175178284729,-18.451237807101375,-18.451237807101375,19.264633928030122,0.8133961209287464,5.394097499848435,0.1138754569300245,5.28022204291841
2025-11-05 00:00:00-05:00,6.85858085340322,6.85858085340322,24.27410706930152,24.27410706930152,-17.415526215898304,-17.415526215898304,18.327463344731683,0.9119371288333821,5.131689736524872,0.1276711980366735,5.004018538488198
2025-11-06 00:00:00-05:00,6.707486610579441,6.707486610579441,25.457981281997018,25.457981281997018,-18.750494671417577,-18.750494671417577,19.590587783683468,0.840093112265892,5.485364579431372,0.1176130357172249,5.367751543714147
2025-11-07 00:00:00-05:00,6.317668277296692,6.317668277296692,29.353115078381546,29.353115078381546,-23.035446801084852,-23.035446801084852,23.643834409724803,0.6083876086399489,6.620273634722945,0.08517426520959286,6.535099369513352
2025-11-08 00:00:00-05:00,6.325488538725953,6.325488538725953,29.172249391576724,29.172249391576724,-22.84676085285077,-22.84676085285077,23.42067544176702,0.5739145889162518,6.557789123694766,0.08034804244827526,6.477441081246491
2025-11-09 00:00:00-05:00,6.199952779457275,6.199952779457275,27.17699567260795,27.17699567260795,-20.977042893150678,-20.977042893150678,21.52415795996749,0.5471150668168124,6.026764228790897,0.07659610935435375,5.950168119436544
2025-11-10 00:00:00-05:00,6.135360650068656,6.135360650068656,28.274362630224715,28.274362630224715,-22.13900198015606,-22.13900198015606,22.693941718145254,0.5549397379891934,6.354303681080672,0.07769156331848708,6.276612117762185
2025-11-11 00:00:00-05:00,6.108260257325336,6.108260257325336,26.043761995950995,26.043761995950995,-19.93550173862566,-19.93550173862566,20.58314509380591,0.6476433551802514,5.763280626265655,0.09067006972523521,5.67261055654042
2025-11-12 00:00:00-05:00,5.724140502079586,5.724140502079586,29.424493563812543,29.424493563812543,-23.700353061732955,-23.700353061732955,24.157182690202806,0.45682962846984887,6.764011153256786,0.06395614798577885,6.7000550052710075
2025-11-13 00:00:00-05:00,5.58734599264791,5.58734599264791,25.32065705126473,25.32065705126473,-19.733311058616824,-19.733311058616824,20.22831413424537,0.4950030756285486,5.663927957588704,0.06930043058799681,5.594627527000707
2025-11-14 00:00:00-05:00,5.5048966776946315,5.5048966776946315,29.33414572167312,29.33414572167312,-23.82924904397849,-23.82924904397849,24.27714609939476,0.4478970554162719,6.7976009078305335,0.06270558775827807,6.734895320072256
2025-11-15 00:00:00-05:00,5.440291579744661,5.440291579744661,27.629324726652982,27.629324726652982,-22.18903314690832,-22.18903314690832,22.671245019583658,0.4822118726753388,6.347948605483425,0.06750966217454744,6.280438943308877
2025-11-16 00:00:00-05:00,5.500056844566726,5.500056844566726,31.093934459293145,31.093934459293145,-25.59387761472642,-25.59387761472642,25.94510584224132,0.35122822751489835,7.2646296358275695,0.049171951852085775,7.215457683975484
2025-11-17 00:00:00-05:00,5.217078418608641,5.217078418608641,25.80288964476389,25.80288964476389,-20.58581122615525,-20.58581122615525,21.03196555327152,0.4461543271162697,5.888950354916026,0.06246160579627776,5.826488749119748
2025-11-18 00:00:00-05:00,5.303108619655666,5.303108619655666,29.122221425164753,29.122221425164753,-23.81911280550909,-23.81911280550909,24.216930307616796,0.39781750210770706,6.780740486132704,0.055694450295078995,6.725046035837624
2025-11-19 00:00:00-05:00,5.414233349285387,5.414233349285387,25.18817818536929,25.18817818536929,-19.773944836083903,-19.773944836083903,20.305329858008076,0.5313850219241711,5.685492360242262,0.07439390306938397,5.6110984571728775
2025-11-20 00:00:00-05:00,5.622699632941097,5.622699632941097,25.91583916911241,25.91583916911241,-20.29313953617131,-20.29313953617131,20.855709283604487,0.5625697474331749,5.839598599409257,0.07875976464064449,5.760838834768612
2025-11-21 00:00:00-05:00,5.668957654982,5.668957654982,26.76757456804796,26.76757456804796,-21.098616913065957,-21.098616913065957,21.662876397170617,0.5642594841046598,6.065605391207773,0.07899632777465238,5.9866090634331215
2025-11-22 00:00:00-05:00,5.580465982177097,5.580465982177097,31.33890305975629,31.33890305975629,-25.758437077579195,-25.758437077579195,26.182062607043985,0.42362552946478993,7.3309775299723166,0.059307574125070595,7.271669955847246
2025-11-23 00:00:00-05:00,5.5212406075132465,5.5212406075132465,30.651683393324934,30.651683393324934,-25.130442785811688,-25.130442785811688,25.56674847825444,0.43630569244275097,7.158689573911244,0.061082796941985144,7.097606776969259
2025-11-24 00:00:00-05:00,5.543224465139598,5.543224465139598,28.406677424549,28.406677424549,-22.8634529594094,-22.8634529594094,23.397128139399143,0.5336751799897441,6.551195879031761,0.07471452519856418,6.476481353833197
2025-11-25 00:00:00-05:00,5.571792172496015,5.571792172496015,26.03966300994307,26.03966300994307,-20.467870837447055,-20.467870837447055,21.09375627039846,0.6258854329514025,5.906251755711569,0.08762396061319637,5.818627795098372
2025-11-26 00:00:00-05:00,5.430859031589167,5.430859031589167,29.61628119664068,29.61628119664068,-24.185422165051513,-24.185422165051513,24.687434995494776,0.5020128304432621,6.912481798738538,0.07028179626205669,6.842200002476481
2025-11-27 00:00:00-05:00,5.354111702038799,5.354111702038799,28.071167887880094,28.071167887880094,-22.717056185841294,-22.717056185841294,23.23131649255097,0.5142603067096763,6.504768617914272,0.07199644293935469,6.432772174974917
2025-11-28 00:00:00-05:00,5.573923356007401,5.573923356007401,27.75162205474053,27.75162205474053,-22.177698698733128,-22.177698698733128,22.718011364598546,0.540312665865418,6.3610431820875935,0.07564377322115853,6.285399408866435
2025-11-29 00:00:00-05:00,5.50508296782453,5.50508296782453,31.344148425530214,31.344148425530214,-25.839065457705686,-25.839065457705686,26.25600101635051,0.4169355586448238,7.351680284578143,0.058370978210275336,7.293309306367868
2025-11-30 00:00:00-05:00,5.291441954132622,5.291441954132622,31.898243982154657,31.898243982154657,-26.606802028022038,-26.606802028022038,27.019117679020813,0.41231565099877454,7.5653529501258285,0.05772419113982844,7.507628758986
2025-12-01 00:00:00-05:00,4.989977209442752,4.989977209442752,26.127934958832064,26.127934958832064,-21.137957749389315,-21.137957749389315,21.58481889308771,0.4468611436983976,6.04374929006456,0.06256056011777567,5.981188729946784
2025-12-02 00:00:00-05:00,4.997637517266178,4.997637517266178,28.727796035928954,28.727796035928954,-23.730158518662776,-23.730158518662776,24.131799829643892,0.4016413109811171,6.7569039523002905,0.0562297835373564,6.7006741687629345
2025-12-03 00:00:00-05:00,5.308629846559433,5.308629846559433,25.592373711823136,25.592373711823136,-20.283743865263702,-20.283743865263702,20.783849470018176,0.5001056047544747,5.81947785160509,0.07001478466562647,5.749463066939463
2025-12-04 00:00:00-05:00,5.53977843576548,5.53977843576548,29.739160609704793,29.739160609704793,-24.199382173939313,-24.199382173939313,24.7049030513817,0.5055208774423849,6.917372854386876,0.0707729228419339,6.846599931544942
2025-12-05 00:00:00-05:00,5.710273935956012,5.710273935956012,25.23901930000099,25.23901930000099,-19.528745364044976,-19.528745364044976,20.225845757267617,0.6971003932226411,5.663236812034933,0.09759405505116976,5.565642756983763
2025-12-06 00:00:00-05:00,5.709203728513984,5.709203728513984,28.698898606823253,28.698898606823253,-22.98969487830927,-22.98969487830927,23.537162984923665,0.5474681066143958,6.590405635778627,0.07664553492601542,6.513760100852611
2025-12-07 00:00:00-05:00,5.642029033809792,5.642029033809792,32.039506856685485,32.039506856685485,-26.397477822875693,-26.397477822875693,26.884145779070032,0.4866679561943378,7.52756081813961,0.0681335138672073,7.459427304272403
2025-12-08 00:00:00-05:00,5.641074570276918,5.641074570276918,28.36412245031378,28.36412245031378,-22.72304788003686,-22.72304788003686,23.222719208854826,0.4996713288179673,6.502361378479352,0.06995398603451543,6.432407392444837
2025-12-09 00:00:00-05:00,5.596885666937668,5.596885666937668,27.17474292661914,27.17474292661914,-21.577857259681473,-21.577857259681473,22.07983152436464,0.5019742646831684,6.1823528268220995,0.07027639705564359,6.112076429766456
2025-12-10 00:00:00-05:00,5.422473615080637,5.422473615080637,26.425348203012877,26.425348203012877,-21.00287458793224,-21.00287458793224,21.511745270409975,0.5088706824777365,6.023288675714793,0.07124189554688311,5.95204678016791
2025-12-11 00:00:00-05:00,5.350280414192604,5.350280414192604,29.1679721521082,29.1679721521082,-23.817691737915595,-23.817691737915595,24.264596065911643,0.44690432799604907,6.7940868984552605,0.06256660591944688,6.731520292535814
2025-12-12 00:00:00-05:00,5.381732739629529,5.381732739629529,28.007781841542958,28.007781841542958,-22.62604910191343,-22.62604910191343,23.088371020819974,0.46232191890654617,6.464743885829593,0.06472506864691648,6.400018817182676
2025-12-13 00:00:00-05:00,5.4068504073459795,5.4068504073459795,31.18792593428989,31.18792593428989,-25.78107552694391,-25.78107552694391,26.13571928930769,0.3546437623637816,7.318001401006154,0.049650126730929424,7.268351274275225
2025-12-14 00:00:00-05:00,5.5668324317302105,5.5668324317302105,32.421811842232366,32.421811842232366,-26.854979410502153,-26.854979410502153,27.238165705276494,0.38318629477433896,7.626686397477419,0.05364608126840746,7.573040316209012
2025-12-15 00:00:00-05:00,5.445157841963422,5.445157841963422,29.019726581903665,29.019726581903665,-23.574568739940243,-23.574568739940243,24.015804105111165,0.4412353651709203,6.724425149431127,0.06177295112392885,6.662652198307199
2025-12-16 00:00:00-05:00,5.270704645766533,5.270704645766533,24.54688739150517,24.54688739150517,-19.276182745738637,-19.276182745738637,19.805829586712033,0.5296468409733941,5.54563228427937,0.07415055773627519,5.471481726543095
2025-12-17 00:00:00-05:00,5.19572401814967,5.19572401814967,27.26180044219772,27.26180044219772,-22.066076424048052,-22.066076424048052,22.500568010484734,0.4344915864366811,6.300159042935726,0.06082882210113536,6.23933022083459
2025-12-18 00:00:00-05:00,5.0707563667001585,5.0707563667001585,24.755548520338323,24.755548520338323,-19.684792153638167,-19.684792153638167,20.1218918758709,0.4370997222327333,5.634129725243853,0.06119396111258267,5.5729357641312705
2025-12-19 00:00:00-05:00,5.061849751477233,5.061849751477233,27.894447009399844,27.894447009399844,-22.832597257922608,-22.832597257922608,23.203460218307217,0.37086296038460864,6.496968861126022,0.051920814453845214,6.445048046672177
