timestamp_local,PV_P_kW,PV_E_kWh,Load_kW,Load_E_kWh,Net_P_kW,Net_E_kWh,Import_kWh,Export_kWh,Buy_$,Sell_$,NetBill_$
2022-12-31 00:00:00-05:00,0.0,0.0,4.0094225652037245,4.0094225652037245,-4.0094225652037245,-4.0094225652037245,4.0094225652037245,0.0,0.7617902873887077,0.0,0.7617902873887077
2023-01-01 00:00:00-05:00,0.8955101576249996,0.8955101576249996,27.51018991433571,27.51018991433571,-26.61467975671071,-26.61467975671071,26.61467975671071,0.0,5.056789153775035,0.0,5.056789153775035
2023-01-02 00:00:00-05:00,1.4203320137999995,1.4203320137999995,29.60028009384364,29.60028009384364,-28.17994808004364,-28.17994808004364,28.17994808004364,0.0,5.354190135208292,0.0,5.354190135208292
2023-01-03 00:00:00-05:00,0.8667266381999995,0.8667266381999995,27.91920266213304,27.91920266213304,-27.05247602393304,-27.05247602393304,27.05247602393304,0.0,5.139970444547277,0.0,5.139970444547277
2023-01-04 00:00:00-05:00,0.4688862005249996,0.4688862005249996,27.33841163519842,27.33841163519842,-26.86952543467342,-26.86952543467342,26.86952543467342,0.0,5.10520983258795,0.0,5.10520983258795
2023-01-05 00:00:00-05:00,0.6323158430999997,0.6323158430999997,28.810173793562168,28.810173793562168,-28.17785795046217,-28.17785795046217,28.17785795046217,0.0,5.353793010587812,0.0,5.353793010587812
2023-01-06 00:00:00-05:00,1.4509638209249995,1.4509638209249995,28.50118417219576,28.50118417219576,-27.05022035127076,-27.05022035127076,27.05022035127076,0.0,5.139541866741444,0.0,5.139541866741444
2023-01-07 00:00:00-05:00,2.9439999611999994,2.9439999611999994,31.082156053611815,31.082156053611815,-28.138156092411815,-28.138156092411815,28.27492573815537,0.1367696457435552,5.37223589024952,0.012993116345637745,5.359242773903882
2023-01-08 00:00:00-05:00,1.6976086433999995,1.6976086433999995,27.606497605060564,27.606497605060564,-25.908888961660566,-25.908888961660566,25.908888961660566,0.0,4.922688902715508,0.0,4.922688902715508
2023-01-09 00:00:00-05:00,0.9941480831249995,0.9941480831249995,26.141908513913506,26.141908513913506,-25.147760430788505,-25.147760430788505,25.147760430788505,0.0,4.778074481849816,0.0,4.778074481849816
2023-01-10 00:00:00-05:00,1.2885837500249995,1.2885837500249995,26.07916193907825,26.07916193907825,-24.790578189053253,-24.790578189053253,24.790578189053253,0.0,4.710209855920118,0.0,4.710209855920118
2023-01-11 00:00:00-05:00,0.6800288249249995,0.6800288249249995,26.71842703439868,26.71842703439868,-26.03839820947368,-26.03839820947368,26.03839820947368,0.0,4.947295659799999,0.0,4.947295659799999
2023-01-12 00:00:00-05:00,1.5759573785999998,1.5759573785999998,25.483508060184285,25.483508060184285,-23.907550681584283,-23.907550681584283,23.907550681584283,0.0,4.542434629501014,0.0,4.542434629501014
2023-01-13 00:00:00-05:00,5.776193828924999,5.776193828924999,29.331759254938856,29.331759254938856,-23.555565426013857,-23.555565426013857,24.63545541974852,1.079889993734664,4.680736529752219,0.10258954940479308,4.578146980347427
2023-01-14 00:00:00-05:00,7.9040935512,7.9040935512,29.959235849271387,29.959235849271387,-22.055142298071388,-22.055142298071388,23.00785855193846,0.952716253867072,4.371493124868308,0.09050804411737184,4.280985080750936
2023-01-15 00:00:00-05:00,2.7901346507999993,2.7901346507999993,29.162701046231906,29.162701046231906,-26.372566395431907,-26.372566395431907,26.434821245577318,0.062254850145409435,5.022616036659691,0.005914210763813896,5.016701825895876
2023-01-16 00:00:00-05:00,3.7622174462999998,3.7622174462999998,29.73097436862741,29.73097436862741,-25.96875692232741,-25.96875692232741,26.044404977765833,0.07564805543842157,4.948436945775509,0.007186565266650049,4.941250380508858
2023-01-17 00:00:00-05:00,0.6036693965999995,0.6036693965999995,25.52915710598292,25.52915710598292,-24.925487709382924,-24.925487709382924,24.925487709382924,0.0,4.735842664782756,0.0,4.735842664782756
2023-01-18 00:00:00-05:00,1.5279527987999995,1.5279527987999995,25.040497821299052,25.040497821299052,-23.51254502249905,-23.51254502249905,23.51254502249905,0.0,4.46738355427482,0.0,4.46738355427482
2023-01-19 00:00:00-05:00,0.6137441765999995,0.6137441765999995,26.130247524387343,26.130247524387343,-25.516503347787346,-25.516503347787346,25.516503347787346,0.0,4.848135636079596,0.0,4.848135636079596
2023-01-20 00:00:00-05:00,1.9302680942999995,1.9302680942999995,26.880908045447622,26.880908045447622,-24.950639951147622,-24.950639951147622,24.950639951147622,0.0,4.740621590718048,0.0,4.740621590718048
2023-01-21 00:00:00-05:00,1.2918029255999994,1.2918029255999994,30.75922447664447,30.75922447664447,-29.46742155104447,-29.46742155104447,29.46742155104447,0.0,5.598810094698449,0.0,5.598810094698449
2023-01-22 00:00:00-05:00,1.4866697258999992,1.4866697258999992,31.691318105207888,31.691318105207888,-30.20464837930789,-30.20464837930789,30.20464837930789,0.0,5.738883192068499,0.0,5.738883192068499
2023-01-23 00:00:00-05:00,2.9626020458999998,2.9626020458999998,25.0729399157054,25.0729399157054,-22.110337869805402,-22.110337869805402,22.555304744213757,0.44496687440835464,4.285507901400614,0.04227185306879369,4.24323604833182
2023-01-24 00:00:00-05:00,1.8114064694999994,1.8114064694999994,25.573825209281466,25.573825209281466,-23.762418739781467,-23.762418739781467,23.762418739781467,0.0,4.514859560558478,0.0,4.514859560558478
2023-01-25 00:00:00-05:00,0.7483483781999993,0.7483483781999993,27.056604281316968,27.056604281316968,-26.30825590311697,-26.30825590311697,26.30825590311697,0.0,4.9985686215922245,0.0,4.9985686215922245
2023-01-26 00:00:00-05:00,1.7682987473999994,1.7682987473999994,26.3857675322313,26.3857675322313,-24.6174687848313,-24.6174687848313,24.6174687848313,0.0,4.677319069117947,0.0,4.677319069117947
2023-01-27 00:00:00-05:00,1.5904230929999994,1.5904230929999994,29.627141968753577,29.627141968753577,-28.03671887575358,-28.03671887575358,28.03671887575358,0.0,5.32697658639318,0.0,5.32697658639318
2023-01-28 00:00:00-05:00,1.4347384496999998,1.4347384496999998,29.8680601894017,29.8680601894017,-28.4333217397017,-28.4333217397017,28.4333217397017,0.0,5.402331130543323,0.0,5.402331130543323
2023-01-29 00:00:00-05:00,2.8878909587999995,2.8878909587999995,26.802089319052808,26.802089319052808,-23.914198360252808,-23.914198360252808,24.139083866640654,0.22488550638784566,4.586425934661724,0.021364123106845337,4.5650618115548784
2023-01-30 00:00:00-05:00,2.3966173106999995,2.3966173106999995,27.06752778397735,27.06752778397735,-24.670910473277353,-24.670910473277353,24.670910473277353,0.0,4.687472989922697,0.0,4.687472989922697
2023-01-31 00:00:00-05:00,9.066997450799999,9.066997450799999,25.791214591860847,25.791214591860847,-16.724217141060848,-16.724217141060848,18.69334502592781,1.9691278848669647,3.5517355549262843,0.18706714906236163,3.364668405863923
2023-02-01 00:00:00-05:00,2.9904547004999995,2.9904547004999995,25.140101326767844,25.140101326767844,-22.149646626267845,-22.149646626267845,22.177631543894,0.02798491762615568,4.21374999333986,0.0026585671744847896,4.211091426165376
2023-02-02 00:00:00-05:00,2.5726172075999996,2.5726172075999996,26.514754778668078,26.514754778668078,-23.942137571068077,-23.942137571068077,24.171600502168864,0.22946293110078742,4.592604095412084,0.021798978454574805,4.5708051169575095
2023-02-03 00:00:00-05:00,3.649705924499999,3.649705924499999,28.403607184602116,28.403607184602116,-24.75390126010212,-24.75390126010212,24.803768855556257,0.04986759545413799,4.712716082555689,0.004737421568143109,4.707978660987545
2023-02-04 00:00:00-05:00,3.106757832299999,3.106757832299999,30.09354295893023,30.09354295893023,-26.986785126630227,-26.986785126630227,26.986785126630227,0.0,5.127489174059743,0.0,5.127489174059743
2023-02-05 00:00:00-05:00,1.5678536741999993,1.5678536741999993,33.294128231908054,33.294128231908054,-31.726274557708056,-31.726274557708056,31.726274557708056,0.0,6.02799216596453,0.0,6.02799216596453
2023-02-06 00:00:00-05:00,5.9158217565,5.9158217565,28.142845265213598,28.142845265213598,-22.227023508713597,-22.227023508713597,23.829301372668702,1.602277863955104,4.527567260807054,0.1522163970757349,4.3753508637313185
2023-02-07 00:00:00-05:00,1.2838843547999992,1.2838843547999992,29.00615923017683,29.00615923017683,-27.722274875376833,-27.722274875376833,27.722274875376833,0.0,5.267232226321599,0.0,5.267232226321599
2023-02-08 00:00:00-05:00,8.7608110167,8.7608110167,25.857284866950497,25.857284866950497,-17.096473850250497,-17.096473850250497,18.781974508810286,1.6855006585597905,3.5685751566739543,0.1601225625631801,3.4084525941107744
2023-02-09 00:00:00-05:00,0.7306972928999993,0.7306972928999993,27.429524183229944,27.429524183229944,-26.698826890329943,-26.698826890329943,26.698826890329943,0.0,5.072777109162689,0.0,5.072777109162689
2023-02-10 00:00:00-05:00,1.9085833358999997,1.9085833358999997,26.363697854059943,26.363697854059943,-24.45511451815994,-24.45511451815994,24.45511451815994,0.0,4.646471758450389,0.0,4.646471758450389
2023-02-11 00:00:00-05:00,8.262010435499999,8.262010435499999,29.7564212338251,29.7564212338251,-21.4944107983251,-21.4944107983251,22.884438969480836,1.390028171155734,4.348043404201359,0.13205267625979475,4.2159907279415645
2023-02-12 00:00:00-05:00,9.103332951899999,9.103332951899999,29.171098169958544,29.171098169958544,-20.067765218058543,-20.067765218058543,21.76928994703925,1.701524728980709,4.136165089937458,0.16164484925316736,3.9745202406842903
2023-02-13 00:00:00-05:00,8.3284316829,8.3284316829,26.567207546420175,26.567207546420175,-18.238775863520175,-18.238775863520175,19.702632992277966,1.463857128757793,3.7435002685328134,0.13906642723199034,3.604433841300823
2023-02-14 00:00:00-05:00,7.012856947499999,7.012856947499999,28.65333963329521,28.65333963329521,-21.640482685795213,-21.640482685795213,22.007713804051985,0.3672311182567721,4.181465622769877,0.034886956234393356,4.146578666535484
2023-02-15 00:00:00-05:00,0.7896166874999992,0.7896166874999992,25.284313343544994,25.284313343544994,-24.494696656044994,-24.494696656044994,24.494696656044994,0.0,4.653992364648549,0.0,4.653992364648549
2023-02-16 00:00:00-05:00,1.4522940143999992,1.4522940143999992,25.36088244556652,25.36088244556652,-23.90858843116652,-23.90858843116652,23.90858843116652,0.0,4.542631801921639,0.0,4.542631801921639
2023-02-17 00:00:00-05:00,7.182849992399999,7.182849992399999,26.906240646249024,26.906240646249024,-19.723390653849027,-19.723390653849027,21.889762035753485,2.166371381904459,4.159054786793162,0.2058052812809236,3.9532495055122387
2023-02-18 00:00:00-05:00,2.6462415230999996,2.6462415230999996,30.128669194309143,30.128669194309143,-27.48242767120914,-27.48242767120914,27.48242767120914,0.0,5.221661257529737,0.0,5.221661257529737
2023-02-19 00:00:00-05:00,7.981331035724999,7.981331035724999,27.43430317381295,27.43430317381295,-19.45297213808795,-19.45297213808795,20.864058051391964,1.4110859133040121,3.9641710297644734,0.13405316176388116,3.8301178680005923
2023-02-20 00:00:00-05:00,7.191984635099999,7.191984635099999,28.799437424777828,28.799437424777828,-21.60745278967783,-21.60745278967783,22.456228958063914,0.8487761683860837,4.266683502032143,0.08063373599667796,4.186049766035466
2023-02-21 00:00:00-05:00,3.792627335699999,3.792627335699999,25.281247992027616,25.281247992027616,-21.488620656327615,-21.488620656327615,21.488620656327615,0.0,4.082837924702247,0.0,4.082837924702247
2023-02-22 00:00:00-05:00,1.7276828735249992,1.7276828735249992,27.499755014084077,27.499755014084077,-25.772072140559075,-25.772072140559075,25.772072140559075,0.0,4.896693706706224,0.0,4.896693706706224
2023-02-23 00:00:00-05:00,1.2699292859999993,1.2699292859999993,24.96915563013338,24.96915563013338,-23.69922634413338,-23.69922634413338,23.69922634413338,0.0,4.502853005385342,0.0,4.502853005385342
2023-02-24 00:00:00-05:00,5.496903380025,5.496903380025,26.968801060856023,26.968801060856023,-21.471897680831024,-21.471897680831024,22.883233189444617,1.4113355086135935,4.347814305994477,0.13407687331829138,4.213737432676186
2023-02-25 00:00:00-05:00,3.3188094575999996,3.3188094575999996,29.169840474150845,29.169840474150845,-25.851031016550845,-25.851031016550845,25.851031016550845,0.0,4.91169589314466,0.0,4.91169589314466
2023-02-26 00:00:00-05:00,8.0873249364,8.0873249364,28.09934015898611,28.09934015898611,-20.01201522258611,-20.01201522258611,21.59063540391051,1.5786201813244012,4.102220726742997,0.14996891722581812,3.952251809517179
2023-02-27 00:00:00-05:00,1.3064444093249992,1.3064444093249992,26.16948829931948,26.16948829931948,-24.86304388999448,-24.86304388999448,24.86304388999448,0.0,4.723978339098951,0.0,4.723978339098951
2023-02-28 00:00:00-05:00,6.053345049599999,6.053345049599999,25.144477550591077,25.144477550591077,-19.09113250099108,-19.09113250099108,21.218945903006656,2.1278134020155783,4.031599721571265,0.20214227319147995,3.829457448379785
2023-03-01 00:00:00-05:00,6.2728723026,6.2728723026,25.864123275617544,25.864123275617544,-19.59125097301754,-19.59125097301754,20.634034733996632,1.042783760979088,3.92046659945936,0.09906445729301336,3.8214021421663467
2023-03-02 00:00:00-05:00,2.5612041098249994,2.5612041098249994,25.59593670959572,25.59593670959572,-23.034732599770717,-23.034732599770717,23.15430209033124,0.11956949056052202,4.399317397162935,0.011359101603249593,4.387958295559685
2023-03-03 00:00:00-05:00,3.047161800824999,3.047161800824999,24.900809847146554,24.900809847146554,-21.853648046321556,-21.853648046321556,21.853648046321556,0.0,4.152193128801096,0.0,4.152193128801096
2023-03-04 00:00:00-05:00,8.9840226249,8.9840226249,26.905142176967036,26.905142176967036,-17.92111955206704,-17.92111955206704,19.96766724050075,2.046547688433709,3.7938567756951422,0.19442203040120237,3.59943474529394
2023-03-05 00:00:00-05:00,9.699506335124997,9.699506335124997,31.38646433946843,31.38646433946843,-21.68695800434343,-21.68695800434343,23.722648626439543,2.0356906220961113,4.507303239023513,0.19339060909913058,4.313912629924383
2023-03-06 00:00:00-05:00,1.4502144122999994,1.4502144122999994,29.74087228248654,29.74087228248654,-28.29065787018654,-28.29065787018654,28.29065787018654,0.0,5.375224995335443,0.0,5.375224995335443
2023-03-07 00:00:00-05:00,10.129830358725,10.129830358725,28.248477317860996,28.248477317860996,-18.118646959135997,-18.118646959135997,20.52776216593077,2.4091152067947728,3.9002748115268466,0.22886594464550342,3.671408866881343
2023-03-08 00:00:00-05:00,10.084205008125,10.084205008125,24.678922423768842,24.678922423768842,-14.594717415643842,-14.594717415643842,17.356734438677872,2.762017023034031,3.2977795433487955,0.26239161718823295,3.0353879261605625
2023-03-09 00:00:00-05:00,10.167941812499999,10.167941812499999,24.8898670636029,24.8898670636029,-14.721925251102899,-14.721925251102899,17.38094823568576,2.659022984582861,3.3023801647802946,0.25260718353537176,3.049772981244923
2023-03-10 00:00:00-05:00,1.9687716305999992,1.9687716305999992,25.703115786923927,25.703115786923927,-23.734344156323928,-23.734344156323928,23.734344156323928,0.0,4.509525389701547,0.0,4.509525389701547
2023-03-11 00:00:00-05:00,6.9136979813999995,6.9136979813999995,30.06541311099491,30.06541311099491,-23.15171512959491,-23.15171512959491,24.897065949064956,1.7453508194700444,4.730442530322342,0.1658083278496542,4.564634202472687
2023-03-12 00:00:00-05:00,3.9677230619999992,3.9677230619999992,29.40431512615081,29.40431512615081,-25.43659206415081,-25.43659206415081,26.13999785539766,0.7034057912468509,4.966599592525555,0.06682355016845083,4.899776042357105
2023-03-13 00:00:00-04:00,3.0946133531249997,3.0946133531249997,25.967920351225413,25.967920351225413,-22.87330699810041,-22.87330699810041,22.89177590217819,0.018468904077777015,4.349437421413856,0.0017545458873888164,4.347682875526467
2023-03-14 00:00:00-04:00,11.0876995665,11.0876995665,26.102325544873533,26.102325544873533,-15.014625978373534,-15.014625978373534,18.892745999180736,3.8781200208072026,3.5896217398443397,0.36842140197668427,3.2212003378676553
2023-03-15 00:00:00-04:00,6.973198409925,6.973198409925,29.12231965873881,29.12231965873881,-22.149121248813813,-22.149121248813813,23.13925861408136,0.9901373652675494,4.396459136675459,0.09406304970041719,4.302396086975041
2023-03-16 00:00:00-04:00,4.113123534224999,4.113123534224999,27.397166331562914,27.397166331562914,-23.284042797337914,-23.284042797337914,23.68987906831255,0.4058362709746359,4.501077022979384,0.03855444574259041,4.462522577236793
2023-03-17 00:00:00-04:00,2.9042912636999993,2.9042912636999993,25.140591205002554,25.140591205002554,-22.236299941302555,-22.236299941302555,22.39861370452675,0.16231376322419339,4.255736603860083,0.015419807506298372,4.240316796353784
2023-03-18 00:00:00-04:00,4.074973195724999,4.074973195724999,28.749551738946526,28.749551738946526,-24.674578543221525,-24.674578543221525,25.175493550529257,0.5009150073077325,4.783343774600559,0.04758692569423459,4.735756848906324
2023-03-19 00:00:00-04:00,9.728350182,9.728350182,31.36438218246281,31.36438218246281,-21.63603200046281,-21.63603200046281,24.98091200463536,3.3448800041725506,4.746373280880719,0.3177636003963923,4.4286096804843265
2023-03-20 00:00:00-04:00,3.1421399276249993,3.1421399276249993,26.769603184453874,26.769603184453874,-23.627463256828875,-23.627463256828875,23.627463256828875,0.0,4.489218018797486,0.0,4.489218018797486
2023-03-21 00:00:00-04:00,3.7269689516999995,3.7269689516999995,27.454518685035435,27.454518685035435,-23.727549733335433,-23.727549733335433,23.727549733335433,0.0,4.508234449333733,0.0,4.508234449333733
2023-03-22 00:00:00-04:00,1.9123289108999995,1.9123289108999995,24.66906422189721,24.66906422189721,-22.75673531099721,-22.75673531099721,22.75673531099721,0.0,4.32377970908947,0.0,4.32377970908947
2023-03-23 00:00:00-04:00,7.7075526888,7.7075526888,28.639244652197103,28.639244652197103,-20.931691963397103,-20.931691963397103,23.876627799579616,2.944935836182515,4.536559281920127,0.27976890443733893,4.256790377482788
2023-03-24 00:00:00-04:00,10.915110546525,10.915110546525,29.828311120153085,29.828311120153085,-18.913200573628085,-18.913200573628085,22.439160371382275,3.5259597977541914,4.2634404705626325,0.3349661807866482,3.928474289775984
2023-03-25 00:00:00-04:00,1.2540684053249993,1.2540684053249993,29.541037162992627,29.541037162992627,-28.28696875766763,-28.28696875766763,28.28696875766763,0.0,5.37452406395685,0.0,5.37452406395685
2023-03-26 00:00:00-04:00,10.747419564824998,10.747419564824998,27.221901398127333,27.221901398127333,-16.474481833302335,-16.474481833302335,20.0369440170017,3.5624621836993695,3.8070193632303235,0.3384339074514401,3.4685854557788836
2023-03-27 00:00:00-04:00,10.915574768325,10.915574768325,25.102251397347114,25.102251397347114,-14.186676629022115,-14.186676629022115,18.01965873647456,3.8329821074524464,3.4237351599301666,0.3641333002079824,3.0596018597221843
2023-03-28 00:00:00-04:00,10.783515157424999,10.783515157424999,27.0033480320446,27.0033480320446,-16.219832874619602,-16.219832874619602,19.837573220447744,3.6177403458281443,3.7691389118850713,0.3436853328536737,3.4254535790313976
2023-03-29 00:00:00-04:00,6.217662157199999,6.217662157199999,25.932017525747273,25.932017525747273,-19.714355368547274,-19.714355368547274,21.068919933928214,1.3545645653809404,4.0030947874463605,0.12868363371118935,3.874411153735171
2023-03-30 00:00:00-04:00,11.0135605527,11.0135605527,28.411961912238645,28.411961912238645,-17.39840135953865,-17.39840135953865,21.072195081860883,3.6737937223222366,4.003717065553568,0.3490104036206125,3.6547066619329556
2023-03-31 00:00:00-04:00,1.4084499678749993,1.4084499678749993,27.55366885906291,27.55366885906291,-26.145218891187913,-26.145218891187913,26.145218891187913,0.0,4.967591589325703,0.0,4.967591589325703
2023-04-01 00:00:00-04:00,4.316309974799999,4.316309974799999,28.285202609754336,28.285202609754336,-23.968892634954337,-23.968892634954337,24.60548366012949,0.6365910251751559,4.675041895424603,0.060476147391639805,4.614565748032963
2023-04-02 00:00:00-04:00,7.354131874199999,7.354131874199999,32.614094763865445,32.614094763865445,-25.25996288966545,-25.25996288966545,26.28239822842388,1.0224353387584335,4.993655663400538,0.09713135718205118,4.8965243062184864
2023-04-03 00:00:00-04:00,10.120834805174999,10.120834805174999,28.837550230656834,28.837550230656834,-18.716715425481837,-18.716715425481837,21.973070501277483,3.2563550757956485,4.174883395242722,0.3093537322005866,3.865529663042135
2023-04-04 00:00:00-04:00,4.677519564449999,4.677519564449999,28.15281261518055,28.15281261518055,-23.475293050730553,-23.475293050730553,24.735538033477955,1.2602449827473998,4.699752226360811,0.11972327336100298,4.580028952999808
2023-04-05 00:00:00-04:00,1.8967123410749993,1.8967123410749993,29.52390202743096,29.52390202743096,-27.627189686355962,-27.627189686355962,27.627189686355962,0.0,5.249166040407633,0.0,5.249166040407633
2023-04-06 00:00:00-04:00,11.057294896199998,11.057294896199998,28.41045813352734,28.41045813352734,-17.35316323732734,-17.35316323732734,20.985764956003777,3.6326017186764337,3.9872953416407175,0.3450971632742612,3.6421981783664563
2023-04-07 00:00:00-04:00,10.885859805599999,10.885859805599999,27.71295805882378,27.71295805882378,-16.82709825322378,-16.82709825322378,20.364523680212994,3.5374254269892123,3.869259499240469,0.33605541556397517,3.5332040836764937
2023-04-08 00:00:00-04:00,4.928612540399999,4.928612540399999,27.961036423748936,27.961036423748936,-23.032423883348937,-23.032423883348937,24.238925081629485,1.2065011982805487,4.605395765509602,0.11461761383665213,4.49077815167295
2023-04-09 00:00:00-04:00,10.739879302499999,10.739879302499999,26.861794069856824,26.861794069856824,-16.121914767356824,-16.121914767356824,19.57212441211661,3.4502096447597874,3.718703638302156,0.3277699162521798,3.3909337220499762
2023-04-10 00:00:00-04:00,8.310477792599999,8.310477792599999,27.962951734410435,27.962951734410435,-19.652473941810438,-19.652473941810438,22.103498679308814,2.4510247374983782,4.199664749068675,0.23284735006234594,3.966817399006329
2023-04-11 00:00:00-04:00,7.8961528674,7.8961528674,28.76370239249055,28.76370239249055,-20.86754952509055,-20.86754952509055,23.082622964649786,2.2150734395592377,4.38569836328346,0.21043197675812758,4.175266386525332
2023-04-12 00:00:00-04:00,10.374239524499998,10.374239524499998,25.76843011262211,25.76843011262211,-15.39419058812211,-15.39419058812211,18.586035897116968,3.1918453089948584,3.531346820452224,0.30322530435451156,3.2281215160977124
2023-04-13 00:00:00-04:00,10.49867547885,10.49867547885,28.676996730947472,28.676996730947472,-18.178321252097472,-18.178321252097472,21.2638352259184,3.0855139738209276,4.040128692924496,0.29312382751298816,3.7470048654115073
2023-04-14 00:00:00-04:00,10.7677778949,10.7677778949,26.715994144316117,26.715994144316117,-15.948216249416118,-15.948216249416118,19.36323481989406,3.415018570477942,3.6790146157798715,0.3244267641954045,3.354587851584467
2023-04-15 00:00:00-04:00,9.077417891549999,9.077417891549999,30.863149705186924,30.863149705186924,-21.785731813636925,-21.785731813636925,24.16176595176301,2.376034138126082,4.590735530834972,0.22572324312197778,4.365012287712994
2023-04-16 00:00:00-04:00,4.859404703999998,4.859404703999998,30.835423405201905,30.835423405201905,-25.976018701201905,-25.976018701201905,25.976018701201905,0.0,4.935443553228362,0.0,4.935443553228362
2023-04-17 00:00:00-04:00,2.9807117261999987,2.9807117261999987,28.48725321291823,28.48725321291823,-25.50654148671823,-25.50654148671823,25.50654148671823,0.0,4.846242882476464,0.0,4.846242882476464
2023-04-18 00:00:00-04:00,3.012169864949999,3.012169864949999,25.571732988576336,25.571732988576336,-22.559563123626337,-22.559563123626337,22.559563123626337,0.0,4.286316993489004,0.0,4.286316993489004
2023-04-19 00:00:00-04:00,5.5128305821499985,5.5128305821499985,25.536963010411835,25.536963010411835,-20.024132428261836,-20.024132428261836,20.300989196990624,0.27685676872878995,3.8571879474282187,0.026301393029235044,3.8308865543989836
2023-04-20 00:00:00-04:00,4.175205178949999,4.175205178949999,27.706186434563097,27.706186434563097,-23.5309812556131,-23.5309812556131,23.536190647791777,0.0052093921786792174,4.471876223080438,0.0004948922569745257,4.471381330823463
2023-04-21 00:00:00-04:00,5.0355166225499985,5.0355166225499985,28.743761017417583,28.743761017417583,-23.708244394867585,-23.708244394867585,24.08483078658852,0.37658639172093467,4.576117849451819,0.03577570721348879,4.54034214223833
2023-04-22 00:00:00-04:00,2.1764994934499993,2.1764994934499993,31.863304521555467,31.863304521555467,-29.686805028105468,-29.686805028105468,29.686805028105468,0.0,5.640492955340039,0.0,5.640492955340039
2023-04-23 00:00:00-04:00,3.527228097899999,3.527228097899999,28.17439084368238,28.17439084368238,-24.64716274578238,-24.64716274578238,24.6976781583285,0.050515412546118243,4.692558850082415,0.004798964191881233,4.687759885890534
2023-04-24 00:00:00-04:00,4.393716817499999,4.393716817499999,27.17111265361899,27.17111265361899,-22.77739583611899,-22.77739583611899,22.887413063420667,0.11001722730167351,4.348608482049927,0.010451636593658983,4.338156845456267
2023-04-25 00:00:00-04:00,8.05332997215,8.05332997215,28.185109384210225,28.185109384210225,-20.131779412060226,-20.131779412060226,22.213083750748545,2.0813043386883208,4.220485912642224,0.19772391217539048,4.022762000466834
2023-04-26 00:00:00-04:00,7.056113542199999,7.056113542199999,28.29733172212433,28.29733172212433,-21.24121817992433,-21.24121817992433,22.79730695428663,1.5560887743622969,4.33148832131446,0.14782843356441822,4.183659887750041
2023-04-27 00:00:00-04:00,4.951570514849998,4.951570514849998,26.70652225099372,26.70652225099372,-21.75495173614372,-21.75495173614372,22.231280020587167,0.4763282844434459,4.223943203911562,0.04525118702212736,4.178692016889435
2023-04-28 00:00:00-04:00,7.377672711149999,7.377672711149999,27.762849395281492,27.762849395281492,-20.385176684131494,-20.385176684131494,21.066269815393095,0.6810931312616012,4.002591264924688,0.06470384746985211,3.937887417454836
2023-04-29 00:00:00-04:00,3.305736547649999,3.305736547649999,27.034239850403708,27.034239850403708,-23.72850330275371,-23.72850330275371,23.81277712837286,0.08427382561915198,4.524427654390844,0.008006013433819438,4.516421640957025
2023-04-30 00:00:00-04:00,3.3517361492999984,3.3517361492999984,31.960266950273972,31.960266950273972,-28.608530800973973,-28.608530800973973,28.608530800973973,0.0,5.435620852185055,0.0,5.435620852185055
2023-05-01 00:00:00-04:00,2.966710909949999,2.966710909949999,29.98390288576101,29.98390288576101,-27.01719197581101,-27.01719197581101,27.01719197581101,0.0,5.133266475404092,0.0,5.133266475404092
2023-05-02 00:00:00-04:00,4.914187022249999,4.914187022249999,29.153290882761482,29.153290882761482,-24.23910386051148,-24.23910386051148,24.378803677062123,0.13969981655064,4.631972698641803,0.0132714825723108,4.618701216069493
2023-05-03 00:00:00-04:00,9.356768848799998,9.356768848799998,26.93111447627123,26.93111447627123,-17.57434562747123,-17.57434562747123,20.853511009765647,3.2791653822944142,3.962167091855473,0.3115207113179694,3.650646380537504
2023-05-04 00:00:00-04:00,10.8472955706,10.8472955706,26.671302200296076,26.671302200296076,-15.824006629696076,-15.824006629696076,19.397252398629135,3.573245768933059,3.6854779557395356,0.3394583480486406,3.346019607690895
2023-05-05 00:00:00-04:00,2.1177750712499988,2.1177750712499988,24.935494148641066,24.935494148641066,-22.817719077391065,-22.817719077391065,22.817719077391065,0.0,4.335366624704302,0.0,4.335366624704302
2023-05-06 00:00:00-04:00,5.262361059149998,5.262361059149998,30.194656304205488,30.194656304205488,-24.93229524505549,-24.93229524505549,25.006357164224756,0.07406191916926763,4.751207861202704,0.007035882321080425,4.7441719788816235
2023-05-07 00:00:00-04:00,1.5613334617499992,1.5613334617499992,32.0656958453723,32.0656958453723,-30.504362383622308,-30.504362383622308,30.504362383622308,0.0,5.7958288528882385,0.0,5.7958288528882385
2023-05-08 00:00:00-04:00,9.30776719545,9.30776719545,27.673279962152648,27.673279962152648,-18.365512766702647,-18.365512766702647,20.845432009094026,2.479919242391377,3.960632081727865,0.2355923280271808,3.725039753700684
2023-05-09 00:00:00-04:00,10.272571911449997,10.272571911449997,26.73653026357655,26.73653026357655,-16.463958352126554,-16.463958352126554,19.764373640089747,3.300415287963193,3.755230991617052,0.3135394523565033,3.4416915392605487
2023-05-10 00:00:00-04:00,10.236214301399999,10.236214301399999,28.82436804709681,28.82436804709681,-18.588153745696815,-18.588153745696815,21.59471238070764,3.006558635010828,4.102995352334452,0.2856230703260287,3.8173722820084235
2023-05-11 00:00:00-04:00,9.006358747499998,9.006358747499998,24.878799673745696,24.878799673745696,-15.872440926245696,-15.872440926245696,18.507422813833873,2.634981887588178,3.516410334628436,0.2503232793208769,3.266087055307559
2023-05-12 00:00:00-04:00,6.2695632447,6.2695632447,28.692335972752492,28.692335972752492,-22.422772728052493,-22.422772728052493,23.54421024676904,1.121437518716546,4.473399946886118,0.10653656427807187,4.366863382608046
2023-05-13 00:00:00-04:00,11.052336821399999,11.052336821399999,27.524137038884284,27.524137038884284,-16.471800217484287,-16.471800217484287,19.76958461983467,3.297784402350384,3.7562210777685876,0.3132895182232865,3.442931559545301
2023-05-14 00:00:00-04:00,8.7025424166,8.7025424166,31.677255933915063,31.677255933915063,-22.974713517315063,-22.974713517315063,24.574961191379785,1.6002476740647218,4.669242626362159,0.15202352903614857,4.51721909732601
2023-05-15 00:00:00-04:00,10.912607253,10.912607253,29.460942347901607,29.460942347901607,-18.548335094901606,-18.548335094901606,21.348753466952743,2.8004183720511375,4.056263158721022,0.2660397453448581,3.7902234133761636
2023-05-16 00:00:00-04:00,9.4329492624,9.4329492624,25.014000786757087,25.014000786757087,-15.581051524357088,-15.581051524357088,18.66334526552352,3.082293741166433,3.546035600449469,0.29281790541081115,3.253217695038658
2023-05-17 00:00:00-04:00,11.8518618609,11.8518618609,28.124514078462024,28.124514078462024,-16.272652217562023,-16.272652217562023,19.801311055699944,3.52865883813792,3.7622491005829897,0.3352225896231024,3.4270265109598874
2023-05-18 00:00:00-04:00,8.3829543057,8.3829543057,26.36181080623205,26.36181080623205,-17.97885650053205,-17.97885650053205,19.76485145951841,1.7859949589863584,3.755321777308498,0.16966952110370406,3.585652256204794
2023-05-19 00:00:00-04:00,4.812531402599999,4.812531402599999,30.141793071576497,30.141793071576497,-25.329261668976496,-25.329261668976496,25.99995281654165,0.6706911475651524,4.9399910351429135,0.06371565901868947,4.876275376124224
2023-05-20 00:00:00-04:00,6.711155864099999,6.711155864099999,29.07021635290957,29.07021635290957,-22.35906048880957,-22.35906048880957,24.779984684753696,2.4209241959441266,4.708197090103202,0.229987798614692,4.47820929148851
2023-05-21 00:00:00-04:00,10.155996845099999,10.155996845099999,28.98435828568992,28.98435828568992,-18.828361440589923,-18.828361440589923,21.50977101927425,2.6814095786843306,4.086856493662108,0.2547339099750114,3.8321225836870965
2023-05-22 00:00:00-04:00,10.4232933432,10.4232933432,28.37442058815373,28.37442058815373,-17.95112724495373,-17.95112724495373,20.89110714154972,2.9399798965959905,3.969310356894447,0.2792980901766191,3.6900122667178277
2023-05-23 00:00:00-04:00,9.239447676599998,9.239447676599998,24.556728180855256,24.556728180855256,-15.317280504255258,-15.317280504255258,17.597234170954266,2.279953666699009,3.3434744924813105,0.21659559833640585,3.1268788941449044
2023-05-24 00:00:00-04:00,11.785381448399999,11.785381448399999,25.62377284058995,25.62377284058995,-13.838391392189951,-13.838391392189951,17.655725018630232,3.8173336264402806,3.354587753539744,0.3626466945118267,2.9919410590279174
2023-05-25 00:00:00-04:00,11.675203263899999,11.675203263899999,29.17159083551942,29.17159083551942,-17.496387571619422,-17.496387571619422,20.860127672341743,3.36374010072232,3.9634242577449315,0.31955530956862044,3.643868948176311
2023-05-26 00:00:00-04:00,11.422335965399999,11.422335965399999,27.391850127831425,27.391850127831425,-15.969514162431425,-15.969514162431425,19.406695787864688,3.437181625433264,3.687272199694291,0.3265322544161601,3.360739945278131
2023-05-27 00:00:00-04:00,11.2935518676,11.2935518676,31.379915639388308,31.379915639388308,-20.08636377178831,-20.08636377178831,23.077805410345004,2.9914416385566946,4.38478302796555,0.284186955662886,4.100596072302665
2023-05-28 00:00:00-04:00,11.241185880599998,11.241185880599998,27.220531586691003,27.220531586691003,-15.979345706091005,-15.979345706091005,19.388199625917526,3.4088539198265204,3.68375792892433,0.3238411223835194,3.3599168065408103
2023-05-29 00:00:00-04:00,11.359512924299999,11.359512924299999,27.694374133419924,27.694374133419924,-16.334861209119925,-16.334861209119925,19.754943403013,3.4200821938930765,3.75343924657247,0.3249078084198423,3.428531438152628
2023-05-30 00:00:00-04:00,10.779736823999999,10.779736823999999,25.466946832477234,25.466946832477234,-14.687210008477237,-14.687210008477237,18.0530152181098,3.365805209632563,3.430072891440862,0.31975149491509347,3.1103213965257686
2023-05-31 00:00:00-04:00,7.500966962399999,7.500966962399999,27.88180868082938,27.88180868082938,-20.38084171842938,-20.38084171842938,21.228574469615182,0.8477327511858013,4.033429149226885,0.08053461136265112,3.9528945378642337
2023-06-01 00:00:00-04:00,10.644487605899998,10.644487605899998,25.53071807908116,25.53071807908116,-14.886230473181165,-14.886230473181165,18.13437451830238,3.248144045121215,3.4455311584774524,0.30857368428651544,3.136957474190937
2023-06-02 00:00:00-04:00,10.3771417518,10.3771417518,25.24213596823118,25.24213596823118,-14.864994216431183,-14.864994216431183,17.992326025672355,3.12733180924117,3.4185419448777474,0.29709652187791113,3.1214454229998365
2023-06-03 00:00:00-04:00,8.351399187,8.351399187,27.248966485689383,27.248966485689383,-18.897567298689385,-18.897567298689385,20.50026774115155,1.6027004424621651,3.8950508708187948,0.15225654203390568,3.742794328784889
2023-06-04 00:00:00-04:00,10.774800894599998,10.774800894599998,31.484515410493945,31.484515410493945,-20.709714515893946,-20.709714515893946,23.466659143340387,2.7569446274464404,4.458665237234674,0.2619097396074118,4.196755497627262
2023-06-05 00:00:00-04:00,9.7908046812,9.7908046812,26.29225997440963,26.29225997440963,-16.50145529320963,-16.50145529320963,19.260538024078368,2.7590827308687356,3.65950222457489,0.2621128594325299,3.3973893651423603
2023-06-06 00:00:00-04:00,10.5949738152,10.5949738152,28.723341041304916,28.723341041304916,-18.12836722610492,-18.12836722610492,21.145412099016493,3.0170448729115753,4.0176282988131335,0.28661926292659967,3.731009035886534
2023-06-07 00:00:00-04:00,10.905710788799999,10.905710788799999,26.816452121075702,26.816452121075702,-15.910741332275702,-15.910741332275702,19.03469578125267,3.1239544489769675,3.616592198438007,0.2967756726528119,3.3198165257851953
2023-06-08 00:00:00-04:00,5.908866740099999,5.908866740099999,28.60408526426125,28.60408526426125,-22.695218524161252,-22.695218524161252,22.81641062897879,0.12119210481753873,4.33511801950597,0.011513249957666179,4.323604769548304
2023-06-09 00:00:00-04:00,10.9198911024,10.9198911024,27.77820527512619,27.77820527512619,-16.85831417272619,-16.85831417272619,19.93048754348702,3.0721733707608303,3.7867926332625337,0.2918564702222789,3.4949361630402547
2023-06-10 00:00:00-04:00,2.683401755399999,2.683401755399999,29.054141751514297,29.054141751514297,-26.3707399961143,-26.3707399961143,26.3707399961143,0.0,5.010440599261717,0.0,5.010440599261717
2023-06-11 00:00:00-04:00,2.753781451199999,2.753781451199999,31.45581684562213,31.45581684562213,-28.702035394422133,-28.702035394422133,28.702035394422133,0.0,5.453386724940206,0.0,5.453386724940206
2023-06-12 00:00:00-04:00,3.333725359199999,3.333725359199999,29.91157132952826,29.91157132952826,-26.577845970328262,-26.577845970328262,26.577845970328262,0.0,5.04979073436237,0.0,5.04979073436237
2023-06-13 00:00:00-04:00,5.005341229499999,5.005341229499999,28.18209454426979,28.18209454426979,-23.17675331476979,-23.17675331476979,24.12350121004539,0.9467478952755963,4.583465229908624,0.08994105005118165,4.493524179857443
2023-06-14 00:00:00-04:00,8.626739792399999,8.626739792399999,26.336320959480474,26.336320959480474,-17.709581167080476,-17.709581167080476,19.57888519595184,1.8693040288713645,3.71998818723085,0.17758388274277964,3.54240430448807
2023-06-15 00:00:00-04:00,2.530763003699999,2.530763003699999,28.01071696058396,28.01071696058396,-25.47995395688396,-25.47995395688396,25.47995395688396,0.0,4.8411912518079525,0.0,4.8411912518079525
2023-06-16 00:00:00-04:00,10.3924554336,10.3924554336,29.158424251778776,29.158424251778776,-18.765968818178777,-18.765968818178777,21.605901817510425,2.8399329993316473,4.105121345326981,0.2697936349365065,3.8353277103904744
2023-06-17 00:00:00-04:00,10.979531729099998,10.979531729099998,26.66342789666738,26.66342789666738,-15.683896167567381,-15.683896167567381,18.963340474238528,3.279444306671145,3.6030346901053205,0.3115472091337588,3.2914874809715617
2023-06-18 00:00:00-04:00,10.780677188099999,10.780677188099999,32.25695830284282,32.25695830284282,-21.476281114742818,-21.476281114742818,23.971852725743275,2.4955716110004555,4.554652017891223,0.23707930304504327,4.31757271484618
2023-06-19 00:00:00-04:00,9.801089837099997,9.801089837099997,26.719822201890107,26.719822201890107,-16.91873236479011,-16.91873236479011,19.392693603358516,2.4739612385684078,3.6846117846381183,0.23502631766399873,3.4495854669741197
2023-06-20 00:00:00-04:00,10.739535862499999,10.739535862499999,26.72653743585674,26.72653743585674,-15.987001573356745,-15.987001573356745,19.05540076302442,3.0683991896676757,3.6205261449746398,0.2914979230184292,3.3290282219562104
2023-06-21 00:00:00-04:00,10.703496983399999,10.703496983399999,27.469689653349366,27.469689653349366,-16.76619266994937,-16.76619266994937,19.832969648965914,3.066776979016547,3.768264233303524,0.29134381300657197,3.4769204202969517
2023-06-22 00:00:00-04:00,9.343631661299998,9.343631661299998,28.208997788225687,28.208997788225687,-18.86536612692569,-18.86536612692569,21.09812692660454,2.2327607996788483,4.008644116054863,0.2121122759694906,3.7965318400853723
2023-06-23 00:00:00-04:00,9.114190029899998,9.114190029899998,25.97949279400925,25.97949279400925,-16.865302764109252,-16.865302764109252,19.061171520994538,2.195868756885284,3.6216225889889624,0.208607531904102,3.4130150570848605
2023-06-24 00:00:00-04:00,10.220634383399998,10.220634383399998,32.149751297363665,32.149751297363665,-21.929116913963668,-21.929116913963668,24.167380296863143,2.238263382899476,4.591802256403997,0.21263502137545023,4.379167235028547
2023-06-25 00:00:00-04:00,4.1543098398,4.1543098398,26.65766654918741,26.65766654918741,-22.503356709387415,-22.503356709387415,22.781498845842307,0.2781421364548937,4.328484780710038,0.026423502963214905,4.302061277746824
2023-06-26 00:00:00-04:00,7.560831249,7.560831249,24.959961432849482,24.959961432849482,-17.399130183849483,-17.399130183849483,19.74613111765054,2.3470009338010542,3.751764912353602,0.22296508871110016,3.528799823642502
2023-06-27 00:00:00-04:00,6.508843986599999,6.508843986599999,25.940599983763967,25.940599983763967,-19.431755997163968,-19.431755997163968,20.55818913793279,1.12643314076882,3.90605593620723,0.10701114837303789,3.799044787834192
2023-06-28 00:00:00-04:00,10.5136328619,10.5136328619,24.778963134583293,24.778963134583293,-14.265330272683293,-14.265330272683293,17.435268721633744,3.169938448950451,3.312701057110411,0.3011441526502929,3.0115569044601185
2023-06-29 00:00:00-04:00,5.712143932799999,5.712143932799999,28.192245873374713,28.192245873374713,-22.480101940574713,-22.480101940574713,22.862586612229236,0.38248467165452416,4.343891456323555,0.036336043807179794,4.3075554125163755
2023-06-30 00:00:00-04:00,7.126388434799999,7.126388434799999,26.348702354042484,26.348702354042484,-19.222313919242485,-19.222313919242485,20.60886058727485,1.3865466680323646,3.915683511582222,0.13172193346307465,3.7839615781191474
2023-07-01 00:00:00-04:00,7.716970237499999,7.716970237499999,30.88877814859708,30.88877814859708,-23.17180791109708,-23.17180791109708,23.750964439187218,0.5791565280901376,4.512683243445571,0.05501987016856307,4.457663373277009
2023-07-02 00:00:00-04:00,10.377194247899999,10.377194247899999,29.028908853576525,29.028908853576525,-18.651714605676528,-18.651714605676528,21.368248844051223,2.7165342383746967,4.059967280369732,0.2580707526455962,3.801896527724136
2023-07-03 00:00:00-04:00,10.383554408399998,10.383554408399998,29.4690195416685,29.4690195416685,-19.085465133268503,-19.085465133268503,21.76933478030039,2.6838696470318886,4.136173608257074,0.2549676164680294,3.881205991789045
2023-07-04 00:00:00-04:00,10.132105292999999,10.132105292999999,28.44511389695139,28.44511389695139,-18.313008603951392,-18.313008603951392,20.776910034162448,2.4639014302110587,3.9476129064908654,0.2340706358700506,3.713542270620815
2023-07-05 00:00:00-04:00,4.961264974199999,4.961264974199999,29.654379809466075,29.654379809466075,-24.693114835266076,-24.693114835266076,25.07846957580511,0.3853547405390324,4.764909219402971,0.03660870035120808,4.728300519051762
2023-07-06 00:00:00-04:00,9.0482427,9.0482427,28.021888178594192,28.021888178594192,-18.973645478594193,-18.973645478594193,21.763650476715757,2.790004998121563,4.135093590575994,0.2650504748215485,3.8700431157544455
2023-07-07 00:00:00-04:00,10.869537819599998,10.869537819599998,28.600098105135356,28.600098105135356,-17.730560285535358,-17.730560285535358,20.767319515842683,3.036759230307325,3.94579070801011,0.2884921268791959,3.657298581130914
2023-07-08 00:00:00-04:00,3.624696310499999,3.624696310499999,32.46467877938633,32.46467877938633,-28.83998246888633,-28.83998246888633,28.83998246888633,0.0,5.479596669088402,0.0,5.479596669088402
2023-07-09 00:00:00-04:00,10.249453332899998,10.249453332899998,30.40953892510066,30.40953892510066,-20.160085592200662,-20.160085592200662,22.63306828574842,2.4729826935477592,4.3002829742922,0.23493335588703712,4.065349618405163
2023-07-10 00:00:00-04:00,8.931107271599998,8.931107271599998,25.63522879061471,25.63522879061471,-16.704121519014713,-16.704121519014713,18.937680776827545,2.233559257812833,3.5981593475972335,0.21218812949221913,3.3859712181050146
2023-07-11 00:00:00-04:00,10.2453609213,10.2453609213,27.027984968613282,27.027984968613282,-16.78262404731328,-16.78262404731328,19.84338431454825,3.060760267234968,3.7702430197641674,0.29077222538732195,3.4794707943768453
2023-07-12 00:00:00-04:00,5.948475656399999,5.948475656399999,26.944098575487697,26.944098575487697,-20.995622919087698,-20.995622919087698,21.363084449131403,0.3674615300437054,4.058986045334967,0.034908845354152014,4.024077199980815
2023-07-13 00:00:00-04:00,10.375851246299998,10.375851246299998,29.82176857148499,29.82176857148499,-19.445917325184993,-19.445917325184993,22.163217273016926,2.7172999478319326,4.211011281873216,0.2581434950440336,3.9528677868291826
2023-07-14 00:00:00-04:00,5.740636616999999,5.740636616999999,28.193133194483117,28.193133194483117,-22.452496577483117,-22.452496577483117,23.580811538789007,1.1283149613058905,4.480354192369911,0.10718992132405959,4.373164271045852
2023-07-15 00:00:00-04:00,5.0335681229999985,5.0335681229999985,32.81335065248212,32.81335065248212,-27.779782529482123,-27.779782529482123,28.260783318322517,0.48100078884039577,5.369548830481278,0.0456950749398376,5.323853755541441
2023-07-16 00:00:00-04:00,6.491359963799999,6.491359963799999,30.611273387340688,30.611273387340688,-24.119913423540687,-24.119913423540687,24.915381026171147,0.7954676026304583,4.733922394972518,0.07556942224989355,4.658352972722625
2023-07-17 00:00:00-04:00,8.2936005948,8.2936005948,25.864641200488023,25.864641200488023,-17.571040605688022,-17.571040605688022,19.010493649986145,1.4394530442981246,3.611993793497368,0.13674803920832185,3.475245754289046
2023-07-18 00:00:00-04:00,5.9784296777999995,5.9784296777999995,29.828567957396842,29.828567957396842,-23.850138279596845,-23.850138279596845,24.449578948874183,0.5994406692773395,4.645420000286095,0.056946863581347255,4.588473136704748
2023-07-19 00:00:00-04:00,7.890670911599999,7.890670911599999,28.828555585306148,28.828555585306148,-20.93788467370615,-20.93788467370615,22.663887518316812,1.7260028446106603,4.306138628480195,0.16397027023801272,4.142168358242182
2023-07-20 00:00:00-04:00,3.7396070063999995,3.7396070063999995,28.21463897858017,28.21463897858017,-24.475031972180172,-24.475031972180172,24.680938127301644,0.20590615512147303,4.689378244187313,0.01956108473653994,4.669817159450773
2023-07-21 00:00:00-04:00,10.220951422799999,10.220951422799999,29.0334166188173,29.0334166188173,-18.8124651960173,-18.8124651960173,21.731648273902803,2.9191830778855006,4.129013172041533,0.27732239239912254,3.8516907796424102
2023-07-22 00:00:00-04:00,10.197366984899999,10.197366984899999,30.33076755818169,30.33076755818169,-20.133400573281694,-20.133400573281694,22.802114014804015,2.6687134415223213,4.332401662812763,0.25352777694462053,4.078873885868142
2023-07-23 00:00:00-04:00,4.256905881599999,4.256905881599999,28.598692184629773,28.598692184629773,-24.341786303029775,-24.341786303029775,24.341786303029775,0.0,4.624939397575657,0.0,4.624939397575657
2023-07-24 00:00:00-04:00,8.124797844899998,8.124797844899998,26.970971863403648,26.970971863403648,-18.84617401850365,-18.84617401850365,20.855186945206135,2.0090129267024857,3.962485519589166,0.19085622803673613,3.7716292915524297
2023-07-25 00:00:00-04:00,9.213661526399997,9.213661526399997,25.284976993789545,25.284976993789545,-16.071315467389546,-16.071315467389546,18.770546965425318,2.6992314980357714,3.5664039234308103,0.25642699231339827,3.309976931117412
2023-07-26 00:00:00-04:00,2.868580696499999,2.868580696499999,26.87321396757427,26.87321396757427,-24.00463327107427,-24.00463327107427,24.00463327107427,0.0,4.560880321504111,0.0,4.560880321504111
2023-07-27 00:00:00-04:00,8.7328816335,8.7328816335,27.585191575516713,27.585191575516713,-18.852309942016714,-18.852309942016714,20.976842968329475,2.1245330263127613,3.9856001639826,0.20183063749971233,3.783769526482888
2023-07-28 00:00:00-04:00,9.7357259151,9.7357259151,26.92980259739903,26.92980259739903,-17.19407668229903,-17.19407668229903,20.100264879035244,2.906188196736214,3.8190503270166962,0.27608787868994034,3.542962448326756
2023-07-29 00:00:00-04:00,9.897100071299999,9.897100071299999,31.98165601493757,31.98165601493757,-22.08455594363757,-22.08455594363757,24.46299415449238,2.378438210854811,4.647968889353552,0.22595163003120705,4.422017259322345
2023-07-30 00:00:00-04:00,8.8417366047,8.8417366047,27.312748323883024,27.312748323883024,-18.471011719183025,-18.471011719183025,20.567262151966712,2.0962504327836884,3.9077798088736753,0.1991437911144504,3.708636017759225
2023-07-31 00:00:00-04:00,8.735291089199999,8.735291089199999,28.003247835072667,28.003247835072667,-19.26795674587267,-19.26795674587267,21.376401346245963,2.108444600373293,4.061516255786733,0.20030223703546282,3.8612140187512702
2023-08-01 00:00:00-04:00,6.400420113599999,6.400420113599999,29.308243890505093,29.308243890505093,-22.907823776905094,-22.907823776905094,23.862374335530966,0.9545505586258707,4.533851123750884,0.09068230306945771,4.443168820681426
2023-08-02 00:00:00-04:00,6.3621235903499995,6.3621235903499995,29.902582036941162,29.902582036941162,-23.54045844659116,-23.54045844659116,24.43214853393218,0.8916900873410177,4.642108221447114,0.08471055829739668,4.557397663149717
2023-08-03 00:00:00-04:00,7.909313247899998,7.909313247899998,25.900345076019796,25.900345076019796,-17.991031828119795,-17.991031828119795,19.905306833476693,1.9142750053568989,3.7820082983605716,0.1818561255089054,3.6001521728516663
2023-08-04 00:00:00-04:00,9.789101347049998,9.789101347049998,26.769676367752826,26.769676367752826,-16.980575020702826,-16.980575020702826,19.799430480373175,2.818855459670346,3.7618917912709033,0.26779126866868286,3.4941005226022206
2023-08-05 00:00:00-04:00,10.170478335599999,10.170478335599999,29.1427504186959,29.1427504186959,-18.972272083095902,-18.972272083095902,22.0077148181234,3.035442735027497,4.181465815443446,0.2883670598276122,3.893098755615834
2023-08-06 00:00:00-04:00,3.8786099480999994,3.8786099480999994,29.078958104168564,29.078958104168564,-25.200348156068564,-25.200348156068564,25.25739946837911,0.05705131231054594,4.798905898992031,0.005419874669501864,4.793486024322529
2023-08-07 00:00:00-04:00,9.73159214085,9.73159214085,25.38314462531815,25.38314462531815,-15.651552484468148,-15.651552484468148,18.5346597925453,2.8831073080771503,3.5215853605836065,0.2738951942673293,3.247690166316277
2023-08-08 00:00:00-04:00,8.48416106385,8.48416106385,25.586186701710353,25.586186701710353,-17.102025637860358,-17.102025637860358,18.940087124570827,1.8380614867104685,3.598616553668457,0.17461584123749452,3.4240007124309626
2023-08-09 00:00:00-04:00,6.550196919299999,6.550196919299999,28.63264877868421,28.63264877868421,-22.08245185938421,-22.08245185938421,22.875329233508456,0.7928773741242442,4.346312554366607,0.0753233505418032,4.270989203824803
2023-08-10 00:00:00-04:00,7.120373386949999,7.120373386949999,25.161873429864997,25.161873429864997,-18.041500042914997,-18.041500042914997,19.427209418406637,1.3857093754916403,3.691169789497261,0.13164239067170583,3.559527398825555
2023-08-11 00:00:00-04:00,4.428832297949999,4.428832297949999,26.34038971301997,26.34038971301997,-21.91155741506997,-21.91155741506997,22.052474338860456,0.14091692379048654,4.189970124383486,0.01338710776009622,4.17658301662339
2023-08-12 00:00:00-04:00,5.815280518649999,5.815280518649999,28.842857002539958,28.842857002539958,-23.02757648388996,-23.02757648388996,23.49605899486404,0.46848251097408017,4.464251209024168,0.04450583854253762,4.41974537048163
2023-08-13 00:00:00-04:00,4.989589880399999,4.989589880399999,30.96940029762842,30.96940029762842,-25.97981041722842,-25.97981041722842,26.79052353502251,0.8107131177940851,5.090199471654277,0.07701774619043808,5.013181725463839
2023-08-14 00:00:00-04:00,7.7729703691499985,7.7729703691499985,29.626725842887193,29.626725842887193,-21.853755473737195,-21.853755473737195,23.686604671733537,1.832849197996342,4.500454887629372,0.1741206738096525,4.326334213819719
2023-08-15 00:00:00-04:00,9.62403495975,9.62403495975,25.429159527416857,25.429159527416857,-15.805124567666857,-15.805124567666857,18.816609775987057,3.011485208320203,3.575155857437541,0.2860910947904193,3.2890647626471217
2023-08-16 00:00:00-04:00,6.949529802899999,6.949529802899999,28.803818604234557,28.803818604234557,-21.854288801334558,-21.854288801334558,23.631018054329388,1.77672925299483,4.489893430322584,0.16878927903450885,4.3211041512880755
2023-08-17 00:00:00-04:00,2.154827836799999,2.154827836799999,25.21528525289155,25.21528525289155,-23.060457416091552,-23.060457416091552,23.06396893050478,0.0035115144132296106,4.382154096795909,0.000333593869256813,4.381820502926652
2023-08-18 00:00:00-04:00,10.279187761949999,10.279187761949999,26.436657162206895,26.436657162206895,-16.157469400256897,-16.157469400256897,19.37520684168282,3.2177374414259234,3.681289299919736,0.3056850569354627,3.3756042429842736
2023-08-19 00:00:00-04:00,9.100100672549999,9.100100672549999,29.475826451681225,29.475826451681225,-20.375725779131226,-20.375725779131226,22.497759934372432,2.122034155241205,4.2745743875307625,0.20159324474791449,4.072981142782848
2023-08-20 00:00:00-04:00,8.4523984137,8.4523984137,29.4823771387254,29.4823771387254,-21.0299787250254,-21.0299787250254,22.615611108482778,1.5856323834573793,4.296966110611728,0.15063507642845103,4.146331034183277
2023-08-21 00:00:00-04:00,4.145349800699999,4.145349800699999,26.344614583838215,26.344614583838215,-22.199264783138215,-22.199264783138215,22.563549091858746,0.36428430872053136,4.287074327453162,0.034607009328450476,4.252467318124712
2023-08-22 00:00:00-04:00,5.200555773599999,5.200555773599999,27.05512411548318,27.05512411548318,-21.85456834188318,-21.85456834188318,22.635185866119297,0.7806175242361154,4.300685314562666,0.07415866480243097,4.226526649760236
2023-08-23 00:00:00-04:00,1.1854824524999987,1.1854824524999987,26.47391363652344,26.47391363652344,-25.28843118402344,-25.28843118402344,25.28843118402344,0.0,4.804801924964454,0.0,4.804801924964454
2023-08-24 00:00:00-04:00,1.867421908799999,1.867421908799999,28.32664279473515,28.32664279473515,-26.459220885935153,-26.459220885935153,26.459220885935153,0.0,5.027251968327679,0.0,5.027251968327679
2023-08-25 00:00:00-04:00,7.003000393649999,7.003000393649999,29.58343764642709,29.58343764642709,-22.580437252777088,-22.580437252777088,24.521992096295488,1.9415548435183991,4.659178498296143,0.18444771013424793,4.474730788161895
2023-08-26 00:00:00-04:00,8.5350084075,8.5350084075,30.70683704189407,30.70683704189407,-22.17182863439407,-22.17182863439407,24.68505958843851,2.513230954044438,4.690161321803317,0.23875694063422162,4.4514043811690955
2023-08-27 00:00:00-04:00,10.356388336799998,10.356388336799998,27.68940562157015,27.68940562157015,-17.33301728477015,-17.33301728477015,20.557135729071444,3.2241184443012942,3.9058557885235743,0.30629125220862297,3.5995645363149515
2023-08-28 00:00:00-04:00,9.670044568949999,9.670044568949999,27.93956321782407,27.93956321782407,-18.269518648874072,-18.269518648874072,20.917722018827828,2.648203369953757,3.974367183577287,0.2515793201456069,3.72278786343168
2023-08-29 00:00:00-04:00,3.155748334649999,3.155748334649999,28.921524824252273,28.921524824252273,-25.765776489602274,-25.765776489602274,25.920462145619634,0.1546856560173624,4.924887807667731,0.014695137321649428,4.910192670346081
2023-08-30 00:00:00-04:00,10.616529473099998,10.616529473099998,27.53393871845682,27.53393871845682,-16.917409245356822,-16.917409245356822,20.01844899157679,3.1010397462199677,3.8035053083995902,0.29459877589089695,3.508906532508693
2023-08-31 00:00:00-04:00,10.09407156615,10.09407156615,29.37669434254881,29.37669434254881,-19.28262277639881,-19.28262277639881,22.056868429695456,2.7742456532966444,4.190805001642136,0.26355333706318124,3.927251664578955
2023-09-01 00:00:00-04:00,9.842428810799998,9.842428810799998,27.507127919842425,27.507127919842425,-17.664699109042424,-17.664699109042424,20.263046961176773,2.5983478521343466,3.849978922623587,0.24684304595276294,3.603135876670824
2023-09-02 00:00:00-04:00,6.734753646749999,6.734753646749999,32.11620605135638,32.11620605135638,-25.38145240460638,-25.38145240460638,27.291531239489036,1.9100788348826523,5.185390935502917,0.18145748931385197,5.003933446189065
2023-09-03 00:00:00-04:00,4.435673833349999,4.435673833349999,27.78287453386346,27.78287453386346,-23.34720070051346,-23.34720070051346,23.43140362386554,0.08420292335207952,4.451966688534452,0.007999277718447554,4.443967410816005
2023-09-04 00:00:00-04:00,9.2974185693,9.2974185693,30.223643323517656,30.223643323517656,-20.926224754217657,-20.926224754217657,23.249781153265246,2.3235563990475896,4.417458419120397,0.22073785790952102,4.196720561210876
2023-09-05 00:00:00-04:00,7.481862912599999,7.481862912599999,28.0897310458663,28.0897310458663,-20.6078681332663,-20.6078681332663,21.833809427329573,1.225941294063271,4.148423791192619,0.11646442293601075,4.031959368256609
2023-09-06 00:00:00-04:00,2.035701587699999,2.035701587699999,28.98492267367813,28.98492267367813,-26.94922108597813,-26.94922108597813,26.94922108597813,0.0,5.120352006335845,0.0,5.120352006335845
2023-09-07 00:00:00-04:00,2.9263889141999995,2.9263889141999995,27.159601648996514,27.159601648996514,-24.233212734796513,-24.233212734796513,24.247724980983406,0.014512246186892064,4.607067746386847,0.001378663387754746,4.605689082999093
2023-09-08 00:00:00-04:00,6.127302329099998,6.127302329099998,28.807864817086873,28.807864817086873,-22.680562487986876,-22.680562487986876,24.97248351774489,2.291921029758017,4.744771868371529,0.2177324978270116,4.527039370544518
2023-09-09 00:00:00-04:00,8.417122715924998,8.417122715924998,30.374613052053288,30.374613052053288,-21.95749033612829,-21.95749033612829,23.52529751283738,1.5678071767090893,4.469806527439102,0.1489416817873635,4.320864845651739
2023-09-10 00:00:00-04:00,3.026580435224999,3.026580435224999,28.459323714386795,28.459323714386795,-25.432743279161794,-25.432743279161794,25.432743279161794,0.0,4.832221223040741,0.0,4.832221223040741
2023-09-11 00:00:00-04:00,1.3924570787999992,1.3924570787999992,25.84575887940253,25.84575887940253,-24.45330180060253,-24.45330180060253,24.45330180060253,0.0,4.646127342114481,0.0,4.646127342114481
2023-09-12 00:00:00-04:00,2.229433237799999,2.229433237799999,29.730519112553203,29.730519112553203,-27.5010858747532,-27.5010858747532,27.5010858747532,0.0,5.225206316203108,0.0,5.225206316203108
2023-09-13 00:00:00-04:00,7.050077324999999,7.050077324999999,26.022566554777896,26.022566554777896,-18.972489229777896,-18.972489229777896,20.41328439242233,1.4407951626444344,3.8785240345602428,0.13687554045122127,3.7416484941090213
2023-09-14 00:00:00-04:00,9.134424204524999,9.134424204524999,25.10184328022732,25.10184328022732,-15.967419075702322,-15.967419075702322,18.877456134679672,2.910037058977349,3.5867166655891376,0.27645352060284817,3.3102631449862896
2023-09-15 00:00:00-04:00,9.273523854825,9.273523854825,29.69694510868153,29.69694510868153,-20.42342125385653,-20.42342125385653,22.877288011161895,2.4538667573053625,4.34668472212076,0.23311734194400943,4.113567380176751
2023-09-16 00:00:00-04:00,4.372930316024999,4.372930316024999,27.80163220919218,27.80163220919218,-23.428701893167183,-23.428701893167183,23.524754402112052,0.09605250894486972,4.46970333640129,0.009124988349762624,4.460578348051527
2023-09-17 00:00:00-04:00,8.8417086948,8.8417086948,32.68241080182546,32.68241080182546,-23.840702107025464,-23.840702107025464,25.94126619745308,2.1005640904276155,4.928840577516085,0.19955358859062347,4.729286988925462
2023-09-18 00:00:00-04:00,7.362856432124999,7.362856432124999,25.700681228666024,25.700681228666024,-18.337824796541028,-18.337824796541028,21.160697113722755,2.822872317181729,4.020532451607323,0.26817287013226426,3.752359581475059
2023-09-19 00:00:00-04:00,9.858413247524998,9.858413247524998,27.14589936246835,27.14589936246835,-17.287486114943352,-17.287486114943352,20.091832723404515,2.8043466084611643,3.817448217446858,0.2664129278038106,3.5510352896430475
2023-09-20 00:00:00-04:00,5.751597407399999,5.751597407399999,28.038346713535283,28.038346713535283,-22.286749306135285,-22.286749306135285,23.105945722069944,0.8191964159346597,4.390129687193289,0.07782365951379268,4.3123060276794964
2023-09-21 00:00:00-04:00,9.016677074925,9.016677074925,28.613759962619717,28.613759962619717,-19.597082887694718,-19.597082887694718,21.62382563967633,2.026742751981613,4.108526871538503,0.19254056143825324,3.9159863101002497
2023-09-22 00:00:00-04:00,6.963393597524998,6.963393597524998,26.13319181158851,26.13319181158851,-19.169798214063512,-19.169798214063512,20.391703078390815,1.2219048643273034,3.874423584894255,0.11608096211109382,3.7583426227831613
2023-09-23 00:00:00-04:00,9.4321327284,9.4321327284,30.81026938047367,30.81026938047367,-21.37813665207367,-21.37813665207367,23.435710175526967,2.057573523453297,4.452784933350124,0.1954694847280632,4.257315448622061
2023-09-24 00:00:00-04:00,9.4308337233,9.4308337233,28.935236051992785,28.935236051992785,-19.504402328692784,-19.504402328692784,21.811113482904748,2.306711154211963,4.144111561751902,0.2191375596501365,3.924974002101766
2023-09-25 00:00:00-04:00,7.9796111417999995,7.9796111417999995,25.784841663989233,25.784841663989233,-17.805230522189234,-17.805230522189234,19.782234616901626,1.977004094712394,3.7586245772113087,0.1878153889976774,3.5708091882136315
2023-09-26 00:00:00-04:00,5.829285446324999,5.829285446324999,28.602558336612194,28.602558336612194,-22.773272890287195,-22.773272890287195,24.568390698824814,1.795117808537616,4.6679942327767145,0.17053619181107352,4.497458040965641
2023-09-27 00:00:00-04:00,2.498624946224999,2.498624946224999,25.921981600985966,25.921981600985966,-23.423356654760966,-23.423356654760966,23.423356654760966,0.0,4.450437764404583,0.0,4.450437764404583
2023-09-28 00:00:00-04:00,8.139979965824999,8.139979965824999,26.7835565858629,26.7835565858629,-18.6435766200379,-18.6435766200379,21.0121515970464,2.368574977008499,3.9923088034388163,0.22501462281580742,3.7672941806230087
2023-09-29 00:00:00-04:00,1.9651141727999997,1.9651141727999997,26.08412134870468,26.08412134870468,-24.119007175904684,-24.119007175904684,24.119007175904684,0.0,4.58261136342189,0.0,4.58261136342189
2023-09-30 00:00:00-04:00,8.071929813149998,8.071929813149998,31.724078182624552,31.724078182624552,-23.652148369474553,-23.652148369474553,24.918643423545884,1.266495054071331,4.7345422504737185,0.12031703013677644,4.614225220336942
2023-10-01 00:00:00-04:00,1.2862834262999994,1.2862834262999994,32.50933821439107,32.50933821439107,-31.223054788091076,-31.223054788091076,31.223054788091076,0.0,5.932380409737305,0.0,5.932380409737305
2023-10-02 00:00:00-04:00,8.717936939099998,8.717936939099998,24.236748914762057,24.236748914762057,-15.518811975662057,-15.518811975662057,17.860031643656246,2.341219667994189,3.3934060122946867,0.22241586845944797,3.1709901438352386
2023-10-03 00:00:00-04:00,8.7219194958,8.7219194958,24.906253762777006,24.906253762777006,-16.184334266977004,-16.184334266977004,18.5286150342149,2.344280767237895,3.5204368565008313,0.22270667288760002,3.2977301836132313
2023-10-04 00:00:00-04:00,2.9300517902249994,2.9300517902249994,27.85947941007225,27.85947941007225,-24.929427619847253,-24.929427619847253,24.929427619847253,0.0,4.736591247770978,0.0,4.736591247770978
2023-10-05 00:00:00-04:00,1.3696056632249995,1.3696056632249995,29.068274248233767,29.068274248233767,-27.698668585008768,-27.698668585008768,27.698668585008768,0.0,5.262747031151666,0.0,5.262747031151666
2023-10-06 00:00:00-04:00,5.883271989524999,5.883271989524999,29.997106897448045,29.997106897448045,-24.113834907923046,-24.113834907923046,24.62735380429155,0.5135188963685043,4.679197222815394,0.048784295155007915,4.6304129276603865
2023-10-07 00:00:00-04:00,3.348592112024999,3.348592112024999,28.760925965058416,28.760925965058416,-25.412333853033417,-25.412333853033417,25.412333853033417,0.0,4.828343432076349,0.0,4.828343432076349
2023-10-08 00:00:00-04:00,3.5620806752999994,3.5620806752999994,32.12424131786442,32.12424131786442,-28.562160642564415,-28.562160642564415,28.562160642564415,0.0,5.426810522087239,0.0,5.426810522087239
2023-10-09 00:00:00-04:00,1.6360030937249994,1.6360030937249994,26.829700409191922,26.829700409191922,-25.193697315466924,-25.193697315466924,25.193697315466924,0.0,4.786802489938716,0.0,4.786802489938716
2023-10-10 00:00:00-04:00,5.5074062132999995,5.5074062132999995,27.619826417559626,27.619826417559626,-22.112420204259628,-22.112420204259628,22.596052959995934,0.48363275573630554,4.293250062399228,0.04594511179494903,4.247304950604279
2023-10-11 00:00:00-04:00,4.081496050799999,4.081496050799999,25.550545741863004,25.550545741863004,-21.469049691063006,-21.469049691063006,21.469049691063006,0.0,4.079119441301971,0.0,4.079119441301971
2023-10-12 00:00:00-04:00,8.963915066099998,8.963915066099998,27.190658776664694,27.190658776664694,-18.226743710564694,-18.226743710564694,20.383062885186988,2.1563191746222925,3.8727819481855277,0.20485032158911778,3.6679316265964097
2023-10-13 00:00:00-04:00,2.5844961194999994,2.5844961194999994,29.892325669149788,29.892325669149788,-27.30782954964979,-27.30782954964979,27.30782954964979,0.0,5.18848761443346,0.0,5.18848761443346
2023-10-14 00:00:00-04:00,3.4463829536999997,3.4463829536999997,27.615855245171556,27.615855245171556,-24.169472291471557,-24.169472291471557,24.502211358743082,0.3327390672715262,4.655420158161186,0.031610211390794986,4.623809946770391
2023-10-15 00:00:00-04:00,2.2195298774249994,2.2195298774249994,29.89280121416384,29.89280121416384,-27.673271336738843,-27.673271336738843,27.673271336738843,0.0,5.25792155398038,0.0,5.25792155398038
2023-10-16 00:00:00-04:00,5.317382783699999,5.317382783699999,24.709393059586997,24.709393059586997,-19.392010275887,-19.392010275887,21.55645863914028,2.164448363253283,4.095727141436654,0.2056225945090619,3.8901045469275917
2023-10-17 00:00:00-04:00,2.450221160624999,2.450221160624999,26.942607087310186,26.942607087310186,-24.492385926685188,-24.492385926685188,24.514877677709325,0.022491751024138196,4.657826758764772,0.0021367163472931286,4.655690042417479
2023-10-18 00:00:00-04:00,4.1527392626249995,4.1527392626249995,29.407316962686306,29.407316962686306,-25.254577700061304,-25.254577700061304,25.254577700061304,0.0,4.798369763011648,0.0,4.798369763011648
2023-10-19 00:00:00-04:00,1.0941163856999991,1.0941163856999991,29.376285482650115,29.376285482650115,-28.282169096950117,-28.282169096950117,28.282169096950117,0.0,5.373612128420523,0.0,5.373612128420523
2023-10-20 00:00:00-04:00,0.5781009635999994,0.5781009635999994,30.201016066706103,30.201016066706103,-29.622915103106102,-29.622915103106102,29.622915103106102,0.0,5.62835386959016,0.0,5.62835386959016
2023-10-21 00:00:00-04:00,1.0138253570999993,1.0138253570999993,31.140595085891583,31.140595085891583,-30.126769728791587,-30.126769728791587,30.126769728791587,0.0,5.724086248470401,0.0,5.724086248470401
2023-10-22 00:00:00-04:00,9.043831591199998,9.043831591199998,29.165153296173088,29.165153296173088,-20.121321704973088,-20.121321704973088,22.129777247958256,2.008455542985165,4.204657677112069,0.19080327658359067,4.013854400528478
2023-10-23 00:00:00-04:00,2.3605890668999994,2.3605890668999994,29.143008091281896,29.143008091281896,-26.7824190243819,-26.7824190243819,26.7824190243819,0.0,5.088659614632561,0.0,5.088659614632561
2023-10-24 00:00:00-04:00,1.9591516115999994,1.9591516115999994,24.996422624096272,24.996422624096272,-23.037271012496273,-23.037271012496273,23.254448848096605,0.21717783560033144,4.418345281138355,0.020631894382031488,4.397713386756323
2023-10-25 00:00:00-04:00,0.8137038383999993,0.8137038383999993,27.42477960290202,27.42477960290202,-26.611075764502022,-26.611075764502022,26.611075764502022,0.0,5.056104395255384,0.0,5.056104395255384
2023-10-26 00:00:00-04:00,0.5543256950999991,0.5543256950999991,26.687116486799816,26.687116486799816,-26.13279079169982,-26.13279079169982,26.13279079169982,0.0,4.965230250422966,0.0,4.965230250422966
2023-10-27 00:00:00-04:00,2.5973842778999994,2.5973842778999994,27.214477686413854,27.214477686413854,-24.617093408513856,-24.617093408513856,25.031215881504508,0.41412247299065175,4.755931017485857,0.03934163493411191,4.716589382551745
2023-10-28 00:00:00-04:00,5.539098991499999,5.539098991499999,31.241506413936285,31.241506413936285,-25.702407422436284,-25.702407422436284,25.702407422436284,0.0,4.883457410262894,0.0,4.883457410262894
2023-10-29 00:00:00-04:00,0.9972802268999995,0.9972802268999995,30.83070743141557,30.83070743141557,-29.833427204515566,-29.833427204515566,29.833427204515566,0.0,5.668351168857957,0.0,5.668351168857957
2023-10-30 00:00:00-04:00,4.308605532899999,4.308605532899999,25.225120182385666,25.225120182385666,-20.916514649485666,-20.916514649485666,21.154870325288076,0.23835567580241035,4.019425361804735,0.022643789201228982,3.996781572603506
2023-10-31 00:00:00-04:00,4.6400759981999995,4.6400759981999995,26.35211829316121,26.35211829316121,-21.71204229496121,-21.71204229496121,22.53271337709236,0.8206710821311471,4.281215541647549,0.07796375280245899,4.2032517888450895
2023-11-01 00:00:00-04:00,2.6940615821999994,2.6940615821999994,29.25665570186936,29.25665570186936,-26.562594119669363,-26.562594119669363,26.562594119669363,0.0,5.046892882737179,0.0,5.046892882737179
2023-11-02 00:00:00-04:00,6.247388379599999,6.247388379599999,28.53619348654003,28.53619348654003,-22.288805106940032,-22.288805106940032,22.792809899140043,0.5040047922000109,4.330633880836608,0.04788045525900104,4.2827534255776065
2023-11-03 00:00:00-04:00,1.7501800733999993,1.7501800733999993,24.838317493211893,24.838317493211893,-23.088137419811893,-23.088137419811893,23.088137419811893,0.0,4.3867461097642595,0.0,4.3867461097642595
2023-11-04 00:00:00-04:00,8.3598832998,8.3598832998,29.848905457377658,29.848905457377658,-21.489022157577658,-21.489022157577658,23.13839020698888,1.6493680494112222,4.396294139327887,0.1566899646940661,4.239604174633821
2023-11-05 00:00:00-04:00,0.8083101563999998,0.8083101563999998,32.27196553112991,32.27196553112991,-31.46365537472991,-31.46365537472991,31.46365537472991,0.0,5.978094521198683,0.0,5.978094521198683
2023-11-06 00:00:00-05:00,0.3838483187999995,0.3838483187999995,24.951547986483593,24.951547986483593,-24.567699667683595,-24.567699667683595,24.567699667683595,0.0,4.667862936859883,0.0,4.667862936859883
2023-11-07 00:00:00-05:00,1.1494448828999992,1.1494448828999992,29.005724746465432,29.005724746465432,-27.856279863565433,-27.856279863565433,27.856279863565433,0.0,5.292693174077432,0.0,5.292693174077432
2023-11-08 00:00:00-05:00,0.7211854763999995,0.7211854763999995,27.612179329694378,27.612179329694378,-26.89099385329438,-26.89099385329438,26.89099385329438,0.0,5.109288832125932,0.0,5.109288832125932
2023-11-09 00:00:00-05:00,4.978543011299999,4.978543011299999,25.059281579178997,25.059281579178997,-20.080738567878996,-20.080738567878996,20.249447259594834,0.1687086917158357,3.8473949793230187,0.01602732571300439,3.8313676536100143
2023-11-10 00:00:00-05:00,2.4760542158999996,2.4760542158999996,28.988442539209384,28.988442539209384,-26.512388323309384,-26.512388323309384,26.533009404963206,0.020621081653823592,5.0412717869430095,0.001959002757113241,5.0393127841858965
2023-11-11 00:00:00-05:00,7.599071149199999,7.599071149199999,30.086369082828018,30.086369082828018,-22.487297933628017,-22.487297933628017,23.41088444635631,0.9235865127282907,4.448068044807699,0.08774071870918762,4.360327326098512
2023-11-12 00:00:00-05:00,4.7657715848999995,4.7657715848999995,28.754712984114317,28.754712984114317,-23.988941399214315,-23.988941399214315,24.129396671884734,0.14045527267041946,4.584585367658099,0.01334325090368985,4.5712421167544095
2023-11-13 00:00:00-05:00,2.264820226199999,2.264820226199999,27.34722388830207,27.34722388830207,-25.082403662102074,-25.082403662102074,25.222030550270805,0.13962688816873398,4.792185804551453,0.013264554376029728,4.778921250175423
2023-11-14 00:00:00-05:00,7.739647078499999,7.739647078499999,25.304233388279794,25.304233388279794,-17.564586309779795,-17.564586309779795,18.672318068150094,1.107731758370298,3.547740432948518,0.1052345170451783,3.4425059159033395
2023-11-15 00:00:00-05:00,6.833407938299999,6.833407938299999,26.574072672947793,26.574072672947793,-19.740664734647794,-19.740664734647794,20.310867487073345,0.5702027524255511,3.8590648225439357,0.054169261480427354,3.8048955610635082
2023-11-16 00:00:00-05:00,5.701770797399999,5.701770797399999,30.012851553938734,30.012851553938734,-24.311080756538736,-24.311080756538736,24.44421042011127,0.1331296635725323,4.6443999798211415,0.01264731803939057,4.631752661781751
2023-11-17 00:00:00-05:00,1.7265068891999993,1.7265068891999993,25.90462072719522,25.90462072719522,-24.17811383799522,-24.17811383799522,24.17811383799522,0.0,4.593841629219092,0.0,4.593841629219092
2023-11-18 00:00:00-05:00,5.406914470499999,5.406914470499999,28.224317953341746,28.224317953341746,-22.817403482841748,-22.817403482841748,23.49617831131285,0.6787748284711028,4.464273879149442,0.06448360870475477,4.3997902704446865
2023-11-19 00:00:00-05:00,4.737652702199999,4.737652702199999,30.695655026545296,30.695655026545296,-25.958002324345298,-25.958002324345298,26.64323812846685,0.6852358041215544,5.062215244408702,0.06509740139154767,4.997117843017155
2023-11-20 00:00:00-05:00,5.822642826,5.822642826,24.951984114161164,24.951984114161164,-19.12934128816116,-19.12934128816116,19.499368146688447,0.3700268585272839,3.704879947870805,0.03515255156009197,3.669727396310713
2023-11-21 00:00:00-05:00,0.5894650745999995,0.5894650745999995,26.04133747023977,26.04133747023977,-25.45187239563977,-25.45187239563977,25.45187239563977,0.0,4.835855755171557,0.0,4.835855755171557
2023-11-22 00:00:00-05:00,2.2358985335999995,2.2358985335999995,27.15504510703019,27.15504510703019,-24.91914657343019,-24.91914657343019,24.91914657343019,0.0,4.734637848951736,0.0,4.734637848951736
2023-11-23 00:00:00-05:00,3.1088448053999995,3.1088448053999995,29.7287497510957,29.7287497510957,-26.619904945695705,-26.619904945695705,26.745239749121826,0.12533480342612124,5.081595552333147,0.01190680632548152,5.069688746007666
2023-11-24 00:00:00-05:00,2.747505976199999,2.747505976199999,28.809374744501824,28.809374744501824,-26.061868768301824,-26.061868768301824,26.061868768301824,0.0,4.951755065977347,0.0,4.951755065977347
2023-11-25 00:00:00-05:00,5.617975382099999,5.617975382099999,29.6318630075891,29.6318630075891,-24.0138876254891,-24.0138876254891,24.11893736538487,0.10504973989577038,4.582598099423126,0.009979725290098187,4.572618374133027
2023-11-26 00:00:00-05:00,0.9141815762999993,0.9141815762999993,29.107936222841705,29.107936222841705,-28.193754646541706,-28.193754646541706,28.193754646541706,0.0,5.356813382842924,0.0,5.356813382842924
2023-11-27 00:00:00-05:00,1.9892825963999994,1.9892825963999994,27.135717514247705,27.135717514247705,-25.146434917847706,-25.146434917847706,25.146434917847706,0.0,4.777822634391065,0.0,4.777822634391065
2023-11-28 00:00:00-05:00,2.7193322051999993,2.7193322051999993,29.730373560734876,29.730373560734876,-27.011041355534875,-27.011041355534875,27.011041355534875,0.0,5.132097857551626,0.0,5.132097857551626
2023-11-29 00:00:00-05:00,1.4973348284999994,1.4973348284999994,26.51791317876217,26.51791317876217,-25.02057835026217,-25.02057835026217,25.02057835026217,0.0,4.753909886549812,0.0,4.753909886549812
2023-11-30 00:00:00-05:00,6.370011391600732,6.370011391600732,29.138362744788246,29.138362744788246,-22.768351353187512,-22.768351353187512,22.89417239959515,0.1258210464076368,4.3498927559230784,0.011952999408725497,4.337939756514353
2023-12-01 00:00:00-05:00,1.9069840448999995,1.9069840448999995,25.054088626273,25.054088626273,-23.147104581373004,-23.147104581373004,23.147104581373004,0.0,4.397949870460871,0.0,4.397949870460871
2023-12-02 00:00:00-05:00,6.067689779699999,6.067689779699999,31.119111664955096,31.119111664955096,-25.051421885255095,-25.051421885255095,25.146085402934744,0.09466351767964887,4.777756226557601,0.008993034179566643,4.768763192378034
2023-12-03 00:00:00-05:00,0.7288736399999995,0.7288736399999995,27.97543750357991,27.97543750357991,-27.24656386357991,-27.24656386357991,27.24656386357991,0.0,5.176847134080183,0.0,5.176847134080183
2023-12-04 00:00:00-05:00,6.190970205599999,6.190970205599999,28.031448992754598,28.031448992754598,-21.8404787871546,-21.8404787871546,22.472467662551946,0.6319888753973493,4.26976885588487,0.06003894316274818,4.209729912722121
2023-12-05 00:00:00-05:00,2.0032940573999998,2.0032940573999998,28.800990469517146,28.800990469517146,-26.797696412117148,-26.797696412117148,26.797696412117148,0.0,5.091562318302258,0.0,5.091562318302258
2023-12-06 00:00:00-05:00,1.8695165660999995,1.8695165660999995,27.107733626226473,27.107733626226473,-25.238217060126477,-25.238217060126477,25.238217060126477,0.0,4.795261241424031,0.0,4.795261241424031
2023-12-07 00:00:00-05:00,3.3132290489999994,3.3132290489999994,24.672896769977527,24.672896769977527,-21.359667720977527,-21.359667720977527,21.397573792255894,0.03790607127836637,4.06553902052862,0.003601076771444805,4.061937943757175
2023-12-08 00:00:00-05:00,4.298977127699999,4.298977127699999,26.594446722062987,26.594446722062987,-22.295469594362988,-22.295469594362988,22.398171754097046,0.10270215973406027,4.255652633278439,0.009756705174735727,4.245895928103703
2023-12-09 00:00:00-05:00,2.0357333018999997,2.0357333018999997,32.40390113126761,32.40390113126761,-30.36816782936761,-30.36816782936761,30.36816782936761,0.0,5.769951887579846,0.0,5.769951887579846
2023-12-10 00:00:00-05:00,4.029305426099999,4.029305426099999,31.609620064256482,31.609620064256482,-27.580314638156484,-27.580314638156484,27.580314638156484,0.0,5.240259781249732,0.0,5.240259781249732
2023-12-11 00:00:00-05:00,1.8845898587999994,1.8845898587999994,28.245346122511606,28.245346122511606,-26.360756263711608,-26.360756263711608,26.360756263711608,0.0,5.008543690105205,0.0,5.008543690105205
2023-12-12 00:00:00-05:00,3.0495785714999992,3.0495785714999992,28.83179391293125,28.83179391293125,-25.782215341431254,-25.782215341431254,25.782215341431254,0.0,4.898620914871938,0.0,4.898620914871938
2023-12-13 00:00:00-05:00,6.743645819999999,6.743645819999999,25.38636944616436,25.38636944616436,-18.642723626164358,-18.642723626164358,19.375854564000033,0.7331309378356758,3.6814123671600063,0.06964743909438921,3.611764928065617
2023-12-14 00:00:00-05:00,4.445979834599999,4.445979834599999,27.899996457042608,27.899996457042608,-23.45401662244261,-23.45401662244261,23.764436994115673,0.3104203716730658,4.515243028881978,0.02948993530894125,4.485753093573036
2023-12-15 00:00:00-05:00,2.3462165132999995,2.3462165132999995,27.930221123335144,27.930221123335144,-25.584004610035144,-25.584004610035144,25.640196824910724,0.05619221487558124,4.871637396733037,0.0053382604131802175,4.866299136319857
2023-12-16 00:00:00-05:00,0.8576895923999996,0.8576895923999996,31.688457996573007,31.688457996573007,-30.830768404173007,-30.830768404173007,30.830768404173007,0.0,5.8578459967928715,0.0,5.8578459967928715
2023-12-17 00:00:00-05:00,2.4494159180249997,2.4494159180249997,28.544454092753487,28.544454092753487,-26.095038174728487,-26.095038174728487,26.095038174728487,0.0,4.958057253198413,0.0,4.958057253198413
2023-12-18 00:00:00-05:00,1.1585410775999996,1.1585410775999996,26.33226962983041,26.33226962983041,-25.173728552230408,-25.173728552230408,25.173728552230408,0.0,4.783008424923778,0.0,4.783008424923778
2023-12-19 00:00:00-05:00,4.468345195507844,4.468345195507844,29.36921571689624,29.36921571689624,-24.900870521388395,-24.900870521388395,25.151084833389156,0.2502143120007613,4.77870611834394,0.023770359640072323,4.754935758703867
2023-12-20 00:00:00-05:00,0.8396964089999995,0.8396964089999995,28.57885840669435,28.57885840669435,-27.73916199769435,-27.73916199769435,27.73916199769435,0.0,5.270440779561927,0.0,5.270440779561927
2023-12-21 00:00:00-05:00,1.1477215997999997,1.1477215997999997,26.389856787800724,26.389856787800724,-25.242135188000727,-25.242135188000727,25.242135188000727,0.0,4.7960056857201385,0.0,4.7960056857201385
2023-12-22 00:00:00-05:00,0.5408853029999994,0.5408853029999994,24.543497396223934,24.543497396223934,-24.002612093223934,-24.002612093223934,24.002612093223934,0.0,4.560496297712548,0.0,4.560496297712548
2023-12-23 00:00:00-05:00,0.7448733782999994,0.7448733782999994,27.81898422766239,27.81898422766239,-27.074110849362388,-27.074110849362388,27.074110849362388,0.0,5.144081061378854,0.0,5.144081061378854
2023-12-24 00:00:00-05:00,1.1702279459249996,1.1702279459249996,28.06674483312718,28.06674483312718,-26.896516887202182,-26.896516887202182,26.896516887202182,0.0,5.110338208568415,0.0,5.110338208568415
2023-12-25 00:00:00-05:00,2.0453723342999997,2.0453723342999997,25.67167261815609,25.67167261815609,-23.626300283856093,-23.626300283856093,23.912777144236614,0.2864768603805226,4.543427657404957,0.02721530173614965,4.516212355668807
2023-12-26 00:00:00-05:00,0.6849315692999995,0.6849315692999995,25.289288529845205,25.289288529845205,-24.604356960545207,-24.604356960545207,24.604356960545207,0.0,4.674827822503589,0.0,4.674827822503589
2023-12-27 00:00:00-05:00,0.5808092957999997,0.5808092957999997,26.668611653485723,26.668611653485723,-26.087802357685725,-26.087802357685725,26.087802357685725,0.0,4.956682447960287,0.0,4.956682447960287
2023-12-28 00:00:00-05:00,0.4460165957249994,0.4460165957249994,25.516835381920743,25.516835381920743,-25.070818786195744,-25.070818786195744,25.070818786195744,0.0,4.763455569377191,0.0,4.763455569377191
2023-12-29 00:00:00-05:00,5.249020411125,5.249020411125,29.767501825794938,29.767501825794938,-24.51848141466994,-24.51848141466994,25.169730916572984,0.6512495019030441,4.782248874148867,0.06186870268078919,4.7203801714680775
2023-12-30 00:00:00-05:00,1.1757040184249996,1.1757040184249996,32.12935168769116,32.12935168769116,-30.95364766926616,-30.95364766926616,30.95364766926616,0.0,5.881193057160571,0.0,5.881193057160571
2023-12-31 00:00:00-05:00,0.6403483295999993,0.6403483295999993,29.903576643377406,29.903576643377406,-29.263228313777407,-29.263228313777407,29.263228313777407,0.0,5.560013379617708,0.0,5.560013379617708
2024-01-01 00:00:00-05:00,1.5197172047999996,1.5197172047999996,29.258787374908724,29.258787374908724,-27.739070170108725,-27.739070170108725,27.739070170108725,0.0,5.270423332320658,0.0,5.270423332320658
2024-01-02 00:00:00-05:00,4.3942406438249995,4.3942406438249995,24.90567920476444,24.90567920476444,-20.51143856093944,-20.51143856093944,20.615188240794986,0.1037496798555449,3.916885765751047,0.009856219586276766,3.9070295461647704
2024-01-03 00:00:00-05:00,0.9833905493999996,0.9833905493999996,26.745859547169562,26.745859547169562,-25.762468997769563,-25.762468997769563,25.762468997769563,0.0,4.894869109576217,0.0,4.894869109576217
2024-01-04 00:00:00-05:00,1.4372936567999992,1.4372936567999992,28.136611562904104,28.136611562904104,-26.699317906104103,-26.699317906104103,26.699317906104103,0.0,5.072870402159779,0.0,5.072870402159779
2024-01-05 00:00:00-05:00,1.5889959512999996,1.5889959512999996,25.259534407102688,25.259534407102688,-23.67053845580269,-23.67053845580269,23.67053845580269,0.0,4.497402306602511,0.0,4.497402306602511
2024-01-06 00:00:00-05:00,0.5344080509249997,0.5344080509249997,28.77344138929576,28.77344138929576,-28.239033338370756,-28.239033338370756,28.239033338370756,0.0,5.365416334290444,0.0,5.365416334290444
2024-01-07 00:00:00-05:00,1.4781118592249995,1.4781118592249995,31.804794359889225,31.804794359889225,-30.326682500664226,-30.326682500664226,30.326682500664226,0.0,5.762069675126203,0.0,5.762069675126203
2024-01-08 00:00:00-05:00,1.1598398822249996,1.1598398822249996,27.539360932773683,27.539360932773683,-26.379521050548686,-26.379521050548686,26.379521050548686,0.0,5.0121089996042505,0.0,5.0121089996042505
2024-01-09 00:00:00-05:00,0.6669974159999995,0.6669974159999995,25.217376766212205,25.217376766212205,-24.550379350212207,-24.550379350212207,24.550379350212207,0.0,4.66457207654032,0.0,4.66457207654032
2024-01-10 00:00:00-05:00,1.7919709190999995,1.7919709190999995,26.771089881429003,26.771089881429003,-24.979118962329004,-24.979118962329004,24.979118962329004,0.0,4.746032602842511,0.0,4.746032602842511
2024-01-11 00:00:00-05:00,0.6981259994999996,0.6981259994999996,25.429740192294606,25.429740192294606,-24.731614192794606,-24.731614192794606,24.731614192794606,0.0,4.699006696630975,0.0,4.699006696630975
2024-01-12 00:00:00-05:00,0.2824683812999995,0.2824683812999995,25.647459804393026,25.647459804393026,-25.364991423093027,-25.364991423093027,25.364991423093027,0.0,4.819348370387675,0.0,4.819348370387675
2024-01-13 00:00:00-05:00,1.1527110182249993,1.1527110182249993,32.90919368992089,32.90919368992089,-31.756482671695892,-31.756482671695892,31.756482671695892,0.0,6.03373170762222,0.0,6.03373170762222
2024-01-14 00:00:00-05:00,1.2459818573999994,1.2459818573999994,27.051845264499825,27.051845264499825,-25.805863407099828,-25.805863407099828,25.805863407099828,0.0,4.903114047348968,0.0,4.903114047348968
2024-01-15 00:00:00-05:00,3.111711219225,3.111711219225,26.140091508852393,26.140091508852393,-23.028380289627393,-23.028380289627393,23.028380289627393,0.0,4.375392255029205,0.0,4.375392255029205
2024-01-16 00:00:00-05:00,2.6986685030999995,2.6986685030999995,25.59581802293418,25.59581802293418,-22.89714951983418,-22.89714951983418,23.080772211717246,0.183622691883066,4.385346720226277,0.017444155728891273,4.367902564497386
2024-01-17 00:00:00-05:00,1.9078983458999996,1.9078983458999996,29.08018628376105,29.08018628376105,-27.172287937861054,-27.172287937861054,27.172287937861054,0.0,5.1627347081936,0.0,5.1627347081936
2024-01-18 00:00:00-05:00,3.3953869709999998,3.3953869709999998,27.347529136472026,27.347529136472026,-23.952142165472026,-23.952142165472026,23.952142165472026,0.0,4.550907011439685,0.0,4.550907011439685
2024-01-19 00:00:00-05:00,1.5790628267999995,1.5790628267999995,24.609152864091687,24.609152864091687,-23.030090037291686,-23.030090037291686,23.030090037291686,0.0,4.37571710708542,0.0,4.37571710708542
2024-01-20 00:00:00-05:00,4.0961795823,4.0961795823,32.837540563629915,32.837540563629915,-28.741360981329915,-28.741360981329915,28.814212087011512,0.07285110568159825,5.474700296532188,0.006920855039751834,5.467779441492436
2024-01-21 00:00:00-05:00,3.4105562459999996,3.4105562459999996,32.074268238308065,32.074268238308065,-28.663711992308066,-28.663711992308066,28.663711992308066,0.0,5.446105278538533,0.0,5.446105278538533
2024-01-22 00:00:00-05:00,1.1776885892999995,1.1776885892999995,26.164691835468933,26.164691835468933,-24.987003246168936,-24.987003246168936,24.987003246168936,0.0,4.747530616772098,0.0,4.747530616772098
2024-01-23 00:00:00-05:00,1.0332087461999995,1.0332087461999995,25.222433462871308,25.222433462871308,-24.18922471667131,-24.18922471667131,24.18922471667131,0.0,4.595952696167549,0.0,4.595952696167549
2024-01-24 00:00:00-05:00,0.9027313028999998,0.9027313028999998,25.892072282937047,25.892072282937047,-24.98934098003705,-24.98934098003705,24.98934098003705,0.0,4.747974786207039,0.0,4.747974786207039
2024-01-25 00:00:00-05:00,1.4604795989999995,1.4604795989999995,26.804810200813513,26.804810200813513,-25.34433060181351,-25.34433060181351,25.34433060181351,0.0,4.815422814344567,0.0,4.815422814344567
2024-01-26 00:00:00-05:00,1.4873443694999993,1.4873443694999993,25.938951461978046,25.938951461978046,-24.451607092478046,-24.451607092478046,24.451607092478046,0.0,4.645805347570829,0.0,4.645805347570829
2024-01-27 00:00:00-05:00,3.6307255454999994,3.6307255454999994,31.59768857547872,31.59768857547872,-27.96696302997872,-27.96696302997872,27.96696302997872,0.0,5.313722975695957,0.0,5.313722975695957
2024-01-28 00:00:00-05:00,4.784448932099999,4.784448932099999,32.12103016753272,32.12103016753272,-27.336581235432725,-27.336581235432725,27.745731277991844,0.4091500425591166,5.27168894281845,0.03886925404311607,5.232819688775334
2024-01-29 00:00:00-05:00,2.9068635158999996,2.9068635158999996,26.470054053214195,26.470054053214195,-23.563190537314195,-23.563190537314195,23.563190537314195,0.0,4.477006202089697,0.0,4.477006202089697
2024-01-30 00:00:00-05:00,1.4970233915999995,1.4970233915999995,26.973431426801074,26.973431426801074,-25.476408035201075,-25.476408035201075,25.476408035201075,0.0,4.840517526688204,0.0,4.840517526688204
2024-01-31 00:00:00-05:00,4.980984513299999,4.980984513299999,26.621858165259532,26.621858165259532,-21.640873651959534,-21.640873651959534,22.81778201232378,1.1769083603642452,4.335378582341518,0.1118062942346033,4.223572288106914
2024-02-01 00:00:00-05:00,1.8137067776999996,1.8137067776999996,27.82064440964897,27.82064440964897,-26.00693763194897,-26.00693763194897,26.00693763194897,0.0,4.9413181500703045,0.0,4.9413181500703045
2024-02-02 00:00:00-05:00,8.6407968969,8.6407968969,27.16746008146267,27.16746008146267,-18.526663184562672,-18.526663184562672,20.208541056061506,1.6818778714988334,3.839622800651686,0.15977839779238917,3.679844402859297
2024-02-03 00:00:00-05:00,8.6807687202,8.6807687202,32.144345574447215,32.144345574447215,-23.463576854247215,-23.463576854247215,24.65108692962771,1.1875100753804944,4.683706516629265,0.11281345716114696,4.570893059468117
2024-02-04 00:00:00-05:00,8.7878950353,8.7878950353,28.31951912119071,28.31951912119071,-19.53162408589071,-19.53162408589071,21.190890062212194,1.6592659763214868,4.026269111820317,0.15763026775054123,3.8686388440697757
2024-02-05 00:00:00-05:00,8.383340475899999,8.383340475899999,29.565250956015788,29.565250956015788,-21.18191048011579,-21.18191048011579,22.480890445091795,1.2989799649760059,4.271369184567441,0.12340309667272056,4.147966087894721
2024-02-06 00:00:00-05:00,5.6265423012,5.6265423012,25.93809814711286,25.93809814711286,-20.311555845912864,-20.311555845912864,21.28758380805758,0.9760279621447179,4.04464092353094,0.0927226564037482,3.951918267127192
2024-02-07 00:00:00-05:00,4.8362448573,4.8362448573,27.174618607163293,27.174618607163293,-22.338373749863294,-22.338373749863294,22.338373749863294,0.0,4.244291012474026,0.0,4.244291012474026
2024-02-08 00:00:00-05:00,4.849856240399999,4.849856240399999,28.732885250805104,28.732885250805104,-23.883029010405103,-23.883029010405103,24.104038435908016,0.22100942550291236,4.579767302822523,0.020995895422776675,4.558771407399746
2024-02-09 00:00:00-05:00,0.9586896479999995,0.9586896479999995,26.86228590285382,26.86228590285382,-25.903596254853824,-25.903596254853824,25.903596254853824,0.0,4.921683288422226,0.0,4.921683288422226
2024-02-10 00:00:00-05:00,1.1646339164999993,1.1646339164999993,30.440671692582026,30.440671692582026,-29.276037776082028,-29.276037776082028,29.276037776082028,0.0,5.562447177455585,0.0,5.562447177455585
2024-02-11 00:00:00-05:00,1.1347721189999993,1.1347721189999993,30.344534614218805,30.344534614218805,-29.209762495218808,-29.209762495218808,29.209762495218808,0.0,5.549854874091573,0.0,5.549854874091573
2024-02-12 00:00:00-05:00,2.371052889899999,2.371052889899999,26.245171553888277,26.245171553888277,-23.87411866398828,-23.87411866398828,23.927039657389276,0.052920993400996985,4.546137534903963,0.0050274943730947135,4.541110040530868
2024-02-13 00:00:00-05:00,4.249047955499999,4.249047955499999,29.629494071934804,29.629494071934804,-25.380446116434804,-25.380446116434804,25.68457502736304,0.30412891092823424,4.880069255198977,0.028892246538182252,4.851177008660795
2024-02-14 00:00:00-05:00,7.0067810592,7.0067810592,27.774866344278777,27.774866344278777,-20.768085285078776,-20.768085285078776,21.076827419135665,0.3087421340568881,4.004597209635777,0.02933050273540437,3.9752667069003724
2024-02-15 00:00:00-05:00,2.5397968688999994,2.5397968688999994,27.56451106733595,27.56451106733595,-25.024714198435948,-25.024714198435948,25.033454186891873,0.008739988455923164,4.756356295509456,0.0008302989033127006,4.755525996606144
2024-02-16 00:00:00-05:00,2.3337450620999993,2.3337450620999993,29.65735170886021,29.65735170886021,-27.32360664676021,-27.32360664676021,27.32360664676021,0.0,5.191485262884441,0.0,5.191485262884441
2024-02-17 00:00:00-05:00,4.1457724587,4.1457724587,27.96110924180467,27.96110924180467,-23.81533678310467,-23.81533678310467,23.81533678310467,0.0,4.524913988789887,0.0,4.524913988789887
2024-02-18 00:00:00-05:00,4.253231265299999,4.253231265299999,28.706033161109836,28.706033161109836,-24.452801895809838,-24.452801895809838,24.68557501614889,0.2327731203390514,4.690259253068289,0.022113446432209884,4.66814580663608
2024-02-19 00:00:00-05:00,4.6046063277,4.6046063277,25.48688793316228,25.48688793316228,-20.882281605462282,-20.882281605462282,20.882281605462282,0.0,3.9676335050378335,0.0,3.9676335050378335
2024-02-20 00:00:00-05:00,4.751665166924999,4.751665166924999,27.95466645115016,27.95466645115016,-23.203001284225163,-23.203001284225163,23.23579368087152,0.03279239664635675,4.4148007993655884,0.003115277681403891,4.411685521684184
2024-02-21 00:00:00-05:00,4.816109614725,4.816109614725,28.078142735810044,28.078142735810044,-23.262033121085043,-23.262033121085043,23.262033121085043,0.0,4.419786293006158,0.0,4.419786293006158
2024-02-22 00:00:00-05:00,9.412580945699998,9.412580945699998,24.787968951082192,24.787968951082192,-15.375388005382193,-15.375388005382193,17.59938332615902,2.223995320776826,3.343882831970214,0.21127955547379845,3.1326032764964156
2024-02-23 00:00:00-05:00,9.263359224899999,9.263359224899999,27.514882533900845,27.514882533900845,-18.25152330900085,-18.25152330900085,20.183917472199607,1.932394163198758,3.834944319717925,0.18357744550388203,3.6513668742140433
2024-02-24 00:00:00-05:00,10.1835751149,10.1835751149,27.761561549864187,27.761561549864187,-17.57798643496419,-17.57798643496419,19.817063930897973,2.2390774959337856,3.765242146870615,0.21271236211370964,3.5525297847569055
2024-02-25 00:00:00-05:00,2.699379210599999,2.699379210599999,30.100206459053286,30.100206459053286,-27.40082724845329,-27.40082724845329,27.40082724845329,0.0,5.2061571772061255,0.0,5.2061571772061255
2024-02-26 00:00:00-05:00,9.676643173199999,9.676643173199999,29.10537890432686,29.10537890432686,-19.42873573112686,-19.42873573112686,21.20171239366447,1.772976662537609,4.028325354796249,0.16843278294107286,3.859892571855176
2024-02-27 00:00:00-05:00,8.891423611199999,8.891423611199999,24.66231499624436,24.66231499624436,-15.770891385044358,-15.770891385044358,17.72520813564335,1.954316750598991,3.3677895457722364,0.18566009130690414,3.1821294544653322
2024-02-28 00:00:00-05:00,2.4872113988999995,2.4872113988999995,27.15716253760836,27.15716253760836,-24.669951138708363,-24.669951138708363,24.669951138708363,0.0,4.687290716354589,0.0,4.687290716354589
2024-02-29 00:00:00-05:00,7.134297158024999,7.134297158024999,29.72937744569662,29.72937744569662,-22.59508028767162,-22.59508028767162,24.324219317462248,1.7291390297906273,4.621601670317827,0.1642682078301096,4.457333462487718
2024-03-01 00:00:00-05:00,9.481510222425,9.481510222425,28.677134439390453,28.677134439390453,-19.195624216965452,-19.195624216965452,21.277721056028444,2.0820968390629884,4.042767000645404,0.1977991997109839,3.84496780093442
2024-03-02 00:00:00-05:00,7.940288357999999,7.940288357999999,27.307636492339032,27.307636492339032,-19.367348134339032,-19.367348134339032,21.16376129745786,1.7964131631188267,4.021114646516994,0.17065925049628855,3.850455396020705
2024-03-03 00:00:00-05:00,2.6601231383999995,2.6601231383999995,28.959442001752965,28.959442001752965,-26.299318863352966,-26.299318863352966,26.299318863352966,0.0,4.9968705840370635,0.0,4.9968705840370635
2024-03-04 00:00:00-05:00,8.084236030424998,8.084236030424998,28.295276711838483,28.295276711838483,-20.211040681413483,-20.211040681413483,21.696566474147883,1.4855257927343994,4.122347630088098,0.14112495030976796,3.98122267977833
2024-03-05 00:00:00-05:00,7.055443990125,7.055443990125,26.00187356541922,26.00187356541922,-18.94642957529422,-18.94642957529422,20.586231662717314,1.6398020874230936,3.9113840159162896,0.1557811983051939,3.755602817611096
2024-03-06 00:00:00-05:00,9.965450360699998,9.965450360699998,28.642550131241386,28.642550131241386,-18.677099770541385,-18.677099770541385,20.987876578046336,2.310776807504951,3.987696549828804,0.21952379671297034,3.7681727531158336
2024-03-07 00:00:00-05:00,9.760638900824999,9.760638900824999,28.084905047394287,28.084905047394287,-18.324266146569286,-18.324266146569286,20.708927726583497,2.384661580014212,3.9346962680508644,0.22654285010135017,3.7081534179495144
2024-03-08 00:00:00-05:00,1.5721129997999994,1.5721129997999994,25.094528215076462,25.094528215076462,-23.522415215276464,-23.522415215276464,23.522415215276464,0.0,4.469258890902529,0.0,4.469258890902529
2024-03-09 00:00:00-05:00,1.3314807134999993,1.3314807134999993,29.26688282188045,29.26688282188045,-27.93540210838045,-27.93540210838045,27.93540210838045,0.0,5.307726400592286,0.0,5.307726400592286
2024-03-10 00:00:00-05:00,7.337568342825,7.337568342825,31.37464570010821,31.37464570010821,-24.037077357283213,-24.037077357283213,26.51629582554442,2.4792184682612084,5.0380962068534405,0.2355257544848148,4.8025704523686255
2024-03-11 00:00:00-04:00,7.399829873024999,7.399829873024999,29.233378290947403,29.233378290947403,-21.833548417922405,-21.833548417922405,24.35881312445024,2.5252647065278335,4.628174493645545,0.23990014712014418,4.388274346525401
2024-03-12 00:00:00-04:00,9.387982481624999,9.387982481624999,28.54891919404694,28.54891919404694,-19.16093671242194,-19.16093671242194,22.118590530656224,2.9576538182342835,4.202532200824683,0.28097711273225695,3.921555088092426
2024-03-13 00:00:00-04:00,10.038308491799999,10.038308491799999,25.10962485703877,25.10962485703877,-15.071316365238772,-15.071316365238772,18.57806511195017,3.5067487467113994,3.5298323712705324,0.33314113093758296,3.1966912403329495
2024-03-14 00:00:00-04:00,2.877425623799999,2.877425623799999,28.883680039975257,28.883680039975257,-26.006254416175256,-26.006254416175256,26.006254416175256,0.0,4.941188339073299,0.0,4.941188339073299
2024-03-15 00:00:00-04:00,5.6573372916,5.6573372916,27.80530100280346,27.80530100280346,-22.147963711203463,-22.147963711203463,24.414708065222456,2.2667443540189924,4.638794532392267,0.2153407136318043,4.423453818760462
2024-03-16 00:00:00-04:00,2.1653493290999997,2.1653493290999997,27.577145993084308,27.577145993084308,-25.411796663984312,-25.411796663984312,25.411796663984312,0.0,4.82824136615702,0.0,4.82824136615702
2024-03-17 00:00:00-04:00,3.097979745524999,3.097979745524999,28.40570995448774,28.40570995448774,-25.30773020896274,-25.30773020896274,25.30773020896274,0.0,4.808468739702921,0.0,4.808468739702921
2024-03-18 00:00:00-04:00,6.6959088230249995,6.6959088230249995,28.067403039556766,28.067403039556766,-21.37149421653177,-21.37149421653177,24.154653450299843,2.7831592337680773,4.58938415555697,0.26440012720796735,4.324984028349003
2024-03-19 00:00:00-04:00,2.3902626116249994,2.3902626116249994,28.7558395971746,28.7558395971746,-26.365576985549602,-26.365576985549602,26.365576985549602,0.0,5.009459627254424,0.0,5.009459627254424
2024-03-20 00:00:00-04:00,7.888373308799999,7.888373308799999,29.111601725948965,29.111601725948965,-21.223228417148967,-21.223228417148967,24.028750250320915,2.8055218331719467,4.565462547560974,0.26652457415133496,4.298937973409639
2024-03-21 00:00:00-04:00,6.142936943024999,6.142936943024999,28.170125667933664,28.170125667933664,-22.027188724908665,-22.027188724908665,23.34711810171434,1.3199293768056737,4.435952439325725,0.125393290796539,4.310559148529186
2024-03-22 00:00:00-04:00,2.4581212418249994,2.4581212418249994,29.257259024902194,29.257259024902194,-26.799137783077196,-26.799137783077196,26.799137783077196,0.0,5.091836178784667,0.0,5.091836178784667
2024-03-23 00:00:00-04:00,10.952737622325,10.952737622325,28.697711734678105,28.697711734678105,-17.744974112353106,-17.744974112353106,21.2582875540676,3.5133134417144958,4.039074635272844,0.3337647769628771,3.7053098583099673
2024-03-24 00:00:00-04:00,6.603748132724999,6.603748132724999,28.45814615446459,28.45814615446459,-21.854398021739588,-21.854398021739588,22.055140132245633,0.20074211050604385,4.19047662512667,0.019070500498074166,4.171406124628596
2024-03-25 00:00:00-04:00,5.281991016299998,5.281991016299998,26.509768389808983,26.509768389808983,-21.227777373508985,-21.227777373508985,21.43891176656478,0.21113439305579312,4.073393235647308,0.020057767340300348,4.053335468307008
2024-03-26 00:00:00-04:00,2.7258289364249992,2.7258289364249992,29.07209282776844,29.07209282776844,-26.34626389134344,-26.34626389134344,26.355656334524923,0.009392443181483245,5.007574703559736,0.0008922821022409083,5.006682421457495
2024-03-27 00:00:00-04:00,2.397188638125,2.397188638125,30.13108129409369,30.13108129409369,-27.733892655968692,-27.733892655968692,27.733892655968692,0.0,5.2694396046340515,0.0,5.2694396046340515
2024-03-28 00:00:00-04:00,4.647638648924999,4.647638648924999,28.431331315128364,28.431331315128364,-23.78369266620337,-23.78369266620337,24.09482844373035,0.3111357775269842,4.578017404308767,0.0295578988650635,4.548459505443703
2024-03-29 00:00:00-04:00,5.308243939124999,5.308243939124999,29.601163934974583,29.601163934974583,-24.292919995849584,-24.292919995849584,25.581995440055202,1.2890754442056196,4.860579133610488,0.12246216719953386,4.738116966410955
2024-03-30 00:00:00-04:00,3.347412195824999,3.347412195824999,30.195835587909098,30.195835587909098,-26.848423392084097,-26.848423392084097,26.848423392084097,0.0,5.101200444495978,0.0,5.101200444495978
2024-03-31 00:00:00-04:00,3.758710132124999,3.758710132124999,26.978758216921374,26.978758216921374,-23.220048084796375,-23.220048084796375,23.220048084796375,0.0,4.411809136111311,0.0,4.411809136111311
2024-04-01 00:00:00-04:00,8.49607868565,8.49607868565,29.383593311729793,29.383593311729793,-20.887514626079792,-20.887514626079792,22.72920276854321,1.841688142463418,4.31854852602321,0.17496037353402472,4.143588152489185
2024-04-02 00:00:00-04:00,3.2449519579499997,3.2449519579499997,28.777260570510613,28.777260570510613,-25.532308612560612,-25.532308612560612,25.532308612560612,0.0,4.8511386363865165,0.0,4.8511386363865165
2024-04-03 00:00:00-04:00,4.198352684624999,4.198352684624999,27.162243865980475,27.162243865980475,-22.96389118135548,-22.96389118135548,23.36027906934491,0.39638788798943214,4.438453023175533,0.037656849358996054,4.400796173816537
2024-04-04 00:00:00-04:00,3.887208264824999,3.887208264824999,28.266060031378505,28.266060031378505,-24.378851766553506,-24.378851766553506,24.411641155863308,0.032789389309802464,4.638211819614028,0.003114991984431234,4.635096827629597
2024-04-05 00:00:00-04:00,9.49559036535,9.49559036535,28.310782798480787,28.310782798480787,-18.81519243313079,-18.81519243313079,21.245910890134102,2.43071845700331,4.036723069125479,0.23091825341531447,3.8058048157101645
2024-04-06 00:00:00-04:00,10.952994478725,10.952994478725,32.28972101976232,32.28972101976232,-21.33672654103732,-21.33672654103732,24.42805079204096,3.091324251003642,4.641329650487783,0.293675803845346,4.347653846642436
2024-04-07 00:00:00-04:00,10.6650127332,10.6650127332,30.77330928788464,30.77330928788464,-20.10829655468464,-20.10829655468464,23.237914379835228,3.1296178251505893,4.415203732168694,0.29731369338930597,4.117890038779388
2024-04-08 00:00:00-04:00,7.668776933099998,7.668776933099998,24.58812871074117,24.58812871074117,-16.919351777641175,-16.919351777641175,18.75166443152941,1.8323126538882346,3.5628162419905878,0.1740697021193823,3.3887465398712053
2024-04-09 00:00:00-04:00,7.811556758999998,7.811556758999998,29.4851748935067,29.4851748935067,-21.6736181345067,-21.6736181345067,23.168098766304983,1.4944806317982817,4.401938765597947,0.14197566002083675,4.2599631055771106
2024-04-10 00:00:00-04:00,5.6323786049999995,5.6323786049999995,26.358787130263195,26.358787130263195,-20.7264085252632,-20.7264085252632,21.129396596871246,0.40298807160804934,4.014585353405537,0.03828386680276469,3.9763014866027726
2024-04-11 00:00:00-04:00,2.287574234549999,2.287574234549999,25.423011910806554,25.423011910806554,-23.135437676256554,-23.135437676256554,23.135437676256554,0.0,4.395733158488746,0.0,4.395733158488746
2024-04-12 00:00:00-04:00,1.5502280714999992,1.5502280714999992,28.534338382252482,28.534338382252482,-26.984110310752484,-26.984110310752484,26.984110310752484,0.0,5.126980959042972,0.0,5.126980959042972
2024-04-13 00:00:00-04:00,11.083496498099999,11.083496498099999,28.665528315300044,28.665528315300044,-17.582031817200043,-17.582031817200043,20.846664492365047,3.2646326751650037,3.960866253549359,0.31014010414067533,3.650726149408684
2024-04-14 00:00:00-04:00,10.62773421525,10.62773421525,30.803119697648505,30.803119697648505,-20.175385482398504,-20.175385482398504,23.178873770579347,3.0034882881808436,4.403986016410076,0.28533138737718017,4.118654629032895
2024-04-15 00:00:00-04:00,8.902515050549999,8.902515050549999,27.47431399604704,27.47431399604704,-18.571798945497044,-18.571798945497044,20.907005756725894,2.3352068112288507,3.97233109377792,0.2218446470667408,3.750486446711179
2024-04-16 00:00:00-04:00,9.717150437549998,9.717150437549998,27.181441960719496,27.181441960719496,-17.4642915231695,-17.4642915231695,20.60204079736927,3.13774927419977,3.9143877515001613,0.29808618104897816,3.616301570451183
2024-04-17 00:00:00-04:00,1.1474911574999993,1.1474911574999993,29.360930973639743,29.360930973639743,-28.213439816139743,-28.213439816139743,28.213439816139743,0.0,5.360553565066551,0.0,5.360553565066551
2024-04-18 00:00:00-04:00,5.52055519035,5.52055519035,25.925118943240243,25.925118943240243,-20.404563752890244,-20.404563752890244,21.331657559151484,0.9270938062612393,4.053014936238782,0.08807391159481773,3.964941024643964
2024-04-19 00:00:00-04:00,7.171325591849999,7.171325591849999,26.873820998764945,26.873820998764945,-19.702495406914945,-19.702495406914945,21.350542504061597,1.64804709714665,4.0566030757717035,0.15656447422893177,3.900038601542772
2024-04-20 00:00:00-04:00,4.0366413652499995,4.0366413652499995,28.702123902654044,28.702123902654044,-24.665482537404046,-24.665482537404046,24.665482537404046,0.0,4.686441682106769,0.0,4.686441682106769
2024-04-21 00:00:00-04:00,7.643172614399999,7.643172614399999,30.52221557604283,30.52221557604283,-22.87904296164283,-22.87904296164283,24.014732080796485,1.1356891191536536,4.562799095351332,0.10789046631959709,4.454908629031735
2024-04-22 00:00:00-04:00,10.247294533049999,10.247294533049999,28.997649646756404,28.997649646756404,-18.750355113706405,-18.750355113706405,21.631324920867065,2.8809698071606604,4.109951734964742,0.27369213168026274,3.8362596032844793
2024-04-23 00:00:00-04:00,4.723591129199999,4.723591129199999,30.586384002852448,30.586384002852448,-25.86279287365245,-25.86279287365245,25.86279287365245,0.0,4.913930645993966,0.0,4.913930645993966
2024-04-24 00:00:00-04:00,11.813440134599999,11.813440134599999,27.658309403583,27.658309403583,-15.844869268983,-15.844869268983,19.839496546903533,3.9946272779205323,3.769504343911671,0.3794895914024506,3.3900147525092206
2024-04-25 00:00:00-04:00,11.39850755415,11.39850755415,28.716435044730073,28.716435044730073,-17.317927490580075,-17.317927490580075,20.99229453025992,3.6743670396798427,3.9885359607493847,0.34906486876958503,3.6394710919797997
2024-04-26 00:00:00-04:00,10.724680335599999,10.724680335599999,27.070005082009967,27.070005082009967,-16.345324746409972,-16.345324746409972,19.800614146884623,3.4552894004746526,3.7621166879080783,0.328252493045092,3.4338641948629864
2024-04-27 00:00:00-04:00,6.800545845449999,6.800545845449999,31.020609948390085,31.020609948390085,-24.220064102940086,-24.220064102940086,25.267959671632575,1.0478955686924907,4.800912337610189,0.09955007902578661,4.701362258584402
2024-04-28 00:00:00-04:00,3.016770606899999,3.016770606899999,27.512450919080663,27.512450919080663,-24.495680312180664,-24.495680312180664,24.495680312180664,0.0,4.6541792593143265,0.0,4.6541792593143265
2024-04-29 00:00:00-04:00,1.4165716603499992,1.4165716603499992,27.915696497627522,27.915696497627522,-26.499124837277524,-26.499124837277524,26.499124837277524,0.0,5.034833719082729,0.0,5.034833719082729
2024-04-30 00:00:00-04:00,4.735130636249999,4.735130636249999,26.94423485763846,26.94423485763846,-22.20910422138846,-22.20910422138846,22.75349004143959,0.5443858200511281,4.323163107873523,0.05171665290485717,4.2714464549686655
2024-05-01 00:00:00-04:00,8.200809033299999,8.200809033299999,26.790683696095993,26.790683696095993,-18.589874662795992,-18.589874662795992,20.90078928978119,2.3109146269851975,3.971149965058426,0.21953688956359377,3.7516130754948325
2024-05-02 00:00:00-04:00,7.8723638518499985,7.8723638518499985,25.755748717803797,25.755748717803797,-17.883384865953797,-17.883384865953797,19.599089689995665,1.7157048240418675,3.7238270410991765,0.16299195828397742,3.560835082815199
2024-05-03 00:00:00-04:00,5.479276580549999,5.479276580549999,26.71172605552359,26.71172605552359,-21.232449474973592,-21.232449474973592,23.194621479603835,1.9621720046302413,4.406978081124729,0.18640634043987292,4.220571740684856
2024-05-04 00:00:00-04:00,9.287923201199998,9.287923201199998,28.28365736122623,28.28365736122623,-18.99573416002623,-18.99573416002623,21.978075788740906,2.9823416287146745,4.175834399860772,0.2833224547278941,3.892511945132878
2024-05-05 00:00:00-04:00,10.63381509045,10.63381509045,28.843546320456145,28.843546320456145,-18.209731230006145,-18.209731230006145,21.33195257155512,3.1222213415489755,4.053070988595473,0.2966110274471527,3.7564599611483205
2024-05-06 00:00:00-04:00,10.959703682399999,10.959703682399999,26.90561023869712,26.90561023869712,-15.94590655629712,-15.94590655629712,19.45151263011059,3.5056060738134702,3.695787399721012,0.3330325770122797,3.3627548227087325
2024-05-07 00:00:00-04:00,7.054004186099999,7.054004186099999,26.024376694099534,26.024376694099534,-18.970372507999535,-18.970372507999535,19.75807176355675,0.7876992555572161,3.7540336350757824,0.07483142927793553,3.679202205797847
2024-05-08 00:00:00-04:00,5.966119226249998,5.966119226249998,25.266636790286622,25.266636790286622,-19.300517564036625,-19.300517564036625,21.689200058163227,2.3886824941266025,4.120948011051013,0.22692483694202725,3.8940231741089857
2024-05-09 00:00:00-04:00,10.397896379099999,10.397896379099999,28.424233655651832,28.424233655651832,-18.026337276551832,-18.026337276551832,20.927651238228872,2.901313961677038,3.976253735263486,0.2756248263593186,3.700628908904167
2024-05-10 00:00:00-04:00,10.047833451899999,10.047833451899999,28.84165250428863,28.84165250428863,-18.79381905238863,-18.79381905238863,21.686784853393057,2.892965801004425,4.120489122144681,0.27483175109542035,3.8456573710492608
2024-05-11 00:00:00-04:00,3.4299044135999988,3.4299044135999988,30.640677656096592,30.640677656096592,-27.210773242496593,-27.210773242496593,27.210773242496593,0.0,5.1700469160743525,0.0,5.1700469160743525
2024-05-12 00:00:00-04:00,5.4445851539999985,5.4445851539999985,27.730320549936994,27.730320549936994,-22.285735395936992,-22.285735395936992,22.411698818741442,0.12596342280444978,4.258222775560874,0.011966525166422728,4.246256250394452
2024-05-13 00:00:00-04:00,9.8425804212,9.8425804212,29.130822572596742,29.130822572596742,-19.288242151396744,-19.288242151396744,21.697753301364926,2.409511149968183,4.1225731272593364,0.2289035592469774,3.893669568012359
2024-05-14 00:00:00-04:00,11.3516718975,11.3516718975,28.38361784988824,28.38361784988824,-17.031945952388238,-17.031945952388238,20.50340388205585,3.4714579296676087,3.8956467375906114,0.32978850331842285,3.5658582342721887
2024-05-15 00:00:00-04:00,11.341717456499998,11.341717456499998,26.821334235797405,26.821334235797405,-15.479616779297407,-15.479616779297407,18.99099796663277,3.5113811873353624,3.6082896136602263,0.3335812127968594,3.274708400863367
2024-05-16 00:00:00-04:00,9.003587764499999,9.003587764499999,24.841494150288685,24.841494150288685,-15.837906385788688,-15.837906385788688,18.228603606045265,2.390697220256577,3.4634346851486004,0.2271162359243748,3.2363184492242256
2024-05-17 00:00:00-04:00,9.3107531673,9.3107531673,25.86034373739874,25.86034373739874,-16.549590570098744,-16.549590570098744,19.63503903609759,3.085448465998849,3.7306574168585422,0.29311760426989064,3.4375398125886516
2024-05-18 00:00:00-04:00,10.408860622799999,10.408860622799999,28.578916179378858,28.578916179378858,-18.17005555657886,-18.17005555657886,21.139056837193237,2.96900128061438,4.016420799066715,0.2820551216583661,3.734365677408349
2024-05-19 00:00:00-04:00,11.154163209299998,11.154163209299998,28.750892951580536,28.750892951580536,-17.596729742280537,-17.596729742280537,20.727814928337043,3.1310851860565077,3.9382848363840384,0.29745309267536824,3.64083174370867
2024-05-20 00:00:00-04:00,6.8230909332,6.8230909332,28.621265257464664,28.621265257464664,-21.798174324264664,-21.798174324264664,23.16577899776429,1.367604673499623,4.4014980095752145,0.1299224439824642,4.271575565592751
2024-05-21 00:00:00-04:00,10.663339497299999,10.663339497299999,25.400710024068605,25.400710024068605,-14.737370526768606,-14.737370526768606,18.01367996919046,3.2763094424218524,3.422599194146187,0.311249397030076,3.111349797116111
2024-05-22 00:00:00-04:00,8.094684334499998,8.094684334499998,28.040233302816564,28.040233302816564,-19.945548968316565,-19.945548968316565,21.75507121096902,1.8095222426524553,4.133463530084114,0.17190461305198326,3.961558917032131
2024-05-23 00:00:00-04:00,10.556377037099999,10.556377037099999,28.986571437456806,28.986571437456806,-18.430194400356807,-18.430194400356807,21.099058715055186,2.6688643146983777,4.008821155860486,0.2535421098963459,3.75527904596414
2024-05-24 00:00:00-04:00,10.576201147199999,10.576201147199999,27.00190288802883,27.00190288802883,-16.42570174082883,-16.42570174082883,19.200840116648052,2.775138375819222,3.64815962216313,0.2636381457028261,3.384521476460304
2024-05-25 00:00:00-04:00,8.511340547699998,8.511340547699998,31.68011527244645,31.68011527244645,-23.168774724746452,-23.168774724746452,25.771122390121143,2.602347665374692,4.896513254123017,0.24722302821059577,4.649290225912422
2024-05-26 00:00:00-04:00,6.0139705661999985,6.0139705661999985,31.53031674076621,31.53031674076621,-25.51634617456621,-25.51634617456621,25.595775155184903,0.07942898061869275,4.8631972794851315,0.007545753158775811,4.855651526326356
2024-05-27 00:00:00-04:00,1.9460815487999987,1.9460815487999987,25.213052113659757,25.213052113659757,-23.266970564859758,-23.266970564859758,23.266970564859758,0.0,4.420724407323354,0.0,4.420724407323354
2024-05-28 00:00:00-04:00,10.364200843499999,10.364200843499999,27.151355412660298,27.151355412660298,-16.7871545691603,-16.7871545691603,19.658979865446288,2.871825296285989,3.735206174434795,0.27282340314716896,3.462382771287626
2024-05-29 00:00:00-04:00,11.4776333046,11.4776333046,26.497745914865614,26.497745914865614,-15.020112610265615,-15.020112610265615,18.77087892072894,3.7507663104633235,3.566466994938499,0.35632279949401574,3.210144195444483
2024-05-30 00:00:00-04:00,11.359461165299999,11.359461165299999,26.898328768663514,26.898328768663514,-15.538867603363514,-15.538867603363514,18.919613839460805,3.380746236097292,3.594726629497553,0.32117089242924274,3.27355573706831
2024-05-31 00:00:00-04:00,11.024644190399998,11.024644190399998,25.51667705450684,25.51667705450684,-14.492032864106841,-14.492032864106841,17.881224060846336,3.389191196739494,3.397432571560804,0.3219731636902519,3.075459407870552
2024-06-01 00:00:00-04:00,6.6044821121999995,6.6044821121999995,29.846321234897452,29.846321234897452,-23.241839122697453,-23.241839122697453,23.686446472281684,0.44460734958423065,4.50042482973352,0.04223769821050191,4.458187131523018
2024-06-02 00:00:00-04:00,6.7469347845,6.7469347845,32.20511955835701,32.20511955835701,-25.458184773857013,-25.458184773857013,26.872097417327325,1.4139126434703115,5.105698509292192,0.1343217011296796,4.971376808162512
2024-06-03 00:00:00-04:00,10.048095481499999,10.048095481499999,26.807942793658512,26.807942793658512,-16.759847312158513,-16.759847312158513,19.48109366289025,2.721246350731735,3.701407795949147,0.2585184033195148,3.4428893926296325
2024-06-04 00:00:00-04:00,5.025606743699998,5.025606743699998,28.372045843473035,28.372045843473035,-23.346439099773036,-23.346439099773036,23.879048691151723,0.5326095913786897,4.537019251318828,0.05059791118097552,4.486421340137852
2024-06-05 00:00:00-04:00,3.617410868099999,3.617410868099999,29.363372169716037,29.363372169716037,-25.74596130161604,-25.74596130161604,25.778503939057643,0.03254263744160224,4.897915748420952,0.003091550556952213,4.894824197864
2024-06-06 00:00:00-04:00,5.556006340199999,5.556006340199999,26.651083739642246,26.651083739642246,-21.095077399442246,-21.095077399442246,21.13648309428308,0.041405694840832674,4.015931787913785,0.003933541009879104,4.0119982469039055
2024-06-07 00:00:00-04:00,3.1379744330999997,3.1379744330999997,27.58343588758867,27.58343588758867,-24.44546145448867,-24.44546145448867,24.44546145448867,0.0,4.644637676352847,0.0,4.644637676352847
2024-06-08 00:00:00-04:00,3.0079851443999988,3.0079851443999988,32.71267538554784,32.71267538554784,-29.704690241147844,-29.704690241147844,29.704690241147844,0.0,5.64389114581809,0.0,5.64389114581809
2024-06-09 00:00:00-04:00,7.227577962899999,7.227577962899999,29.616669605066065,29.616669605066065,-22.389091642166065,-22.389091642166065,24.369307595078503,1.9802159529124368,4.630168443064916,0.1881205155266815,4.442047927538234
2024-06-10 00:00:00-04:00,11.397179976299999,11.397179976299999,27.550874023437373,27.550874023437373,-16.153694047137375,-16.153694047137375,19.509621503521316,3.3559274563839425,3.7068280856690503,0.31881310835647453,3.388014977312576
2024-06-11 00:00:00-04:00,11.031988922099998,11.031988922099998,25.397045061916067,25.397045061916067,-14.365056139816069,-14.365056139816069,18.01517684985063,3.650120710034561,3.4228836014716197,0.3467614674532833,3.0761221340183367
2024-06-12 00:00:00-04:00,9.325936433699999,9.325936433699999,26.321105758831653,26.321105758831653,-16.995169325131656,-16.995169325131656,19.019084498629496,2.0239151734978433,3.6136260547396044,0.19227194148229512,3.4213541132573093
2024-06-13 00:00:00-04:00,7.628441395499999,7.628441395499999,27.341199959958317,27.341199959958317,-19.712758564458316,-19.712758564458316,20.553206567341693,0.8404480028833745,3.905109247794922,0.07984256027392057,3.825266687521001
2024-06-14 00:00:00-04:00,10.9573631577,10.9573631577,29.715607878784965,29.715607878784965,-18.758244721084964,-18.758244721084964,21.611684566586824,2.85343984550186,4.106220067651496,0.2710767853226767,3.83514328232882
2024-06-15 00:00:00-04:00,7.610124050099999,7.610124050099999,28.63782612975312,28.63782612975312,-21.02770207965312,-21.02770207965312,22.44643614707342,1.4187340674202982,4.26482286794395,0.13477973640492832,4.130043131539022
2024-06-16 00:00:00-04:00,5.347995521399999,5.347995521399999,30.077323222758753,30.077323222758753,-24.729327701358756,-24.729327701358756,24.75236459922934,0.023036897870586603,4.702949273853575,0.002188505297705727,4.700760768555869
2024-06-17 00:00:00-04:00,7.196735897999999,7.196735897999999,25.10621477164897,25.10621477164897,-17.90947887364897,-17.90947887364897,18.885178722093855,0.9756998484448856,3.5881839571978325,0.09269148560226413,3.4954924715955684
2024-06-18 00:00:00-04:00,9.109590339599999,9.109590339599999,27.61018899867524,27.61018899867524,-18.500598659075244,-18.500598659075244,20.33908700384532,1.8384883447700784,3.864426530730611,0.17465639275315745,3.6897701379774537
2024-06-19 00:00:00-04:00,9.1097413668,9.1097413668,25.437474842634483,25.437474842634483,-16.32773347583448,-16.32773347583448,18.218967606910887,1.8912341310764045,3.4616038453130686,0.17966724245225843,3.28193660286081
2024-06-20 00:00:00-04:00,3.8587357232999993,3.8587357232999993,27.965202538397193,27.965202538397193,-24.106466815097193,-24.106466815097193,24.308956022587253,0.20248920749006016,4.618701644291578,0.019236474711555717,4.599465169580022
2024-06-21 00:00:00-04:00,2.664129927599999,2.664129927599999,29.696692727800645,29.696692727800645,-27.032562800200644,-27.032562800200644,27.032562800200644,0.0,5.136186932038123,0.0,5.136186932038123
2024-06-22 00:00:00-04:00,1.350965646899999,1.350965646899999,27.13954425806065,27.13954425806065,-25.78857861116065,-25.78857861116065,25.78857861116065,0.0,4.899829936120523,0.0,4.899829936120523
2024-06-23 00:00:00-04:00,6.022388931299999,6.022388931299999,29.755709568643045,29.755709568643045,-23.73332063734305,-23.73332063734305,24.795842301971284,1.0625216646282354,4.711210037374544,0.10093955813968236,4.610270479234861
2024-06-24 00:00:00-04:00,10.4253509241,10.4253509241,27.492156293176198,27.492156293176198,-17.066805369076196,-17.066805369076196,19.910721045717196,2.8439156766409996,3.783036998686267,0.270171989280895,3.512865009405372
2024-06-25 00:00:00-04:00,7.699257808199999,7.699257808199999,27.149685565136686,27.149685565136686,-19.450427756936683,-19.450427756936683,21.534145468479934,2.0837177115432493,4.091487639011188,0.19795318259660868,3.8935344564145793
2024-06-26 00:00:00-04:00,8.612528417999998,8.612528417999998,28.171053721032546,28.171053721032546,-19.558525303032546,-19.558525303032546,22.410866924747722,2.852341621715175,4.2580647157020675,0.2709724540629416,3.987092261639126
2024-06-27 00:00:00-04:00,11.1021043986,11.1021043986,26.536978676022834,26.536978676022834,-15.434874277422832,-15.434874277422832,18.83376748436409,3.398893206941257,3.578415822029177,0.3228948546594194,3.2555209673697574
2024-06-28 00:00:00-04:00,2.474334634499999,2.474334634499999,25.851891070760683,25.851891070760683,-23.377556436260686,-23.377556436260686,23.377556436260686,0.0,4.441735722889531,0.0,4.441735722889531
2024-06-29 00:00:00-04:00,6.912503811899998,6.912503811899998,31.688782235486084,31.688782235486084,-24.776278423586085,-24.776278423586085,26.59482189718109,1.8185434735950068,5.0530161604644075,0.17276162999152564,4.8802545304728815
2024-06-30 00:00:00-04:00,7.8208904402999995,7.8208904402999995,29.50546698488597,29.50546698488597,-21.684576544585973,-21.684576544585973,23.9094499599198,2.2248734153338314,4.542795492384762,0.21136297445671398,4.331432517928048
2024-07-01 00:00:00-04:00,10.7815219047,10.7815219047,28.734231493639243,28.734231493639243,-17.952709588939243,-17.952709588939243,20.951081872691393,2.9983722837521505,3.980705555811365,0.2848453669564543,3.6958601888549105
2024-07-02 00:00:00-04:00,3.4584380864999993,3.4584380864999993,25.56453443292359,25.56453443292359,-22.10609634642359,-22.10609634642359,22.10609634642359,0.0,4.200158305820483,0.0,4.200158305820483
2024-07-03 00:00:00-04:00,8.6252508855,8.6252508855,24.51090283818207,24.51090283818207,-15.88565195268207,-15.88565195268207,18.78868040486573,2.903028452183661,3.5698492769244887,0.2757877029574478,3.294061573967041
2024-07-04 00:00:00-04:00,8.3326081617,8.3326081617,25.460257447193534,25.460257447193534,-17.127649285493533,-17.127649285493533,19.05794010963449,1.9302908241409555,3.621008620830553,0.18337762829339077,3.437630992537162
2024-07-05 00:00:00-04:00,4.106208799799999,4.106208799799999,28.34827180670977,28.34827180670977,-24.24206300690977,-24.24206300690977,25.148519190997884,0.9064561840881141,4.778218646289598,0.08611333748837084,4.692105308801227
2024-07-06 00:00:00-04:00,10.3692844359,10.3692844359,28.78799736367833,28.78799736367833,-18.41871292777833,-18.41871292777833,21.08442050635106,2.6657075785727273,4.006039896206701,0.2532422199644091,3.752797676242292
2024-07-07 00:00:00-04:00,7.313214575699999,7.313214575699999,30.177836293711852,30.177836293711852,-22.864621718011854,-22.864621718011854,23.52761752012291,0.6629958021110571,4.470247328823353,0.06298460120055042,4.407262727622802
2024-07-08 00:00:00-04:00,3.868120750499999,3.868120750499999,26.424482276285165,26.424482276285165,-22.556361525785167,-22.556361525785167,23.191940690443243,0.635579164658076,4.406468731184217,0.06038002064251722,4.346088710541699
2024-07-09 00:00:00-04:00,9.6412394988,9.6412394988,26.289298703079876,26.289298703079876,-16.648059204279875,-16.648059204279875,19.252870890331902,2.6048116860520274,3.6580454691630613,0.2474571101749426,3.4105883589881185
2024-07-10 00:00:00-04:00,4.004554274999999,4.004554274999999,25.774184920218765,25.774184920218765,-21.76963064521877,-21.76963064521877,22.101747895228176,0.3321172500094085,4.199332100093353,0.031551138750893805,4.1677809613424595
2024-07-11 00:00:00-04:00,10.047292795799999,10.047292795799999,27.259131046018346,27.259131046018346,-17.211838250218346,-17.211838250218346,19.912955314403575,2.701117064185227,3.7834615097366795,0.25660612109759656,3.526855388639083
2024-07-12 00:00:00-04:00,6.371373545999999,6.371373545999999,29.195809436090315,29.195809436090315,-22.824435890090314,-22.824435890090314,23.47573827724058,0.6513023871502646,4.460390272675711,0.061873726779275134,4.3985165458964355
2024-07-13 00:00:00-04:00,8.660676132899999,8.660676132899999,28.215968889789508,28.215968889789508,-19.55529275688951,-19.55529275688951,21.000214681973226,1.4449219250837164,3.990040789574913,0.13726758288295307,3.85277320669196
2024-07-14 00:00:00-04:00,8.137087054199998,8.137087054199998,30.48254044684181,30.48254044684181,-22.34545339264181,-22.34545339264181,24.335466312694,1.9900129200521857,4.62373859941186,0.18905122740495764,4.434687372006902
2024-07-15 00:00:00-04:00,9.517220649899999,9.517220649899999,29.72253375958834,29.72253375958834,-20.20531310968834,-20.20531310968834,22.653272283123247,2.4479591734349047,4.304121733793417,0.23255612147631594,4.071565612317101
2024-07-16 00:00:00-04:00,9.337342454099998,9.337342454099998,27.82556736120696,27.82556736120696,-18.48822490710696,-18.48822490710696,20.69546828305371,2.207243375946747,3.932138973780205,0.20968812071494097,3.722450853065264
2024-07-17 00:00:00-04:00,5.784324280199999,5.784324280199999,27.869627028393452,27.869627028393452,-22.085302748193456,-22.085302748193456,23.081830538754797,0.9965277905613424,4.385547802363411,0.09467014010332753,4.290877662260083
2024-07-18 00:00:00-04:00,10.604708219699999,10.604708219699999,29.39645516825549,29.39645516825549,-18.79174694855549,-18.79174694855549,21.524556517800544,2.7328095692450547,4.089665738382103,0.2596169090782802,3.830048829303823
2024-07-19 00:00:00-04:00,9.5178389067,9.5178389067,28.840857673497617,28.840857673497617,-19.323018766797617,-19.323018766797617,21.619029630491724,2.296010863694107,4.107615629793427,0.21812103205094013,3.889494597742487
2024-07-20 00:00:00-04:00,7.404646849199999,7.404646849199999,28.25418724792267,28.25418724792267,-20.84954039872267,-20.84954039872267,22.119829809445196,1.2702894107225233,4.202767663794587,0.12067749401863971,4.082090169775947
2024-07-21 00:00:00-04:00,10.486535184,10.486535184,28.540363047668922,28.540363047668922,-18.053827863668925,-18.053827863668925,21.16886188188007,3.1150340182111456,4.022083757557213,0.29592823173005883,3.726155525827154
2024-07-22 00:00:00-04:00,9.5189219712,9.5189219712,28.732872399476854,28.732872399476854,-19.213950428276856,-19.213950428276856,21.84835686786704,2.634406439590183,4.151187804894738,0.2502686117610674,3.9009191931336704
2024-07-23 00:00:00-04:00,3.011223662099999,3.011223662099999,25.962854320444613,25.962854320444613,-22.951630658344612,-22.951630658344612,22.951630658344612,0.0,4.360809825085476,0.0,4.360809825085476
2024-07-24 00:00:00-04:00,5.416913747699999,5.416913747699999,26.10392735466572,26.10392735466572,-20.68701360696572,-20.68701360696572,22.030999407527524,1.3439858005618037,4.185889887430229,0.12767865105337137,4.058211236376858
2024-07-25 00:00:00-04:00,10.354162832099998,10.354162832099998,29.083862812181525,29.083862812181525,-18.729699980081524,-18.729699980081524,21.73693579568072,3.007235815599195,4.130017801179337,0.28568740248192354,3.844330398697413
2024-07-26 00:00:00-04:00,9.912758734799999,9.912758734799999,27.84071901031417,27.84071901031417,-17.92796027551417,-17.92796027551417,20.784721920336036,2.856761644821867,3.949097164863847,0.2713923562580774,3.6777048086057698
2024-07-27 00:00:00-04:00,9.745683072299999,9.745683072299999,28.962780967559,28.962780967559,-19.217097895259002,-19.217097895259002,21.81962847731058,2.6025305820515796,4.14572941068901,0.24724040529490007,3.89848900539411
2024-07-28 00:00:00-04:00,9.693993502799998,9.693993502799998,28.60246387623462,28.60246387623462,-18.90847037343462,-18.90847037343462,21.393182726793057,2.484712353358438,4.064704718090681,0.23604767356905162,3.8286570445216292
2024-07-29 00:00:00-04:00,6.139191992399998,6.139191992399998,26.581081622258516,26.581081622258516,-20.44188962985852,-20.44188962985852,21.180024141346014,0.7381345114874951,4.024204586855743,0.07012277859131204,3.954081808264431
2024-07-30 00:00:00-04:00,7.867179081,7.867179081,26.969326928219665,26.969326928219665,-19.102147847219666,-19.102147847219666,21.181289919395812,2.079142072176147,4.024445084685205,0.19751849685673395,3.8269265878284706
2024-07-31 00:00:00-04:00,9.2074443471,9.2074443471,25.95887326467755,25.95887326467755,-16.75142891757755,-16.75142891757755,19.473026470919404,2.7215975533418537,3.6998750294746867,0.2585517675674761,3.4413232619072107
2024-08-01 00:00:00-04:00,6.285396893849999,6.285396893849999,27.16965945440457,27.16965945440457,-20.88426256055457,-20.88426256055457,21.63480641063891,0.7505438500843372,4.110613218021393,0.07130166575801204,4.0393115522633805
2024-08-02 00:00:00-04:00,8.251132942799998,8.251132942799998,28.61913059602568,28.61913059602568,-20.367997653225682,-20.367997653225682,22.176954428765434,1.8089567755397518,4.213621341465433,0.17185089367627643,4.0417704477891565
2024-08-03 00:00:00-04:00,9.872046036899999,9.872046036899999,27.873797291597498,27.873797291597498,-18.0017512546975,-18.0017512546975,20.84303438174198,2.8412831270444796,3.9601765325309763,0.2699218970692256,3.6902546354617507
2024-08-04 00:00:00-04:00,3.7482061823999993,3.7482061823999993,32.95970661077203,32.95970661077203,-29.211500428372034,-29.211500428372034,29.316050779477766,0.10455035110573263,5.570049648100776,0.0099322833550446,5.560117364745731
2024-08-05 00:00:00-04:00,7.647448712399999,7.647448712399999,24.92398023238624,24.92398023238624,-17.27653151998624,-17.27653151998624,19.62826587633412,2.3517343563478783,3.7293705165034825,0.22341476385304845,3.505955752650434
2024-08-06 00:00:00-04:00,10.008505002149999,10.008505002149999,25.445176149689715,25.445176149689715,-15.436671147539716,-15.436671147539716,18.69782641107295,3.2611552635332317,3.5525870181038606,0.309809750035657,3.2427772680682034
2024-08-07 00:00:00-04:00,9.233466091199999,9.233466091199999,28.06010508066677,28.06010508066677,-18.826638989466773,-18.826638989466773,21.35172905062768,2.525090061160908,4.056828519619259,0.23988355581028625,3.816944963808973
2024-08-08 00:00:00-04:00,9.189939049649999,9.189939049649999,24.89682701714033,24.89682701714033,-15.70688796749033,-15.70688796749033,18.42987964847306,2.722991680982731,3.5016771332098817,0.2586842096933594,3.2429929235165225
2024-08-09 00:00:00-04:00,7.651108651499999,7.651108651499999,27.46069181890635,27.46069181890635,-19.809583167406355,-19.809583167406355,20.699390659270453,0.8898074918640975,3.932884225261386,0.08453171172708926,3.8483525135342966
2024-08-10 00:00:00-04:00,7.373903191199999,7.373903191199999,29.708853611971453,29.708853611971453,-22.334950420771452,-22.334950420771452,23.72863840885711,1.3936879880856532,4.50844129768285,0.13240035886813706,4.376040938814713
2024-08-11 00:00:00-04:00,6.936443580599999,6.936443580599999,31.736097116889315,31.736097116889315,-24.799653536289316,-24.799653536289316,25.835280216059324,1.0356266797700062,4.908703241051271,0.09838453457815059,4.8103187064731205
2024-08-12 00:00:00-04:00,9.572517287099998,9.572517287099998,28.941451962393966,28.941451962393966,-19.368934675293968,-19.368934675293968,21.962415907679098,2.5934812323851295,4.172859022459028,0.24638071707658732,3.926478305382441
2024-08-13 00:00:00-04:00,9.174430792349998,9.174430792349998,25.960259174612418,25.960259174612418,-16.78582838226242,-16.78582838226242,19.49601607336522,2.7101876911028007,3.7042430539393916,0.2574678306547661,3.4467752232846256
2024-08-14 00:00:00-04:00,9.725894918099998,9.725894918099998,26.621820637246635,26.621820637246635,-16.895925719146636,-16.895925719146636,19.827387223916617,2.9314615047699815,3.7672035725441573,0.27848884295314824,3.488714729591009
2024-08-15 00:00:00-04:00,9.521694376299237,9.521694376299237,29.533805685866618,29.533805685866618,-20.01211130956738,-20.01211130956738,22.474027601113537,2.4619162915461565,4.2700652442115725,0.23388204769688486,4.0361831965146875
2024-08-16 00:00:00-04:00,1.4880814222499992,1.4880814222499992,28.72010941981754,28.72010941981754,-27.232027997567542,-27.232027997567542,27.232027997567542,0.0,5.174085319537833,0.0,5.174085319537833
2024-08-17 00:00:00-04:00,3.077081289899999,3.077081289899999,32.54010051678418,32.54010051678418,-29.46301922688418,-29.46301922688418,29.46301922688418,0.0,5.597973653107995,0.0,5.597973653107995
2024-08-18 00:00:00-04:00,2.8586832686999992,2.8586832686999992,30.423737926597926,30.423737926597926,-27.565054657897928,-27.565054657897928,27.837877445464745,0.272822787566818,5.289196714638302,0.02591816481884771,5.2632785498194545
2024-08-19 00:00:00-04:00,6.774838764749999,6.774838764749999,24.756959396545795,24.756959396545795,-17.982120631795798,-17.982120631795798,20.25099669346148,2.268876061665684,3.8476893717576814,0.21554322585823996,3.6321461458994415
2024-08-20 00:00:00-04:00,10.1847415446,10.1847415446,26.568005457253893,26.568005457253893,-16.383263912653895,-16.383263912653895,19.705272514587218,3.322008601933323,3.7440017777715715,0.3155908171836657,3.4284109605879056
2024-08-21 00:00:00-04:00,9.970220650499998,9.970220650499998,28.74754692046238,28.74754692046238,-18.777326269962384,-18.777326269962384,21.575962399270487,2.798636129308105,4.099432855861393,0.26587043228426993,3.833562423577123
2024-08-22 00:00:00-04:00,8.789357947949998,8.789357947949998,28.857256293692807,28.857256293692807,-20.067898345742808,-20.067898345742808,22.119868530914392,2.051970185171586,4.202775020873735,0.19493716759130067,4.007837853282434
2024-08-23 00:00:00-04:00,7.967674295999998,7.967674295999998,28.96334777629515,28.96334777629515,-20.995673480295153,-20.995673480295153,22.685259652010014,1.6895861717148624,4.3101993338819025,0.16051068631291193,4.149688647568991
2024-08-24 00:00:00-04:00,7.299359718749999,7.299359718749999,28.072976127287436,28.072976127287436,-20.77361640853744,-20.77361640853744,22.50780359618343,1.7341871876459924,4.2764826832748515,0.1647477828263693,4.111734900448482
2024-08-25 00:00:00-04:00,9.3730539717,9.3730539717,30.79150514159841,30.79150514159841,-21.41845116989841,-21.41845116989841,23.652787945951083,2.2343367760526696,4.494029709730706,0.21226199372500362,4.281767716005702
2024-08-26 00:00:00-04:00,7.885649083049999,7.885649083049999,28.618434893349274,28.618434893349274,-20.732785810299276,-20.732785810299276,22.25206255154596,1.519276741246684,4.227891884793733,0.14433129041843498,4.083560594375298
2024-08-27 00:00:00-04:00,4.354588259549999,4.354588259549999,26.75352152581927,26.75352152581927,-22.39893326626927,-22.39893326626927,23.03874536305997,0.6398120967906996,4.377361618981395,0.060782149195116465,4.316579469786278
2024-08-28 00:00:00-04:00,1.5691958603999991,1.5691958603999991,28.768553861211544,28.768553861211544,-27.199358000811543,-27.199358000811543,27.199358000811543,0.0,5.167878020154193,0.0,5.167878020154193
2024-08-29 00:00:00-04:00,5.626879000649999,5.626879000649999,29.221318730643066,29.221318730643066,-23.594439729993066,-23.594439729993066,24.746815473674825,1.1523757436817594,4.701894939998217,0.10947569564976714,4.59241924434845
2024-08-30 00:00:00-04:00,2.1517680455999995,2.1517680455999995,24.192991697172747,24.192991697172747,-22.041223651572746,-22.041223651572746,22.041223651572746,0.0,4.187832493798822,0.0,4.187832493798822
2024-08-31 00:00:00-04:00,9.14852117655,9.14852117655,27.558452790298087,27.558452790298087,-18.40993161374809,-18.40993161374809,20.524575855557842,2.1146442418097524,3.89966941255599,0.20089120297192647,3.698778209584064
2024-09-01 00:00:00-04:00,9.5647664133,9.5647664133,28.17641051953683,28.17641051953683,-18.61164410623683,-18.61164410623683,21.617222493480572,3.0055783872437414,4.107272273761309,0.2855299467881554,3.8217423269731534
2024-09-02 00:00:00-04:00,10.0626210117,10.0626210117,25.127991195787402,25.127991195787402,-15.065370184087403,-15.065370184087403,18.28835179953147,3.2229816154440667,3.474786841910979,0.30618325346718633,3.168603588443793
2024-09-03 00:00:00-04:00,8.869582972349999,8.869582972349999,28.71239861050022,28.71239861050022,-19.84281563815022,-19.84281563815022,21.988288915006443,2.1454732768562232,4.1777748938512245,0.20381996130134122,3.973954932549883
2024-09-04 00:00:00-04:00,8.7494188986,8.7494188986,24.58052719199041,24.58052719199041,-15.83110829339041,-15.83110829339041,18.474104732735192,2.6429964393447816,3.5100798992196864,0.25108466173775423,3.2589952374819324
2024-09-05 00:00:00-04:00,7.440704825399999,7.440704825399999,27.307405816463937,27.307405816463937,-19.86670099106394,-19.86670099106394,21.217224146290267,1.3505231552263286,4.031272587795151,0.1282996997465012,3.9029728880486494
2024-09-06 00:00:00-04:00,1.910916472049999,1.910916472049999,25.673008152495846,25.673008152495846,-23.762091680445845,-23.762091680445845,23.762091680445845,0.0,4.514797419284711,0.0,4.514797419284711
2024-09-07 00:00:00-04:00,7.648704214424999,7.648704214424999,31.503191215287156,31.503191215287156,-23.854487000862157,-23.854487000862157,26.48098089655584,2.626493895693686,5.03138637034561,0.24951692009090015,4.781869450254709
2024-09-08 00:00:00-04:00,7.446084202799999,7.446084202799999,27.833326361903687,27.833326361903687,-20.38724215910369,-20.38724215910369,21.569515612955904,1.1822734538522148,4.098207966461621,0.1123159781159604,3.985891988345661
2024-09-09 00:00:00-04:00,6.459467185124999,6.459467185124999,27.341731855251965,27.341731855251965,-20.882264670126965,-20.882264670126965,22.738593838495323,1.8563291683683594,4.320332829314111,0.17635127099499415,4.143981558319117
2024-09-10 00:00:00-04:00,7.727181407999998,7.727181407999998,25.436810317439665,25.436810317439665,-17.709628909439665,-17.709628909439665,19.568581602107912,1.8589526926682445,3.7180305044005033,0.17660050580348322,3.54142999859702
2024-09-11 00:00:00-04:00,2.014425476999999,2.014425476999999,27.787222037770988,27.787222037770988,-25.77279656077099,-25.77279656077099,25.77279656077099,0.0,4.896831346546488,0.0,4.896831346546488
2024-09-12 00:00:00-04:00,8.034744580199998,8.034744580199998,29.182361511941266,29.182361511941266,-21.14761693174127,-21.14761693174127,22.97118615089724,1.8235692191559711,4.364525368670475,0.17323907581981726,4.191286292850657
2024-09-13 00:00:00-04:00,8.517400325099999,8.517400325099999,28.13902830343885,28.13902830343885,-19.621627978338847,-19.621627978338847,21.822073971004574,2.2004459926657267,4.146194054490869,0.20904236930324405,3.937151685187625
2024-09-14 00:00:00-04:00,7.857919187324999,7.857919187324999,29.65139764382598,29.65139764382598,-21.79347845650098,-21.79347845650098,23.4359512636924,1.6424728071914152,4.452830740101556,0.15603491668318445,4.296795823418371
2024-09-15 00:00:00-04:00,9.3563974314,9.3563974314,32.60809325537426,32.60809325537426,-23.25169582397426,-23.25169582397426,25.23751117836188,1.9858153543876194,4.795127123888758,0.18865245866682384,4.606474665221934
2024-09-16 00:00:00-04:00,9.299282797124999,9.299282797124999,25.118108234578663,25.118108234578663,-15.818825437453665,-15.818825437453665,18.388427864473396,2.56960242701973,3.4938012942499452,0.24411223056687434,3.249689063683071
2024-09-17 00:00:00-04:00,9.589700642624999,9.589700642624999,28.729675363440624,28.729675363440624,-19.139974720815626,-19.139974720815626,21.55430491800979,2.414330197194165,4.09531793442186,0.22936136873344568,3.865956565688415
2024-09-18 00:00:00-04:00,9.485101562625,9.485101562625,28.26163410201941,28.26163410201941,-18.77653253939441,-18.77653253939441,21.286540306022168,2.5100077666277585,4.044442658144212,0.23845073782963705,3.805991920314575
2024-09-19 00:00:00-04:00,9.309061484999999,9.309061484999999,29.820156440203537,29.820156440203537,-20.511094955203536,-20.511094955203536,22.582213786294616,2.0711188310910793,4.290620619395977,0.19675628895365255,4.093864330442324
2024-09-20 00:00:00-04:00,2.094492302999999,2.094492302999999,24.811097750956627,24.811097750956627,-22.716605447956628,-22.716605447956628,22.716605447956628,0.0,4.316155035111759,0.0,4.316155035111759
2024-09-21 00:00:00-04:00,7.831546148925,7.831546148925,29.9846335802003,29.9846335802003,-22.1530874312753,-22.1530874312753,24.043383533283773,1.8902961020084712,4.568242871323917,0.17957812969080478,4.388664741633112
2024-09-22 00:00:00-04:00,1.0338462236249994,1.0338462236249994,27.579934705027522,27.579934705027522,-26.546088481402524,-26.546088481402524,26.546088481402524,0.0,5.04375681146648,0.0,5.04375681146648
2024-09-23 00:00:00-04:00,9.855449049825,9.855449049825,28.15736177948365,28.15736177948365,-18.301912729658653,-18.301912729658653,20.91813647991715,2.616223750258497,3.9744459311842584,0.2485412562745572,3.7259046749097013
2024-09-24 00:00:00-04:00,1.1569174508249995,1.1569174508249995,25.817874236088855,25.817874236088855,-24.660956785263853,-24.660956785263853,24.660956785263853,0.0,4.685581789200132,0.0,4.685581789200132
2024-09-25 00:00:00-04:00,5.22856943325,5.22856943325,25.501696003117335,25.501696003117335,-20.273126569867337,-20.273126569867337,21.69306875334809,1.4199421834807548,4.121683063136137,0.13489450743067172,3.9867885557054654
2024-09-26 00:00:00-04:00,9.344561829524999,9.344561829524999,27.485808011794198,27.485808011794198,-18.1412461822692,-18.1412461822692,20.579119574469022,2.437873392199822,3.910032719149114,0.2315979722589831,3.6784347468901313
2024-09-27 00:00:00-04:00,9.360460668824999,9.360460668824999,28.793191846442724,28.793191846442724,-19.432731177617725,-19.432731177617725,21.788757726502737,2.356026548885012,4.13986396803552,0.22382252214407614,3.916041445891444
2024-09-28 00:00:00-04:00,9.314710224525,9.314710224525,28.685862808816974,28.685862808816974,-19.371152584291973,-19.371152584291973,21.631839401557286,2.260686817265313,4.1100494862958845,0.21476524764020474,3.89528423865568
2024-09-29 00:00:00-04:00,9.18794263455,9.18794263455,32.25083935877885,32.25083935877885,-23.06289672422885,-23.06289672422885,24.924930809416963,1.8620340851881139,4.7357368537892235,0.17689323809287083,4.558843615696353
2024-09-30 00:00:00-04:00,8.911254975524999,8.911254975524999,25.707752324417413,25.707752324417413,-16.796497348892416,-16.796497348892416,19.06853513437625,2.2720377854838363,3.6230216755314877,0.21584358962096445,3.407178085910523
2024-10-01 00:00:00-04:00,2.8727151383249994,2.8727151383249994,27.773747226835564,27.773747226835564,-24.90103208851056,-24.90103208851056,25.66840273316682,0.7673706446562552,4.876996519301696,0.07290021124234423,4.804096308059352
2024-10-02 00:00:00-04:00,9.154876512824998,9.154876512824998,28.584774607434877,28.584774607434877,-19.42989809460988,-19.42989809460988,21.742853723012747,2.312955628402866,4.131142207372422,0.21973078469827226,3.9114114226741497
2024-10-03 00:00:00-04:00,8.557003433699998,8.557003433699998,28.564827973767336,28.564827973767336,-20.007824540067336,-20.007824540067336,21.83290896899186,1.8250844289245212,4.148252704108454,0.17338302074782952,3.974869683360624
2024-10-04 00:00:00-04:00,7.512370336124999,7.512370336124999,27.89312120799619,27.89312120799619,-20.380750871871193,-20.380750871871193,22.45826441031638,2.077513538445189,4.267070237960112,0.19736378615229297,4.06970645180782
2024-10-05 00:00:00-04:00,9.311309650125,9.311309650125,29.524240328925064,29.524240328925064,-20.212930678800063,-20.212930678800063,22.40447489731337,2.1915442185133074,4.25685023048954,0.2081967007587642,4.048653529730776
2024-10-06 00:00:00-04:00,4.602569212124999,4.602569212124999,28.113013073076214,28.113013073076214,-23.510443860951213,-23.510443860951213,23.637791987892065,0.12734812694085212,4.491180477699492,0.012098072059380951,4.479082405640112
2024-10-07 00:00:00-04:00,8.036115367499999,8.036115367499999,29.636730394474544,29.636730394474544,-21.600615026974545,-21.600615026974545,22.805732276322864,1.2051172493483198,4.333089132501344,0.11448613868809038,4.218602993813254
2024-10-08 00:00:00-04:00,8.482350290625,8.482350290625,26.415603585551565,26.415603585551565,-17.933253294926566,-17.933253294926566,20.412409575327985,2.479156280401419,3.878357819312317,0.23551984663813483,3.642837972674182
2024-10-09 00:00:00-04:00,8.839743564599999,8.839743564599999,25.281087177172484,25.281087177172484,-16.44134361257248,-16.44134361257248,18.911706834217508,2.4703632216450266,3.5932242985013265,0.23468450605627753,3.358539792445049
2024-10-10 00:00:00-04:00,9.259417635299998,9.259417635299998,24.899851517014923,24.899851517014923,-15.640433881714923,-15.640433881714923,18.13128781041399,2.490853928699068,3.444944683978658,0.23663112322641144,3.208313560752247
2024-10-11 00:00:00-04:00,6.857311901624999,6.857311901624999,28.005420349284307,28.005420349284307,-21.148108447659308,-21.148108447659308,22.54306188456426,1.3949534369049519,4.28318175806721,0.13252057650597043,4.150661181561239
2024-10-12 00:00:00-04:00,5.596970634224999,5.596970634224999,29.612350320304735,29.612350320304735,-24.015379686079736,-24.015379686079736,24.465911752603812,0.4505320665240756,4.648523232994725,0.042800546319787185,4.6057226866749374
2024-10-13 00:00:00-04:00,7.025606236124999,7.025606236124999,30.23619299944693,30.23619299944693,-23.210586763321935,-23.210586763321935,24.560031342836805,1.3494445795148722,4.666405955138993,0.12819723505391287,4.5382087200850805
2024-10-14 00:00:00-04:00,3.6924330437999995,3.6924330437999995,27.30713762280973,27.30713762280973,-23.61470457900973,-23.61470457900973,23.772712110634227,0.15800753162449788,4.516815301020503,0.015010715504327298,4.501804585516176
2024-10-15 00:00:00-04:00,2.1826703799,2.1826703799,28.287746850571725,28.287746850571725,-26.105076470671726,-26.105076470671726,26.105076470671726,0.0,4.959964529427628,0.0,4.959964529427628
2024-10-16 00:00:00-04:00,8.780976533024997,8.780976533024997,29.694632838626084,29.694632838626084,-20.913656305601084,-20.913656305601084,22.956376392797967,2.042720087196882,4.361711514631613,0.19405840828370377,4.16765310634791
2024-10-17 00:00:00-04:00,8.604888586424998,8.604888586424998,26.67302312504732,26.67302312504732,-18.06813453862232,-18.06813453862232,20.174583299103084,2.1064487604807636,3.833170826829586,0.20011263224567255,3.6330581945839135
2024-10-18 00:00:00-04:00,8.394784852499999,8.394784852499999,24.578802341605265,24.578802341605265,-16.184017489105262,-16.184017489105262,18.42193038924536,2.237912900140096,3.5001667739566185,0.2126017255133091,3.287565048443309
2024-10-19 00:00:00-04:00,8.176981459724999,8.176981459724999,29.144684837898104,29.144684837898104,-20.96770337817311,-20.96770337817311,22.81817065876907,1.850467280595963,4.335452425166124,0.17579439165661648,4.1596580335095075
2024-10-20 00:00:00-04:00,6.195698499599999,6.195698499599999,29.170910202050088,29.170910202050088,-22.97521170245009,-22.97521170245009,23.72742113286821,0.7522094304181199,4.50821001524496,0.07145989588972139,4.4367501193552386
2024-10-21 00:00:00-04:00,8.149985499599998,8.149985499599998,28.984600390747055,28.984600390747055,-20.834614891147055,-20.834614891147055,22.29320627910783,1.4585913879607766,4.235709193030488,0.13856618185627378,4.097143011174214
2024-10-22 00:00:00-04:00,5.89684914,5.89684914,26.529863050972107,26.529863050972107,-20.63301391097211,-20.63301391097211,21.235064030369475,0.6020501193973671,4.0346621657702,0.057194761342749874,3.9774674044274505
2024-10-23 00:00:00-04:00,2.6596480598999994,2.6596480598999994,26.072194295619763,26.072194295619763,-23.412546235719763,-23.412546235719763,23.4774717170833,0.0649254813635366,4.460719626245827,0.006167920729535977,4.454551705516291
2024-10-24 00:00:00-04:00,8.6061549978,8.6061549978,25.434861423353865,25.434861423353865,-16.828706425553865,-16.828706425553865,19.030792486342577,2.2020860607887127,3.6158505724050896,0.20919817577492772,3.406652396630162
2024-10-25 00:00:00-04:00,1.7946379034999993,1.7946379034999993,27.098845859767614,27.098845859767614,-25.304207956267614,-25.304207956267614,25.304207956267614,0.0,4.807799511690847,0.0,4.807799511690847
2024-10-26 00:00:00-04:00,7.913272484699999,7.913272484699999,30.468181292742095,30.468181292742095,-22.554908808042097,-22.554908808042097,24.196305827480202,1.6413970194381042,4.597298107221238,0.1559327168466199,4.441365390374618
2024-10-27 00:00:00-04:00,2.375752841999999,2.375752841999999,27.704406739020747,27.704406739020747,-25.328653897020747,-25.328653897020747,25.525595341992766,0.19694144497201704,4.849863114978626,0.01870943727234162,4.8311536777062845
2024-10-28 00:00:00-04:00,7.1169484653,7.1169484653,24.504395095248604,24.504395095248604,-17.387446629948602,-17.387446629948602,18.992193366828136,1.604746736879532,3.608516739697346,0.15245094000355555,3.4560657996937905
2024-10-29 00:00:00-04:00,4.839549443999999,4.839549443999999,25.28281539137918,25.28281539137918,-20.44326594737918,-20.44326594737918,21.4750039343781,1.0317379869989196,4.0802507475318395,0.09801510876489736,3.982235638766942
2024-10-30 00:00:00-04:00,3.8447454950999993,3.8447454950999993,29.963489308113143,29.963489308113143,-26.118743813013143,-26.118743813013143,26.607006765121714,0.4882629521085684,5.055331285373126,0.046384980450314,5.008946304922812
2024-10-31 00:00:00-04:00,0.7204014206999994,0.7204014206999994,26.047811489693267,26.047811489693267,-25.327410068993267,-25.327410068993267,25.327410068993267,0.0,4.812207913108721,0.0,4.812207913108721
2024-11-01 00:00:00-04:00,2.1661157024999995,2.1661157024999995,27.354191212533834,27.354191212533834,-25.188075510033833,-25.188075510033833,25.188075510033833,0.0,4.785734346906429,0.0,4.785734346906429
2024-11-02 00:00:00-04:00,7.441923211199999,7.441923211199999,28.940409878970502,28.940409878970502,-21.498486667770504,-21.498486667770504,22.65019711359958,1.1517104458290772,4.303537451583921,0.10941249235376234,4.194124959230159
2024-11-03 00:00:00-04:00,0.9741653243999993,0.9741653243999993,32.30400288585064,32.30400288585064,-31.329837561450645,-31.329837561450645,31.329837561450645,0.0,5.952669136675623,0.0,5.952669136675623
2024-11-04 00:00:00-05:00,0.7018889786999994,0.7018889786999994,29.712909740071,29.712909740071,-29.011020761371,-29.011020761371,29.011020761371,0.0,5.51209394466049,0.0,5.51209394466049
2024-11-05 00:00:00-05:00,0.6659386001999994,0.6659386001999994,27.691026841278365,27.691026841278365,-27.025088241078365,-27.025088241078365,27.025088241078365,0.0,5.13476676580489,0.0,5.13476676580489
2024-11-06 00:00:00-05:00,2.162455606799999,2.162455606799999,24.074926425128332,24.074926425128332,-21.91247081832833,-21.91247081832833,21.91247081832833,0.0,4.163369455482383,0.0,4.163369455482383
2024-11-07 00:00:00-05:00,6.915458583899999,6.915458583899999,28.55378555323732,28.55378555323732,-21.63832696933732,-21.63832696933732,21.928911985254754,0.290585015917432,4.166493277198403,0.027605576512156043,4.138887700686247
2024-11-08 00:00:00-05:00,6.139668029399999,6.139668029399999,27.109310132274633,27.109310132274633,-20.969642102874634,-20.969642102874634,21.91740482497233,0.9477627220976947,4.164306916744743,0.090037458599281,4.074269458145462
2024-11-09 00:00:00-05:00,7.809728170499999,7.809728170499999,27.883326344787818,27.883326344787818,-20.07359817428782,-20.07359817428782,20.94786046210264,0.874262287814821,3.9800934877995013,0.083054917342408,3.8970385704570933
2024-11-10 00:00:00-05:00,0.5950635083999989,0.5950635083999989,31.526750031558816,31.526750031558816,-30.93168652315882,-30.93168652315882,30.93168652315882,0.0,5.877020439400176,0.0,5.877020439400176
2024-11-11 00:00:00-05:00,0.7831275344999996,0.7831275344999996,27.059231270304057,27.059231270304057,-26.276103735804057,-26.276103735804057,26.276103735804057,0.0,4.9924597098027705,0.0,4.9924597098027705
2024-11-12 00:00:00-05:00,8.143132097699999,8.143132097699999,26.672638021686954,26.672638021686954,-18.529505923986953,-18.529505923986953,19.675730825207268,1.146224901220313,3.738388856789381,0.10889136561592973,3.629497491173451
2024-11-13 00:00:00-05:00,6.7490335970999995,6.7490335970999995,29.951220711555017,29.951220711555017,-23.202187114455015,-23.202187114455015,23.39873017453139,0.1965430600763735,4.4457587331609645,0.018671590707255485,4.427087142453709
2024-11-14 00:00:00-05:00,0.7763475806999993,0.7763475806999993,29.896118121472544,29.896118121472544,-29.119770540772546,-29.119770540772546,29.119770540772546,0.0,5.5327564027467835,0.0,5.5327564027467835
2024-11-15 00:00:00-05:00,2.254630771799999,2.254630771799999,26.62437435461198,26.62437435461198,-24.36974358281198,-24.36974358281198,24.36974358281198,0.0,4.630251280734276,0.0,4.630251280734276
2024-11-16 00:00:00-05:00,4.3036912547999995,4.3036912547999995,31.081951702244524,31.081951702244524,-26.778260447444524,-26.778260447444524,27.029635695810523,0.251375248366,5.135630782203999,0.02388064859477,5.111750133609229
2024-11-17 00:00:00-05:00,0.6818182586999992,0.6818182586999992,32.445849296008355,32.445849296008355,-31.764031037308353,-31.764031037308353,31.764031037308353,0.0,6.0351658970885875,0.0,6.0351658970885875
2024-11-18 00:00:00-05:00,7.4012004314999995,7.4012004314999995,26.094630371346955,26.094630371346955,-18.693429939846954,-18.693429939846954,19.649906173145,0.956476233298043,3.7334821728975496,0.09086524216331408,3.6426169307342353
2024-11-19 00:00:00-05:00,0.4166120357999992,0.4166120357999992,25.23554734463262,25.23554734463262,-24.81893530883262,-24.81893530883262,24.81893530883262,0.0,4.715597708678198,0.0,4.715597708678198
2024-11-20 00:00:00-05:00,0.4555913930999994,0.4555913930999994,28.901764682251613,28.901764682251613,-28.446173289151613,-28.446173289151613,28.446173289151613,0.0,5.404772924938807,0.0,5.404772924938807
2024-11-21 00:00:00-05:00,6.3594186722999995,6.3594186722999995,25.58664013911562,25.58664013911562,-19.22722146681562,-19.22722146681562,19.99645218004269,0.7692307132270706,3.7993259142081115,0.07307691775657171,3.72624899645154
2024-11-22 00:00:00-05:00,1.0310920784999993,1.0310920784999993,25.508114806889928,25.508114806889928,-24.477022728389926,-24.477022728389926,24.477022728389926,0.0,4.650634318394086,0.0,4.650634318394086
2024-11-23 00:00:00-05:00,2.0006374733999994,2.0006374733999994,30.22816349657501,30.22816349657501,-28.227526023175013,-28.227526023175013,28.227526023175013,0.0,5.363229944403253,0.0,5.363229944403253
2024-11-24 00:00:00-05:00,4.894046900099999,4.894046900099999,32.8234645647383,32.8234645647383,-27.929417664638304,-27.929417664638304,28.31050360752385,0.38108594288554576,5.3789956854295315,0.036203164574126846,5.342792520855404
2024-11-25 00:00:00-05:00,0.5087670128999995,0.5087670128999995,28.966530400159957,28.966530400159957,-28.45776338725996,-28.45776338725996,28.45776338725996,0.0,5.406975043579393,0.0,5.406975043579393
2024-11-26 00:00:00-05:00,1.3014688877999994,1.3014688877999994,25.05221822608621,25.05221822608621,-23.750749338286212,-23.750749338286212,23.750749338286212,0.0,4.51264237427438,0.0,4.51264237427438
2024-11-27 00:00:00-05:00,1.9620355409999994,1.9620355409999994,28.25403903436828,28.25403903436828,-26.29200349336828,-26.29200349336828,26.29200349336828,0.0,4.995480663739974,0.0,4.995480663739974
2024-11-28 00:00:00-05:00,3.0535964198999994,3.0535964198999994,27.863638847078228,27.863638847078228,-24.810042427178228,-24.810042427178228,24.858287354649242,0.048244927471011834,4.723074597383356,0.004583268109746124,4.7184913292736095
2024-11-29 00:00:00-05:00,3.4219755800999994,3.4219755800999994,27.2526788807106,27.2526788807106,-23.8307033006106,-23.8307033006106,23.8307033006106,0.0,4.5278336271160144,0.0,4.5278336271160144
2024-11-30 00:00:00-05:00,2.1842491832999995,2.1842491832999995,31.010825423667754,31.010825423667754,-28.826576240367753,-28.826576240367753,28.826576240367753,0.0,5.477049485669873,0.0,5.477049485669873
2024-12-01 00:00:00-05:00,2.927903527799999,2.927903527799999,29.71009484544713,29.71009484544713,-26.782191317647133,-26.782191317647133,26.782191317647133,0.0,5.088616350352956,0.0,5.088616350352956
2024-12-02 00:00:00-05:00,3.9420326415846976,3.9420326415846976,25.85049628035203,25.85049628035203,-21.90846363876733,-21.90846363876733,21.90846363876733,0.0,4.162608091365793,0.0,4.162608091365793
2024-12-03 00:00:00-05:00,2.4140100977999994,2.4140100977999994,28.342274260437005,28.342274260437005,-25.928264162637007,-25.928264162637007,25.928264162637007,0.0,4.926370190901031,0.0,4.926370190901031
2024-12-04 00:00:00-05:00,0.7929224918999993,0.7929224918999993,28.17050131939862,28.17050131939862,-27.37757882749862,-27.37757882749862,27.37757882749862,0.0,5.201739977224738,0.0,5.201739977224738
2024-12-05 00:00:00-05:00,2.3717239181999994,2.3717239181999994,25.332727735716315,25.332727735716315,-22.961003817516318,-22.961003817516318,22.961003817516318,0.0,4.362590725328101,0.0,4.362590725328101
2024-12-06 00:00:00-05:00,1.7127434609999992,1.7127434609999992,28.884146004776607,28.884146004776607,-27.17140254377661,-27.17140254377661,27.17140254377661,0.0,5.162566483317556,0.0,5.162566483317556
2024-12-07 00:00:00-05:00,1.1269751534999997,1.1269751534999997,27.478686557390947,27.478686557390947,-26.351711403890945,-26.351711403890945,26.351711403890945,0.0,5.006825166739279,0.0,5.006825166739279
2024-12-08 00:00:00-05:00,1.6673860934999996,1.6673860934999996,31.46345065998336,31.46345065998336,-29.79606456648336,-29.79606456648336,29.79606456648336,0.0,5.661252267631839,0.0,5.661252267631839
2024-12-09 00:00:00-05:00,1.0440265688999997,1.0440265688999997,26.25325463466757,26.25325463466757,-25.20922806576757,-25.20922806576757,25.20922806576757,0.0,4.789753332495838,0.0,4.789753332495838
2024-12-10 00:00:00-05:00,1.3212150407999992,1.3212150407999992,25.139376132074645,25.139376132074645,-23.818161091274646,-23.818161091274646,23.818161091274646,0.0,4.525450607342183,0.0,4.525450607342183
2024-12-11 00:00:00-05:00,1.6293179024999995,1.6293179024999995,27.836373069918583,27.836373069918583,-26.207055167418584,-26.207055167418584,26.207055167418584,0.0,4.9793404818095315,0.0,4.9793404818095315
2024-12-12 00:00:00-05:00,2.0113824446999997,2.0113824446999997,25.50074667865048,25.50074667865048,-23.489364233950482,-23.489364233950482,23.489364233950482,0.0,4.462979204450591,0.0,4.462979204450591
2024-12-13 00:00:00-05:00,7.0255695708,7.0255695708,25.183306778846458,25.183306778846458,-18.157737208046456,-18.157737208046456,18.99104132721461,0.8333041191681521,3.608297852170776,0.07916389132097444,3.529133960849802
2024-12-14 00:00:00-05:00,2.4595269381,2.4595269381,30.055968015255466,30.055968015255466,-27.596441077155465,-27.596441077155465,27.60212475108127,0.005683673925803268,5.2444037027054415,0.0005399490229513104,5.24386375368249
2024-12-15 00:00:00-05:00,1.2230380673999994,1.2230380673999994,31.196246685668317,31.196246685668317,-29.973208618268316,-29.973208618268316,29.973208618268316,0.0,5.69490963747098,0.0,5.69490963747098
2024-12-16 00:00:00-05:00,0.8860847930999998,0.8860847930999998,25.07126818249778,25.07126818249778,-24.18518338939778,-24.18518338939778,24.18518338939778,0.0,4.595184843985578,0.0,4.595184843985578
2024-12-17 00:00:00-05:00,1.2827498357249996,1.2827498357249996,28.738107325150757,28.738107325150757,-27.455357489425758,-27.455357489425758,27.455357489425758,0.0,5.216517922990894,0.0,5.216517922990894
2024-12-18 00:00:00-05:00,1.4331254372999995,1.4331254372999995,27.50576108591851,27.50576108591851,-26.072635648618512,-26.072635648618512,26.072635648618512,0.0,4.953800773237517,0.0,4.953800773237517
2024-12-19 00:00:00-05:00,1.2522731813999997,1.2522731813999997,26.804387897272335,26.804387897272335,-25.552114715872335,-25.552114715872335,25.552114715872335,0.0,4.854901796015744,0.0,4.854901796015744
2024-12-20 00:00:00-05:00,1.4844178421999994,1.4844178421999994,24.846823801449187,24.846823801449187,-23.362405959249188,-23.362405959249188,23.362405959249188,0.0,4.438857132257346,0.0,4.438857132257346
2024-12-21 00:00:00-05:00,2.4355941651,2.4355941651,32.67383745289691,32.67383745289691,-30.238243287796916,-30.238243287796916,30.288392542572367,0.050149254775452845,5.75479458308875,0.00476417920366802,5.7500304038850825
2024-12-22 00:00:00-05:00,2.9175904241999997,2.9175904241999997,31.933315478109144,31.933315478109144,-29.015725053909144,-29.015725053909144,29.015725053909144,0.0,5.512987760242737,0.0,5.512987760242737
2024-12-23 00:00:00-05:00,0.7841594090249996,0.7841594090249996,26.76013512221072,26.76013512221072,-25.97597571318572,-25.97597571318572,25.97597571318572,0.0,4.935435385505286,0.0,4.935435385505286
2024-12-24 00:00:00-05:00,1.2503114633249997,1.2503114633249997,24.540491885587183,24.540491885587183,-23.290180422262182,-23.290180422262182,23.290180422262182,0.0,4.425134280229814,0.0,4.425134280229814
2024-12-25 00:00:00-05:00,1.3933862777249995,1.3933862777249995,24.993428222705898,24.993428222705898,-23.600041944980898,-23.600041944980898,23.600041944980898,0.0,4.48400796954637,0.0,4.48400796954637
2024-12-26 00:00:00-05:00,3.9513034007999996,3.9513034007999996,25.63433720350717,25.63433720350717,-21.68303380270717,-21.68303380270717,21.744733057758175,0.061699255051006374,4.131499280974054,0.005861429229845606,4.125637851744208
2024-12-27 00:00:00-05:00,0.5763261131999995,0.5763261131999995,26.56593396937406,26.56593396937406,-25.98960785617406,-25.98960785617406,25.98960785617406,0.0,4.938025492673072,0.0,4.938025492673072
2024-12-28 00:00:00-05:00,1.3357555904249996,1.3357555904249996,33.318641388298836,33.318641388298836,-31.982885797873834,-31.982885797873834,31.982885797873834,0.0,6.076748301596028,0.0,6.076748301596028
2024-12-29 00:00:00-05:00,1.0427145173999994,1.0427145173999994,29.872120413635685,29.872120413635685,-28.829405896235684,-28.829405896235684,28.829405896235684,0.0,5.47758712028478,0.0,5.47758712028478
2024-12-30 00:00:00-05:00,1.5161456603249996,1.5161456603249996,27.74643055051811,27.74643055051811,-26.23028489019311,-26.23028489019311,26.502362320839758,0.27207743064664897,5.035448840959554,0.02584735591143165,5.0096014850481225
2024-12-31 00:00:00-05:00,0.8521352630999994,0.8521352630999994,27.43888704718898,27.43888704718898,-26.58675178408898,-26.58675178408898,26.58675178408898,0.0,5.051482838976907,0.0,5.051482838976907
2025-01-01 00:00:00-05:00,2.1768385709249998,2.1768385709249998,24.535072576917862,24.535072576917862,-22.358234005992863,-22.358234005992863,22.692071482952105,0.33383747695924365,4.3114935817609,0.03171456031112815,4.279779021449772
2025-01-02 00:00:00-05:00,2.3577766679249996,2.3577766679249996,25.475159096028722,25.475159096028722,-23.117382428103724,-23.117382428103724,23.117382428103724,0.0,4.392302661339707,0.0,4.392302661339707
2025-01-03 00:00:00-05:00,1.8254590670249995,1.8254590670249995,24.747156328110254,24.747156328110254,-22.921697261085253,-22.921697261085253,22.921697261085253,0.0,4.355122479606198,0.0,4.355122479606198
2025-01-04 00:00:00-05:00,2.0491912757249997,2.0491912757249997,28.217832928794696,28.217832928794696,-26.168641653069695,-26.168641653069695,26.168641653069695,0.0,4.972041914083242,0.0,4.972041914083242
2025-01-05 00:00:00-05:00,2.0402631101249997,2.0402631101249997,29.040863995419322,29.040863995419322,-27.000600885294322,-27.000600885294322,27.000600885294322,0.0,5.130114168205921,0.0,5.130114168205921
2025-01-06 00:00:00-05:00,2.0737617137999997,2.0737617137999997,28.989716923418612,28.989716923418612,-26.915955209618613,-26.915955209618613,26.915955209618613,0.0,5.1140314898275365,0.0,5.1140314898275365
2025-01-07 00:00:00-05:00,3.3518257811999996,3.3518257811999996,29.81430585591105,29.81430585591105,-26.462480074711053,-26.462480074711053,26.462480074711053,0.0,5.0278712141951,0.0,5.0278712141951
2025-01-08 00:00:00-05:00,8.124168058425,8.124168058425,24.700571168585046,24.700571168585046,-16.576403110160047,-16.576403110160047,18.36177070851151,1.7853675983514625,3.488736434617187,0.16960992184338894,3.319126512773798
2025-01-09 00:00:00-05:00,7.8981497685,7.8981497685,25.286871158030145,25.286871158030145,-17.388721389530147,-17.388721389530147,18.884711652236266,1.49599026270612,3.5880952139248907,0.1421190749570814,3.445976138967809
2025-01-10 00:00:00-05:00,1.0906776677249994,1.0906776677249994,25.005607607865628,25.005607607865628,-23.914929940140627,-23.914929940140627,23.914929940140627,0.0,4.543836688626719,0.0,4.543836688626719
2025-01-11 00:00:00-05:00,2.7800036237249994,2.7800036237249994,28.595846666042057,28.595846666042057,-25.815843042317056,-25.815843042317056,25.815843042317056,0.0,4.905010178040241,0.0,4.905010178040241
2025-01-12 00:00:00-05:00,0.8633219240249995,0.8633219240249995,31.411968098255368,31.411968098255368,-30.548646174230367,-30.548646174230367,30.548646174230367,0.0,5.80424277310377,0.0,5.80424277310377
2025-01-13 00:00:00-05:00,2.1142152279,2.1142152279,28.00459230836117,28.00459230836117,-25.89037708046117,-25.89037708046117,25.89037708046117,0.0,4.919171645287623,0.0,4.919171645287623
2025-01-14 00:00:00-05:00,1.4867504639999993,1.4867504639999993,27.321859432135952,27.321859432135952,-25.835108968135952,-25.835108968135952,25.835108968135952,0.0,4.908670703945831,0.0,4.908670703945831
2025-01-15 00:00:00-05:00,2.3733654371999995,2.3733654371999995,26.497380445677784,26.497380445677784,-24.124015008477784,-24.124015008477784,24.124015008477784,0.0,4.583562851610779,0.0,4.583562851610779
2025-01-16 00:00:00-05:00,1.3841569709999995,1.3841569709999995,25.586399848737578,25.586399848737578,-24.20224287773758,-24.20224287773758,24.20224287773758,0.0,4.59842614677014,0.0,4.59842614677014
2025-01-17 00:00:00-05:00,1.1817504881999994,1.1817504881999994,27.586833838228554,27.586833838228554,-26.405083350028555,-26.405083350028555,26.405083350028555,0.0,5.016965836505426,0.0,5.016965836505426
2025-01-18 00:00:00-05:00,2.4523332119999997,2.4523332119999997,28.49885037372746,28.49885037372746,-26.04651716172746,-26.04651716172746,26.04651716172746,0.0,4.948838260728218,0.0,4.948838260728218
2025-01-19 00:00:00-05:00,2.9123141894999995,2.9123141894999995,30.832612193709227,30.832612193709227,-27.920298004209226,-27.920298004209226,27.920298004209226,0.0,5.304856620799753,0.0,5.304856620799753
2025-01-20 00:00:00-05:00,2.3285260835999995,2.3285260835999995,28.199635887180907,28.199635887180907,-25.871109803580907,-25.871109803580907,25.871109803580907,0.0,4.915510862680373,0.0,4.915510862680373
2025-01-21 00:00:00-05:00,3.2516300204999995,3.2516300204999995,28.250813489213318,28.250813489213318,-24.99918346871332,-24.99918346871332,24.99918346871332,0.0,4.749844859055531,0.0,4.749844859055531
2025-01-22 00:00:00-05:00,1.3240194362999993,1.3240194362999993,25.772178519918686,25.772178519918686,-24.448159083618688,-24.448159083618688,24.448159083618688,0.0,4.6451502258875506,0.0,4.6451502258875506
2025-01-23 00:00:00-05:00,3.0656693159999997,3.0656693159999997,24.805570288745084,24.805570288745084,-21.739900972745083,-21.739900972745083,21.739900972745083,0.0,4.130581184821565,0.0,4.130581184821565
2025-01-24 00:00:00-05:00,2.995835155199999,2.995835155199999,26.47723296412005,26.47723296412005,-23.48139780892005,-23.48139780892005,23.49764706374921,0.016249254829159065,4.46455294211235,0.0015436792087701113,4.46300926290358
2025-01-25 00:00:00-05:00,4.128190301699999,4.128190301699999,32.00778751300397,32.00778751300397,-27.87959721130397,-27.87959721130397,28.04497950029198,0.16538228898801066,5.3285461050554765,0.015711317453861014,5.3128347876016155
2025-01-26 00:00:00-05:00,2.6471724236999994,2.6471724236999994,28.25378632336914,28.25378632336914,-25.606613899669142,-25.606613899669142,25.606613899669142,0.0,4.865256640937137,0.0,4.865256640937137
2025-01-27 00:00:00-05:00,2.484279574199999,2.484279574199999,26.34738472379431,26.34738472379431,-23.86310514959431,-23.86310514959431,23.86310514959431,0.0,4.533989978422919,0.0,4.533989978422919
2025-01-28 00:00:00-05:00,1.1900626379999995,1.1900626379999995,24.991550958512573,24.991550958512573,-23.801488320512576,-23.801488320512576,23.801488320512576,0.0,4.522282780897389,0.0,4.522282780897389
2025-01-29 00:00:00-05:00,2.9148947495999993,2.9148947495999993,28.324989867371855,28.324989867371855,-25.410095117771856,-25.410095117771856,25.410095117771856,0.0,4.827918072376653,0.0,4.827918072376653
2025-01-30 00:00:00-05:00,5.0009856219,5.0009856219,26.04584514940227,26.04584514940227,-21.044859527502272,-21.044859527502272,22.393684060943453,1.3488245334411846,4.254799971579256,0.12813833067691255,4.126661640902344
2025-01-31 00:00:00-05:00,4.4029595303999995,4.4029595303999995,29.19968331364019,29.19968331364019,-24.796723783240193,-24.796723783240193,25.471544351974167,0.6748205687339749,4.8395934268750915,0.06410795402972762,4.7754854728453635
2025-02-01 00:00:00-05:00,4.4104411709999995,4.4104411709999995,31.602422178349684,31.602422178349684,-27.191981007349685,-27.191981007349685,27.475931649270137,0.2839506419204516,5.220427013361326,0.026975310982442904,5.1934517023788835
2025-02-02 00:00:00-05:00,2.0028454415999994,2.0028454415999994,27.781604583747765,27.781604583747765,-25.778759142147766,-25.778759142147766,25.778759142147766,0.0,4.897964237008075,0.0,4.897964237008075
2025-02-03 00:00:00-05:00,1.0943394812999991,1.0943394812999991,25.968132650741605,25.968132650741605,-24.873793169441605,-24.873793169441605,24.873793169441605,0.0,4.726020702193905,0.0,4.726020702193905
2025-02-04 00:00:00-05:00,3.7793130443999994,3.7793130443999994,29.243839784641732,29.243839784641732,-25.464526740241734,-25.464526740241734,25.999848922738835,0.5353221824971005,4.939971295320379,0.05085560733722455,4.889115687983154
2025-02-05 00:00:00-05:00,6.172325360999999,6.172325360999999,26.105913951903442,26.105913951903442,-19.933588590903444,-19.933588590903444,20.51601888697968,0.5824302960762332,3.8980435885261393,0.055330878127242154,3.842712710398897
2025-02-06 00:00:00-05:00,1.6078942178999993,1.6078942178999993,28.653338376413952,28.653338376413952,-27.045444158513952,-27.045444158513952,27.045444158513952,0.0,5.138634390117651,0.0,5.138634390117651
2025-02-07 00:00:00-05:00,3.8400912593999994,3.8400912593999994,29.69229931611423,29.69229931611423,-25.852208056714232,-25.852208056714232,25.852208056714232,0.0,4.911919530775704,0.0,4.911919530775704
2025-02-08 00:00:00-05:00,1.4879763395999994,1.4879763395999994,27.36169366244544,27.36169366244544,-25.87371732284544,-25.87371732284544,25.87371732284544,0.0,4.916006291340634,0.0,4.916006291340634
2025-02-09 00:00:00-05:00,3.2701146389999995,3.2701146389999995,30.48984367320748,30.48984367320748,-27.219729034207482,-27.219729034207482,27.219729034207482,0.0,5.171748516499422,0.0,5.171748516499422
2025-02-10 00:00:00-05:00,5.3920752111194235,5.3920752111194235,24.912245587774272,24.912245587774272,-19.52017037665485,-19.52017037665485,20.847220462283975,1.3270500856291234,3.960971887833955,0.12606975813476673,3.8349021296991883
2025-02-11 00:00:00-05:00,4.098575853899999,4.098575853899999,25.05219060297956,25.05219060297956,-20.95361474907956,-20.95361474907956,21.138324089884044,0.18470934080448376,4.016281577077969,0.017547387376425957,3.9987341897015427
2025-02-12 00:00:00-05:00,1.3434421535999992,1.3434421535999992,29.292370005278205,29.292370005278205,-27.948927851678203,-27.948927851678203,27.948927851678203,0.0,5.310296291818859,0.0,5.310296291818859
2025-02-13 00:00:00-05:00,5.2522956495,5.2522956495,27.222696919441667,27.222696919441667,-21.970401269941664,-21.970401269941664,21.970401269941664,0.0,4.1743762412889165,0.0,4.1743762412889165
2025-02-14 00:00:00-05:00,3.091296158099999,3.091296158099999,27.578541424997013,27.578541424997013,-24.487245266897016,-24.487245266897016,24.487245266897016,0.0,4.652576600710433,0.0,4.652576600710433
2025-02-15 00:00:00-05:00,0.9835963838999995,0.9835963838999995,28.22189764295335,28.22189764295335,-27.23830125905335,-27.23830125905335,27.23830125905335,0.0,5.1752772392201365,0.0,5.1752772392201365
2025-02-16 00:00:00-05:00,1.5639565454999995,1.5639565454999995,27.892151902098064,27.892151902098064,-26.328195356598066,-26.328195356598066,26.328195356598066,0.0,5.002357117753633,0.0,5.002357117753633
2025-02-17 00:00:00-05:00,4.451711864399999,4.451711864399999,26.084544342147908,26.084544342147908,-21.63283247774791,-21.63283247774791,21.64327993015773,0.010447452409818814,4.112223186729969,0.0009925079789327874,4.111230678751036
2025-02-18 00:00:00-05:00,3.450459959099999,3.450459959099999,24.341790549622946,24.341790549622946,-20.891330590522944,-20.891330590522944,20.891330590522944,0.0,3.9693528121993595,0.0,3.9693528121993595
2025-02-19 00:00:00-05:00,2.4603206705999994,2.4603206705999994,26.724645916145565,26.724645916145565,-24.264325245545564,-24.264325245545564,24.264325245545564,0.0,4.610221796653657,0.0,4.610221796653657
2025-02-20 00:00:00-05:00,3.7339675568999993,3.7339675568999993,29.54464615650855,29.54464615650855,-25.810678599608547,-25.810678599608547,25.810678599608547,0.0,4.904028933925624,0.0,4.904028933925624
2025-02-21 00:00:00-05:00,7.357935676725,7.357935676725,25.8480952888164,25.8480952888164,-18.4901596120914,-18.4901596120914,19.410272751258876,0.9201131391674772,3.6879518227391865,0.08741074822091033,3.600541074518276
2025-02-22 00:00:00-05:00,1.8578489129999995,1.8578489129999995,28.793866643871688,28.793866643871688,-26.936017730871686,-26.936017730871686,26.936017730871686,0.0,5.11784336886562,0.0,5.11784336886562
2025-02-23 00:00:00-05:00,2.1767457989249994,2.1767457989249994,27.943700035901575,27.943700035901575,-25.766954236976577,-25.766954236976577,25.766954236976577,0.0,4.89572130502555,0.0,4.89572130502555
2025-02-24 00:00:00-05:00,8.542922129099999,8.542922129099999,28.432459900860344,28.432459900860344,-19.889537771760345,-19.889537771760345,21.2857215706115,1.396183798851155,4.044287098416185,0.13263746089085973,3.9116496375253256
2025-02-25 00:00:00-05:00,4.411231101225,4.411231101225,27.52221690221303,27.52221690221303,-23.110985800988033,-23.110985800988033,23.48628498165089,0.37529918066285883,4.462394146513669,0.03565342216297159,4.426740724350698
2025-02-26 00:00:00-05:00,8.4560039478,8.4560039478,29.196244620096437,29.196244620096437,-20.740240672296437,-20.740240672296437,22.485398747345428,1.7451580750489928,4.272225761995632,0.16579001712965433,4.106435744865977
2025-02-27 00:00:00-05:00,2.185297587224999,2.185297587224999,26.374677210281643,26.374677210281643,-24.189379623056645,-24.189379623056645,24.189379623056645,0.0,4.595982128380762,0.0,4.595982128380762
2025-02-28 00:00:00-05:00,2.009926906424999,2.009926906424999,27.64562571094355,27.64562571094355,-25.635698804518547,-25.635698804518547,25.635698804518547,0.0,4.870782772858524,0.0,4.870782772858524
2025-03-01 00:00:00-05:00,6.4301753151,6.4301753151,29.710005323872657,29.710005323872657,-23.27983000877266,-23.27983000877266,24.41125168820934,1.1314216794366803,4.638137820759774,0.10748505954648463,4.53065276121329
2025-03-02 00:00:00-05:00,8.051736905999999,8.051736905999999,29.64797499191494,29.64797499191494,-21.59623808591494,-21.59623808591494,23.04662968458585,1.4503915986709086,4.378859640071311,0.13778720187373633,4.241072438197574
2025-03-03 00:00:00-05:00,5.570087563799999,5.570087563799999,27.90337705715668,27.90337705715668,-22.333289493356677,-22.333289493356677,23.36323807639505,1.02994858303837,4.439015234515059,0.09784511538864514,4.3411701191264145
2025-03-04 00:00:00-05:00,1.010598244199999,1.010598244199999,24.464659432659655,24.464659432659655,-23.454061188459654,-23.454061188459654,23.454061188459654,0.0,4.456271625807334,0.0,4.456271625807334
2025-03-05 00:00:00-05:00,2.6760278204999985,2.6760278204999985,24.817677777130505,24.817677777130505,-22.141649956630506,-22.141649956630506,22.58589430322837,0.44424434659786216,4.29131991761339,0.04220321292679691,4.249116704686593
2025-03-06 00:00:00-05:00,5.734608602399999,5.734608602399999,29.641920093537863,29.641920093537863,-23.907311491137865,-23.907311491137865,25.026324776685087,1.119013285547224,4.755001707570167,0.10630626212698627,4.648695445443181
2025-03-07 00:00:00-05:00,8.557803367424999,8.557803367424999,27.61899845594105,27.61899845594105,-19.06119508851605,-19.06119508851605,20.597086166196036,1.5358910776799832,3.9134463715772467,0.1459096523795984,3.7675367191976483
2025-03-08 00:00:00-05:00,8.569526525099999,8.569526525099999,29.25596720180649,29.25596720180649,-20.686440676706493,-20.686440676706493,22.483508305062696,1.7970676283562033,4.271866577961912,0.1707214246938393,4.101145153268073
2025-03-09 00:00:00-05:00,5.679613424924999,5.679613424924999,29.363517795888402,29.363517795888402,-23.683904370963404,-23.683904370963404,24.509412525123643,0.8255081541602401,4.656788379773492,0.07842327464522282,4.578365105128269
2025-03-10 00:00:00-04:00,9.358906521825,9.358906521825,29.266132296519185,29.266132296519185,-19.907225774694183,-19.907225774694183,22.684549121971475,2.7773233472772896,4.31006433317458,0.2638457179913425,4.046218615183237
2025-03-11 00:00:00-04:00,10.2170211732,10.2170211732,25.772505150188277,25.772505150188277,-15.555483976988278,-15.555483976988278,19.296038550997142,3.740554574008863,3.666247324689457,0.355352684530842,3.310894640158615
2025-03-12 00:00:00-04:00,7.476380572724999,7.476380572724999,25.810334563236765,25.810334563236765,-18.333953990511766,-18.333953990511766,21.046755592058762,2.712801601546999,3.998883562491165,0.2577161521469649,3.7411674103442
2025-03-13 00:00:00-04:00,9.7841843433,9.7841843433,25.705120746821922,25.705120746821922,-15.920936403521925,-15.920936403521925,18.959852008718883,3.0389156051969586,3.602371881656588,0.28869698249371106,3.313674899162877
2025-03-14 00:00:00-04:00,8.228111646599999,8.228111646599999,28.13303775001651,28.13303775001651,-19.90492610341651,-19.90492610341651,21.692373246674098,1.7874471432575878,4.121550916868078,0.16980747860947085,3.9517434382586076
2025-03-15 00:00:00-04:00,6.482119883399999,6.482119883399999,32.094595235041815,32.094595235041815,-25.612475351641816,-25.612475351641816,26.88835570027299,1.2758803486311736,5.108787583051868,0.1212086331199615,4.9875789499319065
2025-03-16 00:00:00-04:00,1.8454315346999994,1.8454315346999994,27.558294609627037,27.558294609627037,-25.712863074927036,-25.712863074927036,25.712863074927036,0.0,4.885443984236137,0.0,4.885443984236137
2025-03-17 00:00:00-04:00,8.270486666324999,8.270486666324999,28.16506614412285,28.16506614412285,-19.89457947779785,-19.89457947779785,21.727857422139962,1.8332779443421112,4.128292910206593,0.17416140471250058,3.954131505494092
2025-03-18 00:00:00-04:00,7.944679775699999,7.944679775699999,28.66819856038498,28.66819856038498,-20.72351878468498,-20.72351878468498,22.36945189250181,1.6459331078168322,4.250195859575344,0.15636364524259908,4.093832214332745
2025-03-19 00:00:00-04:00,2.1757025486249995,2.1757025486249995,28.90478449706032,28.90478449706032,-26.729081948435322,-26.729081948435322,26.729081948435322,0.0,5.078525570202712,0.0,5.078525570202712
2025-03-20 00:00:00-04:00,6.038219713724999,6.038219713724999,26.937611250425476,26.937611250425476,-20.899391536700477,-20.899391536700477,22.724055851627664,1.824664314927185,4.3175706118092565,0.17334310991808258,4.144227501891174
2025-03-21 00:00:00-04:00,6.181850957625,6.181850957625,24.92260079593429,24.92260079593429,-18.740749838309288,-18.740749838309288,20.064504872776972,1.3237550344676836,3.8122559258276247,0.12575672827442994,3.6864991975531947
2025-03-22 00:00:00-04:00,5.004191391299999,5.004191391299999,28.530558507399398,28.530558507399398,-23.5263671160994,-23.5263671160994,24.437423575156533,0.9110564590571318,4.643110479279741,0.08655036361042752,4.556560115669313
2025-03-23 00:00:00-04:00,7.371831129524999,7.371831129524999,28.01377607370044,28.01377607370044,-20.641944944175446,-20.641944944175446,22.842874673595308,2.200929729419862,4.340146187983109,0.2090883242948869,4.131057863688222
2025-03-24 00:00:00-04:00,2.5328665304999993,2.5328665304999993,26.766749375050896,26.766749375050896,-24.233882844550894,-24.233882844550894,24.233882844550894,0.0,4.60443774046467,0.0,4.60443774046467
2025-03-25 00:00:00-04:00,3.301247873924999,3.301247873924999,26.887501359518048,26.887501359518048,-23.586253485593048,-23.586253485593048,23.586253485593048,0.0,4.481388162262679,0.0,4.481388162262679
2025-03-26 00:00:00-04:00,10.801799017425,10.801799017425,27.218207474645894,27.218207474645894,-16.416408457220896,-16.416408457220896,20.07710009393888,3.6606916367179854,3.8146490178483874,0.3477657054882086,3.4668833123601788
2025-03-27 00:00:00-04:00,9.990244948725,9.990244948725,25.942781121662694,25.942781121662694,-15.952536172937696,-15.952536172937696,19.22507912969123,3.2725429567535347,3.652765034641334,0.3108915808915858,3.341873453749748
2025-03-28 00:00:00-04:00,1.2058962425999993,1.2058962425999993,27.286351025922404,27.286351025922404,-26.080454783322402,-26.080454783322402,26.080454783322402,0.0,4.955286408831256,0.0,4.955286408831256
2025-03-29 00:00:00-04:00,1.8070033175999987,1.8070033175999987,28.289152726742856,28.289152726742856,-26.48214940914286,-26.48214940914286,26.48214940914286,0.0,5.031608387737143,0.0,5.031608387737143
2025-03-30 00:00:00-04:00,1.6826859884249992,1.6826859884249992,29.10591804143903,29.10591804143903,-27.42323205301403,-27.42323205301403,27.42323205301403,0.0,5.210414090072666,0.0,5.210414090072666
2025-03-31 00:00:00-04:00,4.681364152499999,4.681364152499999,28.056072182031283,28.056072182031283,-23.374708029531284,-23.374708029531284,23.396251396866713,0.021543367335430386,4.445287765404675,0.0020466198968658866,4.443241145507809
2025-04-01 00:00:00-04:00,10.890362453175,10.890362453175,25.46903650770895,25.46903650770895,-14.578674054533948,-14.578674054533948,18.449410447688685,3.8707363931547336,3.50538798506085,0.3677199573496997,3.1376680277111504
2025-04-02 00:00:00-04:00,1.5306534623249992,1.5306534623249992,25.12988856582062,25.12988856582062,-23.599235103495623,-23.599235103495623,23.599235103495623,0.0,4.483854669664169,0.0,4.483854669664169
2025-04-03 00:00:00-04:00,5.429722513274999,5.429722513274999,26.897159611733375,26.897159611733375,-21.467437098458376,-21.467437098458376,22.27998245834053,0.812545359882152,4.233196667084701,0.07719180918880444,4.156004857895896
2025-04-04 00:00:00-04:00,9.1016406405,9.1016406405,27.409144535227156,27.409144535227156,-18.30750389472716,-18.30750389472716,20.58064363341012,2.2731397386829633,3.910322290347923,0.21594827517488152,3.6943740151730413
2025-04-05 00:00:00-04:00,6.7421488157999985,6.7421488157999985,30.529440963619223,30.529440963619223,-23.787292147819226,-23.787292147819226,25.75763580262962,1.970343654810394,4.893950802499628,0.18718264720698743,4.70676815529264
2025-04-06 00:00:00-04:00,10.383226625025,10.383226625025,28.0632090152071,28.0632090152071,-17.6799823901821,-17.6799823901821,21.12243735492969,3.442454964747589,4.013263097436641,0.32703322165102094,3.6862298757856204
2025-04-07 00:00:00-04:00,4.879082642849999,4.879082642849999,25.796395141289207,25.796395141289207,-20.91731249843921,-20.91731249843921,21.65967065223476,0.7423581537955528,4.115337423924604,0.07052402461057752,4.044813399314027
2025-04-08 00:00:00-04:00,10.829909609099998,10.829909609099998,27.29485805049684,27.29485805049684,-16.464948441396842,-16.464948441396842,19.51251613122748,3.047567689830636,3.707378064933221,0.2895189305339104,3.4178591343993103
2025-04-09 00:00:00-04:00,5.3254973124,5.3254973124,25.015779804657072,25.015779804657072,-19.690282492257072,-19.690282492257072,19.93037916302195,0.24009667076487845,3.7867720409741707,0.022809183722663454,3.7639628572515074
2025-04-10 00:00:00-04:00,10.602117329399999,10.602117329399999,27.735599030910365,27.735599030910365,-17.133481701510366,-17.133481701510366,20.35310114431048,3.21961944280011,3.867089217418991,0.30586384706601044,3.5612253703529806
2025-04-11 00:00:00-04:00,11.481169765949998,11.481169765949998,29.003641126498028,29.003641126498028,-17.52247136054803,-17.52247136054803,21.11105984777865,3.5885884872306235,4.0111013710779435,0.34091590628690926,3.670185464791034
2025-04-12 00:00:00-04:00,11.308241638799998,11.308241638799998,29.835515296010424,29.835515296010424,-18.527273657210426,-18.527273657210426,21.665736656875605,3.138462999665178,4.116489964806365,0.2981539849681919,3.818335979838173
2025-04-13 00:00:00-04:00,5.8326043814999995,5.8326043814999995,31.56791328527718,31.56791328527718,-25.735308903777177,-25.735308903777177,26.655426173308893,0.9201172695317149,5.06453097292869,0.08741114060551292,4.977119832323178
2025-04-14 00:00:00-04:00,8.9257298868,8.9257298868,25.334162618686445,25.334162618686445,-16.408432731886446,-16.408432731886446,19.657984117198996,3.2495513853125484,3.735016982267809,0.3087073816046921,3.4263096006631173
2025-04-15 00:00:00-04:00,4.3047728046,4.3047728046,28.179460952878333,28.179460952878333,-23.874688148278334,-23.874688148278334,23.982291367313362,0.10760321903502912,4.556635359789539,0.010222305808327767,4.546413053981211
2025-04-16 00:00:00-04:00,11.31449934915,11.31449934915,26.194949491032883,26.194949491032883,-14.880450141882884,-14.880450141882884,18.779137284145232,3.898687142262347,3.568036083987594,0.37037527851492297,3.197660805472671
2025-04-17 00:00:00-04:00,9.7080517062,9.7080517062,24.78118509307068,24.78118509307068,-15.07313338687068,-15.07313338687068,18.759744389694074,3.6866110028233936,3.5643514340418743,0.3502280452682224,3.214123388773652
2025-04-18 00:00:00-04:00,6.4437800980499995,6.4437800980499995,27.978430658867833,27.978430658867833,-21.534650560817834,-21.534650560817834,23.520322148975513,1.98567158815768,4.468861208305348,0.1886388008749796,4.280222407430368
2025-04-19 00:00:00-04:00,6.035725886399999,6.035725886399999,30.25856018348348,30.25856018348348,-24.22283429708348,-24.22283429708348,24.964516889809385,0.741682592725906,4.743258209063783,0.07045984630896107,4.672798362754822
2025-04-20 00:00:00-04:00,10.48758262605,10.48758262605,27.656497750251685,27.656497750251685,-17.168915124201686,-17.168915124201686,20.562748179404824,3.3938330552031384,3.906922154086917,0.32241414024429815,3.5845080138426186
2025-04-21 00:00:00-04:00,3.158649404999999,3.158649404999999,25.98301636531284,25.98301636531284,-22.82436696031284,-22.82436696031284,22.82436696031284,0.0,4.33662972245944,0.0,4.33662972245944
2025-04-22 00:00:00-04:00,10.244998484099998,10.244998484099998,29.108458710381033,29.108458710381033,-18.863460226281035,-18.863460226281035,21.998987438965955,3.135527212684918,4.179807613403532,0.2978750852050672,3.8819325281984645
2025-04-23 00:00:00-04:00,6.780035076749999,6.780035076749999,26.305419082194096,26.305419082194096,-19.525384005444096,-19.525384005444096,20.72049104377506,1.195107038330962,3.936893298317261,0.1135351686414414,3.8233581296758197
2025-04-24 00:00:00-04:00,4.234502686949999,4.234502686949999,25.122807446395,25.122807446395,-20.888304759445,-20.888304759445,21.01429526901819,0.12599050957318975,3.9927161011134564,0.011969098409453026,3.9807470027040033
2025-04-25 00:00:00-04:00,2.329154021249999,2.329154021249999,26.95154687807901,26.95154687807901,-24.622392856829013,-24.622392856829013,24.622392856829013,0.0,4.678254642797513,0.0,4.678254642797513
2025-04-26 00:00:00-04:00,10.246816224,10.246816224,31.790490248851686,31.790490248851686,-21.543674024851686,-21.543674024851686,24.195529934407272,2.6518559095555863,4.597150687537382,0.2519263114077807,4.345224376129601
2025-04-27 00:00:00-04:00,10.716997786649998,10.716997786649998,29.87442194187519,29.87442194187519,-19.157424155225193,-19.157424155225193,22.04032062537447,2.882896470149277,4.187660918821149,0.2738751646641813,3.913785754156968
2025-04-28 00:00:00-04:00,7.731574557749998,7.731574557749998,27.334511935738412,27.334511935738412,-19.602937377988415,-19.602937377988415,20.52791566691802,0.9249782889296052,3.9003039767144236,0.0878729374483125,3.812431039266111
2025-04-29 00:00:00-04:00,7.320702333149999,7.320702333149999,25.208529266411503,25.208529266411503,-17.887826933261504,-17.887826933261504,19.455766122990898,1.5679391897293924,3.6965955633682706,0.1489542230242923,3.5476413403439784
2025-04-30 00:00:00-04:00,9.334494839699998,9.334494839699998,27.652953868640356,27.652953868640356,-18.31845902894036,-18.31845902894036,20.89010921902748,2.5716501900871194,3.9691207516152214,0.24430676805827634,3.724813983556945
2025-05-01 00:00:00-04:00,0.8867865757499988,0.8867865757499988,30.079782671490296,30.079782671490296,-29.192996095740295,-29.192996095740295,29.192996095740295,0.0,5.546669258190656,0.0,5.546669258190656
2025-05-02 00:00:00-04:00,2.478935063249999,2.478935063249999,28.903657211992765,28.903657211992765,-26.424722148742763,-26.424722148742763,26.424722148742763,0.0,5.020697208261125,0.0,5.020697208261125
2025-05-03 00:00:00-04:00,10.05642535815,10.05642535815,29.071036073102654,29.071036073102654,-19.014610714952656,-19.014610714952656,22.26031362831359,3.2457029133609323,4.229459589379582,0.3083417767692886,3.9211178126102935
2025-05-04 00:00:00-04:00,11.026267102349998,11.026267102349998,28.472098182327606,28.472098182327606,-17.44583107997761,-17.44583107997761,20.88341105005679,3.43757997007918,3.96784809951079,0.3265700971575221,3.6412780023532676
2025-05-05 00:00:00-04:00,8.672719505849999,8.672719505849999,29.772999333305606,29.772999333305606,-21.100279827455605,-21.100279827455605,22.65758239369304,1.5573025662374351,4.304940654801678,0.14794374379255634,4.156996911009122
2025-05-06 00:00:00-04:00,2.947973458049999,2.947973458049999,28.11071091628984,28.11071091628984,-25.162737458239842,-25.162737458239842,25.17411790829105,0.011380450051206248,4.7830824025753,0.0010811427548645936,4.782001259820435
2025-05-07 00:00:00-04:00,9.383733819,9.383733819,26.853737606405513,26.853737606405513,-17.470003787405513,-17.470003787405513,20.761829962353342,3.2918261749478277,3.9447476928471352,0.3127234866200436,3.6320242062270918
2025-05-08 00:00:00-04:00,11.241686625299998,11.241686625299998,28.314812888456807,28.314812888456807,-17.07312626315681,-17.07312626315681,20.63648283159302,3.5633565684362134,3.920931738002674,0.33851887400144026,3.582412864001234
2025-05-09 00:00:00-04:00,11.141941304249999,11.141941304249999,27.075771746969487,27.075771746969487,-15.93383044271949,-15.93383044271949,19.59708674469676,3.663256301977271,3.7234464814923847,0.3480093486878407,3.375437132804544
2025-05-10 00:00:00-04:00,10.75500892935,10.75500892935,30.48194998832463,30.48194998832463,-19.72694105897463,-19.72694105897463,22.88747566071067,3.16053460173604,4.3486203755350274,0.3002507871649238,4.048369588370104
2025-05-11 00:00:00-04:00,10.671072661799998,10.671072661799998,30.563475328797356,30.563475328797356,-19.89240266699736,-19.89240266699736,22.802107246658128,2.9097045796607697,4.332400376865045,0.27642193506777313,4.055978441797271
2025-05-12 00:00:00-04:00,10.954856788199999,10.954856788199999,29.286393103095076,29.286393103095076,-18.33153631489508,-18.33153631489508,21.541986999579304,3.2104506846842247,4.092977529920068,0.30499281504500136,3.787984714875067
2025-05-13 00:00:00-04:00,9.4255132653,9.4255132653,28.366775757427654,28.366775757427654,-18.941262492127652,-18.941262492127652,21.311572903221165,2.3703104110935134,4.049198851612021,0.22517948905388377,3.8240193625581376
2025-05-14 00:00:00-04:00,5.230929572099999,5.230929572099999,29.327422538879592,29.327422538879592,-24.096492966779593,-24.096492966779593,24.66106085807441,0.5645678912948157,4.685601563034138,0.05363394967300749,4.63196761336113
2025-05-15 00:00:00-04:00,10.626441815699998,10.626441815699998,27.685298336716162,27.685298336716162,-17.058856521016164,-17.058856521016164,20.242761168279944,3.1839046472637804,3.8461246219731895,0.30247094149005915,3.5436536804831302
2025-05-16 00:00:00-04:00,9.675995602499999,9.675995602499999,27.183539308779988,27.183539308779988,-17.50754370627999,-17.50754370627999,19.881639302447105,2.3740955961671175,3.77751146746495,0.22553908163587616,3.5519723858290737
2025-05-17 00:00:00-04:00,2.449657665899999,2.449657665899999,30.10712122705617,30.10712122705617,-27.65746356115617,-27.65746356115617,27.65746356115617,0.0,5.254918076619672,0.0,5.254918076619672
2025-05-18 00:00:00-04:00,4.014984121199999,4.014984121199999,32.45101051706822,32.45101051706822,-28.43602639586822,-28.43602639586822,28.61812894912235,0.18210255325413505,5.437444500333247,0.01729974255914283,5.420144757774104
2025-05-19 00:00:00-04:00,11.130909291899998,11.130909291899998,28.574567771476854,28.574567771476854,-17.443658479576857,-17.443658479576857,20.899429858227872,3.4557713786510162,3.9708916730632957,0.32829828097184655,3.6425933920914493
2025-05-20 00:00:00-04:00,8.2228004901,8.2228004901,28.663068543682275,28.663068543682275,-20.440268053582276,-20.440268053582276,21.917705724705723,1.4774376711234452,4.1643640876940875,0.1403565787567273,4.02400750893736
2025-05-21 00:00:00-04:00,5.8751365959,5.8751365959,29.08601964671488,29.08601964671488,-23.210883050814882,-23.210883050814882,23.794299791833875,0.5834167410189934,4.520916960448436,0.05542459039680438,4.465492370051631
2025-05-22 00:00:00-04:00,3.1115618450999993,3.1115618450999993,29.592418373390455,29.592418373390455,-26.480856528290456,-26.480856528290456,26.487965322144547,0.007108793854089024,5.032713411207464,0.0006753354161384572,5.032038075791325
2025-05-23 00:00:00-04:00,4.420943857799999,4.420943857799999,28.53706005291685,28.53706005291685,-24.11611619511685,-24.11611619511685,24.11611619511685,0.0,4.582062077072202,0.0,4.582062077072202
2025-05-24 00:00:00-04:00,8.4367703709,8.4367703709,31.705794577988403,31.705794577988403,-23.269024207088403,-23.269024207088403,23.822107880130403,0.5530836730420001,4.526200497224776,0.05254294893899001,4.473657548285786
2025-05-25 00:00:00-04:00,9.3005721207,9.3005721207,31.805543578372404,31.805543578372404,-22.504971457672404,-22.504971457672404,25.252959769420524,2.7479883117481196,4.7980623561899,0.2610588896160714,4.537003466573828
2025-05-26 00:00:00-04:00,11.248705885499998,11.248705885499998,29.30410335613887,29.30410335613887,-18.055397470638873,-18.055397470638873,21.28734083634341,3.231943365704538,4.044594758905248,0.30703461974193114,3.7375601391633166
2025-05-27 00:00:00-04:00,9.658458413999998,9.658458413999998,26.37087525982539,26.37087525982539,-16.71241684582539,-16.71241684582539,18.982668080931557,2.270251235106165,3.606706935376996,0.2156738673350857,3.39103306804191
2025-05-28 00:00:00-04:00,8.591780818799998,8.591780818799998,24.944255455225495,24.944255455225495,-16.352474636425494,-16.352474636425494,18.879827438370338,2.5273528019448452,3.587167213290364,0.2400985161847603,3.3470686971056036
2025-05-29 00:00:00-04:00,6.174514421099999,6.174514421099999,29.131461810448744,29.131461810448744,-22.956947389348745,-22.956947389348745,24.042858649471377,1.0859112601226302,4.568143143399562,0.10316156971164987,4.464981573687912
2025-05-30 00:00:00-04:00,5.361119854199998,5.361119854199998,25.630055806187976,25.630055806187976,-20.268935951987977,-20.268935951987977,21.76818380868671,1.499247856698733,4.135954923650475,0.14242854638637964,3.9935263772640957
2025-05-31 00:00:00-04:00,11.5504516269,11.5504516269,29.28709693911047,29.28709693911047,-17.73664531221047,-17.73664531221047,21.129584104819898,3.3929387926094297,4.01462097991578,0.32232918529789584,3.6922917946178844
2025-06-01 00:00:00-04:00,11.3172765516,11.3172765516,28.572369788356806,28.572369788356806,-17.255093236756807,-17.255093236756807,20.4862529839698,3.231159747212993,3.8923880669542616,0.30696017598523434,3.585427890969027
2025-06-02 00:00:00-04:00,9.4262236137,9.4262236137,29.737112482187786,29.737112482187786,-20.310888868487787,-20.310888868487787,22.354261656219972,2.0433727877321854,4.247309714681795,0.1941204148345576,4.053189299847237
2025-06-03 00:00:00-04:00,7.2889547652,7.2889547652,27.582240255209992,27.582240255209992,-20.293285490009993,-20.293285490009993,21.215461595356466,0.9221761053464756,4.030937703117728,0.08760673000791519,3.943330973109813
2025-06-04 00:00:00-04:00,5.645621405699999,5.645621405699999,28.973792057721163,28.973792057721163,-23.328170652021164,-23.328170652021164,24.294811019055388,0.9666403670342238,4.616014093620524,0.09183083486825126,4.524183258752273
2025-06-05 00:00:00-04:00,10.744640512199998,10.744640512199998,29.402178267653444,29.402178267653444,-18.657537755453443,-18.657537755453443,21.60683450397462,2.949296748521175,4.105298555755178,0.2801831911095116,3.825115364645667
2025-06-06 00:00:00-04:00,6.143680723499999,6.143680723499999,30.25075153352413,30.25075153352413,-24.107070810024133,-24.107070810024133,25.026008324842124,0.9189375148179904,4.754941581720003,0.08729906390770908,4.667642517812294
2025-06-07 00:00:00-04:00,9.081315618299998,9.081315618299998,31.70808162263919,31.70808162263919,-22.626766004339192,-22.626766004339192,24.049248856589344,1.4224828522501518,4.569357282751976,0.13513587096376442,4.4342214117882115
2025-06-08 00:00:00-04:00,8.2942336341,8.2942336341,27.73459036941691,27.73459036941691,-19.440356735316914,-19.440356735316914,21.499857257638133,2.0595005223212204,4.084972878951246,0.19565254962051593,3.8893203293307295
2025-06-09 00:00:00-04:00,5.5611733247999995,5.5611733247999995,26.527592306375748,26.527592306375748,-20.96641898157575,-20.96641898157575,21.118409227814702,0.1519902462389514,4.012497753284793,0.014439073392700385,3.998058679892093
2025-06-10 00:00:00-04:00,5.865701869799999,5.865701869799999,25.3131054854483,25.3131054854483,-19.4474036156483,-19.4474036156483,20.03501164284993,0.5876080272016306,3.8066522121414867,0.05582276258415491,3.7508294495573318
2025-06-11 00:00:00-04:00,9.5040457272,9.5040457272,29.89455856033557,29.89455856033557,-20.39051283313557,-20.39051283313557,22.915628124886215,2.5251152917506445,4.353969343728381,0.23988595271631125,4.11408339101207
2025-06-12 00:00:00-04:00,11.100752651699999,11.100752651699999,28.443007598324694,28.443007598324694,-17.342254946624692,-17.342254946624692,20.532944210085724,3.1906892634610307,3.9012593999162877,0.3031154800287979,3.5981439198874896
2025-06-13 00:00:00-04:00,2.4781437431999986,2.4781437431999986,28.74124584076956,28.74124584076956,-26.263102097569565,-26.263102097569565,26.263102097569565,0.0,4.989989398538217,0.0,4.989989398538217
2025-06-14 00:00:00-04:00,4.130003278799999,4.130003278799999,27.420787753885087,27.420787753885087,-23.290784475085086,-23.290784475085086,23.576596288043174,0.2858118129580857,4.479553294728203,0.027152122231018143,4.452401172497185
2025-06-15 00:00:00-04:00,6.773588379899999,6.773588379899999,28.162711157949623,28.162711157949623,-21.38912277804962,-21.38912277804962,23.023598336443893,1.634475558394271,4.37448368392434,0.15527517804745575,4.2192085058768845
2025-06-16 00:00:00-04:00,7.441138321199999,7.441138321199999,27.805180140132755,27.805180140132755,-20.36404181893276,-20.36404181893276,22.485651348394903,2.1216095294621473,4.272273756195031,0.201552905298904,4.0707208508961275
2025-06-17 00:00:00-04:00,6.724868308199999,6.724868308199999,28.31400072996155,28.31400072996155,-21.58913242176155,-21.58913242176155,22.866714475266296,1.2775820535047455,4.344675750300596,0.12137029508295083,4.223305455217646
2025-06-18 00:00:00-04:00,4.837617488699999,4.837617488699999,25.668649655270084,25.668649655270084,-20.831032166570083,-20.831032166570083,21.394175205811166,0.5631430392410821,4.064893289104122,0.0534985887279028,4.0113947003762185
2025-06-19 00:00:00-04:00,5.720530589099998,5.720530589099998,27.016022007410292,27.016022007410292,-21.295491418310295,-21.295491418310295,22.633216534801548,1.3377251164912534,4.300311141612294,0.12708388606666907,4.173227255545625
2025-06-20 00:00:00-04:00,9.721005723,9.721005723,30.288274989862046,30.288274989862046,-20.56726926686205,-20.56726926686205,22.553537837391175,1.9862685705291265,4.2851721891043235,0.18869551420026703,4.096476674904056
2025-06-21 00:00:00-04:00,4.3083379197,4.3083379197,32.088012012282114,32.088012012282114,-27.779674092582113,-27.779674092582113,28.776387074170575,0.996712981588461,5.46751354409241,0.0946877332509038,5.372825810841506
2025-06-22 00:00:00-04:00,9.3273385437,9.3273385437,30.602704346606252,30.602704346606252,-21.275365802906254,-21.275365802906254,23.401045054421775,2.12567925151552,4.446198560340138,0.20193952889397437,4.2442590314461635
2025-06-23 00:00:00-04:00,9.9733436622,9.9733436622,27.93461868097561,27.93461868097561,-17.96127501877561,-17.96127501877561,20.527792521410017,2.566517502634408,3.9002805790679034,0.24381916275026877,3.6564614163176348
2025-06-24 00:00:00-04:00,3.556070294399999,3.556070294399999,28.54769627490888,28.54769627490888,-24.99162598050888,-24.99162598050888,25.058914180715153,0.0672882002062723,4.761193694335879,0.0063923790195958684,4.754801315316283
2025-06-25 00:00:00-04:00,9.840110361299999,9.840110361299999,27.659267084876486,27.659267084876486,-17.819156723576487,-17.819156723576487,20.591805418833832,2.772648695257346,3.9124430295784283,0.2634016260494479,3.6490414035289804
2025-06-26 00:00:00-04:00,2.324446480799999,2.324446480799999,29.163951151810217,29.163951151810217,-26.839504671010218,-26.839504671010218,26.839504671010218,0.0,5.099505887491942,0.0,5.099505887491942
2025-06-27 00:00:00-04:00,6.934970306699999,6.934970306699999,24.541470752116965,24.541470752116965,-17.606500445416966,-17.606500445416966,19.422262881526652,1.8157624361096865,3.690229947490064,0.1724974314304202,3.517732516059644
2025-06-28 00:00:00-04:00,8.975130693299999,8.975130693299999,30.762508761478873,30.762508761478873,-21.78737806817887,-21.78737806817887,24.487878712858716,2.7005006446798427,4.652696955443156,0.25654756124458505,4.396149394198571
2025-06-29 00:00:00-04:00,7.523601875099999,7.523601875099999,32.2240430555216,32.2240430555216,-24.700441180421603,-24.700441180421603,26.893629427298666,2.1931882468770665,5.109789591186747,0.2083528834533213,4.901436707733425
2025-06-30 00:00:00-04:00,5.563582073099999,5.563582073099999,30.04348937864915,30.04348937864915,-24.47990730554915,-24.47990730554915,25.498561946581276,1.0186546410321249,4.844726769850443,0.09677219089805186,4.747954578952391
2025-07-01 00:00:00-04:00,9.736796945699998,9.736796945699998,28.063014873881585,28.063014873881585,-18.326217928181585,-18.326217928181585,21.041867929602628,2.71565000142104,3.9979549066244995,0.2579867501349988,3.7399681564895007
2025-07-02 00:00:00-04:00,9.7726515984,9.7726515984,26.9882196621235,26.9882196621235,-17.215568063723502,-17.215568063723502,19.993161106049104,2.777593042325604,3.79870061014933,0.26387133902093235,3.5348292711283977
2025-07-03 00:00:00-04:00,10.994320771199998,10.994320771199998,25.531810463886412,25.531810463886412,-14.537489692686414,-14.537489692686414,17.863389307409555,3.325899614723142,3.3940439684078156,0.3159604633986985,3.078083505009117
2025-07-04 00:00:00-04:00,10.118257573499998,10.118257573499998,27.5199587273653,27.5199587273653,-17.4017011538653,-17.4017011538653,20.121929263958574,2.720228110093273,3.823166560152129,0.25842167045886094,3.564744889693268
2025-07-05 00:00:00-04:00,8.638515356399997,8.638515356399997,32.464054542730274,32.464054542730274,-23.82553918633028,-23.82553918633028,25.191066951950233,1.365527765619958,4.786302720870545,0.12972513773389602,4.656577583136649
2025-07-06 00:00:00-04:00,1.5786991340999992,1.5786991340999992,27.562120273289736,27.562120273289736,-25.983421139189737,-25.983421139189737,25.983421139189737,0.0,4.9368500164460505,0.0,4.9368500164460505
2025-07-07 00:00:00-04:00,8.5536360234,8.5536360234,29.150633864923066,29.150633864923066,-20.596997841523066,-20.596997841523066,22.538973334164286,1.9419754926412214,4.282404933491215,0.18448767180091602,4.097917261690299
2025-07-08 00:00:00-04:00,10.336070507399999,10.336070507399999,26.682017672104376,26.682017672104376,-16.345947164704377,-16.345947164704377,19.335095415102213,2.989148250397838,3.6736681288694206,0.2839690837877946,3.389699045081626
2025-07-09 00:00:00-04:00,9.858260101499999,9.858260101499999,29.349800781255407,29.349800781255407,-19.491540679755406,-19.491540679755406,22.201790665602374,2.7102499858469677,4.218340226464451,0.25747374865546196,3.960866477808989
2025-07-10 00:00:00-04:00,10.716808361399998,10.716808361399998,26.092026464149807,26.092026464149807,-15.375218102749809,-15.375218102749809,18.564289445484693,3.1890713427348834,3.5272149946420916,0.3029617775598139,3.2242532170822775
2025-07-11 00:00:00-04:00,6.6552006941999995,6.6552006941999995,26.01092706895615,26.01092706895615,-19.355726374756152,-19.355726374756152,19.769881391377496,0.4141550166213465,3.756277464361724,0.03934472657902792,3.716932737782696
2025-07-12 00:00:00-04:00,5.133788070299999,5.133788070299999,27.393660283342026,27.393660283342026,-22.259872213042026,-22.259872213042026,23.166709733041692,0.9068375199996652,4.401674849277922,0.0861495643999682,4.315525284877953
2025-07-13 00:00:00-04:00,7.361637836399999,7.361637836399999,28.99319693578309,28.99319693578309,-21.63155909938309,-21.63155909938309,22.85260233228892,1.22104323290583,4.341994443134895,0.11599910712605385,4.2259953360088405
2025-07-14 00:00:00-04:00,8.405769481199998,8.405769481199998,28.014458793288934,28.014458793288934,-19.608689312088934,-19.608689312088934,20.898230915616892,1.2895416035279603,3.9706638739672098,0.12250645233515624,3.8481574216320533
2025-07-15 00:00:00-04:00,10.041759567,10.041759567,26.376381342487903,26.376381342487903,-16.334621775487904,-16.334621775487904,19.207301517106128,2.8726797416182244,3.649387288250164,0.2729045754537313,3.3764827127964328
2025-07-16 00:00:00-04:00,6.167328659999999,6.167328659999999,26.5949180761091,26.5949180761091,-20.4275894161091,-20.4275894161091,21.697483497191534,1.269894081082433,4.122521864466392,0.12063993770283114,4.00188192676356
2025-07-17 00:00:00-04:00,6.203448128699999,6.203448128699999,24.997844625690522,24.997844625690522,-18.794396496990522,-18.794396496990522,20.87924706476211,2.08485056777159,3.967056942304801,0.19806080393830106,3.7689961383665
2025-07-18 00:00:00-04:00,10.543951988099998,10.543951988099998,24.8407532557637,24.8407532557637,-14.296801267663701,-14.296801267663701,17.449538641269495,3.1527373736057926,3.315412341841204,0.2995100504925503,3.0159022913486537
2025-07-19 00:00:00-04:00,2.1157116164999987,2.1157116164999987,30.942888091404637,30.942888091404637,-28.82717647490464,-28.82717647490464,28.82717647490464,0.0,5.4771635302318815,0.0,5.4771635302318815
2025-07-20 00:00:00-04:00,10.008226881899999,10.008226881899999,29.784415457963483,29.784415457963483,-19.776188576063486,-19.776188576063486,22.421443980035548,2.6452554039720635,4.260074356206754,0.25129926337734604,4.008775092829408
2025-07-21 00:00:00-04:00,10.472740856999998,10.472740856999998,28.644053981915935,28.644053981915935,-18.171313124915937,-18.171313124915937,21.176342473336216,3.00502934842028,4.023505069933881,0.28547778809992663,3.738027281833954
2025-07-22 00:00:00-04:00,10.062236283299999,10.062236283299999,29.616868771539927,29.616868771539927,-19.55463248823993,-19.55463248823993,22.296984955898075,2.7423524676581468,4.236427141620634,0.26052348442752393,3.9759036571931103
2025-07-23 00:00:00-04:00,8.447148309599998,8.447148309599998,28.18818281559811,28.18818281559811,-19.741034505998112,-19.741034505998112,22.184221577751522,2.4431870717534103,4.215002099772789,0.232102771816574,3.9828993279562153
2025-07-24 00:00:00-04:00,3.570308868599999,3.570308868599999,28.852114893854022,28.852114893854022,-25.28180602525402,-25.28180602525402,25.28180602525402,0.0,4.803543144798264,0.0,4.803543144798264
2025-07-25 00:00:00-04:00,9.9217735137,9.9217735137,28.53366807800723,28.53366807800723,-18.61189456430723,-18.61189456430723,21.40308581355343,2.791191249246202,4.066586304575152,0.2651631686783892,3.8014231358967625
2025-07-26 00:00:00-04:00,5.165641258199999,5.165641258199999,31.261999641178623,31.261999641178623,-26.09635838297862,-26.09635838297862,26.233048505887687,0.1366901229090658,4.984279216118661,0.01298556167636125,4.9712936544423
2025-07-27 00:00:00-04:00,9.935304725699998,9.935304725699998,31.805580226357396,31.805580226357396,-21.8702755006574,-21.8702755006574,24.20157257793864,2.3312970772812447,4.598298789808342,0.22147322234171823,4.376825567466624
2025-07-28 00:00:00-04:00,8.4941615925,8.4941615925,24.788652398499877,24.788652398499877,-16.294490805999878,-16.294490805999878,19.131443064346893,2.8369522583470173,3.6349741822259096,0.2695104645429666,3.365463717682943
2025-07-29 00:00:00-04:00,6.060243976199999,6.060243976199999,28.70205599564987,28.70205599564987,-22.641812019449873,-22.641812019449873,23.753053764697434,1.1112417452475636,4.513080215292512,0.10556796579851854,4.407512249493994
2025-07-30 00:00:00-04:00,3.720230270099999,3.720230270099999,25.144547675251726,25.144547675251726,-21.424317405151726,-21.424317405151726,21.45533416638435,0.031016761232623924,4.076513491613027,0.0029465923170992727,4.073566899295928
2025-07-31 00:00:00-04:00,9.80429197905,9.80429197905,27.74938348460162,27.74938348460162,-17.94509150555162,-17.94509150555162,20.694099533760898,2.749008028209279,3.9318789114145707,0.2611557626798815,3.670723148734689
2025-08-01 00:00:00-04:00,9.88600114755,9.88600114755,26.022167051264905,26.022167051264905,-16.136165903714904,-16.136165903714904,19.184324963979545,3.04815906026464,3.645021743156114,0.2895751107251408,3.355446632430973
2025-08-02 00:00:00-04:00,5.733750455999999,5.733750455999999,29.50784931752479,29.50784931752479,-23.77409886152479,-23.77409886152479,24.29123318267026,0.5171343211454695,4.61533430470735,0.049127760508819604,4.56620654419853
2025-08-03 00:00:00-04:00,8.453841690599997,8.453841690599997,30.125326013085555,30.125326013085555,-21.671484322485558,-21.671484322485558,23.490193796041098,1.8187094735555416,4.463136821247809,0.17277739998777644,4.290359421260033
2025-08-04 00:00:00-04:00,7.941645329399999,7.941645329399999,28.758192562850176,28.758192562850176,-20.81654723345018,-20.81654723345018,22.414487096047292,1.5979398625971146,4.258752548248985,0.1518042869467259,4.106948261302259
2025-08-05 00:00:00-04:00,8.6800789377,8.6800789377,28.710598361313533,28.710598361313533,-20.030519423613534,-20.030519423613534,21.960589868449656,1.930070444836125,4.172512075005435,0.18335669225943188,3.989155382746003
2025-08-06 00:00:00-04:00,9.055589752854333,9.055589752854333,28.32477045608265,28.32477045608265,-19.269180703228315,-19.269180703228315,21.5261596810605,2.2569789778321816,4.089970339401495,0.21441300289405726,3.875557336507437
2025-08-07 00:00:00-04:00,6.293545977149999,6.293545977149999,26.949250236839333,26.949250236839333,-20.655704259689333,-20.655704259689333,21.087734553934897,0.4320302942455641,4.0066695652476305,0.04104287795332859,3.965626687294302
2025-08-08 00:00:00-04:00,5.812672517099998,5.812672517099998,29.365325111011654,29.365325111011654,-23.552652593911656,-23.552652593911656,24.30085278095685,0.748200187045192,4.617162028381801,0.07107901776929323,4.5460830106125085
2025-08-09 00:00:00-04:00,9.035972933399998,9.035972933399998,27.910201534930575,27.910201534930575,-18.874228601530575,-18.874228601530575,21.271219213932717,2.3969906124021425,4.041531650647216,0.22771410817820353,3.8138175424690126
2025-08-10 00:00:00-04:00,6.948526553099999,6.948526553099999,32.63972070717224,32.63972070717224,-25.69119415407224,-25.69119415407224,26.524664897679,0.8334707436067595,5.03968633055901,0.07917972064264216,4.960506609916368
2025-08-11 00:00:00-04:00,5.500226536649999,5.500226536649999,28.217046756224498,28.217046756224498,-22.7168202195745,-22.7168202195745,22.93042095836248,0.21360073878797703,4.356779982088871,0.02029207018485782,4.336487911904014
2025-08-12 00:00:00-04:00,2.8510918825499987,2.8510918825499987,25.362148868810163,25.362148868810163,-22.511056986260165,-22.511056986260165,22.621553625906124,0.11049663964596035,4.298095188922163,0.010497180766366233,4.287598008155797
2025-08-13 00:00:00-04:00,9.118495043549999,9.118495043549999,25.225375875525074,25.225375875525074,-16.106880831975076,-16.106880831975076,18.91604540725033,2.809164575275253,3.5940486273775627,0.2668706346511491,3.327177992726414
2025-08-14 00:00:00-04:00,9.769226858999998,9.769226858999998,26.234426037668655,26.234426037668655,-16.46519917866866,-16.46519917866866,19.420372712776235,2.9551735341075767,3.6898708154274846,0.2807414857402198,3.4091293296872647
2025-08-15 00:00:00-04:00,8.39094152535,8.39094152535,25.367922839902917,25.367922839902917,-16.976981314552916,-16.976981314552916,18.880630641052598,1.903649326499683,3.5873198217999938,0.1808466860174699,3.406473135782524
2025-08-16 00:00:00-04:00,3.592141917749999,3.592141917749999,28.934110497534565,28.934110497534565,-25.341968579784563,-25.341968579784563,25.5329024784309,0.19093389864633425,4.851251470901871,0.018138720371401754,4.833112750530469
2025-08-17 00:00:00-04:00,9.6352463925,9.6352463925,27.990941647980417,27.990941647980417,-18.35569525548042,-18.35569525548042,21.199297068027974,2.843601812547555,4.0278664429253155,0.27014217219201775,3.7577242707332976
2025-08-18 00:00:00-04:00,4.556450063249999,4.556450063249999,24.949866094485927,24.949866094485927,-20.393416031235926,-20.393416031235926,20.533262885105962,0.1398468538700331,3.901319948170133,0.013285451117653144,3.88803449705248
2025-08-19 00:00:00-04:00,2.117094559199999,2.117094559199999,26.2712733981764,26.2712733981764,-24.154178838976403,-24.154178838976403,24.154178838976403,0.0,4.589293979405516,0.0,4.589293979405516
2025-08-20 00:00:00-04:00,9.88178403105,9.88178403105,25.2471459999994,25.2471459999994,-15.3653619689494,-15.3653619689494,18.500831489598976,3.1354695206495755,3.5151579830238053,0.2978696044617097,3.217288378562096
2025-08-21 00:00:00-04:00,7.832847610349999,7.832847610349999,26.263810904769198,26.263810904769198,-18.430963294419197,-18.430963294419197,21.171035371281306,2.740072076862109,4.022496720543448,0.2603068473019004,3.7621898732415477
2025-08-22 00:00:00-04:00,6.197410861199999,6.197410861199999,27.548238318099408,27.548238318099408,-21.35082745689941,-21.35082745689941,22.77229245535117,1.4214649984517638,4.326735566516723,0.13503917485291755,4.191696391663805
2025-08-23 00:00:00-04:00,7.500214284749999,7.500214284749999,27.128944245067235,27.128944245067235,-19.628729960317234,-19.628729960317234,21.920666473549886,2.291936513232651,4.164926629974478,0.21773396875710183,3.947192661217376
2025-08-24 00:00:00-04:00,4.175096043599999,4.175096043599999,31.73772838603905,31.73772838603905,-27.56263234243905,-27.56263234243905,27.71623833035978,0.15360598792073255,5.266085282768358,0.014592568852469592,5.251492713915889
2025-08-25 00:00:00-04:00,8.461516733549999,8.461516733549999,29.517854361813317,29.517854361813317,-21.056337628263318,-21.056337628263318,22.885812527750073,1.8294748994867542,4.348304380272514,0.17380011545124166,4.174504264821272
2025-08-26 00:00:00-04:00,8.342881681949999,8.342881681949999,26.669024790277653,26.669024790277653,-18.326143108327653,-18.326143108327653,20.946143212024,2.6200001036963467,3.9797672102845603,0.24890000985115293,3.730867200433407
2025-08-27 00:00:00-04:00,5.1082617707999995,5.1082617707999995,27.171668445933918,27.171668445933918,-22.06340667513392,-22.06340667513392,22.43911701806936,0.3757103429354442,4.2634322334331785,0.0356924825788672,4.227739750854311
2025-08-28 00:00:00-04:00,5.730108297749999,5.730108297749999,29.340196420442407,29.340196420442407,-23.61008812269241,-23.61008812269241,24.873963087925908,1.263874965233497,4.726052986705922,0.12006812169718223,4.6059848650087405
2025-08-29 00:00:00-04:00,10.3927912596,10.3927912596,25.10546448044343,25.10546448044343,-14.712673220843431,-14.712673220843431,18.01101149388225,3.2983382730388184,3.4220921838376275,0.31334213593868776,3.1087500478989396
2025-08-30 00:00:00-04:00,9.7052554755,9.7052554755,28.789475721054846,28.789475721054846,-19.084220245554846,-19.084220245554846,21.786565816997168,2.702345571442322,4.139447505229462,0.2567228292870206,3.8827246759424416
2025-08-31 00:00:00-04:00,9.725928719399999,9.725928719399999,27.81111919703553,27.81111919703553,-18.085190477635532,-18.085190477635532,20.778061208204132,2.6928707305686013,3.947831629558785,0.25582271940401713,3.692008910154768
2025-09-01 00:00:00-04:00,9.883236809249999,9.883236809249999,25.530389804598,25.530389804598,-15.647152995348,-15.647152995348,18.721596287047404,3.074443291699404,3.557103294539007,0.29207211271144334,3.2650311818275637
2025-09-02 00:00:00-04:00,7.729160347349999,7.729160347349999,29.768523038178905,29.768523038178905,-22.039362690828906,-22.039362690828906,23.256260442182203,1.2168977513532984,4.418689484014618,0.11560528637856335,4.303084197636055
2025-09-03 00:00:00-04:00,2.1552792146999993,2.1552792146999993,29.888688539209053,29.888688539209053,-27.73340932450905,-27.73340932450905,27.73340932450905,0.0,5.26934777165672,0.0,5.26934777165672
2025-09-04 00:00:00-04:00,6.159293785349999,6.159293785349999,25.11320878497108,25.11320878497108,-18.953914999621077,-18.953914999621077,19.865280519687335,0.9113655200662586,3.7744032987405935,0.08657972440629456,3.687823574334299
2025-09-05 00:00:00-04:00,5.111264699999999,5.111264699999999,25.491440038224408,25.491440038224408,-20.380175338224408,-20.380175338224408,21.08317393971943,0.7029986014950205,4.005803048546691,0.06678486714202694,3.9390181814046645
2025-09-06 00:00:00-04:00,2.5047877076999994,2.5047877076999994,27.343967046252732,27.343967046252732,-24.839179338552732,-24.839179338552732,24.839179338552732,0.0,4.719444074325019,0.0,4.719444074325019
2025-09-07 00:00:00-04:00,6.2677917740249995,6.2677917740249995,28.776652684768482,28.776652684768482,-22.508860910743483,-22.508860910743483,23.277524557479506,0.7686636467360233,4.422729665921106,0.07302304643992222,4.349706619481184
2025-09-08 00:00:00-04:00,5.198033875724999,5.198033875724999,25.311391677820556,25.311391677820556,-20.113357802095557,-20.113357802095557,20.113357802095557,0.0,3.821537982398156,0.0,3.821537982398156
2025-09-09 00:00:00-04:00,7.4449037546999985,7.4449037546999985,25.207059616460572,25.207059616460572,-17.762155861760572,-17.762155861760572,19.576585067606874,1.8144292058462996,3.719551162845306,0.17237077455539845,3.547180388289908
2025-09-10 00:00:00-04:00,8.111179406699998,8.111179406699998,26.93329798750755,26.93329798750755,-18.82211858080755,-18.82211858080755,20.563423881477156,1.741305300669603,3.90705053748066,0.1654240035636123,3.7416265339170476
2025-09-11 00:00:00-04:00,3.4082440733249992,3.4082440733249992,26.99454194645279,26.99454194645279,-23.58629787312779,-23.58629787312779,23.58629787312779,0.0,4.48139659589428,0.0,4.48139659589428
2025-09-12 00:00:00-04:00,7.042405028624999,7.042405028624999,29.04141481883451,29.04141481883451,-21.999009790209513,-21.999009790209513,22.72938164351916,0.7303718533096488,4.318582512268641,0.06938532606441664,4.249197186204224
2025-09-13 00:00:00-04:00,4.760444028599999,4.760444028599999,30.770699319689555,30.770699319689555,-26.010255291089553,-26.010255291089553,26.452245398489467,0.4419901073999116,5.025926625712999,0.041989060202991604,4.983937565510007
2025-09-14 00:00:00-04:00,9.0379460259,9.0379460259,30.47598140936145,30.47598140936145,-21.43803538346145,-21.43803538346145,23.689468090369626,2.2514327069081768,4.500998937170229,0.2138861071562768,4.287112830013951
2025-09-15 00:00:00-04:00,9.914691494025,9.914691494025,27.19039045185696,27.19039045185696,-17.27569895783196,-17.27569895783196,20.081219869391187,2.8055209115592277,3.815431775184326,0.2665244865981266,3.548907288586199
2025-09-16 00:00:00-04:00,9.839695573124999,9.839695573124999,28.228349687763167,28.228349687763167,-18.388654114638168,-18.388654114638168,21.054357305972005,2.6657031913338356,4.000327888134681,0.2532418031767144,3.7470860849579664
2025-09-17 00:00:00-04:00,9.221280785325,9.221280785325,26.042469293485834,26.042469293485834,-16.821188508160834,-16.821188508160834,19.320897804507304,2.4997092963464715,3.6709705828563877,0.2374723831529148,3.433498199703473
2025-09-18 00:00:00-04:00,6.607622532824999,6.607622532824999,25.645415397618844,25.645415397618844,-19.037792864793847,-19.037792864793847,21.09866418987779,2.060871325083946,4.00874619607678,0.19578277588297488,3.812963420193805
2025-09-19 00:00:00-04:00,7.4358186725249995,7.4358186725249995,25.385980196899258,25.385980196899258,-17.95016152437426,-17.95016152437426,20.549659703760007,2.599498179385751,3.9044353437144013,0.24695232704164632,3.6574830166727548
2025-09-20 00:00:00-04:00,7.3142073576,7.3142073576,29.496985954504993,29.496985954504993,-22.182778596904996,-22.182778596904996,23.21011321550475,1.0273346185997563,4.409921510945903,0.09759678876697685,4.312324722178927
2025-09-21 00:00:00-04:00,2.0186304002999993,2.0186304002999993,28.891470972902304,28.891470972902304,-26.872840572602303,-26.872840572602303,26.872840572602303,0.0,5.105839708794438,0.0,5.105839708794438
2025-09-22 00:00:00-04:00,3.108901337999999,3.108901337999999,25.375111203512162,25.375111203512162,-22.266209865512163,-22.266209865512163,22.522433377515455,0.2562235120032896,4.279262341727937,0.02434123364031251,4.254921108087625
2025-09-23 00:00:00-04:00,4.048891263224999,4.048891263224999,25.95192481182918,25.95192481182918,-21.90303354860418,-21.90303354860418,22.347637949487428,0.4446044008832459,4.246051210402611,0.04223741808390836,4.203813792318703
2025-09-24 00:00:00-04:00,4.023798872625,4.023798872625,24.743996669247622,24.743996669247622,-20.72019779662262,-20.72019779662262,21.55935811477036,0.8391603181477396,4.096278041806369,0.07972023022403527,4.0165578115823335
2025-09-25 00:00:00-04:00,5.194144028924999,5.194144028924999,28.979981076147112,28.979981076147112,-23.785837047222113,-23.785837047222113,24.28694627716687,0.501109229944757,4.614519792661706,0.04760537684475192,4.566914415816954
2025-09-26 00:00:00-04:00,1.6696843868249995,1.6696843868249995,28.3143478047732,28.3143478047732,-26.6446634179482,-26.6446634179482,26.6446634179482,0.0,5.062486049410158,0.0,5.062486049410158
2025-09-27 00:00:00-04:00,8.554681001699999,8.554681001699999,31.976527528080418,31.976527528080418,-23.421846526380417,-23.421846526380417,25.2608084486153,1.8389619222348852,4.799553605236907,0.1747013826123141,4.624852222624593
2025-09-28 00:00:00-04:00,9.501089331825,9.501089331825,30.101647911191804,30.101647911191804,-20.600558579366805,-20.600558579366805,22.896679664327646,2.296121084960843,4.350369136222253,0.2181315030712801,4.1322376331509725
2025-09-29 00:00:00-04:00,9.404924093324999,9.404924093324999,29.611045625458214,29.611045625458214,-20.206121532133213,-20.206121532133213,22.459780816897837,2.2536592847646224,4.267358355210589,0.21409763205263913,4.053260723157949
2025-09-30 00:00:00-04:00,6.519224009685957,6.519224009685957,28.978206717933197,28.978206717933197,-22.45898270824724,-22.45898270824724,23.35073041690545,0.8917477086582092,4.436638779212036,0.08471603232252987,4.351922746889506
2025-10-01 00:00:00-04:00,6.585766357381276,6.585766357381276,29.747370531354385,29.747370531354385,-23.161604173973107,-23.161604173973107,23.97603715384855,0.8144329798754437,4.555447059231224,0.07737113308816715,4.478075926143057
2025-10-02 00:00:00-04:00,6.708448278305566,6.708448278305566,25.390354279719297,25.390354279719297,-18.68190600141373,-18.68190600141373,19.96487720856402,1.282971207150287,3.7933266696271635,0.12188226467927726,3.671444404947886
2025-10-03 00:00:00-04:00,6.634084056430927,6.634084056430927,27.846037012079798,27.846037012079798,-21.21195295564887,-21.21195295564887,22.180744802357122,0.9687918467082529,4.214341512447853,0.09203522543728403,4.122306287010569
2025-10-04 00:00:00-04:00,6.692486458809964,6.692486458809964,28.53926282833532,28.53926282833532,-21.846776369525358,-21.846776369525358,22.865151649669016,1.0183752801436583,4.344378813437113,0.09674565161364754,4.247633161823465
2025-10-05 00:00:00-04:00,6.596110138197485,6.596110138197485,29.41528640777763,29.41528640777763,-22.819176269580144,-22.819176269580144,23.704395943949894,0.8852196743697516,4.5038352293504795,0.0840958690651264,4.419739360285353
2025-10-06 00:00:00-04:00,6.572290319827844,6.572290319827844,26.312416643356443,26.312416643356443,-19.7401263235286,-19.7401263235286,20.779820995677042,1.039694672148446,3.948165989178638,0.09877099385410236,3.849394995324536
2025-10-07 00:00:00-04:00,6.779991919138398,6.779991919138398,29.74192921380461,29.74192921380461,-22.96193729466621,-22.96193729466621,23.911230453809992,0.9492931591437814,4.5431337862238985,0.09018285011865923,4.452950936105239
2025-10-08 00:00:00-04:00,6.859336710720678,6.859336710720678,26.532852379606112,26.532852379606112,-19.673515668885432,-19.673515668885432,20.827022529039397,1.1535068601539626,3.9571342805174856,0.10958315171462646,3.847551128802859
2025-10-09 00:00:00-04:00,6.861691057231323,6.861691057231323,25.759459175731166,25.759459175731166,-18.89776811849984,-18.89776811849984,20.268722816399364,1.3709546978995244,3.8510573351158794,0.13024069630045482,3.7208166388154247
2025-10-10 00:00:00-04:00,6.810062941267032,6.810062941267032,28.452692379992616,28.452692379992616,-21.642629438725585,-21.642629438725585,22.635809268926227,0.9931798302006435,4.300803761095983,0.09435208386906113,4.206451677226922
2025-10-11 00:00:00-04:00,6.689987770254515,6.689987770254515,31.00928487210745,31.00928487210745,-24.319297101852936,-24.319297101852936,25.207518489769875,0.888221387916938,4.789428513056277,0.08438103185210911,4.705047481204168
2025-10-12 00:00:00-04:00,6.656168621633029,6.656168621633029,28.706241265420374,28.706241265420374,-22.050072643787345,-22.050072643787345,23.004181694139316,0.9541090503519724,4.37079452188647,0.09064035978343737,4.280154162103033
2025-10-13 00:00:00-04:00,6.670072200653014,6.670072200653014,29.89967366473379,29.89967366473379,-23.229601464080776,-23.229601464080776,24.168336887414625,0.9387354233338484,4.591984008608779,0.0891798652167156,4.502804143392063
2025-10-14 00:00:00-04:00,6.436765824734267,6.436765824734267,26.016738094976237,26.016738094976237,-19.57997227024197,-19.57997227024197,20.590742697395104,1.0107704271531321,3.91224111250507,0.09602319057954756,3.8162179219255226
2025-10-15 00:00:00-04:00,6.511296542474982,6.511296542474982,26.07735277347065,26.07735277347065,-19.566056230995667,-19.566056230995667,20.591812949785187,1.0257567187895196,3.9124444604591857,0.09744688828500436,3.8149975721741813
2025-10-16 00:00:00-04:00,6.0423931175501195,6.0423931175501195,27.58339136084886,27.58339136084886,-21.54099824329874,-21.54099824329874,22.463151446534333,0.9221532032355892,4.267998774841523,0.08760455430738098,4.180394220534142
2025-10-17 00:00:00-04:00,5.960062063714425,5.960062063714425,28.630276173043576,28.630276173043576,-22.67021410932915,-22.67021410932915,23.435174866780223,0.7649607574510695,4.452683224688243,0.0726712719578516,4.380011952730391
2025-10-18 00:00:00-04:00,5.885260885812803,5.885260885812803,29.84035807787742,29.84035807787742,-23.955097192064617,-23.955097192064617,24.6079884027413,0.6528912106766802,4.675517796520847,0.06202466501428462,4.613493131506562
2025-10-19 00:00:00-04:00,5.851660523222486,5.851660523222486,28.497439385713115,28.497439385713115,-22.64577886249063,-22.64577886249063,23.389938613145315,0.7441597506546841,4.44408833649761,0.07069517631219499,4.373393160185415
2025-10-20 00:00:00-04:00,5.779430105219361,5.779430105219361,26.49591712870479,26.49591712870479,-20.716487023485428,-20.716487023485428,21.60849622903988,0.8920092055544533,4.1056142835175775,0.08474087452767307,4.020873408989904
2025-10-21 00:00:00-04:00,5.9159732892027685,5.9159732892027685,26.155172283032726,26.155172283032726,-20.23919899382996,-20.23919899382996,21.111946617878413,0.8727476240484568,4.011269857396899,0.0829110242846034,3.9283588331122954
2025-10-22 00:00:00-04:00,5.668007529041321,5.668007529041321,28.662829696289634,28.662829696289634,-22.994822167248312,-22.994822167248312,23.57749496227881,0.5826727950304958,4.479724042832974,0.055353915527897105,4.424370127305076
2025-10-23 00:00:00-04:00,5.538899674099225,5.538899674099225,28.691786537527975,28.691786537527975,-23.15288686342875,-23.15288686342875,23.668121459709027,0.5152345962802771,4.496943077344715,0.04894728664662633,4.447995790698089
2025-10-24 00:00:00-04:00,5.655001361394966,5.655001361394966,24.638539553140035,24.638539553140035,-18.98353819174507,-18.98353819174507,19.75212026606583,0.7685820743207634,3.7529028505525077,0.07301529706047252,3.6798875534920352
2025-10-25 00:00:00-04:00,5.650039317010576,5.650039317010576,31.841674549650175,31.841674549650175,-26.191635232639598,-26.191635232639598,26.596329665228357,0.40469443258875704,5.053302636393388,0.03844597109593192,5.014856665297456
2025-10-26 00:00:00-04:00,5.536337731113915,5.536337731113915,30.930389301353028,30.930389301353028,-25.394051570239114,-25.394051570239114,25.76406605231753,0.37001448207841636,4.895172549940331,0.035151375797449556,4.860021174142881
2025-10-27 00:00:00-04:00,5.338162777355646,5.338162777355646,27.7630673813505,27.7630673813505,-22.424904603994854,-22.424904603994854,22.813326554525773,0.3884219505309215,4.334532045359897,0.03690008530043754,4.297631960059459
2025-10-28 00:00:00-04:00,5.133623071871028,5.133623071871028,27.700585162659333,27.700585162659333,-22.566962090788305,-22.566962090788305,22.921668326659116,0.35470623587081346,4.3551169820652325,0.03369709240772728,4.321419889657506
2025-10-29 00:00:00-04:00,4.990946586249216,4.990946586249216,26.36207381871276,26.36207381871276,-21.371127232463543,-21.371127232463543,21.817437508239323,0.4463102757757809,4.145313126565472,0.04239947619869919,4.102913650366773
2025-10-30 00:00:00-04:00,4.906438368819192,4.906438368819192,24.724463913936074,24.724463913936074,-19.818025545116882,-19.818025545116882,20.218346132146074,0.40032058702919154,3.841485765107754,0.0380304557677732,3.8034553093399808
2025-10-31 00:00:00-04:00,4.827540532483643,4.827540532483643,27.679080395133028,27.679080395133028,-22.851539862649386,-22.851539862649386,23.081790590083674,0.23025072743428876,4.385540212115898,0.021873819106257433,4.36366639300964
2025-11-01 00:00:00-04:00,4.885072083402634,4.885072083402634,31.137372190537384,31.137372190537384,-26.25230010713475,-26.25230010713475,26.399019989763453,0.1467198826287025,5.015813798055056,0.013938388849726738,5.001875409205329
2025-11-02 00:00:00-04:00,4.9843505879130054,4.9843505879130054,29.496778596593224,29.496778596593224,-24.512428008680217,-24.512428008680217,24.51684572380339,0.004417715123170796,4.658200687522644,0.0004196829367012256,4.657781004585943
2025-11-03 00:00:00-05:00,5.003825488486953,5.003825488486953,28.283841247540767,28.283841247540767,-23.280015759053814,-23.280015759053814,23.31132292231257,0.03130716325875427,4.429151355239388,0.0029741805095816554,4.426177174729807
2025-11-04 00:00:00-05:00,5.218014753543857,5.218014753543857,27.23265680505006,27.23265680505006,-22.0146420515062,-22.0146420515062,22.027960250218015,0.01331819871181461,4.185312447541423,0.001265228877622388,4.1840472186638005
2025-11-05 00:00:00-05:00,5.10096374099138,5.10096374099138,27.697080093519634,27.697080093519634,-22.596116352528252,-22.596116352528252,22.622528358815288,0.02641200628703444,4.298280388174905,0.0025091405972682717,4.295771247577637
2025-11-06 00:00:00-05:00,5.225565762816784,5.225565762816784,25.310409974108293,25.310409974108293,-20.084844211291507,-20.084844211291507,20.24322347753882,0.1583792662473118,3.8462124607323758,0.015046030293494621,3.831166430438881
2025-11-07 00:00:00-05:00,5.221779512445015,5.221779512445015,26.264019246629733,26.264019246629733,-21.042239734184715,-21.042239734184715,21.14478802616145,0.10254829197673299,4.017509724970676,0.009742087737789633,4.007767637232886
2025-11-08 00:00:00-05:00,5.173008506750089,5.173008506750089,29.170242399104563,29.170242399104563,-23.997233892354476,-23.997233892354476,24.002294537608762,0.005060645254287954,4.5604359621456645,0.00048076129915735564,4.559955200846507
2025-11-09 00:00:00-05:00,5.198448045511901,5.198448045511901,30.59507123255143,30.59507123255143,-25.396623187039527,-25.396623187039527,25.396623187039527,0.0,4.82535840553751,0.0,4.82535840553751
2025-11-10 00:00:00-05:00,5.209449943607865,5.209449943607865,28.236180842046437,28.236180842046437,-23.026730898438572,-23.026730898438572,23.04123124139758,0.014500342959006818,4.3778339358655405,0.0013775325811056476,4.376456403284434
2025-11-11 00:00:00-05:00,5.006801613273591,5.006801613273591,25.422837846370918,25.422837846370918,-20.416036233097326,-20.416036233097326,20.470117581458247,0.05408134836092088,3.889322340477067,0.0051377280942874835,3.8841846123827795
2025-11-12 00:00:00-05:00,5.1317577278029125,5.1317577278029125,25.79312714524395,25.79312714524395,-20.66136941744104,-20.66136941744104,20.813164500681086,0.1517950832400487,3.9545012551294065,0.014420532907804626,3.940080722221602
2025-11-13 00:00:00-05:00,5.0027204816426325,5.0027204816426325,27.29629882478243,27.29629882478243,-22.293578343139796,-22.293578343139796,22.35804752699696,0.06446918385716333,4.248029030129422,0.006124572466430516,4.241904457662992
2025-11-14 00:00:00-05:00,4.782041397657686,4.782041397657686,28.135203895272713,28.135203895272713,-23.353162497615028,-23.353162497615028,23.38617987802109,0.03301738040606278,4.443374176824007,0.003136651138575964,4.440237525685432
2025-11-15 00:00:00-05:00,4.694639104893599,4.694639104893599,29.58272240882507,29.58272240882507,-24.88808330393147,-24.88808330393147,24.88808330393147,0.0,4.72873582774698,0.0,4.72873582774698
2025-11-16 00:00:00-05:00,4.6859855872073926,4.6859855872073926,32.20995242570813,32.20995242570813,-27.52396683850074,-27.52396683850074,27.52396683850074,0.0,5.229553699315141,0.0,5.229553699315141
2025-11-17 00:00:00-05:00,4.791320430908691,4.791320430908691,25.535833103001615,25.535833103001615,-20.744512672092924,-20.744512672092924,20.926811922299596,0.18229925020667287,3.9760942652369233,0.017318428769633923,3.9587758364672894
2025-11-18 00:00:00-05:00,4.782383530590438,4.782383530590438,26.55036990193761,26.55036990193761,-21.767986371347174,-21.767986371347174,21.868504413377586,0.10051804203041059,4.1550158385417415,0.009549213992889006,4.1454666245488525
2025-11-19 00:00:00-05:00,4.667964979516514,4.667964979516514,30.428176049219253,30.428176049219253,-25.760211069702738,-25.760211069702738,25.760211069702738,0.0,4.89444010324352,0.0,4.89444010324352
2025-11-20 00:00:00-05:00,4.658233524275017,4.658233524275017,27.641824683732704,27.641824683732704,-22.983591159457685,-22.983591159457685,23.019437802022193,0.0358466425645077,4.3736931823842164,0.0034054310436282317,4.370287751340588
2025-11-21 00:00:00-05:00,4.43993810404135,4.43993810404135,27.94483323337951,27.94483323337951,-23.504895129338156,-23.504895129338156,23.504895129338156,0.0,4.465930074574249,0.0,4.465930074574249
2025-11-22 00:00:00-05:00,4.417211127758928,4.417211127758928,31.25485691323365,31.25485691323365,-26.83764578547472,-26.83764578547472,26.83764578547472,0.0,5.0991526992401965,0.0,5.0991526992401965
2025-11-23 00:00:00-05:00,4.373897088461703,4.373897088461703,27.57418715607443,27.57418715607443,-23.200290067612727,-23.200290067612727,23.200290067612727,0.0,4.4080551128464185,0.0,4.4080551128464185
2025-11-24 00:00:00-05:00,4.337570928030392,4.337570928030392,27.276242043804714,27.276242043804714,-22.938671115774323,-22.938671115774323,22.957276951737846,0.01860583596352483,4.36188262083019,0.0017675544165348589,4.360115066413655
2025-11-25 00:00:00-05:00,4.055123603492896,4.055123603492896,27.629967265908604,27.629967265908604,-23.574843662415706,-23.574843662415706,23.574843662415706,0.0,4.479220295858984,0.0,4.479220295858984
2025-11-26 00:00:00-05:00,3.8806467103963027,3.8806467103963027,26.714207966343622,26.714207966343622,-22.83356125594732,-22.83356125594732,22.84821536962717,0.014654113679848424,4.341160920229163,0.0013921407995856002,4.339768779429577
2025-11-27 00:00:00-05:00,3.803705819801041,3.803705819801041,28.631110952752895,28.631110952752895,-24.827405132951856,-24.827405132951856,24.827405132951856,0.0,4.7172069752608525,0.0,4.7172069752608525
2025-11-28 00:00:00-05:00,3.788906153391822,3.788906153391822,24.644929660807925,24.644929660807925,-20.856023507416104,-20.856023507416104,20.856023507416104,0.0,3.96264446640906,0.0,3.96264446640906
2025-11-29 00:00:00-05:00,3.6407558946590886,3.6407558946590886,27.30590242297709,27.30590242297709,-23.665146528318004,-23.665146528318004,23.665146528318004,0.0,4.496377840380421,0.0,4.496377840380421
2025-11-30 00:00:00-05:00,3.4413186111939114,3.4413186111939114,30.44619492212849,30.44619492212849,-27.00487631093458,-27.00487631093458,27.00487631093458,0.0,5.13092649907757,0.0,5.13092649907757
2025-12-01 00:00:00-05:00,3.322062482637482,3.322062482637482,28.572919776478937,28.572919776478937,-25.250857293841452,-25.250857293841452,25.250857293841452,0.0,4.797662885829876,0.0,4.797662885829876
2025-12-02 00:00:00-05:00,3.420660513069007,3.420660513069007,27.147400667207805,27.147400667207805,-23.7267401541388,-23.7267401541388,23.7267401541388,0.0,4.508080629286372,0.0,4.508080629286372
2025-12-03 00:00:00-05:00,3.4246103567599837,3.4246103567599837,27.29108772960653,27.29108772960653,-23.866477372846546,-23.866477372846546,23.866477372846546,0.0,4.534630700840844,0.0,4.534630700840844
2025-12-04 00:00:00-05:00,3.615133295332686,3.615133295332686,28.312935417060157,28.312935417060157,-24.69780212172747,-24.69780212172747,24.69780212172747,0.0,4.6925824031282195,0.0,4.6925824031282195
2025-12-05 00:00:00-05:00,3.62158668202283,3.62158668202283,28.18012424611853,28.18012424611853,-24.5585375640957,-24.5585375640957,24.5585375640957,0.0,4.666122137178183,0.0,4.666122137178183
2025-12-06 00:00:00-05:00,3.392964129518816,3.392964129518816,33.00060335304712,33.00060335304712,-29.607639223528302,-29.607639223528302,29.607639223528302,0.0,5.625451452470378,0.0,5.625451452470378
2025-12-07 00:00:00-05:00,3.4460670431224956,3.4460670431224956,29.604649848614702,29.604649848614702,-26.158582805492205,-26.158582805492205,26.158582805492205,0.0,4.970130733043519,0.0,4.970130733043519
2025-12-08 00:00:00-05:00,3.406295702194214,3.406295702194214,28.784278787059122,28.784278787059122,-25.37798308486491,-25.37798308486491,25.37798308486491,0.0,4.821816786124333,0.0,4.821816786124333
2025-12-09 00:00:00-05:00,3.466880350557041,3.466880350557041,25.4024531864597,25.4024531864597,-21.935572835902658,-21.935572835902658,21.94432361950292,0.008750783600262435,4.169421487705555,0.0008313244420249313,4.16859016326353
2025-12-10 00:00:00-05:00,3.439024037111722,3.439024037111722,28.399877662331615,28.399877662331615,-24.960853625219894,-24.960853625219894,24.960853625219894,0.0,4.74256218879178,0.0,4.74256218879178
2025-12-11 00:00:00-05:00,3.2516065226331734,3.2516065226331734,28.63975304954084,28.63975304954084,-25.38814652690767,-25.38814652690767,25.38814652690767,0.0,4.823747840112457,0.0,4.823747840112457
2025-12-12 00:00:00-05:00,3.2729918138865366,3.2729918138865366,25.827717794881146,25.827717794881146,-22.554725980994608,-22.554725980994608,22.554725980994608,0.0,4.285397936388976,0.0,4.285397936388976
2025-12-13 00:00:00-05:00,3.179381379660278,3.179381379660278,27.883573941532813,27.883573941532813,-24.704192561872535,-24.704192561872535,24.704192561872535,0.0,4.693796586755782,0.0,4.693796586755782
2025-12-14 00:00:00-05:00,3.038954249067448,3.038954249067448,29.54766722005352,29.54766722005352,-26.50871297098607,-26.50871297098607,26.50871297098607,0.0,5.036655464487354,0.0,5.036655464487354
2025-12-15 00:00:00-05:00,2.844300129833719,2.844300129833719,25.854823794448006,25.854823794448006,-23.010523664614286,-23.010523664614286,23.010523664614286,0.0,4.371999496276715,0.0,4.371999496276715
2025-12-16 00:00:00-05:00,2.8149939087857474,2.8149939087857474,29.28433766946233,29.28433766946233,-26.469343760676583,-26.469343760676583,26.469343760676583,0.0,5.029175314528551,0.0,5.029175314528551
2025-12-17 00:00:00-05:00,2.6888653496633115,2.6888653496633115,25.680422010832714,25.680422010832714,-22.9915566611694,-22.9915566611694,22.9915566611694,0.0,4.368395765622187,0.0,4.368395765622187
2025-12-18 00:00:00-05:00,2.603549024851989,2.603549024851989,25.40271739388506,25.40271739388506,-22.79916836903307,-22.79916836903307,22.79916836903307,0.0,4.331841990116283,0.0,4.331841990116283
2025-12-19 00:00:00-05:00,2.6836656012366404,2.6836656012366404,27.403951086854047,27.403951086854047,-24.720285485617406,-24.720285485617406,24.720285485617406,0.0,4.696854242267308,0.0,4.696854242267308
