timestamp_local,PV_P_kW,PV_E_kWh,Load_kW,Load_E_kWh,Net_P_kW,Net_E_kWh,Import_kWh,Export_kWh,Buy_$,Sell_$,NetBill_$
2022-12-31 00:00:00-06:00,0.0,0.0,4.564608819477691,4.564608819477691,-4.564608819477691,-4.564608819477691,4.564608819477691,0.0,0.5933991465320998,0.0,0.5933991465320998
2023-01-01 00:00:00-06:00,7.974538203599999,7.974538203599999,25.471961872916665,25.471961872916665,-17.497423669316664,-17.497423669316664,18.8783972342684,1.3809735649517352,2.4541916404548925,0.08976328172186279,2.3644283587330297
2023-01-02 00:00:00-06:00,1.0412361458999995,1.0412361458999995,24.86357007393286,24.86357007393286,-23.822333928032858,-23.822333928032858,23.822333928032858,0.0,3.0969034106442717,0.0,3.0969034106442717
2023-01-03 00:00:00-06:00,2.773381272299999,2.773381272299999,23.43131245335218,23.43131245335218,-20.65793118105218,-20.65793118105218,20.690153691444344,0.03222251039216234,2.689719979887765,0.002094463175490552,2.6876255167122745
2023-01-04 00:00:00-06:00,8.9778422034,8.9778422034,26.0465210890466,26.0465210890466,-17.0686788856466,-17.0686788856466,18.82811088785773,1.759432002211128,2.4476544154215047,0.11436308014372333,2.3332913352777815
2023-01-05 00:00:00-06:00,9.0963775926,9.0963775926,25.65183957418913,25.65183957418913,-16.55546198158913,-16.55546198158913,18.700361659652426,2.1448996780632976,2.4310470157548156,0.13941847907411434,2.2916285366807014
2023-01-06 00:00:00-06:00,8.031685979699999,8.031685979699999,25.068771918430052,25.068771918430052,-17.037085938730055,-17.037085938730055,18.13951951040438,1.1024335716743283,2.3581375363525696,0.07165818215883134,2.2864793541937383
2023-01-07 00:00:00-06:00,0.5344108163999993,0.5344108163999993,24.119239186341705,24.119239186341705,-23.584828369941707,-23.584828369941707,23.584828369941707,0.0,3.066027688092422,0.0,3.066027688092422
2023-01-08 00:00:00-06:00,6.054574983299999,6.054574983299999,24.784933807576582,24.784933807576582,-18.730358824276582,-18.730358824276582,19.84645284762917,1.1160940233525887,2.580038870191792,0.07254611151791826,2.5074927586738736
2023-01-09 00:00:00-06:00,7.985565697499999,7.985565697499999,25.751544638574128,25.751544638574128,-17.765978941074128,-17.765978941074128,18.78650401789544,1.0205250768213114,2.4422455223264072,0.06633412999338524,2.375911392333022
2023-01-10 00:00:00-06:00,8.0528239125,8.0528239125,22.669116643549984,22.669116643549984,-14.616292731049986,-14.616292731049986,16.323504760359697,1.7072120293097097,2.1220556188467605,0.11096878190513114,2.0110868369416295
2023-01-11 00:00:00-06:00,2.3390711171999996,2.3390711171999996,24.293122534685097,24.293122534685097,-21.954051417485097,-21.954051417485097,22.001965641233678,0.04791422374858051,2.860255533360378,0.003114424543657733,2.8571411088167205
2023-01-12 00:00:00-06:00,0.9834381692999996,0.9834381692999996,26.27595340475648,26.27595340475648,-25.292515235456477,-25.292515235456477,25.292515235456477,0.0,3.288026980609342,0.0,3.288026980609342
2023-01-13 00:00:00-06:00,1.4511672287999995,1.4511672287999995,26.743994580371503,26.743994580371503,-25.292827351571503,-25.292827351571503,25.292827351571503,0.0,3.2880675557042958,0.0,3.2880675557042958
2023-01-14 00:00:00-06:00,9.058058739,9.058058739,29.11470959540569,29.11470959540569,-20.05665085640569,-20.05665085640569,21.326150073736553,1.2694992173308655,2.772399509585752,0.08251744912650626,2.6898820604592455
2023-01-15 00:00:00-06:00,8.6611161114,8.6611161114,27.194575046308913,27.194575046308913,-18.53345893490891,-18.53345893490891,19.862752237931176,1.3292933030222658,2.582157790931053,0.08640406469644728,2.495753726234606
2023-01-16 00:00:00-06:00,0.8115546059999994,0.8115546059999994,23.566974610499155,23.566974610499155,-22.755420004499157,-22.755420004499157,22.755420004499157,0.0,2.9582046005848905,0.0,2.9582046005848905
2023-01-17 00:00:00-06:00,7.5142796795999995,7.5142796795999995,25.08696993550464,25.08696993550464,-17.572690255904643,-17.572690255904643,18.695923183098436,1.1232329271937946,2.430470013802797,0.07301014026759665,2.3574598735352
2023-01-18 00:00:00-06:00,0.8313478469999995,0.8313478469999995,25.477433583730484,25.477433583730484,-24.646085736730484,-24.646085736730484,24.646085736730484,0.0,3.203991145774963,0.0,3.203991145774963
2023-01-19 00:00:00-06:00,8.3141534943,8.3141534943,26.421137849868654,26.421137849868654,-18.106984355568656,-18.106984355568656,19.378198357532128,1.271214001963473,2.5191657864791765,0.08262891012762574,2.4365368763515507
2023-01-20 00:00:00-06:00,9.1804757967,9.1804757967,26.507290544423505,26.507290544423505,-17.326814747723507,-17.326814747723507,19.11290787495284,1.7860931272293334,2.4846780237438693,0.11609605326990667,2.368581970473963
2023-01-21 00:00:00-06:00,8.921241992699999,8.921241992699999,25.12689425849744,25.12689425849744,-16.20565226579744,-16.20565226579744,17.834991363636902,1.6293390978394617,2.3185488772727973,0.10590704135956501,2.2126418359132325
2023-01-22 00:00:00-06:00,1.3066529390999995,1.3066529390999995,28.537719657954895,28.537719657954895,-27.231066718854894,-27.231066718854894,27.231066718854894,0.0,3.540038673451136,0.0,3.540038673451136
2023-01-23 00:00:00-06:00,8.290036268099998,8.290036268099998,22.01135284113167,22.01135284113167,-13.721316573031672,-13.721316573031672,16.03426144158378,2.31294486855211,2.0844539874058916,0.15034141645588717,1.9341125709500044
2023-01-24 00:00:00-06:00,2.9351725487999993,2.9351725487999993,23.250589894214965,23.250589894214965,-20.315417345414964,-20.315417345414964,20.52744259157764,0.21202524616267554,2.668567536905093,0.013781641000573911,2.6547858959045194
2023-01-25 00:00:00-06:00,1.2614970941999992,1.2614970941999992,26.064215182331782,26.064215182331782,-24.802718088131783,-24.802718088131783,24.802718088131783,0.0,3.224353351457132,0.0,3.224353351457132
2023-01-26 00:00:00-06:00,3.5405660114999993,3.5405660114999993,23.364507258755644,23.364507258755644,-19.823941247255643,-19.823941247255643,20.673404303634015,0.849463056378372,2.6875425594724223,0.05521509866459418,2.632327460807828
2023-01-27 00:00:00-06:00,9.244477949399998,9.244477949399998,22.346638303569385,22.346638303569385,-13.102160354169383,-13.102160354169383,15.377462665108768,2.275302310939383,1.9990701464641398,0.1478946502110599,1.85117549625308
2023-01-28 00:00:00-06:00,1.8908565317999992,1.8908565317999992,27.86879905051969,27.86879905051969,-25.97794251871969,-25.97794251871969,25.97794251871969,0.0,3.37713252743356,0.0,3.37713252743356
2023-01-29 00:00:00-06:00,0.9737475911999994,0.9737475911999994,27.661592234348596,27.661592234348596,-26.687844643148598,-26.687844643148598,26.687844643148598,0.0,3.469419803609318,0.0,3.469419803609318
2023-01-30 00:00:00-06:00,0.7299428183999992,0.7299428183999992,25.757608511173313,25.757608511173313,-25.02766569277331,-25.02766569277331,25.02766569277331,0.0,3.2535965400605305,0.0,3.2535965400605305
2023-01-31 00:00:00-06:00,0.6591644054999994,0.6591644054999994,21.856764387801853,21.856764387801853,-21.197599982301853,-21.197599982301853,21.197599982301853,0.0,2.755687997699241,0.0,2.755687997699241
2023-02-01 00:00:00-06:00,2.5730646542999995,2.5730646542999995,24.22338403828562,24.22338403828562,-21.650319383985618,-21.650319383985618,21.650319383985618,0.0,2.8145415199181305,0.0,2.8145415199181305
2023-02-02 00:00:00-06:00,1.6932348215999995,1.6932348215999995,25.432850417539168,25.432850417539168,-23.739615595939167,-23.739615595939167,23.739615595939167,0.0,3.0861500274720917,0.0,3.0861500274720917
2023-02-03 00:00:00-06:00,7.108601906699999,7.108601906699999,23.87790238390055,23.87790238390055,-16.76930047720055,-16.76930047720055,17.754850110605332,0.9855496334047807,2.308130514378693,0.06406072617131076,2.2440697882073826
2023-02-04 00:00:00-06:00,5.1593701436999995,5.1593701436999995,25.841813892572432,25.841813892572432,-20.68244374887243,-20.68244374887243,21.32152837120578,0.63908462233335,2.7717986882567516,0.041540500451667746,2.730258187805084
2023-02-05 00:00:00-06:00,9.268766084925,9.268766084925,28.98843378406641,28.98843378406641,-19.719667699141407,-19.719667699141407,21.19395724287647,1.474289543735059,2.755214441573941,0.09582882034277883,2.6593856212311624
2023-02-06 00:00:00-06:00,9.0613642572,9.0613642572,23.261580015577856,23.261580015577856,-14.200215758377857,-14.200215758377857,16.476324348564255,2.2761085901864,2.1419221653133533,0.147947058362116,1.9939751069512373
2023-02-07 00:00:00-06:00,0.9836167142249997,0.9836167142249997,26.33267786878607,26.33267786878607,-25.34906115456107,-25.34906115456107,25.34906115456107,0.0,3.295377950092939,0.0,3.295377950092939
2023-02-08 00:00:00-06:00,0.5277418913249997,0.5277418913249997,23.887907263321026,23.887907263321026,-23.360165371996025,-23.360165371996025,23.360165371996025,0.0,3.0368214983594832,0.0,3.0368214983594832
2023-02-09 00:00:00-06:00,4.724160312824999,4.724160312824999,24.713610872931234,24.713610872931234,-19.989450560106235,-19.989450560106235,20.612758295453247,0.6233077353470102,2.6796585784089224,0.04051500279755567,2.639143575611367
2023-02-10 00:00:00-06:00,3.2936278313249994,3.2936278313249994,26.636236985485148,26.636236985485148,-23.342609154160147,-23.342609154160147,23.71505880404225,0.37244964988210166,3.0829576445254925,0.02420922724233661,3.058748417283156
2023-02-11 00:00:00-06:00,8.134616378699999,8.134616378699999,25.31431082530197,25.31431082530197,-17.17969444660197,-17.17969444660197,18.750428621249252,1.5707341746472787,2.437555720762403,0.10209772135207312,2.3354579994103295
2023-02-12 00:00:00-06:00,9.9889007517,9.9889007517,27.824403933549004,27.824403933549004,-17.835503181849006,-17.835503181849006,19.84976459989973,2.0142614180507215,2.5804693979869646,0.1309269921732969,2.4495424058136677
2023-02-13 00:00:00-06:00,9.5264095815,9.5264095815,23.146603200048688,23.146603200048688,-13.620193618548686,-13.620193618548686,15.966986388269651,2.346792769720964,2.0757082304750547,0.15254153003186266,1.923166700443192
2023-02-14 00:00:00-06:00,0.8311074686999994,0.8311074686999994,23.07048795196136,23.07048795196136,-22.23938048326136,-22.23938048326136,22.23938048326136,0.0,2.891119462823977,0.0,2.891119462823977
2023-02-15 00:00:00-06:00,7.4271686211,7.4271686211,25.99526126200093,25.99526126200093,-18.56809264090093,-18.56809264090093,19.195730812373135,0.6276381714722044,2.4954450056085076,0.040796481145693286,2.4546485244628142
2023-02-16 00:00:00-06:00,1.8872330021999995,1.8872330021999995,22.662410655473664,22.662410655473664,-20.775177653273666,-20.775177653273666,21.069210944599448,0.2940332913257822,2.738997422797928,0.019112163936175843,2.719885258861752
2023-02-17 00:00:00-06:00,10.362799602225,10.362799602225,27.002514965288153,27.002514965288153,-16.639715363063154,-16.639715363063154,19.028330618645803,2.3886152555826508,2.4736829804239546,0.1552599916128723,2.3184229888110823
2023-02-18 00:00:00-06:00,9.430549320825,9.430549320825,26.041702174851874,26.041702174851874,-16.611152854026873,-16.611152854026873,18.54471472226629,1.9335618682394147,2.4108129138946177,0.12568152143556197,2.2851313924590557
2023-02-19 00:00:00-06:00,7.662851288324999,7.662851288324999,24.63226769115304,24.63226769115304,-16.969416402828042,-16.969416402828042,18.231050475740208,1.2616340729121684,2.370036561846227,0.08200621473929096,2.288030347106936
2023-02-20 00:00:00-06:00,8.409112812899998,8.409112812899998,21.90800553462868,21.90800553462868,-13.498892721728678,-13.498892721728678,15.549296114585157,2.050403392856479,2.0214084948960704,0.13327622053567115,1.8881322743603992
2023-02-21 00:00:00-06:00,6.331048529624999,6.331048529624999,22.646202490836057,22.646202490836057,-16.315153961211056,-16.315153961211056,16.830145472102473,0.5149915108914147,2.1879189113733215,0.03347444820794196,2.1544444631653796
2023-02-22 00:00:00-06:00,3.391947729899999,3.391947729899999,24.992815507167585,24.992815507167585,-21.600867777267585,-21.600867777267585,21.77915966181632,0.1782918845487338,2.8312907560361213,0.011588972495667697,2.8197017835404536
2023-02-23 00:00:00-06:00,3.0583290419999996,3.0583290419999996,23.54481926027163,23.54481926027163,-20.486490218271634,-20.486490218271634,20.486490218271634,0.0,2.6632437283753125,0.0,2.6632437283753125
2023-02-24 00:00:00-06:00,2.7150403601249993,2.7150403601249993,26.265029404009578,26.265029404009578,-23.549989043884576,-23.549989043884576,23.549989043884576,0.0,3.061498575704995,0.0,3.061498575704995
2023-02-25 00:00:00-06:00,3.901134962699999,3.901134962699999,28.857610633443294,28.857610633443294,-24.95647567074329,-24.95647567074329,25.0219215019342,0.06544583119090996,3.2528497952514464,0.004253979027409148,3.248595816224037
2023-02-26 00:00:00-06:00,1.2303465623999994,1.2303465623999994,26.998629881885,26.998629881885,-25.768283319485,-25.768283319485,25.768283319485,0.0,3.34987683153305,0.0,3.34987683153305
2023-02-27 00:00:00-06:00,9.630049040324998,9.630049040324998,24.454931120370684,24.454931120370684,-14.824882080045688,-14.824882080045688,17.06554438530295,2.2406623052572616,2.2185207700893836,0.14564304984172202,2.0728777202476616
2023-02-28 00:00:00-06:00,9.76571540452025,9.76571540452025,23.697725217929843,23.697725217929843,-13.932009813409595,-13.932009813409595,16.41558874613017,2.483578932720577,2.134026536996922,0.1614326306268375,1.9725939063700846
2023-03-01 00:00:00-06:00,3.1549089161249992,3.1549089161249992,23.659639333250414,23.659639333250414,-20.504730417125415,-20.504730417125415,20.504730417125415,0.0,2.665614954226304,0.0,2.665614954226304
2023-03-02 00:00:00-06:00,2.5465527515249997,2.5465527515249997,23.514747899559897,23.514747899559897,-20.968195148034898,-20.968195148034898,20.968195148034898,0.0,2.725865369244537,0.0,2.725865369244537
2023-03-03 00:00:00-06:00,3.438566351099999,3.438566351099999,22.277652917730215,22.277652917730215,-18.839086566630215,-18.839086566630215,19.145497714810066,0.30641114817985265,2.4889147029253085,0.019916724631690422,2.468997978293618
2023-03-04 00:00:00-06:00,10.090200809025,10.090200809025,26.22248632935477,26.22248632935477,-16.13228552032977,-16.13228552032977,18.350192875728865,2.2179073553990953,2.3855250738447524,0.1441639781009412,2.241361095743811
2023-03-05 00:00:00-06:00,9.787441582125,9.787441582125,27.82081331117132,27.82081331117132,-18.03337172904632,-18.03337172904632,19.836062042062636,1.8026903130163152,2.578688065468143,0.11717487034606049,2.4615131951220826
2023-03-06 00:00:00-06:00,6.350977256625,6.350977256625,26.054187089639964,26.054187089639964,-19.703209833014963,-19.703209833014963,20.271746270461733,0.5685364374467694,2.6353270151600254,0.036954868434040014,2.5983721467259855
2023-03-07 00:00:00-06:00,8.0016640884,8.0016640884,26.40885297983177,26.40885297983177,-18.407188891431773,-18.407188891431773,19.709037221974828,1.3018483305430557,2.562174838856728,0.08462014148529863,2.477554697371429
2023-03-08 00:00:00-06:00,1.890877604624999,1.890877604624999,22.795908458142137,22.795908458142137,-20.905030853517136,-20.905030853517136,20.905030853517136,0.0,2.7176540109572276,0.0,2.7176540109572276
2023-03-09 00:00:00-06:00,1.1802797455499994,1.1802797455499994,24.64984053590204,24.64984053590204,-23.46956079035204,-23.46956079035204,23.46956079035204,0.0,3.0510429027457655,0.0,3.0510429027457655
2023-03-10 00:00:00-06:00,10.01433342735,10.01433342735,26.111269982195203,26.111269982195203,-16.096936554845204,-16.096936554845204,18.10298913283394,2.0060525779887355,2.3533885872684124,0.1303934175692678,2.2229951696991446
2023-03-11 00:00:00-06:00,1.9634478407999993,1.9634478407999993,29.628703575167606,29.628703575167606,-27.665255734367605,-27.665255734367605,27.665255734367605,0.0,3.596483245467789,0.0,3.596483245467789
2023-03-12 00:00:00-06:00,3.1790879824499996,3.1790879824499996,27.14367431926044,27.14367431926044,-23.96458633681044,-23.96458633681044,24.282998454457083,0.3184121176466418,3.1567897990794207,0.020696787647031718,3.136093011432389
2023-03-13 00:00:00-05:00,6.870915311625,6.870915311625,25.81550097564606,25.81550097564606,-18.94458566402106,-18.94458566402106,20.318944015965617,1.374358351944556,2.6414627220755302,0.08933329287639613,2.552129429199134
2023-03-14 00:00:00-05:00,7.978837624874999,7.978837624874999,22.737420577911795,22.737420577911795,-14.758582953036797,-14.758582953036797,17.66495944943555,2.9063764963987544,2.2964447284266214,0.18891447226591904,2.1075302561607026
2023-03-15 00:00:00-05:00,10.90887674265,10.90887674265,22.178592183599058,22.178592183599058,-11.269715440949058,-11.269715440949058,14.982994144242696,3.7132787032936374,1.9477892387515505,0.24136311571408645,1.706426123037464
2023-03-16 00:00:00-05:00,2.8885619789999994,2.8885619789999994,23.893254309942066,23.893254309942066,-21.004692330942067,-21.004692330942067,21.011372095651343,0.00667976470927617,2.7314783724346747,0.00043418470610295107,2.7310441877285716
2023-03-17 00:00:00-05:00,11.00988517095,11.00988517095,23.887914877101068,23.887914877101068,-12.878029706151068,-12.878029706151068,16.42068375602024,3.5426540498691725,2.134688888282631,0.23027251324149622,1.904416375041135
2023-03-18 00:00:00-05:00,10.312032472199999,10.312032472199999,25.745786880852005,25.745786880852005,-15.433754408652005,-15.433754408652005,18.242666341628645,2.8089119329766383,2.371546624411724,0.1825792756434815,2.1889673487682426
2023-03-19 00:00:00-05:00,11.497882848975,11.497882848975,28.812705461253938,28.812705461253938,-17.314822612278938,-17.314822612278938,20.592397363194703,3.2775747509157664,2.6770116572153113,0.21304235880952482,2.4639692984057864
2023-03-20 00:00:00-05:00,10.979307230175,10.979307230175,23.075549717718772,23.075549717718772,-12.096242487543774,-12.096242487543774,15.738716908998192,3.6424744214544176,2.046033198169765,0.23676083739453715,1.809272360775228
2023-03-21 00:00:00-05:00,0.9838731649499993,0.9838731649499993,25.512625144812908,25.512625144812908,-24.528751979862907,-24.528751979862907,24.528751979862907,0.0,3.188737757382178,0.0,3.188737757382178
2023-03-22 00:00:00-05:00,2.0167627643999992,2.0167627643999992,26.518107518539765,26.518107518539765,-24.501344754139765,-24.501344754139765,24.501344754139765,0.0,3.1851748180381696,0.0,3.1851748180381696
2023-03-23 00:00:00-05:00,2.9879252777249996,2.9879252777249996,26.318187769253875,26.318187769253875,-23.330262491528874,-23.330262491528874,23.330262491528874,0.0,3.0329341238987535,0.0,3.0329341238987535
2023-03-24 00:00:00-05:00,1.7166114128249994,1.7166114128249994,22.735327089247814,22.735327089247814,-21.018715676422815,-21.018715676422815,21.0338991716817,0.015183495258885737,2.734406892318621,0.000986927191827573,2.7334199651267936
2023-03-25 00:00:00-05:00,9.352279347524998,9.352279347524998,28.496473679017825,28.496473679017825,-19.144194331492827,-19.144194331492827,21.552083884217005,2.4078895527241784,2.801770904948211,0.1565128209270716,2.6452580840211395
2023-03-26 00:00:00-05:00,10.184483915999998,10.184483915999998,25.320789194547928,25.320789194547928,-15.136305278547928,-15.136305278547928,17.930523837418136,2.794218558870209,2.3309680988643575,0.1816242063265636,2.149343892537794
2023-03-27 00:00:00-05:00,10.7024568759,10.7024568759,23.341006319201664,23.341006319201664,-12.638549443301665,-12.638549443301665,15.986183982822283,3.347634539520617,2.078203917766897,0.2175962450688401,1.860607672698057
2023-03-28 00:00:00-05:00,9.729229531499998,9.729229531499998,25.480801662866696,25.480801662866696,-15.751572131366698,-15.751572131366698,17.759704350861963,2.008132219495265,2.308761565612055,0.1305285942671922,2.1782329713448627
2023-03-29 00:00:00-05:00,11.030185853999999,11.030185853999999,23.059556818370964,23.059556818370964,-12.029370964370965,-12.029370964370965,15.632157115054726,3.6027861506837606,2.0321804249571143,0.23418109979444446,1.7979993251626698
2023-03-30 00:00:00-05:00,9.670756562999998,9.670756562999998,26.22945882819773,26.22945882819773,-16.55870226519773,-16.55870226519773,18.847879635154598,2.2891773699568665,2.450224352570098,0.14879652904719634,2.3014278235229018
2023-03-31 00:00:00-05:00,2.0383771256999994,2.0383771256999994,22.41165769228246,22.41165769228246,-20.37328056658246,-20.37328056658246,20.37328056658246,0.0,2.64852647365572,0.0,2.64852647365572
2023-04-01 00:00:00-05:00,10.986705558899999,10.986705558899999,26.14985845298233,26.14985845298233,-15.16315289408233,-15.16315289408233,18.279814513323835,3.1166616192415053,2.3763758867320988,0.20258300525069786,2.173792881481401
2023-04-02 00:00:00-05:00,10.764671282999998,10.764671282999998,27.018945583741818,27.018945583741818,-16.25427430074182,-16.25427430074182,19.18723301073646,2.9329587099946415,2.4943402913957398,0.1906423161496517,2.303697975246088
2023-04-03 00:00:00-05:00,7.933237564499999,7.933237564499999,23.47373719716504,23.47373719716504,-15.540499632665043,-15.540499632665043,17.19238233879475,1.6518827061297097,2.2350097040433177,0.10737237589843113,2.1276373281448864
2023-04-04 00:00:00-05:00,4.965711091199999,4.965711091199999,25.94865002814459,25.94865002814459,-20.982938936944592,-20.982938936944592,21.414549922726998,0.431610985782405,2.78389148995451,0.028054714075856326,2.7558367758786537
2023-04-05 00:00:00-05:00,1.098722728799999,1.098722728799999,25.622266786036818,25.622266786036818,-24.523544057236816,-24.523544057236816,24.523544057236816,0.0,3.188060727440786,0.0,3.188060727440786
2023-04-06 00:00:00-05:00,2.6069130314999986,2.6069130314999986,23.649025163492954,23.649025163492954,-21.042112131992955,-21.042112131992955,21.230348342281502,0.18823621028854964,2.7599452844965953,0.012235353668755727,2.7477099308278397
2023-04-07 00:00:00-05:00,7.344213733349999,7.344213733349999,25.693714950530484,25.693714950530484,-18.349501217180485,-18.349501217180485,19.495005294908793,1.1455040777283054,2.5343506883381433,0.07445776505233985,2.4598929232858033
2023-04-08 00:00:00-05:00,5.797849761449999,5.797849761449999,24.125343104673952,24.125343104673952,-18.327493343223956,-18.327493343223956,19.454831476926902,1.127338133702946,2.5291280920004975,0.0732769786906915,2.455851113309806
2023-04-09 00:00:00-05:00,6.903431834849999,6.903431834849999,27.280336981348203,27.280336981348203,-20.376905146498203,-20.376905146498203,21.416831015881087,1.0399258693828846,2.7841880320645416,0.0675951815098875,2.716592850554654
2023-04-10 00:00:00-05:00,10.4123791062,10.4123791062,23.437327369697513,23.437327369697513,-13.024948263497514,-13.024948263497514,16.245095349767407,3.220147086269894,2.111862395469763,0.20930956060754313,1.9025528348622198
2023-04-11 00:00:00-05:00,10.609156268549999,10.609156268549999,22.79268599191286,22.79268599191286,-12.183529723362863,-12.183529723362863,15.529251643297464,3.3457219199346,2.0188027136286704,0.21747192479574903,1.8013307888329213
2023-04-12 00:00:00-05:00,10.678834836449997,10.678834836449997,22.746783313009164,22.746783313009164,-12.067948476559167,-12.067948476559167,15.370437941702606,3.3024894651434393,1.9981569324213388,0.21466181523432357,1.7834951171870153
2023-04-13 00:00:00-05:00,7.2720566153999995,7.2720566153999995,26.540032400435585,26.540032400435585,-19.26797578503559,-19.26797578503559,19.809881181964002,0.5419053969284149,2.57528455365532,0.03522385080034697,2.5400607028549733
2023-04-14 00:00:00-05:00,10.366708761449999,10.366708761449999,26.387317456618376,26.387317456618376,-16.02060869516838,-16.02060869516838,18.724024582249747,2.7034158870813663,2.434123195692467,0.17572203266028882,2.2584011630321785
2023-04-15 00:00:00-05:00,6.74251253685,6.74251253685,25.08986498418065,25.08986498418065,-18.347352447330653,-18.347352447330653,19.8766751794805,1.5293227321498482,2.583967773332465,0.09940597758974014,2.484561795742725
2023-04-16 00:00:00-05:00,10.37663490375,10.37663490375,26.10971009016703,26.10971009016703,-15.733075186417032,-15.733075186417032,18.710508182926365,2.977432996509331,2.4323660637804276,0.1935331447731065,2.2388329190073213
2023-04-17 00:00:00-05:00,11.035497370949999,11.035497370949999,25.899617452646485,25.899617452646485,-14.864120081696484,-14.864120081696484,17.930020037728443,3.0658999560319575,2.330902604904698,0.19928349714207724,2.1316191077626208
2023-04-18 00:00:00-05:00,9.68117149035,9.68117149035,24.719238516199027,24.719238516199027,-15.03806702584903,-15.03806702584903,17.35344154267729,2.315374516828262,2.255947400548048,0.15049934359383701,2.105448056954211
2023-04-19 00:00:00-05:00,9.897809002199999,9.897809002199999,24.21272978093141,24.21272978093141,-14.314920778731413,-14.314920778731413,16.86121099782684,2.546290219095427,2.1919574297174895,0.16550886424120276,2.026448565476287
2023-04-20 00:00:00-05:00,9.151563847049998,9.151563847049998,23.013492355299125,23.013492355299125,-13.861928508249127,-13.861928508249127,16.541586890821193,2.6796583825720646,2.1504062958067554,0.1741777948671842,1.976228500939571
2023-04-21 00:00:00-05:00,2.4930575144999993,2.4930575144999993,24.80898373480735,24.80898373480735,-22.31592622030735,-22.31592622030735,22.31592622030735,0.0,2.9010704086399555,0.0,2.9010704086399555
2023-04-22 00:00:00-05:00,10.181504579399999,10.181504579399999,25.098671256671476,25.098671256671476,-14.917166677271478,-14.917166677271478,18.036743942902714,3.119577265631234,2.3447767125773527,0.2027725222660302,2.1420041903113223
2023-04-23 00:00:00-05:00,10.520522377649998,10.520522377649998,27.049732789053618,27.049732789053618,-16.529210411403618,-16.529210411403618,19.57000964855322,3.0407992371496007,2.5441012543119186,0.19765195041472405,2.3464493038971943
2023-04-24 00:00:00-05:00,10.314446156099999,10.314446156099999,25.527933509025708,25.527933509025708,-15.213487352925709,-15.213487352925709,18.36577884652961,3.1522914936039017,2.3875512500488494,0.20489894708425363,2.1826523029645957
2023-04-25 00:00:00-05:00,8.360256173849999,8.360256173849999,23.396250588236494,23.396250588236494,-15.035994414386495,-15.035994414386495,17.498786721816167,2.4627923074296723,2.274842273836102,0.1600814999829287,2.114760773853173
2023-04-26 00:00:00-05:00,7.89559781625,7.89559781625,26.750918079408756,26.750918079408756,-18.855320263158756,-18.855320263158756,20.368952552947786,1.5136322897890282,2.6479638318832124,0.09838609883628684,2.5495777330469256
2023-04-27 00:00:00-05:00,1.6291053287999993,1.6291053287999993,23.456890488341887,23.456890488341887,-21.827785159541886,-21.827785159541886,21.827785159541886,0.0,2.837612070740445,0.0,2.837612070740445
2023-04-28 00:00:00-05:00,3.8416738022999994,3.8416738022999994,23.905368515050494,23.905368515050494,-20.063694712750493,-20.063694712750493,20.732009124893548,0.6683144121430554,2.6951611862361613,0.043440436789298605,2.651720749446863
2023-04-29 00:00:00-05:00,4.431352658849999,4.431352658849999,26.29272665188863,26.29272665188863,-21.86137399303863,-21.86137399303863,22.65887196917195,0.797497976133323,2.945653355992354,0.051837368448665995,2.8938159875436877
2023-04-30 00:00:00-05:00,8.66332663515,8.66332663515,28.133679716608622,28.133679716608622,-19.470353081458622,-19.470353081458622,21.76441566593189,2.2940625844732656,2.8293740365711457,0.14911406799076227,2.6802599685803834
2023-05-01 00:00:00-05:00,10.13073952365,10.13073952365,22.163759341801953,22.163759341801953,-12.033019818151953,-12.033019818151953,15.561947140749135,3.5289273225971813,2.023053128297388,0.2293802759688168,1.793672852328571
2023-05-02 00:00:00-05:00,10.131604768349998,10.131604768349998,23.538132734372137,23.538132734372137,-13.406527966022137,-13.406527966022137,16.743399088325255,3.336871122303117,2.176641881482283,0.2168966229497026,1.9597452585325805
2023-05-03 00:00:00-05:00,10.137302652599999,10.137302652599999,23.620000776094763,23.620000776094763,-13.482698123494764,-13.482698123494764,16.74710327876305,3.2644051552682862,2.1771234262391963,0.21218633509243862,1.9649370911467576
2023-05-04 00:00:00-05:00,5.755335746399999,5.755335746399999,22.68580567022692,22.68580567022692,-16.93046992382692,-16.93046992382692,17.7177418321083,0.7872719082813779,2.303306438174079,0.05117267403828957,2.2521337641357895
2023-05-05 00:00:00-05:00,3.132071672849999,3.132071672849999,23.98554751934068,23.98554751934068,-20.85347584649068,-20.85347584649068,21.541342579334508,0.6878667328438248,2.800374535313486,0.044711337634848615,2.7556631976786377
2023-05-06 00:00:00-05:00,7.323740967149999,7.323740967149999,25.840620105328345,25.840620105328345,-18.516879138178346,-18.516879138178346,20.370013075829213,1.8531339376508673,2.648101699857798,0.12045370594730638,2.5276479939104917
2023-05-07 00:00:00-05:00,7.280248023899999,7.280248023899999,24.830005584190783,24.830005584190783,-17.549757560290786,-17.549757560290786,19.019492815675076,1.4697352553842915,2.4725340660377597,0.09553279159997895,2.377001274437781
2023-05-08 00:00:00-05:00,8.339944960799999,8.339944960799999,21.887315106874016,21.887315106874016,-13.547370146074018,-13.547370146074018,15.687881020976679,2.1405108749026605,2.039424532726968,0.13913320686867292,1.9002913258582952
2023-05-09 00:00:00-05:00,8.051177671199998,8.051177671199998,22.58265269201378,22.58265269201378,-14.531475020813783,-14.531475020813783,16.5789716573866,2.047496636572816,2.155266315460258,0.13308728137723305,2.022179034083025
2023-05-10 00:00:00-05:00,5.092492657049998,5.092492657049998,24.351963467702102,24.351963467702102,-19.259470810652104,-19.259470810652104,19.666079972764447,0.4066091621123451,2.556590396459378,0.026429595537302432,2.5301608009220757
2023-05-11 00:00:00-05:00,6.443628814349999,6.443628814349999,25.045424812941004,25.045424812941004,-18.601795998591005,-18.601795998591005,19.3571401853729,0.7553441867818951,2.516428224098477,0.04909737214082318,2.467330851957654
2023-05-12 00:00:00-05:00,4.20205242915,4.20205242915,23.59734069474656,23.59734069474656,-19.395288265596562,-19.395288265596562,19.973540498022896,0.5782522324263344,2.5965602647429766,0.03758639510771174,2.558973869635265
2023-05-13 00:00:00-05:00,6.309109210499999,6.309109210499999,26.34466624284655,26.34466624284655,-20.035557032346553,-20.035557032346553,21.99523786405834,1.9596808317117886,2.8593809223275843,0.12737925406126627,2.732001668266318
2023-05-14 00:00:00-05:00,8.7826537872,8.7826537872,28.04245431518542,28.04245431518542,-19.259800527985423,-19.259800527985423,21.120709060666556,1.8609085326811352,2.7456921778866525,0.1209590546242738,2.624733123262379
2023-05-15 00:00:00-05:00,8.329265518499998,8.329265518499998,23.804004790902617,23.804004790902617,-15.474739272402617,-15.474739272402617,17.648126402608508,2.1733871302058922,2.294256432339106,0.141270163463383,2.1529862688757233
2023-05-16 00:00:00-05:00,6.511699217699999,6.511699217699999,24.165538630862752,24.165538630862752,-17.653839413162753,-17.653839413162753,18.80293000131037,1.1490905881476179,2.444380900170348,0.07469088822959516,2.3696900119407527
2023-05-17 00:00:00-05:00,8.446425119999999,8.446425119999999,24.720083036254,24.720083036254,-16.273657916254002,-16.273657916254002,18.55150110516227,2.2778431889082698,2.4116951436710954,0.14805980727903753,2.263635336392058
2023-05-18 00:00:00-05:00,8.752159943999999,8.752159943999999,25.765331901212964,25.765331901212964,-17.013171957212965,-17.013171957212965,19.000359022223645,1.9871870650106798,2.4700466728890738,0.1291671592256942,2.3408795136633795
2023-05-19 00:00:00-05:00,5.070177833399999,5.070177833399999,25.873493531284073,25.873493531284073,-20.803315697884074,-20.803315697884074,20.945045210259032,0.14172951237495712,2.722855877333674,0.009212418304372213,2.713643459029302
2023-05-20 00:00:00-05:00,8.8058416869,8.8058416869,24.37499040941882,24.37499040941882,-15.569148722518822,-15.569148722518822,18.001068275438023,2.4319195529192017,2.340138875806943,0.15807477093974812,2.182064104867195
2023-05-21 00:00:00-05:00,9.0660552669,9.0660552669,25.456085992985944,25.456085992985944,-16.390030726085943,-16.390030726085943,18.936269796394914,2.5462390703089697,2.4617150735313387,0.16550553957008304,2.296209533961256
2023-05-22 00:00:00-05:00,9.0946404018,9.0946404018,23.374483475231646,23.374483475231646,-14.279843073431644,-14.279843073431644,16.790623787130972,2.510780713699328,2.1827810923270263,0.16320074639045634,2.01958034593657
2023-05-23 00:00:00-05:00,8.185606024499998,8.185606024499998,22.88046524351905,22.88046524351905,-14.694859219019053,-14.694859219019053,17.024285663120597,2.3294264441015446,2.2131571362056777,0.1514127188666004,2.061744417339077
2023-05-24 00:00:00-05:00,8.1814949775,8.1814949775,21.617389814329208,21.617389814329208,-13.43589483682921,-13.43589483682921,15.449933662443637,2.0140388256144264,2.008491376117673,0.13091252366493772,1.877578852452735
2023-05-25 00:00:00-05:00,8.464502403,8.464502403,23.03320733305076,23.03320733305076,-14.568704930050764,-14.568704930050764,16.654006294514947,2.085301364464182,2.1650208182869433,0.13554458869017183,2.0294762295967717
2023-05-26 00:00:00-05:00,9.645374062799998,9.645374062799998,24.72701960773563,24.72701960773563,-15.081645544935634,-15.081645544935634,17.788663438255224,2.707017893319588,2.3125262469731793,0.17595616306577322,2.136570083907406
2023-05-27 00:00:00-05:00,7.641642041099999,7.641642041099999,26.632117513789595,26.632117513789595,-18.990475472689596,-18.990475472689596,20.518928748714984,1.5284532760253873,2.667460737332948,0.09934946294165017,2.568111274391298
2023-05-28 00:00:00-05:00,9.209532707999998,9.209532707999998,26.885511892305093,26.885511892305093,-17.675979184305096,-17.675979184305096,19.867631583620437,2.1916523993153416,2.5827921058706567,0.14245740595549722,2.4403346999151596
2023-05-29 00:00:00-05:00,8.657992799999999,8.657992799999999,25.855126704953467,25.855126704953467,-17.197133904953468,-17.197133904953468,19.443017612362066,2.2458837074085984,2.527592289607069,0.1459824409815589,2.38160984862551
2023-05-30 00:00:00-05:00,7.8327759941999995,7.8327759941999995,26.864389046664492,26.864389046664492,-19.031613052464493,-19.031613052464493,20.25770508353188,1.2260920310673904,2.6335016608591446,0.07969598201938038,2.553805678839764
2023-05-31 00:00:00-05:00,7.6772126754,7.6772126754,25.46777381270854,25.46777381270854,-17.79056113730854,-17.79056113730854,19.617214486026285,1.826653348717744,2.550237883183417,0.11873246766665337,2.4315054155167637
2023-06-01 00:00:00-05:00,7.473290960699999,7.473290960699999,26.523793072457586,26.523793072457586,-19.050502111757584,-19.050502111757584,20.105502942459616,1.0550008307020295,2.61371538251975,0.06857505399563192,2.545140328524118
2023-06-02 00:00:00-05:00,6.677456148899998,6.677456148899998,25.948254853116907,25.948254853116907,-19.270798704216908,-19.270798704216908,20.22860368336067,0.9578049791437606,2.6297184788368875,0.06225732364434444,2.567461155192543
2023-06-03 00:00:00-05:00,9.2091861144,9.2091861144,28.575339440015785,28.575339440015785,-19.366153325615787,-19.366153325615787,21.312713434491833,1.9465601088760447,2.7706527464839383,0.1265264070769429,2.6441263394069954
2023-06-04 00:00:00-05:00,8.4719688021,8.4719688021,24.581109715368157,24.581109715368157,-16.10914091326816,-16.10914091326816,18.078020682696096,1.968879769427937,2.3501426887504926,0.1279771850128159,2.222165503737677
2023-06-05 00:00:00-05:00,8.134156957499998,8.134156957499998,25.65635458124694,25.65635458124694,-17.522197623746944,-17.522197623746944,19.344436549360577,1.822238925613632,2.514776751416875,0.11844553016488608,2.3963312212519887
2023-06-06 00:00:00-05:00,9.147552137099998,9.147552137099998,23.620188298990488,23.620188298990488,-14.472636161890488,-14.472636161890488,17.036436940371562,2.563800778481075,2.214736802248303,0.16664705060126986,2.048089751647033
2023-06-07 00:00:00-05:00,8.3356850142,8.3356850142,23.39072183369838,23.39072183369838,-15.055036819498381,-15.055036819498381,17.01700888604919,1.9619720665508094,2.2122111551863948,0.12752818432580262,2.0846829708605923
2023-06-08 00:00:00-05:00,8.094042976499999,8.094042976499999,24.624016328832354,24.624016328832354,-16.529973352332355,-16.529973352332355,18.215882649680527,1.685909297348171,2.3680647444584686,0.10958410432763112,2.2584806401308373
2023-06-09 00:00:00-05:00,8.713529556299997,8.713529556299997,24.956934613263275,24.956934613263275,-16.243405056963276,-16.243405056963276,18.498886346477455,2.255481289514179,2.4048552250420694,0.14660628381842164,2.258248941223648
2023-06-10 00:00:00-05:00,5.4693025091999985,5.4693025091999985,28.15589488733144,28.15589488733144,-22.68659237813144,-22.68659237813144,22.943064065670804,0.25647168753936206,2.9825983285372044,0.016670659690058535,2.965927668847146
2023-06-11 00:00:00-05:00,6.233518333799999,6.233518333799999,26.342894710607432,26.342894710607432,-20.109376376807433,-20.109376376807433,20.594108430011538,0.4847320532041075,2.6772340959015,0.031507583458266986,2.645726512443233
2023-06-12 00:00:00-05:00,7.661409937199998,7.661409937199998,24.92999791424066,24.92999791424066,-17.26858797704066,-17.26858797704066,18.662470279896688,1.3938823028560272,2.4261211363865693,0.09060234968564178,2.3355187867009275
2023-06-13 00:00:00-05:00,9.240435263699998,9.240435263699998,23.458928533188928,23.458928533188928,-14.218493269488928,-14.218493269488928,16.960353848175373,2.7418605786864445,2.2048460002627985,0.1782209376146189,2.0266250626481797
2023-06-14 00:00:00-05:00,6.878768138099999,6.878768138099999,25.37522911051139,25.37522911051139,-18.49646097241139,-18.49646097241139,20.115630965244296,1.619169992832905,2.6150320254817587,0.10524604953413884,2.50978597594762
2023-06-15 00:00:00-05:00,8.2475825751,8.2475825751,25.02068227961331,25.02068227961331,-16.773099704513314,-16.773099704513314,19.0169970842175,2.2438973797041886,2.4722096209482753,0.14585332968077225,2.326356291267503
2023-06-16 00:00:00-05:00,6.541899236099999,6.541899236099999,25.244346288409712,25.244346288409712,-18.702447052309715,-18.702447052309715,19.721386293819396,1.0189392415096814,2.5637802181965217,0.06623105069812929,2.4975491674983923
2023-06-17 00:00:00-05:00,8.898587559,8.898587559,24.034234570640805,24.034234570640805,-15.135647011640804,-15.135647011640804,17.533359451828186,2.397712440187382,2.2793367287376642,0.15585130861217983,2.1234854201254842
2023-06-18 00:00:00-05:00,5.553147663899999,5.553147663899999,25.482059249766003,25.482059249766003,-19.928911585866,-19.928911585866,21.067152991046378,1.138241405180374,2.738729888836029,0.07398569133672431,2.6647441974993047
2023-06-19 00:00:00-05:00,8.496820466099999,8.496820466099999,26.751795614523534,26.751795614523534,-18.254975148423533,-18.254975148423533,20.19544077948736,1.9404656310638253,2.625407301333357,0.12613026601914865,2.499277035314208
2023-06-20 00:00:00-05:00,8.192689849799999,8.192689849799999,22.129617356393965,22.129617356393965,-13.936927506593966,-13.936927506593966,16.368106411147558,2.4311789045535943,2.1278538334491826,0.15802662879598364,1.9698272046531988
2023-06-21 00:00:00-05:00,6.896098190699999,6.896098190699999,24.404287638125016,24.404287638125016,-17.508189447425018,-17.508189447425018,18.75800101880877,1.2498115713837517,2.4385401324451403,0.08123775213994386,2.3573023803051965
2023-06-22 00:00:00-05:00,8.8041773475,8.8041773475,22.10077833007908,22.10077833007908,-13.29660098257908,-13.29660098257908,15.764258021649074,2.467657039069995,2.0493535428143796,0.16039770753954966,1.88895583527483
2023-06-23 00:00:00-05:00,8.288078058,8.288078058,22.379926909905397,22.379926909905397,-14.091848851905398,-14.091848851905398,16.3136906162924,2.2218417643870008,2.120779780118012,0.14441971468515505,1.976360065432857
2023-06-24 00:00:00-05:00,8.896635156599999,8.896635156599999,24.847344209438365,24.847344209438365,-15.950709052838368,-15.950709052838368,18.26905655978155,2.3183475069431814,2.3749773527716016,0.1506925879513068,2.224284764820295
2023-06-25 00:00:00-05:00,8.447055102899999,8.447055102899999,26.501098216943692,26.501098216943692,-18.054043114043694,-18.054043114043694,19.930973480448728,1.8769303664050339,2.591026552458335,0.1220004738163272,2.4690260786420075
2023-06-26 00:00:00-05:00,9.2856741633,9.2856741633,26.282289599550783,26.282289599550783,-16.99661543625078,-16.99661543625078,19.44462342336955,2.448007987118765,2.5278010450380415,0.15912051916271974,2.368680525875322
2023-06-27 00:00:00-05:00,9.231100650899998,9.231100650899998,26.540823120453545,26.540823120453545,-17.30972246955355,-17.30972246955355,19.625239987778105,2.315517518224557,2.5512811984111536,0.1505086386845962,2.4007725597265575
2023-06-28 00:00:00-05:00,7.108865947799999,7.108865947799999,26.295863046771224,26.295863046771224,-19.186997098971226,-19.186997098971226,20.468809177983402,1.2818120790121776,2.6609451931378425,0.08331778513579155,2.577627408002051
2023-06-29 00:00:00-05:00,8.508649452299998,8.508649452299998,23.88998234209764,23.88998234209764,-15.38133288979764,-15.38133288979764,17.48439348506649,2.10306059526885,2.272971153058644,0.13669893869247524,2.1362722143661688
2023-06-30 00:00:00-05:00,8.721682670699998,8.721682670699998,22.527482887961646,22.527482887961646,-13.805800217261648,-13.805800217261648,16.25750637580574,2.4517061585440936,2.1134758288547464,0.1593609003053661,1.9541149285493802
2023-07-01 00:00:00-05:00,7.5210864795,7.5210864795,28.869866031473297,28.869866031473297,-21.348779551973298,-21.348779551973298,22.905007765271943,1.556228213298647,2.9776510094853528,0.10115483386441206,2.876496175620941
2023-07-02 00:00:00-05:00,8.259303356099998,8.259303356099998,28.0426827799594,28.0426827799594,-19.7833794238594,-19.7833794238594,21.53594853707775,1.7525691132183505,2.7996733098201076,0.11391699235919278,2.685756317460915
2023-07-03 00:00:00-05:00,8.862955937099999,8.862955937099999,23.258183129725236,23.258183129725236,-14.395227192625237,-14.395227192625237,16.84930274522165,2.4540755525964113,2.1904093568788143,0.15951491091876674,2.0308944459600475
2023-07-04 00:00:00-05:00,6.375751320599998,6.375751320599998,24.557247234548353,24.557247234548353,-18.181495913948353,-18.181495913948353,19.86282557244263,1.6813296584942772,2.5821673244175423,0.10928642780212802,2.4728808966154143
2023-07-05 00:00:00-05:00,7.9656410421,7.9656410421,24.657117844149614,24.657117844149614,-16.691476802049614,-16.691476802049614,18.716925355428316,2.0254485533787028,2.433200296205681,0.1316541559696157,2.3015461402360655
2023-07-06 00:00:00-05:00,8.610912627299998,8.610912627299998,22.940117508726694,22.940117508726694,-14.329204881426696,-14.329204881426696,16.821206529045064,2.492001647618368,2.1867568487758584,0.16198010709519392,2.0247767416806646
2023-07-07 00:00:00-05:00,5.8969834055999995,5.8969834055999995,25.641038992242425,25.641038992242425,-19.74405558664243,-19.74405558664243,20.86010307440711,1.1160474877646835,2.7118133996729243,0.07254308670470443,2.63927031296822
2023-07-08 00:00:00-05:00,6.6339595674,6.6339595674,28.76277304681817,28.76277304681817,-22.12881347941817,-22.12881347941817,22.548512533843624,0.41969905442545363,2.9313066293996712,0.027280438537654488,2.904026190862017
2023-07-09 00:00:00-05:00,1.2788609669999993,1.2788609669999993,24.997202273199658,24.997202273199658,-23.718341306199658,-23.718341306199658,23.718341306199658,0.0,3.0833843698059558,0.0,3.0833843698059558
2023-07-10 00:00:00-05:00,9.3623118705,9.3623118705,22.427470213185508,22.427470213185508,-13.065158342685507,-13.065158342685507,16.013411659838958,2.948253317153452,2.0817435157790647,0.1916364656149744,1.8901070501640902
2023-07-11 00:00:00-05:00,7.989077287799999,7.989077287799999,23.97806678428768,23.97806678428768,-15.988989496487683,-15.988989496487683,17.984029689181746,1.9950401926940629,2.337923859593627,0.1296776125251141,2.2082462470685127
2023-07-12 00:00:00-05:00,7.461095338799998,7.461095338799998,21.73894539354518,21.73894539354518,-14.277850054745182,-14.277850054745182,16.14604694219945,1.8681968874542703,2.0989861024859287,0.12143279768452757,1.9775533048014011
2023-07-13 00:00:00-05:00,8.0589205422,8.0589205422,25.86171479185176,25.86171479185176,-17.80279424965176,-17.80279424965176,19.810793306652112,2.007999057000348,2.5754031298647746,0.13051993870502263,2.444883191159752
2023-07-14 00:00:00-05:00,4.406529381299999,4.406529381299999,23.764162510070314,23.764162510070314,-19.357633128770313,-19.357633128770313,20.520633298689447,1.1630001699191312,2.667682328829628,0.07559501104474353,2.5920873177848844
2023-07-15 00:00:00-05:00,8.0265544731,8.0265544731,30.19914019085041,30.19914019085041,-22.172585717750415,-22.172585717750415,23.902911421999328,1.7303257042489129,3.107378484859913,0.11247117077617934,2.9949073140837337
2023-07-16 00:00:00-05:00,7.161680761199999,7.161680761199999,29.365340445303126,29.365340445303126,-22.203659684103126,-22.203659684103126,23.14756170517642,0.9439020210732956,3.0091830216729347,0.06135363136976421,2.9478293903031707
2023-07-17 00:00:00-05:00,7.970315093099999,7.970315093099999,25.452256318942393,25.452256318942393,-17.481941225842395,-17.481941225842395,19.491208256598796,2.0092670307564022,2.5338570733578436,0.13060235699916614,2.4032547163586773
2023-07-18 00:00:00-05:00,3.333900392099999,3.333900392099999,24.180447629462055,24.180447629462055,-20.846547237362056,-20.846547237362056,21.03672286112276,0.19017562376070757,2.734773971945959,0.012361415544445992,2.722412556401513
2023-07-19 00:00:00-05:00,4.898233922399999,4.898233922399999,22.094136079260675,22.094136079260675,-17.195902156860676,-17.195902156860676,17.944570052523993,0.7486678956633149,2.332794106828119,0.04866341321811547,2.2841306936100034
2023-07-20 00:00:00-05:00,5.366184376499999,5.366184376499999,23.086491191292232,23.086491191292232,-17.72030681479223,-17.72030681479223,18.80779415952519,1.0874873447329576,2.445013240738275,0.07068667740764224,2.3743265633306327
2023-07-21 00:00:00-05:00,2.7805406800499988,2.7805406800499988,21.982758226222543,21.982758226222543,-19.202217546172545,-19.202217546172545,19.37048453676751,0.16826699059496492,2.518162989779776,0.01093735438867272,2.5072256353911033
2023-07-22 00:00:00-05:00,8.872901798849998,8.872901798849998,27.21665446528631,27.21665446528631,-18.343752666436313,-18.343752666436313,20.55309629410346,2.2093436276671503,2.67190251823345,0.14360733579836477,2.528295182435085
2023-07-23 00:00:00-05:00,8.750134560599998,8.750134560599998,27.814711678978586,27.814711678978586,-19.064577118378587,-19.064577118378587,21.089394086364262,2.024816967985676,2.741621231227354,0.13161310291906894,2.610008128308285
2023-07-24 00:00:00-05:00,7.864939024649999,7.864939024649999,25.37142654779748,25.37142654779748,-17.50648752314748,-17.50648752314748,19.107910832062277,1.6014233089147938,2.484028408168096,0.1040925150794616,2.3799358930886347
2023-07-25 00:00:00-05:00,8.9092141353,8.9092141353,25.6911478564266,25.6911478564266,-16.781933721126602,-16.781933721126602,18.933230197610637,2.151296476484035,2.461319925689383,0.13983427097146228,2.321485654717921
2023-07-26 00:00:00-05:00,5.5293409106999984,5.5293409106999984,25.207490196753742,25.207490196753742,-19.678149286053745,-19.678149286053745,20.708183146611614,1.0300338605578685,2.6920638090595097,0.06695220093626146,2.625111608123248
2023-07-27 00:00:00-05:00,8.82450318375,8.82450318375,22.17548695555851,22.17548695555851,-13.350983771808513,-13.350983771808513,15.97295616770554,2.6219723958970276,2.0764843018017203,0.1704282057333068,1.9060560960684134
2023-07-28 00:00:00-05:00,8.854991198999999,8.854991198999999,22.061664375620442,22.061664375620442,-13.206673176620441,-13.206673176620441,15.901530886613976,2.6948577099935336,2.067199015259817,0.1751657511495797,1.8920332641102373
2023-07-29 00:00:00-05:00,5.692942924649999,5.692942924649999,27.82259827813231,27.82259827813231,-22.129655353482313,-22.129655353482313,23.15638711245555,1.0267317589732405,3.010330324619222,0.06673756433326064,2.943592760285961
2023-07-30 00:00:00-05:00,8.524133814599999,8.524133814599999,29.604665327593356,29.604665327593356,-21.080531512993357,-21.080531512993357,22.72791257847825,1.647381065484896,2.9546286352021727,0.10707976925651824,2.8475488659456545
2023-07-31 00:00:00-05:00,7.8927237634499985,7.8927237634499985,24.882143018312906,24.882143018312906,-16.98941925486291,-16.98941925486291,18.649173064657603,1.6597538097946962,2.4243924984054885,0.10788399763665525,2.3165085007688333
2023-08-01 00:00:00-05:00,4.65101648595,4.65101648595,25.190985009099315,25.190985009099315,-20.539968523149316,-20.539968523149316,20.974775667989455,0.43480714484013844,2.7267208368386293,0.028262464414609,2.69845837242402
2023-08-02 00:00:00-05:00,8.0534204991,8.0534204991,24.76243467273819,24.76243467273819,-16.70901417363819,-16.70901417363819,18.750469834466116,2.041455660827923,2.4375610784805954,0.13269461795381501,2.3048664605267803
2023-08-03 00:00:00-05:00,6.0599758661999985,6.0599758661999985,23.207231315069436,23.207231315069436,-17.147255448869437,-17.147255448869437,18.7637006822029,1.616445233333462,2.4392810886863767,0.10506894016667503,2.334212148519702
2023-08-04 00:00:00-05:00,2.342423689649999,2.342423689649999,26.060458719582417,26.060458719582417,-23.71803502993242,-23.71803502993242,23.71803502993242,0.0,3.0833445538912145,0.0,3.0833445538912145
2023-08-05 00:00:00-05:00,5.048848349099999,5.048848349099999,24.55162298694699,24.55162298694699,-19.502774637846993,-19.502774637846993,19.781117256204244,0.2783426183572511,2.5715452433065518,0.01809227019322132,2.5534529731133304
2023-08-06 00:00:00-05:00,7.159223075399999,7.159223075399999,29.583839246488093,29.583839246488093,-22.424616171088093,-22.424616171088093,23.69696699127414,1.2723508201860498,3.0806057088656384,0.08270280331209325,2.9979029055535453
2023-08-07 00:00:00-05:00,7.321588695899999,7.321588695899999,22.154643285008472,22.154643285008472,-14.833054589108471,-14.833054589108471,16.710193416484806,1.8771388273763336,2.172325144143025,0.12201402377946169,2.0503111203635633
2023-08-08 00:00:00-05:00,5.813224282349998,5.813224282349998,22.138267582046577,22.138267582046577,-16.32504329969658,-16.32504329969658,18.28992934312866,1.9648860434320785,2.377690814606726,0.12771759282308512,2.249973221783641
2023-08-09 00:00:00-05:00,1.112273179649999,1.112273179649999,23.983069795493574,23.983069795493574,-22.870796615843577,-22.870796615843577,22.870796615843577,0.0,2.973203560059665,0.0,2.973203560059665
2023-08-10 00:00:00-05:00,5.10751704195,5.10751704195,23.024826644451352,23.024826644451352,-17.91730960250135,-17.91730960250135,18.274279216244643,0.35696961374329267,2.375656298111804,0.023203024893314023,2.3524532732184897
2023-08-11 00:00:00-05:00,8.093520171449999,8.093520171449999,25.237476560911105,25.237476560911105,-17.143956389461103,-17.143956389461103,18.815766894782794,1.6718105053216905,2.4460496963217633,0.10866768284590989,2.337382013475853
2023-08-12 00:00:00-05:00,3.626055077399999,3.626055077399999,25.888187474204884,25.888187474204884,-22.262132396804883,-22.262132396804883,22.850632336104418,0.5884999392995347,2.9705822036935743,0.03825249605446976,2.9323297076391044
2023-08-13 00:00:00-05:00,3.633198081299999,3.633198081299999,25.426299986652875,25.426299986652875,-21.793101905352877,-21.793101905352877,22.43466966555844,0.6415677602055667,2.9165070565225975,0.041701904413361836,2.8748051521092357
2023-08-14 00:00:00-05:00,6.475187586149999,6.475187586149999,22.276072059885422,22.276072059885422,-15.800884473735422,-15.800884473735422,16.98041754097151,1.1795330672360849,2.207454280326296,0.07666964937034552,2.130784630955951
2023-08-15 00:00:00-05:00,6.475753535849998,6.475753535849998,23.753254995689225,23.753254995689225,-17.27750145983923,-17.27750145983923,18.68240616107405,1.4049047012348226,2.4287128009396266,0.09131880558026347,2.337393995359363
2023-08-16 00:00:00-05:00,8.7924995559,8.7924995559,22.698338709538454,22.698338709538454,-13.905839153638455,-13.905839153638455,16.647728690976535,2.7418895373380803,2.16420472982695,0.17822281992697522,1.9859819098999745
2023-08-17 00:00:00-05:00,9.24357030255,9.24357030255,26.38397944398293,26.38397944398293,-17.140409141432933,-17.140409141432933,19.579066825517344,2.4386576840844114,2.545278687317255,0.15851274946548674,2.3867659378517683
2023-08-18 00:00:00-05:00,9.39516804495,9.39516804495,24.3824866077476,24.3824866077476,-14.987318562797604,-14.987318562797604,17.796681557158543,2.809362994360937,2.313568602430611,0.1826085946334609,2.13096000779715
2023-08-19 00:00:00-05:00,8.729279136899999,8.729279136899999,25.69284243132271,25.69284243132271,-16.96356329442271,-16.96356329442271,19.237140290036916,2.2735769956142065,2.5008282377047992,0.14778250471492343,2.3530457329898757
2023-08-20 00:00:00-05:00,8.849323626299999,8.849323626299999,27.787424906099062,27.787424906099062,-18.938101279799064,-18.938101279799064,20.92252619143857,1.9844249116395103,2.7199284048870145,0.12898761925656818,2.5909407856304463
2023-08-21 00:00:00-05:00,8.630526561299998,8.630526561299998,23.460266732929,23.460266732929,-14.829740171629002,-14.829740171629002,17.215347945179744,2.3856077735507415,2.2379952328733665,0.1550645052807982,2.082930727592568
2023-08-22 00:00:00-05:00,7.064747685899999,7.064747685899999,25.514603944879415,25.514603944879415,-18.449856258979416,-18.449856258979416,19.98880179272902,1.5389455337496045,2.598544233054773,0.1000314596937243,2.4985127733610484
2023-08-23 00:00:00-05:00,8.35501863015,8.35501863015,25.328397724014522,25.328397724014522,-16.973379093864523,-16.973379093864523,19.099783079198225,2.1264039853337016,2.4829718002957692,0.1382162590466906,2.3447555412490786
2023-08-24 00:00:00-05:00,8.719798335299998,8.719798335299998,23.125827628930452,23.125827628930452,-14.406029293630452,-14.406029293630452,16.85407517503239,2.4480458814019377,2.1910297727542107,0.15912298229112595,2.031906790463085
2023-08-25 00:00:00-05:00,8.57698115085,8.57698115085,25.73109740154281,25.73109740154281,-17.154116250692812,-17.154116250692812,19.31563080896003,2.1615145582672195,2.511032005164804,0.14049844628736927,2.3705335588774346
2023-08-26 00:00:00-05:00,7.517865464549999,7.517865464549999,26.58753546502658,26.58753546502658,-19.06967000047658,-19.06967000047658,20.57928289499476,1.5096128945181764,2.6753067763493186,0.09812483814368146,2.577181938205637
2023-08-27 00:00:00-05:00,3.958444580849999,3.958444580849999,24.16778303474918,24.16778303474918,-20.209338453899182,-20.209338453899182,20.328791419211722,0.11945296531253952,2.642742884497524,0.007764442745315069,2.634978441752209
2023-08-28 00:00:00-05:00,9.606754574999998,9.606754574999998,26.355299397453212,26.355299397453212,-16.748544822453216,-16.748544822453216,19.01352495150666,2.2649801290534475,2.471758243695866,0.1472237083884741,2.324534535307392
2023-08-29 00:00:00-05:00,9.884194285949999,9.884194285949999,22.159907017829457,22.159907017829457,-12.275712731879459,-12.275712731879459,15.25864425751776,2.9829315256383016,1.983623753477309,0.1938905491664896,1.7897332043108194
2023-08-30 00:00:00-05:00,9.4187792817,9.4187792817,26.862991188605303,26.862991188605303,-17.444211906905302,-17.444211906905302,19.725882766675454,2.2816708597701516,2.564364759667809,0.14830860588505987,2.416056153782749
2023-08-31 00:00:00-05:00,10.28834870265,10.28834870265,26.675446076600373,26.675446076600373,-16.387097373950375,-16.387097373950375,19.121983488231027,2.7348861142806538,2.4858578534700335,0.1777675974282425,2.308090256041791
2023-09-01 00:00:00-05:00,9.2783034711,9.2783034711,23.8682451742793,23.8682451742793,-14.5899417031793,-14.5899417031793,16.97967956255851,2.3897378593792085,2.207358343132606,0.15533296085964857,2.0520253822729573
2023-09-02 00:00:00-05:00,6.590895921449999,6.590895921449999,25.352997562710243,25.352997562710243,-18.762101641260244,-18.762101641260244,19.950844741869226,1.188743100608983,2.5936098164429993,0.0772683015395839,2.516341514903415
2023-09-03 00:00:00-05:00,6.434639997299999,6.434639997299999,26.46326990681609,26.46326990681609,-20.02862990951609,-20.02862990951609,21.02134685288684,0.9927169433707501,2.7327750908752892,0.06452660131909876,2.6682484895561904
2023-09-04 00:00:00-05:00,7.301880155249999,7.301880155249999,23.909820269791247,23.909820269791247,-16.607940114541247,-16.607940114541247,17.411302186952458,0.8033620724112105,2.2634692843038198,0.052218534706728686,2.2112507495970912
2023-09-05 00:00:00-05:00,4.67048823525,4.67048823525,24.28918858614862,24.28918858614862,-19.618700350898617,-19.618700350898617,19.838127141718743,0.21942679082012323,2.578956528423437,0.014262741403308011,2.5646937870201287
2023-09-06 00:00:00-05:00,8.670100393799999,8.670100393799999,23.310184694539117,23.310184694539117,-14.640084300739117,-14.640084300739117,16.618248222219904,1.9781639214807871,2.1603722688885876,0.12858065489625117,2.031791613992336
2023-09-07 00:00:00-05:00,9.6172372332,9.6172372332,26.37912984354537,26.37912984354537,-16.761892610345374,-16.761892610345374,19.096373665135665,2.3344810547902943,2.4825285764676366,0.15174126856136913,2.3307873079062675
2023-09-08 00:00:00-05:00,7.964750511899999,7.964750511899999,23.544716719822073,23.544716719822073,-15.579966207922075,-15.579966207922075,17.559976508028335,1.9800103001062617,2.2827969460436837,0.128700669506907,2.1540962765367766
2023-09-09 00:00:00-05:00,9.210956893199999,9.210956893199999,27.327987950670952,27.327987950670952,-18.117031057470953,-18.117031057470953,20.004809647945187,1.8877785904742335,2.6006252542328743,0.12270560838082518,2.477919645852049
2023-09-10 00:00:00-05:00,8.647823654999998,8.647823654999998,28.143023208039185,28.143023208039185,-19.495199553039186,-19.495199553039186,21.37418852920392,1.8789889761647331,2.7786445087965097,0.12213428345070766,2.656510225345802
2023-09-11 00:00:00-05:00,9.0993044682,9.0993044682,22.15091151765259,22.15091151765259,-13.051607049452592,-13.051607049452592,15.448552503028784,2.3969454535761936,2.008311825393742,0.15580145448245258,1.8525103709112896
2023-09-12 00:00:00-05:00,4.657999805099999,4.657999805099999,24.595430169850605,24.595430169850605,-19.937430364750607,-19.937430364750607,21.00048114681776,1.0630507820671535,2.7300625490863086,0.06909830083436498,2.6609642482519438
2023-09-13 00:00:00-05:00,8.456452731,8.456452731,25.33351308887168,25.33351308887168,-16.87706035787168,-16.87706035787168,18.122267111664886,1.245206753793205,2.3558947245164354,0.08093843899655832,2.274956285519877
2023-09-14 00:00:00-05:00,9.663436546425,9.663436546425,25.503054609241868,25.503054609241868,-15.83961806281687,-15.83961806281687,18.263865075071276,2.424247012254406,2.374302459759266,0.1575760557965364,2.2167264039627295
2023-09-15 00:00:00-05:00,9.765349923599999,9.765349923599999,26.20766488626927,26.20766488626927,-16.442314962669272,-16.442314962669272,18.792655733135888,2.3503407704666173,2.4430452453076654,0.15277215008033013,2.2902730952273354
2023-09-16 00:00:00-05:00,8.888975174925,8.888975174925,24.166491085342138,24.166491085342138,-15.27751591041714,-15.27751591041714,17.359793939193402,2.0822780287762623,2.2567732120951423,0.13534807187045705,2.121425140224685
2023-09-17 00:00:00-05:00,9.166720670324999,9.166720670324999,27.17993416482515,27.17993416482515,-18.01321349450015,-18.01321349450015,19.719572263305515,1.7063587688053665,2.563544394229717,0.11091331997234882,2.4526310742573685
2023-09-18 00:00:00-05:00,9.275649381225,9.275649381225,24.90643193491201,24.90643193491201,-15.63078255368701,-15.63078255368701,18.033365314191244,2.4025827605042327,2.3443374908448615,0.15616787943277513,2.1881696114120865
2023-09-19 00:00:00-05:00,9.0047175363,9.0047175363,25.189867012064948,25.189867012064948,-16.18514947576495,-16.18514947576495,18.316522400241627,2.1313729244766786,2.3811479120314116,0.13853924009098412,2.2426086719404275
2023-09-20 00:00:00-05:00,1.8778911209999987,1.8778911209999987,25.055892782772528,25.055892782772528,-23.17800166177253,-23.17800166177253,23.17800166177253,0.0,3.013140216030429,0.0,3.013140216030429
2023-09-21 00:00:00-05:00,8.491934705399999,8.491934705399999,25.6849842420515,25.6849842420515,-17.1930495366515,-17.1930495366515,19.11442467899348,1.9213751423419814,2.4848752082691523,0.1248893842522288,2.3599858240169236
2023-09-22 00:00:00-05:00,8.715070243124998,8.715070243124998,24.96119735027356,24.96119735027356,-16.246127107148563,-16.246127107148563,18.270160807833545,2.024033700684981,2.375120905018361,0.13156219054452375,2.243558714473837
2023-09-23 00:00:00-05:00,8.780025017924999,8.780025017924999,24.376610553595285,24.376610553595285,-15.596585535670284,-15.596585535670284,17.504149171235245,1.9075636355649603,2.275539392260582,0.12399163631172243,2.1515477559488594
2023-09-24 00:00:00-05:00,3.7289678777999997,3.7289678777999997,27.872276655371014,27.872276655371014,-24.143308777571015,-24.143308777571015,24.143308777571015,0.0,3.138630141084232,0.0,3.138630141084232
2023-09-25 00:00:00-05:00,8.4526519653,8.4526519653,26.160247784739944,26.160247784739944,-17.707595819439945,-17.707595819439945,19.50749508120031,1.7998992617603637,2.5359743605560405,0.11699345201442364,2.418980908541617
2023-09-26 00:00:00-05:00,8.233566607799998,8.233566607799998,26.304064013766787,26.304064013766787,-18.070497405966787,-18.070497405966787,19.830215320364275,1.759717914397489,2.5779279916473556,0.11438166443583679,2.463546327211519
2023-09-27 00:00:00-05:00,8.4709981008,8.4709981008,22.90972620985929,22.90972620985929,-14.438728109059289,-14.438728109059289,16.557344466557453,2.1186163574981642,2.152454780652469,0.1377100632373807,2.014744717415088
2023-09-28 00:00:00-05:00,7.7965534145249995,7.7965534145249995,26.55674244627303,26.55674244627303,-18.760189031748034,-18.760189031748034,19.77868244895577,1.0184934172077367,2.5712287183642504,0.06620207211850289,2.5050266462457476
2023-09-29 00:00:00-05:00,8.658359575425,8.658359575425,22.84774768950257,22.84774768950257,-14.189388114077568,-14.189388114077568,16.373984673754144,2.1845965596765744,2.128618007588039,0.14199877637897734,1.9866192312090616
2023-09-30 00:00:00-05:00,7.080689181824999,7.080689181824999,25.527398984222287,25.527398984222287,-18.44670980239729,-18.44670980239729,19.078667988370704,0.6319581859734154,2.4802268384881914,0.041077282088272,2.4391495563999195
2023-10-01 00:00:00-05:00,9.0060476805,9.0060476805,24.869169220797584,24.869169220797584,-15.863121540297584,-15.863121540297584,17.97957133369235,2.1164497933947626,2.337344273380005,0.13756923657065956,2.1997750368093456
2023-10-02 00:00:00-05:00,8.0585067051,8.0585067051,24.20710311975314,24.20710311975314,-16.14859641465314,-16.14859641465314,17.95287804725422,1.8042816326010778,2.3338741461430486,0.11727830611907006,2.2165958400239787
2023-10-03 00:00:00-05:00,5.4376906527,5.4376906527,24.255781348998248,24.255781348998248,-18.818090696298245,-18.818090696298245,19.498954130064394,0.6808634337661484,2.5348640369083713,0.04425612319479965,2.4906079137135717
2023-10-04 00:00:00-05:00,3.8988784559249994,3.8988784559249994,23.49011077428641,23.49011077428641,-19.591232318361413,-19.591232318361413,19.591232318361413,0.0,2.5468602013869837,0.0,2.5468602013869837
2023-10-05 00:00:00-05:00,1.3458392297999993,1.3458392297999993,23.615264424575194,23.615264424575194,-22.269425194775195,-22.269425194775195,22.269425194775195,0.0,2.8950252753207755,0.0,2.8950252753207755
2023-10-06 00:00:00-05:00,9.5188396941,9.5188396941,22.357645917218335,22.357645917218335,-12.838806223118334,-12.838806223118334,15.53461730601146,2.695811082893127,2.01950024978149,0.17522772038805326,1.8442725293934368
2023-10-07 00:00:00-05:00,9.9627788511,9.9627788511,25.298262257072626,25.298262257072626,-15.335483405972628,-15.335483405972628,17.875786376529746,2.5403029705571187,2.323852228948867,0.16511969308621272,2.1587325358626543
2023-10-08 00:00:00-05:00,9.646226349525,9.646226349525,26.083083795081524,26.083083795081524,-16.436857445556523,-16.436857445556523,18.753996113356553,2.3171386678000307,2.438019494736352,0.150614013407002,2.28740548132935
2023-10-09 00:00:00-05:00,9.266489421299998,9.266489421299998,22.67590571255237,22.67590571255237,-13.409416291252372,-13.409416291252372,15.922138963835362,2.5127226725829903,2.0698780652985973,0.16332697371789437,1.906551091580703
2023-10-10 00:00:00-05:00,9.516302730224998,9.516302730224998,24.578934601688424,24.578934601688424,-15.062631871463426,-15.062631871463426,17.415072723096614,2.3524408516331863,2.26395945400256,0.1529086553561571,2.111050798646403
2023-10-11 00:00:00-05:00,3.4455104810999995,3.4455104810999995,24.35240387144006,24.35240387144006,-20.90689339034006,-20.90689339034006,20.947012592798096,0.04011920245803585,2.7231116370637527,0.0026077481597723304,2.7205038889039805
2023-10-12 00:00:00-05:00,7.249227113699999,7.249227113699999,22.723754784927905,22.723754784927905,-15.474527671227905,-15.474527671227905,16.631793119748743,1.1572654485208376,2.1621331055673365,0.07522225415385445,2.086910851413482
2023-10-13 00:00:00-05:00,3.4397520452999992,3.4397520452999992,22.24700503913218,22.24700503913218,-18.807252993832183,-18.807252993832183,18.807252993832183,0.0,2.4449428891981837,0.0,2.4449428891981837
2023-10-14 00:00:00-05:00,3.435994736099999,3.435994736099999,28.055602111217237,28.055602111217237,-24.619607375117237,-24.619607375117237,24.871859722504958,0.2522523473877213,3.2333417639256448,0.016396402580201884,3.216945361345443
2023-10-15 00:00:00-05:00,3.1217537079,3.1217537079,24.939352092895835,24.939352092895835,-21.817598384995836,-21.817598384995836,21.862889650549715,0.0452912655538783,2.842175654571463,0.0029439322610020895,2.839231722310461
2023-10-16 00:00:00-05:00,8.460246619799998,8.460246619799998,24.56158882242807,24.56158882242807,-16.10134220262807,-16.10134220262807,17.964598581418187,1.8632563787901175,2.3353978155843644,0.12111166462135764,2.214286150963007
2023-10-17 00:00:00-05:00,9.219827723625,9.219827723625,26.383390078342757,26.383390078342757,-17.163562354717754,-17.163562354717754,19.343161264929606,2.1795989102118503,2.5146109644408488,0.14167392916377028,2.3729370352770784
2023-10-18 00:00:00-05:00,8.7393868326,8.7393868326,25.003596968114643,25.003596968114643,-16.264210135514645,-16.264210135514645,18.4242780326314,2.160067897116755,2.395156144242082,0.14040441331258907,2.2547517309294927
2023-10-19 00:00:00-05:00,7.437353976224999,7.437353976224999,24.20001860673513,24.20001860673513,-16.76266463051013,-16.76266463051013,18.489123475964877,1.7264588454547478,2.403586051875434,0.11221982495455861,2.2913662269208754
2023-10-20 00:00:00-05:00,8.782562578499999,8.782562578499999,22.653765880853353,22.653765880853353,-13.871203302353354,-13.871203302353354,16.31174792534793,2.4405446229945764,2.120527230295231,0.15863540049464747,1.9618918298005834
2023-10-21 00:00:00-05:00,8.434439250299999,8.434439250299999,26.82931645470044,26.82931645470044,-18.39487720440044,-18.39487720440044,20.250384671788545,1.8555074673881071,2.6325500073325108,0.12060798538022696,2.511942021952284
2023-10-22 00:00:00-05:00,8.3191401756,8.3191401756,27.288815261918927,27.288815261918927,-18.96967508631893,-18.96967508631893,20.86635974982997,1.8966846635110417,2.7126267674778965,0.12328450312821772,2.589342264349679
2023-10-23 00:00:00-05:00,4.337598348225,4.337598348225,23.488998831192916,23.488998831192916,-19.15140048296792,-19.15140048296792,20.160547224334493,1.009146741366575,2.620871139163484,0.06559453818882736,2.555276600974657
2023-10-24 00:00:00-05:00,5.0699132253,5.0699132253,25.216264381164837,25.216264381164837,-20.14635115586484,-20.14635115586484,21.102076760484934,0.955725604620097,2.7432699788630415,0.06212216430030631,2.681147814562735
2023-10-25 00:00:00-05:00,8.164542012299998,8.164542012299998,23.08165349918795,23.08165349918795,-14.917111486887952,-14.917111486887952,16.796897679814556,1.879786192926603,2.1835966983758923,0.1221861025402292,2.061410595835663
2023-10-26 00:00:00-05:00,4.878580743899999,4.878580743899999,23.820959513301023,23.820959513301023,-18.942378769401024,-18.942378769401024,18.942378769401024,0.0,2.462509240022133,0.0,2.462509240022133
2023-10-27 00:00:00-05:00,2.9030326370999995,2.9030326370999995,24.174060725263395,24.174060725263395,-21.271028088163398,-21.271028088163398,21.466122734895936,0.19509464673253962,2.790595955536472,0.012681152037615075,2.7779148034988568
2023-10-28 00:00:00-05:00,1.1261788856999992,1.1261788856999992,28.07842674003979,28.07842674003979,-26.952247854339795,-26.952247854339795,26.952247854339795,0.0,3.5037922210641734,0.0,3.5037922210641734
2023-10-29 00:00:00-05:00,0.6372501875999993,0.6372501875999993,29.326855491517755,29.326855491517755,-28.689605303917755,-28.689605303917755,28.689605303917755,0.0,3.7296486895093084,0.0,3.7296486895093084
2023-10-30 00:00:00-05:00,7.195465547999999,7.195465547999999,25.042537251316187,25.042537251316187,-17.84707170331619,-17.84707170331619,19.77439378548346,1.9273220821672719,2.57067119211285,0.12527593534087267,2.4453952567719774
2023-10-31 00:00:00-05:00,9.983181727799998,9.983181727799998,24.93671183728788,24.93671183728788,-14.953530109487884,-14.953530109487884,17.286887982603922,2.3333578731160376,2.2472954377385097,0.15166826175254244,2.0956271759859675
2023-11-01 00:00:00-05:00,10.082033509499999,10.082033509499999,24.2569391544325,24.2569391544325,-14.174905644932505,-14.174905644932505,16.66520277758968,2.490297132657178,2.1664763610866586,0.1618693136227166,2.004607047463942
2023-11-02 00:00:00-05:00,9.535206729599999,9.535206729599999,23.21733067623872,23.21733067623872,-13.682123946638724,-13.682123946638724,16.152746823513798,2.470622876875075,2.099857087056794,0.16059048699687986,1.939266600059914
2023-11-03 00:00:00-05:00,9.3052591965,9.3052591965,25.619081358831263,25.619081358831263,-16.313822162331263,-16.313822162331263,18.272812580269356,1.9589904179380937,2.3754656354350163,0.1273343771659761,2.2481312582690403
2023-11-04 00:00:00-05:00,8.281920629699998,8.281920629699998,24.494578353032143,24.494578353032143,-16.212657723332143,-16.212657723332143,17.829208133105794,1.6165504097736516,2.3177970573037534,0.10507577663528736,2.212721280668466
2023-11-05 00:00:00-05:00,7.909136622,7.909136622,29.105033575346457,29.105033575346457,-21.195896953346455,-21.195896953346455,22.2011638548213,1.0052669014748428,2.886151301126769,0.06534234859586478,2.8208089525309044
2023-11-06 00:00:00-06:00,8.3898189153,8.3898189153,25.909554751562034,25.909554751562034,-17.519735836262036,-17.519735836262036,19.0820894787738,1.5623536425117637,2.480671632240594,0.10155298676326464,2.3791186454773294
2023-11-07 00:00:00-06:00,8.2945342683,8.2945342683,22.479052496581048,22.479052496581048,-14.18451822828105,-14.18451822828105,16.106781744429256,1.922263516148206,2.0938816267758034,0.1249471285496334,1.96893449822617
2023-11-08 00:00:00-06:00,4.7169991925999994,4.7169991925999994,23.405788344521895,23.405788344521895,-18.688789151921895,-18.688789151921895,19.314562504847277,0.62577335292538,2.510893125630146,0.0406752679401497,2.4702178576899962
2023-11-09 00:00:00-06:00,1.0421629775999992,1.0421629775999992,23.202227032183117,23.202227032183117,-22.160064054583117,-22.160064054583117,22.160064054583117,0.0,2.880808327095805,0.0,2.880808327095805
2023-11-10 00:00:00-06:00,9.0060159231,9.0060159231,25.102552392780964,25.102552392780964,-16.096536469680967,-16.096536469680967,18.17700180697192,2.0804653372909545,2.3630102349063495,0.13523024692391206,2.2277799879824376
2023-11-11 00:00:00-06:00,7.3229223177,7.3229223177,24.777268808031256,24.777268808031256,-17.454346490331254,-17.454346490331254,18.664493266375448,1.2101467760441926,2.4263841246288083,0.07865954044287253,2.3477245841859355
2023-11-12 00:00:00-06:00,8.7952425939,8.7952425939,28.868121135200475,28.868121135200475,-20.072878541300476,-20.072878541300476,21.535203047222275,1.462324505921798,2.799576396138896,0.09505109288491687,2.704525303253979
2023-11-13 00:00:00-06:00,8.5776550182,8.5776550182,24.3407885076092,24.3407885076092,-15.763133489409203,-15.763133489409203,17.73787312548935,1.974739636080147,2.305923506313616,0.12835807634520957,2.177565429968406
2023-11-14 00:00:00-06:00,5.261922080999999,5.261922080999999,23.453552561959743,23.453552561959743,-18.191630480959745,-18.191630480959745,18.864990100252797,0.6733596192930531,2.452448713032864,0.043768375254048454,2.4086803377788155
2023-11-15 00:00:00-06:00,8.0790151518,8.0790151518,25.45138657398482,25.45138657398482,-17.372371422184823,-17.372371422184823,18.835795721974794,1.4634242997899698,2.448653443856723,0.09512257948634804,2.353530864370375
2023-11-16 00:00:00-06:00,6.0312240062999996,6.0312240062999996,25.95863195464689,25.95863195464689,-19.92740794834689,-19.92740794834689,21.000116818281235,1.072708869934345,2.7300151863765607,0.06972607654573243,2.660289109830828
2023-11-17 00:00:00-06:00,2.3398020665999995,2.3398020665999995,23.71452110795149,23.71452110795149,-21.374719041351494,-21.374719041351494,21.374719041351494,0.0,2.778713475375694,0.0,2.778713475375694
2023-11-18 00:00:00-06:00,9.162214019999999,9.162214019999999,25.839839421364427,25.839839421364427,-16.677625401364427,-16.677625401364427,18.644310098622654,1.966684697258224,2.4237603128209453,0.12783450532178456,2.295925807499161
2023-11-19 00:00:00-06:00,7.575908643,7.575908643,28.948438400120814,28.948438400120814,-21.372529757120816,-21.372529757120816,22.6323668261819,1.259837069061087,2.942207687403647,0.08188940948897065,2.8603182779146765
2023-11-20 00:00:00-06:00,0.8144348444999995,0.8144348444999995,24.813220051722837,24.813220051722837,-23.998785207222838,-23.998785207222838,23.998785207222838,0.0,3.119842076938969,0.0,3.119842076938969
2023-11-21 00:00:00-06:00,0.9922979114999992,0.9922979114999992,25.553926428302542,25.553926428302542,-24.561628516802543,-24.561628516802543,24.561628516802543,0.0,3.1930117071843305,0.0,3.1930117071843305
2023-11-22 00:00:00-06:00,4.4159224652999995,4.4159224652999995,24.728407252226848,24.728407252226848,-20.31248478692685,-20.31248478692685,20.615726212888294,0.3032414259614445,2.6800444076754784,0.019710692687493894,2.6603337149879844
2023-11-23 00:00:00-06:00,8.860801901399999,8.860801901399999,23.072825172762343,23.072825172762343,-14.212023271362346,-14.212023271362346,16.43852180487636,2.226498533514015,2.137007834633927,0.144722404678411,1.992285429955516
2023-11-24 00:00:00-06:00,6.893330161499999,6.893330161499999,24.08294869599173,24.08294869599173,-17.18961853449173,-17.18961853449173,18.35561294093492,1.1659944064431893,2.3862296823215394,0.0757896364188073,2.310440045902732
2023-11-25 00:00:00-06:00,8.5522251627,8.5522251627,27.974009816708723,27.974009816708723,-19.421784654008725,-19.421784654008725,20.87961922961255,1.4578345756038245,2.714350499849632,0.0947592474142486,2.6195912524353835
2023-11-26 00:00:00-06:00,2.4304828976999993,2.4304828976999993,25.836350975643818,25.836350975643818,-23.40586807794382,-23.40586807794382,23.40586807794382,0.0,3.0427628501326964,0.0,3.0427628501326964
2023-11-27 00:00:00-06:00,9.227318498999999,9.227318498999999,24.986594972343717,24.986594972343717,-15.759276473343718,-15.759276473343718,18.099517411498418,2.340240938154702,2.3529372634947943,0.15211566098005563,2.2008216025147385
2023-11-28 00:00:00-06:00,9.337106789999998,9.337106789999998,23.251658883013523,23.251658883013523,-13.914552093013526,-13.914552093013526,16.539923704476298,2.6253716114627714,2.150190081581919,0.17064915474508016,1.9795409268368387
2023-11-29 00:00:00-06:00,8.7162152085,8.7162152085,22.476606460371144,22.476606460371144,-13.760391251871145,-13.760391251871145,16.046242064439145,2.2858508125679986,2.0860114683770887,0.14858030281691992,1.9374311655601688
2023-11-30 00:00:00-06:00,3.0595630796999993,3.0595630796999993,24.308302163700603,24.308302163700603,-21.2487390840006,-21.2487390840006,21.265882598117138,0.01714351411653603,2.764564737755228,0.001114328417574842,2.7634504093376533
2023-12-01 00:00:00-06:00,1.6262408636999997,1.6262408636999997,26.29104395087483,26.29104395087483,-24.664803087174832,-24.664803087174832,24.664803087174832,0.0,3.206424401332728,0.0,3.206424401332728
2023-12-02 00:00:00-06:00,2.701497268799999,2.701497268799999,26.40939491713452,26.40939491713452,-23.70789764833452,-23.70789764833452,24.18327657316525,0.4753789248307287,3.143825954511483,0.030899630113997364,3.1129263243974856
2023-12-03 00:00:00-06:00,8.7322038066,8.7322038066,25.013501958278535,25.013501958278535,-16.281298151678534,-16.281298151678534,18.15887643514444,1.877578283465905,2.3606539365687773,0.12204258842528383,2.2386113481434933
2023-12-04 00:00:00-06:00,5.333632946999999,5.333632946999999,25.242782912504307,25.242782912504307,-19.90914996550431,-19.90914996550431,20.994064870857603,1.0849149053532965,2.7292284332114884,0.07051946884796427,2.658708964363524
2023-12-05 00:00:00-06:00,8.0762100408,8.0762100408,23.85921935965123,23.85921935965123,-15.783009318851233,-15.783009318851233,17.419751903528937,1.636742584677703,2.264567747458762,0.1063882680040507,2.158179479454711
2023-12-06 00:00:00-06:00,7.171986445199999,7.171986445199999,25.75773450837928,25.75773450837928,-18.58574806317928,-18.58574806317928,19.32244720695747,0.736699143778187,2.5119181369044714,0.04788544434558216,2.4640326925588893
2023-12-07 00:00:00-06:00,7.7634450053999995,7.7634450053999995,24.632526580311144,24.632526580311144,-16.869081574911146,-16.869081574911146,18.260512176069806,1.3914306011586624,2.373866582889075,0.09044298907531306,2.2834235938137617
2023-12-08 00:00:00-06:00,1.0967750216999999,1.0967750216999999,23.97799584894835,23.97799584894835,-22.88122082724835,-22.88122082724835,22.88122082724835,0.0,2.9745587075422852,0.0,2.9745587075422852
2023-12-09 00:00:00-06:00,0.9913510781999993,0.9913510781999993,25.50960459986917,25.50960459986917,-24.518253521669173,-24.518253521669173,24.518253521669173,0.0,3.1873729578169927,0.0,3.1873729578169927
2023-12-10 00:00:00-06:00,9.2165650551,9.2165650551,24.509863072618426,24.509863072618426,-15.293298017518424,-15.293298017518424,17.5383811139655,2.245083096447073,2.279989544815515,0.14593040126905976,2.1340591435464553
2023-12-11 00:00:00-06:00,8.985683727,8.985683727,22.915120178262327,22.915120178262327,-13.929436451262328,-13.929436451262328,16.27680179418195,2.3473653429196197,2.1159842332436534,0.1525787472897753,1.963405485953878
2023-12-12 00:00:00-06:00,8.667585586799998,8.667585586799998,24.001257831392603,24.001257831392603,-15.333672244592606,-15.333672244592606,17.221764934331908,1.888092689739301,2.238829441463148,0.12272602483305457,2.116103416630094
2023-12-13 00:00:00-06:00,7.7944431546,7.7944431546,22.5230094953568,22.5230094953568,-14.7285663407568,-14.7285663407568,16.41322103575667,1.6846546949998702,2.133718734648367,0.10950255517499156,2.0242161794733753
2023-12-14 00:00:00-06:00,8.4625843176,8.4625843176,25.050246615502836,25.050246615502836,-16.587662297902835,-16.587662297902835,18.406777006361146,1.8191147084583097,2.392881010826949,0.11824245604979014,2.274638554777159
2023-12-15 00:00:00-06:00,7.9724279241,7.9724279241,26.401050328624446,26.401050328624446,-18.428622404524447,-18.428622404524447,19.604411168803345,1.1757887642788987,2.548573451944435,0.07642626967812842,2.4721471822663066
2023-12-16 00:00:00-06:00,1.5735604805999994,1.5735604805999994,27.800054426475807,27.800054426475807,-26.226493945875806,-26.226493945875806,26.226493945875806,0.0,3.4094442129638547,0.0,3.4094442129638547
2023-12-17 00:00:00-06:00,1.7633393792999996,1.7633393792999996,26.560095039525827,26.560095039525827,-24.796755660225827,-24.796755660225827,24.796755660225827,0.0,3.2235782358293577,0.0,3.2235782358293577
2023-12-18 00:00:00-06:00,9.128674630799999,9.128674630799999,26.077826061181437,26.077826061181437,-16.949151430381438,-16.949151430381438,18.900772784504188,1.9516213541227518,2.4571004619855445,0.12685538801797888,2.3302450739675655
2023-12-19 00:00:00-06:00,9.1861577901,9.1861577901,24.784552458944017,24.784552458944017,-15.598394668844017,-15.598394668844017,17.812506652656335,2.2141119838123196,2.3156258648453236,0.14391727894780076,2.1717085858975227
2023-12-20 00:00:00-06:00,7.800289416,7.800289416,23.77239495759027,23.77239495759027,-15.97210554159027,-15.97210554159027,17.386565672536904,1.4144601309466345,2.2602535374297976,0.09193990851153125,2.1683136289182663
2023-12-21 00:00:00-06:00,5.346939756599999,5.346939756599999,22.625960880726222,22.625960880726222,-17.27902112412622,-17.27902112412622,17.612836824457105,0.333815700330884,2.2896687871794237,0.02169802052150746,2.2679707666579163
2023-12-22 00:00:00-06:00,5.473115991899999,5.473115991899999,23.43645848419896,23.43645848419896,-17.96334249229896,-17.96334249229896,19.0941938585959,1.130851366296942,2.482245201617467,0.07350533880930123,2.4087398628081655
2023-12-23 00:00:00-06:00,2.9150406683999996,2.9150406683999996,26.06195653582307,26.06195653582307,-23.146915867423072,-23.146915867423072,23.379276681979526,0.23236081455645302,3.0393059686573385,0.015103452946169446,3.024202515711169
2023-12-24 00:00:00-06:00,2.5361173358999993,2.5361173358999993,26.77571031443455,26.77571031443455,-24.239592978534553,-24.239592978534553,24.239592978534553,0.0,3.151147087209492,0.0,3.151147087209492
2023-12-25 00:00:00-06:00,1.424762543699999,1.424762543699999,21.999108382972633,21.999108382972633,-20.57434583927263,-20.57434583927263,20.57434583927263,0.0,2.674664959105442,0.0,2.674664959105442
2023-12-26 00:00:00-06:00,9.050791640399998,9.050791640399998,23.312418035585353,23.312418035585353,-14.261626395185354,-14.261626395185354,16.520487098477542,2.258860703292186,2.1476633228020807,0.1468259457139921,2.0008373770880885
2023-12-27 00:00:00-06:00,3.4216590995999994,3.4216590995999994,26.071275523260937,26.071275523260937,-22.649616423660937,-22.649616423660937,22.649616423660937,0.0,2.944450135075922,0.0,2.944450135075922
2023-12-28 00:00:00-06:00,1.3422235139999994,1.3422235139999994,24.427206426559465,24.427206426559465,-23.084982912559465,-23.084982912559465,23.084982912559465,0.0,3.0010477786327305,0.0,3.0010477786327305
2023-12-29 00:00:00-06:00,1.6283376350999992,1.6283376350999992,26.58006075948826,26.58006075948826,-24.95172312438826,-24.95172312438826,24.95172312438826,0.0,3.2437240061704737,0.0,3.2437240061704737
2023-12-30 00:00:00-06:00,9.0468859176,9.0468859176,25.540678857650153,25.540678857650153,-16.493792940050156,-16.493792940050156,18.484241473710885,1.9904485336607305,2.402951391582415,0.12937915468794747,2.2735722368944677
2023-12-31 00:00:00-06:00,8.7300222714,8.7300222714,24.281803404947564,24.281803404947564,-15.551781133547562,-15.551781133547562,17.444023541493053,1.892242407945488,2.267723060394097,0.12299575651645672,2.1447273038776404
2024-01-01 00:00:00-06:00,1.2422853440999995,1.2422853440999995,26.034060824558136,26.034060824558136,-24.79177548045814,-24.79177548045814,24.79177548045814,0.0,3.222930812459558,0.0,3.222930812459558
2024-01-02 00:00:00-06:00,7.076939012099999,7.076939012099999,24.253234656347097,24.253234656347097,-17.176295644247098,-17.176295644247098,18.270556240061698,1.0942605958146017,2.3751723112080207,0.0711269387279491,2.3040453724800716
2024-01-03 00:00:00-06:00,5.643980677799998,5.643980677799998,23.37368590498335,23.37368590498335,-17.729705227183352,-17.729705227183352,18.68380600441061,0.9541007772272593,2.4288947805733794,0.062016550519771854,2.3668782300536075
2024-01-04 00:00:00-06:00,3.0660156152999996,3.0660156152999996,25.65786917717996,25.65786917717996,-22.59185356187996,-22.59185356187996,22.979355074217843,0.38750151233788044,2.9873161596483198,0.025187598301962228,2.9621285613463577
2024-01-05 00:00:00-06:00,1.4231720168999993,1.4231720168999993,24.72571639415174,24.72571639415174,-23.302544377251742,-23.302544377251742,23.31513361748661,0.012589240234867183,3.030967370273259,0.0008183006152663669,3.030149069657993
2024-01-06 00:00:00-06:00,0.9452184704999994,0.9452184704999994,27.42573310544778,27.42573310544778,-26.480514634947777,-26.480514634947777,26.480514634947777,0.0,3.4424669025432113,0.0,3.4424669025432113
2024-01-07 00:00:00-06:00,8.422500382199999,8.422500382199999,25.517215780546284,25.517215780546284,-17.094715398346285,-17.094715398346285,18.58249607216862,1.4877806738223358,2.4157244893819207,0.09670574379845183,2.319018745583469
2024-01-08 00:00:00-06:00,0.9675070946999994,0.9675070946999994,25.40361679935058,25.40361679935058,-24.43610970465058,-24.43610970465058,24.43610970465058,0.0,3.1766942616045757,0.0,3.1766942616045757
2024-01-09 00:00:00-06:00,0.8299465928999995,0.8299465928999995,25.46701289784809,25.46701289784809,-24.637066304948092,-24.637066304948092,24.637066304948092,0.0,3.202818619643252,0.0,3.202818619643252
2024-01-10 00:00:00-06:00,8.833312785599999,8.833312785599999,24.461724685691852,24.461724685691852,-15.628411900091852,-15.628411900091852,17.34507494185699,1.7166630417651385,2.2548597424414085,0.111583097714734,2.1432766447266745
2024-01-11 00:00:00-06:00,8.4857752683,8.4857752683,22.528307047329463,22.528307047329463,-14.042531779029465,-14.042531779029465,16.03269598124973,1.9901642022202677,2.084250477562465,0.1293606731443174,1.9548898044181477
2024-01-12 00:00:00-06:00,1.6019973827999996,1.6019973827999996,23.113703777204968,23.113703777204968,-21.511706394404968,-21.511706394404968,21.511706394404968,0.0,2.796521831272646,0.0,2.796521831272646
2024-01-13 00:00:00-06:00,9.294758796599998,9.294758796599998,27.86955811116564,27.86955811116564,-18.574799314565645,-18.574799314565645,20.14506643351457,1.5702671189489288,2.618858636356894,0.10206736273168038,2.5167912736252136
2024-01-14 00:00:00-06:00,3.8770585955999994,3.8770585955999994,27.351230787537773,27.351230787537773,-23.474172191937775,-23.474172191937775,23.981976001671665,0.5078038097338924,3.1176568802173166,0.033007247632703005,3.0846496325846138
2024-01-15 00:00:00-06:00,2.0449190826,2.0449190826,22.26429563518502,22.26429563518502,-20.21937655258502,-20.21937655258502,20.21937655258502,0.0,2.6285189518360528,0.0,2.6285189518360528
2024-01-16 00:00:00-06:00,5.636486060999999,5.636486060999999,24.503945881054683,24.503945881054683,-18.867459820054684,-18.867459820054684,19.15913063879842,0.29167081874373646,2.4906869830437945,0.01895860321834287,2.4717283798254517
2024-01-17 00:00:00-06:00,5.802945156899999,5.802945156899999,21.83410287965334,21.83410287965334,-16.03115772275334,-16.03115772275334,16.576100333785302,0.5449426110319613,2.1548930433920894,0.035421269717077486,2.119471773675012
2024-01-18 00:00:00-06:00,0.5871786875999995,0.5871786875999995,23.32081005676544,23.32081005676544,-22.733631369165437,-22.733631369165437,22.733631369165437,0.0,2.9553720779915067,0.0,2.9553720779915067
2024-01-19 00:00:00-06:00,6.3163114685999995,6.3163114685999995,22.693879975512903,22.693879975512903,-16.377568506912905,-16.377568506912905,17.205642277712393,0.8280737707994866,2.236733496102611,0.05382479510196663,2.1829087010006445
2024-01-20 00:00:00-06:00,6.449146400699999,6.449146400699999,25.86880105232285,25.86880105232285,-19.419654651622853,-19.419654651622853,19.82303491131589,0.40338025969303853,2.576994538471066,0.026219716880047504,2.5507748215910184
2024-01-21 00:00:00-06:00,8.6077850202,8.6077850202,26.826681969030272,26.826681969030272,-18.218896948830274,-18.218896948830274,19.416939746695757,1.1980427978654857,2.5242021670704484,0.07787278186125658,2.4463293852091916
2024-01-22 00:00:00-06:00,1.8377000846999993,1.8377000846999993,24.026507703059693,24.026507703059693,-22.188807618359693,-22.188807618359693,22.188807618359693,0.0,2.88454499038676,0.0,2.88454499038676
2024-01-23 00:00:00-06:00,1.4886996776999992,1.4886996776999992,22.58702327952577,22.58702327952577,-21.098323601825772,-21.098323601825772,21.098323601825772,0.0,2.7427820682373505,0.0,2.7427820682373505
2024-01-24 00:00:00-06:00,1.1885616755999995,1.1885616755999995,25.9244659674679,25.9244659674679,-24.7359042918679,-24.7359042918679,24.7359042918679,0.0,3.2156675579428273,0.0,3.2156675579428273
2024-01-25 00:00:00-06:00,1.2310619408999994,1.2310619408999994,25.51242704135929,25.51242704135929,-24.281365100459293,-24.281365100459293,24.281365100459293,0.0,3.1565774630597083,0.0,3.1565774630597083
2024-01-26 00:00:00-06:00,1.7849445119999994,1.7849445119999994,24.60173663149276,24.60173663149276,-22.81679211949276,-22.81679211949276,22.81679211949276,0.0,2.9661829755340587,0.0,2.9661829755340587
2024-01-27 00:00:00-06:00,0.8798530229999995,0.8798530229999995,25.964929029280405,25.964929029280405,-25.085076006280406,-25.085076006280406,25.085076006280406,0.0,3.261059880816453,0.0,3.261059880816453
2024-01-28 00:00:00-06:00,1.9117562759999993,1.9117562759999993,27.940277878709207,27.940277878709207,-26.02852160270921,-26.02852160270921,26.02852160270921,0.0,3.3837078083521974,0.0,3.3837078083521974
2024-01-29 00:00:00-06:00,7.9754785217999995,7.9754785217999995,25.837350951602772,25.837350951602772,-17.861872429802773,-17.861872429802773,19.08157762186721,1.2197051920644388,2.4806050908427375,0.07928083748418853,2.401324253358549
2024-01-30 00:00:00-06:00,8.789182586999999,8.789182586999999,26.051004230254065,26.051004230254065,-17.261821643254066,-17.261821643254066,18.846482635374702,1.5846609921206345,2.4500427425987112,0.10300296448784124,2.34703977811087
2024-01-31 00:00:00-06:00,9.4936354668,9.4936354668,25.476725655880212,25.476725655880212,-15.983090189080212,-15.983090189080212,18.02195447291433,2.038864283834119,2.342854081478863,0.13252617844921774,2.2103279030296457
2024-02-01 00:00:00-06:00,6.865546699799999,6.865546699799999,24.969877085141725,24.969877085141725,-18.104330385341726,-18.104330385341726,18.671711914858506,0.5673815295167801,2.4273225489316057,0.03687979941859071,2.390442749513015
2024-02-02 00:00:00-06:00,8.7869313243,8.7869313243,21.936027495760545,21.936027495760545,-13.149096171460547,-13.149096171460547,15.285097360625329,2.136001189164783,1.9870626568812928,0.1388400772957109,1.848222579585582
2024-02-03 00:00:00-06:00,6.798662747999999,6.798662747999999,27.61777453444021,27.61777453444021,-20.819111786440207,-20.819111786440207,21.09950700954857,0.2803952231083622,2.742935911241314,0.018225689502043542,2.7247102217392705
2024-02-04 00:00:00-06:00,0.9683885420999997,0.9683885420999997,25.553543640010542,25.553543640010542,-24.58515509791054,-24.58515509791054,24.58515509791054,0.0,3.1960701627283705,0.0,3.1960701627283705
2024-02-05 00:00:00-06:00,9.522860098725,9.522860098725,26.2980818287635,26.2980818287635,-16.7752217300385,-16.7752217300385,18.760579393420734,1.9853576633822323,2.4388753211446956,0.1290482481198451,2.3098270730248505
2024-02-06 00:00:00-06:00,9.5365878201,9.5365878201,26.347196189894376,26.347196189894376,-16.810608369794377,-16.810608369794377,18.923008391142915,2.1124000213485417,2.459991090848579,0.13730600138765522,2.322685089460924
2024-02-07 00:00:00-06:00,7.175601093824999,7.175601093824999,24.903926403009045,24.903926403009045,-17.728325309184047,-17.728325309184047,18.32909289909388,0.6007675899098334,2.3827820768822043,0.03904989334413917,2.3437321835380653
2024-02-08 00:00:00-06:00,2.9386908161999994,2.9386908161999994,23.014360094669307,23.014360094669307,-20.07566927846931,-20.07566927846931,20.478279119017838,0.4026098405485303,2.662176285472319,0.026169639635654468,2.6360066458366647
2024-02-09 00:00:00-06:00,2.5096112441999994,2.5096112441999994,23.54687359874776,23.54687359874776,-21.03726235454776,-21.03726235454776,21.03726235454776,0.0,2.734844106091209,0.0,2.734844106091209
2024-02-10 00:00:00-06:00,0.7888152593249994,0.7888152593249994,27.544664220097886,27.544664220097886,-26.755848960772884,-26.755848960772884,26.755848960772884,0.0,3.478260364900475,0.0,3.478260364900475
2024-02-11 00:00:00-06:00,3.3174199775249993,3.3174199775249993,26.172602493377,26.172602493377,-22.855182515852,-22.855182515852,22.855182515852,0.0,2.9711737270607603,0.0,2.9711737270607603
2024-02-12 00:00:00-06:00,0.7444731221999993,0.7444731221999993,24.022489044815174,24.022489044815174,-23.278015922615175,-23.278015922615175,23.278015922615175,0.0,3.026142069939973,0.0,3.026142069939973
2024-02-13 00:00:00-06:00,9.810036067725,9.810036067725,24.646930822129537,24.646930822129537,-14.836894754404538,-14.836894754404538,17.236210679774825,2.3993159253702876,2.240707388370727,0.1559555351490687,2.0847518532216585
2024-02-14 00:00:00-06:00,9.629758363725,9.629758363725,25.69046106801555,25.69046106801555,-16.060702704290552,-16.060702704290552,18.397924514807006,2.3372218105164553,2.391730186924911,0.1519194176835696,2.2398107692413416
2024-02-15 00:00:00-06:00,9.359574156899999,9.359574156899999,25.56924602075128,25.56924602075128,-16.20967186385128,-16.20967186385128,18.076960066501908,1.8672882026506246,2.3500048086452483,0.1213737331722906,2.2286310754729577
2024-02-16 00:00:00-06:00,1.9644064487999993,1.9644064487999993,23.945733500380964,23.945733500380964,-21.981327051580966,-21.981327051580966,21.981327051580966,0.0,2.8575725167055257,0.0,2.8575725167055257
2024-02-17 00:00:00-06:00,9.655071345,9.655071345,26.995013258474728,26.995013258474728,-17.33994191347473,-17.33994191347473,19.12656352565546,1.7866216121807286,2.4864532583352097,0.11613040479174735,2.3703228535434624
2024-02-18 00:00:00-06:00,10.368563014799998,10.368563014799998,26.55021108813635,26.55021108813635,-16.18164807333635,-16.18164807333635,18.689347925295195,2.5076998519588423,2.4296152302883756,0.16300049037732475,2.266614739911051
2024-02-19 00:00:00-06:00,9.9549189243,9.9549189243,26.656641278131655,26.656641278131655,-16.701722353831656,-16.701722353831656,18.94278307713007,2.2410607232984154,2.462561800026909,0.145668947014397,2.3168928530125124
2024-02-20 00:00:00-06:00,9.5922459171,9.5922459171,24.004992687208816,24.004992687208816,-14.412746770108816,-14.412746770108816,16.827708826008838,2.4149620559000216,2.187602147381149,0.15697253363350142,2.0306296137476476
2024-02-21 00:00:00-06:00,6.329307488625,6.329307488625,24.221044564624602,24.221044564624602,-17.891737075999604,-17.891737075999604,18.48827982498572,0.5965427489861195,2.403476377248144,0.03877527868409777,2.364701098564046
2024-02-22 00:00:00-06:00,1.0907771471999992,1.0907771471999992,25.83977136775566,25.83977136775566,-24.74899422055566,-24.74899422055566,24.74899422055566,0.0,3.217369248672236,0.0,3.217369248672236
2024-02-23 00:00:00-06:00,9.8971827399,9.8971827399,26.735663612775774,26.735663612775774,-16.838480872875774,-16.838480872875774,18.86095901260673,2.022478139730955,2.451924671638875,0.13146107908251206,2.3204635925563633
2024-02-24 00:00:00-06:00,9.289132271325,9.289132271325,28.404334033368514,28.404334033368514,-19.115201762043515,-19.115201762043515,20.953478115461245,1.8382763534177315,2.723952155009962,0.11948796297215256,2.6044641920378093
2024-02-25 00:00:00-06:00,9.152382053024999,9.152382053024999,26.33090506693061,26.33090506693061,-17.17852301390561,-17.17852301390561,18.85543915865643,1.6769161447508198,2.4512070906253363,0.1089995494088033,2.342207541216533
2024-02-26 00:00:00-06:00,6.329886565724999,6.329886565724999,26.379580674643694,26.379580674643694,-20.049694108918697,-20.049694108918697,20.615890044189147,0.5661959352704485,2.6800657057445894,0.03680273579257916,2.6432629699520103
2024-02-27 00:00:00-06:00,5.537054067524999,5.537054067524999,26.089138745727794,26.089138745727794,-20.552084678202792,-20.552084678202792,20.796150215218205,0.24406553701541217,2.7034995279783667,0.015864259906001793,2.687635268072365
2024-02-28 00:00:00-06:00,8.8781190804,8.8781190804,22.118030288116763,22.118030288116763,-13.239911207716766,-13.239911207716766,15.608497238349072,2.3685860306323065,2.0291046409853792,0.15395809199109994,1.8751465489942793
2024-02-29 00:00:00-06:00,8.119843612199999,8.119843612199999,23.08538403631302,23.08538403631302,-14.965540424113021,-14.965540424113021,16.56463798697743,1.599097562864411,2.153402938307066,0.10394134158618672,2.0494615967208794
2024-03-01 00:00:00-06:00,1.6219818560249992,1.6219818560249992,25.05921006032044,25.05921006032044,-23.43722820429544,-23.43722820429544,23.43722820429544,0.0,3.0468396665584074,0.0,3.0468396665584074
2024-03-02 00:00:00-06:00,9.9445964625,9.9445964625,27.326007333534218,27.326007333534218,-17.381410871034216,-17.381410871034216,19.348119102247693,1.9667082312134756,2.5152554832922003,0.12783603502887592,2.387419448263324
2024-03-03 00:00:00-06:00,8.512048031399999,8.512048031399999,24.959959602041973,24.959959602041973,-16.447911570641974,-16.447911570641974,17.933280795338312,1.4853692246963384,2.3313265033939805,0.096548999605262,2.2347775037887185
2024-03-04 00:00:00-06:00,7.3734889382999995,7.3734889382999995,25.657777673707773,25.657777673707773,-18.284288735407774,-18.284288735407774,19.21996727681015,0.9356785414023765,2.498595745985319,0.06081910519115447,2.437776640794165
2024-03-05 00:00:00-06:00,4.334046450299999,4.334046450299999,22.131613251383914,22.131613251383914,-17.797566801083917,-17.797566801083917,17.969267254782977,0.17170045369906278,2.336004743121787,0.01116052949043908,2.3248442136313483
2024-03-06 00:00:00-06:00,6.767845895024999,6.767845895024999,24.69202830103514,24.69202830103514,-17.924182406010143,-17.924182406010143,19.435827237834882,1.5116448318247404,2.5266575409185346,0.09825691406860813,2.4284006268499265
2024-03-07 00:00:00-06:00,1.1654514008999992,1.1654514008999992,26.353040303491824,26.353040303491824,-25.187588902591823,-25.187588902591823,25.187588902591823,0.0,3.2743865573369373,0.0,3.2743865573369373
2024-03-08 00:00:00-06:00,2.359334906099999,2.359334906099999,23.905466233636197,23.905466233636197,-21.546131327536198,-21.546131327536198,21.546131327536198,0.0,2.800997072579706,0.0,2.800997072579706
2024-03-09 00:00:00-06:00,3.4990505131499994,3.4990505131499994,24.597732567538817,24.597732567538817,-21.098682054388817,-21.098682054388817,21.86323140687366,0.7645493524848437,2.8422200828935757,0.04969570791151484,2.7925243749820607
2024-03-10 00:00:00-06:00,10.759904462024998,10.759904462024998,28.368610151240276,28.368610151240276,-17.608705689215277,-17.608705689215277,20.460007409333475,2.851301720118197,2.659800963213352,0.18533461180768282,2.474466351405669
2024-03-11 00:00:00-05:00,10.418169252824999,10.418169252824999,22.106743856459907,22.106743856459907,-11.688574603634908,-11.688574603634908,15.058638945401226,3.3700643417663163,1.9576230629021594,0.21905418221481057,1.7385688806873487
2024-03-12 00:00:00-05:00,9.175298686425,9.175298686425,24.756591154288056,24.756591154288056,-15.581292467863056,-15.581292467863056,17.887795595312305,2.306503127449247,2.3254134273905995,0.14992270328420104,2.1754907241063983
2024-03-13 00:00:00-05:00,8.4727075626,8.4727075626,25.504460349079586,25.504460349079586,-17.031752786479586,-17.031752786479586,18.710993490416005,1.6792407039364183,2.4324291537540805,0.10915064575586719,2.3232785079982134
2024-03-14 00:00:00-05:00,5.306144616899999,5.306144616899999,25.384986030504894,25.384986030504894,-20.078841413604895,-20.078841413604895,21.095581294585507,1.016739880980613,2.742425568296116,0.06608809226373985,2.676337476032376
2024-03-15 00:00:00-05:00,2.1004253410499993,2.1004253410499993,24.390739468612324,24.390739468612324,-22.290314127562326,-22.290314127562326,22.290314127562326,0.0,2.8977408365831026,0.0,2.8977408365831026
2024-03-16 00:00:00-05:00,10.34803634175,10.34803634175,25.144020930455884,25.144020930455884,-14.795984588705887,-14.795984588705887,17.79289900919189,2.9969144204860014,2.3130768711949456,0.1947994373315901,2.1182774338633554
2024-03-17 00:00:00-05:00,9.503116884,9.503116884,27.636532115772006,27.636532115772006,-18.133415231772005,-18.133415231772005,20.655001714827748,2.521586483055744,2.685150222927607,0.16390312139862337,2.5212471015289837
2024-03-18 00:00:00-05:00,10.69212840525,10.69212840525,25.992917699800508,25.992917699800508,-15.300789294550507,-15.300789294550507,18.665640158725864,3.3648508641753567,2.4265332206343624,0.2187153061713982,2.2078179144629644
2024-03-19 00:00:00-05:00,10.775510089425,10.775510089425,26.07364846708892,26.07364846708892,-15.298138377663921,-15.298138377663921,18.43902303855837,3.14088466089445,2.3970729950125884,0.20415750295813925,2.1929154920544494
2024-03-20 00:00:00-05:00,9.640101026249999,9.640101026249999,23.05691492440171,23.05691492440171,-13.416813898151709,-13.416813898151709,16.348845212253302,2.9320313141015912,2.1253498775929294,0.19058203541660343,1.934767842176326
2024-03-21 00:00:00-05:00,8.904537638775,8.904537638775,26.216039692034656,26.216039692034656,-17.311502053259655,-17.311502053259655,19.319753172459386,2.0082511191997305,2.51156791241972,0.1305363227479825,2.381031589671738
2024-03-22 00:00:00-05:00,4.231055361375,4.231055361375,24.644903160514495,24.644903160514495,-20.413847799139496,-20.413847799139496,20.489403289255982,0.0755554901164851,2.663622427603278,0.004911106857571532,2.6587113207457063
2024-03-23 00:00:00-05:00,9.135326676824999,9.135326676824999,28.950406766281958,28.950406766281958,-19.81508008945696,-19.81508008945696,22.514838754028872,2.699758664571915,2.9269290380237534,0.17548431319717447,2.751444724826579
2024-03-24 00:00:00-05:00,9.436242697425,9.436242697425,28.311050252557937,28.311050252557937,-18.874807555132936,-18.874807555132936,21.330480232417173,2.4556726772842365,2.7729624302142324,0.15961872402347538,2.613343706190757
2024-03-25 00:00:00-05:00,4.148796428999999,4.148796428999999,24.196760098061503,24.196760098061503,-20.047963669061506,-20.047963669061506,20.65374869768944,0.605785028627934,2.6849873306996273,0.03937602686081571,2.6456113038388116
2024-03-26 00:00:00-05:00,10.212602693399997,10.212602693399997,21.746308352337838,21.746308352337838,-11.533705658937839,-11.533705658937839,14.559530713603877,3.0258250546660386,1.892738992768504,0.19667862855329252,1.6960603642152117
2024-03-27 00:00:00-05:00,11.287047205799999,11.287047205799999,22.90640536947594,22.90640536947594,-11.619358163675942,-11.619358163675942,15.313838075091743,3.6944799114158013,1.9907989497619267,0.2401411942420271,1.7506577555198997
2024-03-28 00:00:00-05:00,10.953788179499998,10.953788179499998,24.98397465489798,24.98397465489798,-14.030186475397983,-14.030186475397983,17.275900496441423,3.2457140210434425,2.2458670645373853,0.21097141136782377,2.0348956531695617
2024-03-29 00:00:00-05:00,10.304344986299999,10.304344986299999,22.50222503357295,22.50222503357295,-12.197880047272951,-12.197880047272951,15.34900470328369,3.1511246560107384,1.9953706114268797,0.204823102640698,1.7905475087861817
2024-03-30 00:00:00-05:00,9.807938095499999,9.807938095499999,24.47694050881836,24.47694050881836,-14.66900241331836,-14.66900241331836,17.286063099491,2.617060686172639,2.24718820293383,0.17010894460122156,2.0770792583326085
2024-03-31 00:00:00-05:00,5.639740616699999,5.639740616699999,27.68604863363713,27.68604863363713,-22.046308016937132,-22.046308016937132,22.161617991000455,0.11530997406332216,2.8810103388300594,0.007495148314115941,2.8735151905159433
2024-04-01 00:00:00-05:00,2.630293754399999,2.630293754399999,26.70804210678352,26.70804210678352,-24.077748352383523,-24.077748352383523,24.077748352383523,0.0,3.130107285809858,0.0,3.130107285809858
2024-04-02 00:00:00-05:00,6.640192881899999,6.640192881899999,23.83520708917509,23.83520708917509,-17.19501420727509,-17.19501420727509,18.15881925534476,0.9638050480696689,2.3606465031948187,0.06264732812452849,2.29799917507029
2024-04-03 00:00:00-05:00,6.6639464207999985,6.6639464207999985,23.605578372433378,23.605578372433378,-16.94163195163338,-16.94163195163338,17.793603933319133,0.8519719816857526,2.3131685113314875,0.05537817880957392,2.2577903325219135
2024-04-04 00:00:00-05:00,10.8580604625,10.8580604625,25.26664589236418,25.26664589236418,-14.408585429864182,-14.408585429864182,17.639322315968396,3.230736886104215,2.293111901075892,0.20999789759677398,2.083114003479118
2024-04-05 00:00:00-05:00,10.912232584799998,10.912232584799998,24.850166703911096,24.850166703911096,-13.937934119111098,-13.937934119111098,17.353063239332375,3.4151291202212763,2.255898221113209,0.22198339281438298,2.0339148282988257
2024-04-06 00:00:00-05:00,10.633460383349998,10.633460383349998,25.830144973132708,25.830144973132708,-15.19668458978271,-15.19668458978271,18.100579828224063,2.903895238441355,2.3530753776691284,0.18875319049868808,2.1643221871704403
2024-04-07 00:00:00-05:00,6.194882138399999,6.194882138399999,26.63226942533928,26.63226942533928,-20.43738728693928,-20.43738728693928,20.577193712765357,0.13980642582607433,2.6750351826594967,0.009087417678694832,2.665947764980802
2024-04-08 00:00:00-05:00,8.60617222785,8.60617222785,25.66073032173153,25.66073032173153,-17.054558093881532,-17.054558093881532,19.02168668121028,1.9671285873287496,2.4728192685573367,0.12786335817636874,2.344955910380968
2024-04-09 00:00:00-05:00,2.711818595249999,2.711818595249999,26.524195296530248,26.524195296530248,-23.81237670128025,-23.81237670128025,23.81237670128025,0.0,3.0956089711664325,0.0,3.0956089711664325
2024-04-10 00:00:00-05:00,2.304912428999999,2.304912428999999,24.478898640836963,24.478898640836963,-22.173986211836965,-22.173986211836965,22.173986211836965,0.0,2.8826182075388056,0.0,2.8826182075388056
2024-04-11 00:00:00-05:00,6.783611256449999,6.783611256449999,22.994196869493923,22.994196869493923,-16.210585613043925,-16.210585613043925,18.003277418914283,1.7926918058703596,2.340426064458857,0.11652496738157338,2.2239010970772832
2024-04-12 00:00:00-05:00,10.926663316649998,10.926663316649998,25.36622734756278,25.36622734756278,-14.439564030912784,-14.439564030912784,17.69815072256417,3.2585866916513866,2.300759593933342,0.21180813495734013,2.088951458976002
2024-04-13 00:00:00-05:00,10.2053694609,10.2053694609,27.99304775908206,27.99304775908206,-17.787678298182062,-17.787678298182062,20.192501740382415,2.404823442200355,2.625025226249714,0.15631352374302307,2.468711702506691
2024-04-14 00:00:00-05:00,9.979424125649999,9.979424125649999,26.07152638958528,26.07152638958528,-16.09210226393528,-16.09210226393528,18.59167246838249,2.499570204447206,2.4169174208897237,0.1624720632890684,2.2544453576006553
2024-04-15 00:00:00-05:00,8.560711208699999,8.560711208699999,22.142273482556178,22.142273482556178,-13.58156227385618,-13.58156227385618,15.534344061105564,1.952781787249384,2.0194647279437232,0.12693081617120996,1.8925339117725133
2024-04-16 00:00:00-05:00,5.704871843249999,5.704871843249999,25.627551305440537,25.627551305440537,-19.92267946219054,-19.92267946219054,20.437159273589604,0.5144798113990627,2.6568307055666485,0.03344118774093908,2.6233895178257094
2024-04-17 00:00:00-05:00,9.337025271599998,9.337025271599998,24.22386123447609,24.22386123447609,-14.886835962876091,-14.886835962876091,17.260004630222404,2.3731686673463144,2.2438006019289127,0.15425596337751044,2.0895446385514025
2024-04-18 00:00:00-05:00,5.092426207349999,5.092426207349999,23.05649847282261,23.05649847282261,-17.964072265472613,-17.964072265472613,18.165765830849256,0.2016935653766453,2.3615495580104033,0.013110081749481944,2.3484394762609213
2024-04-19 00:00:00-05:00,3.956408733599999,3.956408733599999,24.71298420627959,24.71298420627959,-20.75657547267959,-20.75657547267959,21.15909915023565,0.4025236775560616,2.750682889530635,0.026164039041144005,2.7245188504894906
2024-04-20 00:00:00-05:00,6.315718248899999,6.315718248899999,28.67623775115439,28.67623775115439,-22.360519502254387,-22.360519502254387,22.644253469475558,0.2837339672211697,2.9437529510318226,0.018442707869376032,2.9253102431624467
2024-04-21 00:00:00-05:00,10.091704999949998,10.091704999949998,26.95199725735271,26.95199725735271,-16.860292257402712,-16.860292257402712,19.74240031110252,2.882108053699811,2.5665120404433277,0.18733702349048773,2.37917501695284
2024-04-22 00:00:00-05:00,10.3424879133,10.3424879133,23.982953461191617,23.982953461191617,-13.640465547891617,-13.640465547891617,16.985299898259463,3.3448343503678433,2.2080889867737303,0.2174142327739098,1.9906747539998206
2024-04-23 00:00:00-05:00,9.67977551745,9.67977551745,23.67773907536486,23.67773907536486,-13.997963557914861,-13.997963557914861,17.041779666208964,3.043816108294102,2.2154313566071653,0.19784804703911665,2.0175833095680487
2024-04-24 00:00:00-05:00,9.568389610799999,9.568389610799999,22.840783155539892,22.840783155539892,-13.272393544739893,-13.272393544739893,16.54080191205029,3.2684083673103985,2.150304248566538,0.21244654387517592,1.9378577046913619
2024-04-25 00:00:00-05:00,4.075474273199998,4.075474273199998,26.760936916481565,26.760936916481565,-22.685462643281568,-22.685462643281568,22.826676932900586,0.14121428961902005,2.9674680012770764,0.009178928825236304,2.9582890724518403
2024-04-26 00:00:00-05:00,7.836601774049998,7.836601774049998,26.571884901071726,26.571884901071726,-18.735283127021727,-18.735283127021727,20.12099901451383,1.3857158874921038,2.6157298718867983,0.09007153268698675,2.5256583391998113
2024-04-27 00:00:00-05:00,6.490178921699998,6.490178921699998,25.68199151719876,25.68199151719876,-19.19181259549876,-19.19181259549876,20.492910649888813,1.3010980543900514,2.664078384485546,0.08457137353535335,2.5795070109501927
2024-04-28 00:00:00-05:00,5.648167367999999,5.648167367999999,28.477769796852137,28.477769796852137,-22.829602428852134,-22.829602428852134,23.614257518423443,0.7846550895713078,3.0698534773950477,0.05100258082213501,3.018850896572913
2024-04-29 00:00:00-05:00,3.6232173314999994,3.6232173314999994,24.531219170267985,24.531219170267985,-20.908001838767984,-20.908001838767984,20.908001838767984,0.0,2.718040239039838,0.0,2.718040239039838
2024-04-30 00:00:00-05:00,9.568561022999999,9.568561022999999,24.567895080110468,24.567895080110468,-14.99933405711047,-14.99933405711047,17.778144672396714,2.7788106152862433,2.311158807411573,0.1806226899936058,2.130536117417967
2024-05-01 00:00:00-05:00,8.5933558017,8.5933558017,24.72897559031062,24.72897559031062,-16.135619788610622,-16.135619788610622,18.390943967692603,2.255324179081984,2.3908227158000384,0.14659607164032895,2.2442266441597094
2024-05-02 00:00:00-05:00,4.8393874520999995,4.8393874520999995,23.012865752049965,23.012865752049965,-18.173478299949966,-18.173478299949966,18.473059168627046,0.299580868677078,2.401497691921516,0.01947275646401007,2.382024935457506
2024-05-03 00:00:00-05:00,4.174825800599999,4.174825800599999,26.024822086872632,26.024822086872632,-21.849996286272635,-21.849996286272635,21.959000047548773,0.10900376127614136,2.854670006181341,0.0070852444829491885,2.847584761698392
2024-05-04 00:00:00-05:00,8.239673559599998,8.239673559599998,27.495534315636725,27.495534315636725,-19.255860756036725,-19.255860756036725,20.972368231606705,1.716507475569979,2.7264078701088716,0.11157298591204863,2.614834884196823
2024-05-05 00:00:00-05:00,4.691286576899999,4.691286576899999,27.250128275630164,27.250128275630164,-22.558841698730166,-22.558841698730166,22.860570237301605,0.30172853857143983,2.971874130849209,0.01961235500714359,2.9522617758420653
2024-05-06 00:00:00-05:00,7.6355340484499985,7.6355340484499985,23.579844671858922,23.579844671858922,-15.944310623408924,-15.944310623408924,17.764313911843058,1.8200032884341342,2.3093608085395974,0.11830021374821872,2.1910605947913786
2024-05-07 00:00:00-05:00,6.218812295099999,6.218812295099999,22.93049393847452,22.93049393847452,-16.711681643374522,-16.711681643374522,18.255647248596205,1.5439656052216835,2.3732341423175067,0.10035776433940943,2.2728763779780974
2024-05-08 00:00:00-05:00,4.216334983649999,4.216334983649999,22.865521422094066,22.865521422094066,-18.64918643844407,-18.64918643844407,19.17430987376962,0.525123435325551,2.4926602835900504,0.03413302329616081,2.4585272602938897
2024-05-09 00:00:00-05:00,9.423754786349999,9.423754786349999,23.981602088523605,23.981602088523605,-14.557847302173608,-14.557847302173608,17.29160759675208,2.7337602945784725,2.2479089875777705,0.17769441914760073,2.0702145684301696
2024-05-10 00:00:00-05:00,8.078445321976599,8.078445321976599,22.114505170690645,22.114505170690645,-14.036059848714046,-14.036059848714046,16.400390077352778,2.364330228638734,2.132050710055861,0.1536814648615177,1.9783692451943435
2024-05-11 00:00:00-05:00,9.595325253599999,9.595325253599999,23.96573744867007,23.96573744867007,-14.370412195070069,-14.370412195070069,17.338208971262866,2.967796776192796,2.2539671662641725,0.19290679045253176,2.061060375811641
2024-05-12 00:00:00-05:00,7.743998124449999,7.743998124449999,26.392151261532415,26.392151261532415,-18.648153137082414,-18.648153137082414,19.88124454469217,1.233091407609756,2.5845617908099823,0.08015094149463416,2.5044108493153483
2024-05-13 00:00:00-05:00,2.8990130404499994,2.8990130404499994,22.096898951824492,22.096898951824492,-19.19788591137449,-19.19788591137449,19.28606994377916,0.08818403240467082,2.507189092691291,0.005731962106303603,2.5014571305849875
2024-05-14 00:00:00-05:00,6.2965219806,6.2965219806,24.09374145242603,24.09374145242603,-17.797219471826033,-17.797219471826033,18.24358074170421,0.44636126987818003,2.3716654964215476,0.029013482542081703,2.3426520138794658
2024-05-15 00:00:00-05:00,6.923192269499999,6.923192269499999,25.60859745926492,25.60859745926492,-18.68540518976492,-18.68540518976492,20.073350514440644,1.3879453246757243,2.609535566877284,0.09021644610392208,2.519319120773362
2024-05-16 00:00:00-05:00,7.117650643499998,7.117650643499998,22.547413721438723,22.547413721438723,-15.429763077938723,-15.429763077938723,16.82180969082548,1.3920466128867557,2.1868352598073124,0.09048302983763912,2.096352229969673
2024-05-17 00:00:00-05:00,7.890669407699998,7.890669407699998,26.418782520208342,26.418782520208342,-18.528113112508343,-18.528113112508343,20.34805514022159,1.8199420277132456,2.645247168228807,0.11829623180136097,2.5269509364274456
2024-05-18 00:00:00-05:00,6.701703509699999,6.701703509699999,24.51029217999137,24.51029217999137,-17.808588670291375,-17.808588670291375,19.041908034750712,1.2333193644593385,2.475448044517593,0.08016575868985701,2.3952822858277356
2024-05-19 00:00:00-05:00,8.8831645029,8.8831645029,28.964522695962078,28.964522695962078,-20.08135819306208,-20.08135819306208,21.905571114642484,1.8242129215804033,2.847724244903523,0.11857383990272621,2.729150405000797
2024-05-20 00:00:00-05:00,7.681254618599999,7.681254618599999,25.225162654176778,25.225162654176778,-17.54390803557678,-17.54390803557678,19.245863032753093,1.701954997176314,2.501962194257902,0.1106270748164604,2.3913351194414414
2024-05-21 00:00:00-05:00,8.2084787964,8.2084787964,24.737576908174077,24.737576908174077,-16.52909811177408,-16.52909811177408,18.550308773075443,2.0212106613013625,2.411540140499808,0.13137869298458857,2.280161447515219
2024-05-22 00:00:00-05:00,2.748759370199999,2.748759370199999,24.44993026351419,24.44993026351419,-21.701170893314192,-21.701170893314192,21.815413718802407,0.11424282548821518,2.8360037834443133,0.0074257836567339875,2.828577999787579
2024-05-23 00:00:00-05:00,6.031248754499999,6.031248754499999,23.549866513911827,23.549866513911827,-17.51861775941183,-17.51861775941183,19.31924618541954,1.800628426007713,2.5115020041045404,0.11704084769050135,2.3944611564140392
2024-05-24 00:00:00-05:00,4.710273940799999,4.710273940799999,26.13743028399433,26.13743028399433,-21.42715634319433,-21.42715634319433,22.804305942989973,1.377149599795641,2.9645597725886965,0.08951472398671667,2.87504504860198
2024-05-25 00:00:00-05:00,6.701709857399999,6.701709857399999,28.33615946770666,28.33615946770666,-21.63444961030666,-21.63444961030666,22.77373030148973,1.1392806911830715,2.9605849391936654,0.07405324492689964,2.8865316942667656
2024-05-26 00:00:00-05:00,6.3512327421,6.3512327421,24.16114805067439,24.16114805067439,-17.809915308574393,-17.809915308574393,19.441200333905044,1.6312850253306523,2.527356043407656,0.1060335266464924,2.4213225167611636
2024-05-27 00:00:00-05:00,8.4863772414,8.4863772414,24.641184945189348,24.641184945189348,-16.15480770378935,-16.15480770378935,18.355232794819972,2.200425091030625,2.3861802633265965,0.1430276309169906,2.243152632409606
2024-05-28 00:00:00-05:00,8.814661458299998,8.814661458299998,24.20466489367793,24.20466489367793,-15.39000343537793,-15.39000343537793,17.62080534834352,2.2308019129655885,2.2907046952846577,0.14500212434276324,2.1457025709418946
2024-05-29 00:00:00-05:00,8.638033562999999,8.638033562999999,22.105362112260593,22.105362112260593,-13.467328549260593,-13.467328549260593,16.16109193456001,2.6937633852994143,2.100941951492801,0.17509462004446194,1.9258473314483393
2024-05-30 00:00:00-05:00,8.6530823208,8.6530823208,23.41873642396146,23.41873642396146,-14.76565410316146,-14.76565410316146,17.132853130571924,2.3671990274104653,2.22727090697435,0.15386793678168026,2.07340297019267
2024-05-31 00:00:00-05:00,4.610559627899999,4.610559627899999,24.757128518809825,24.757128518809825,-20.146568890909826,-20.146568890909826,20.386067391208417,0.23949850029859188,2.650188760857094,0.015567402519408472,2.634621358337686
2024-06-01 00:00:00-05:00,6.915803508899999,6.915803508899999,25.35513670227226,25.35513670227226,-18.439333193372264,-18.439333193372264,19.803562359252382,1.364229165880119,2.57446310670281,0.08867489578220775,2.485788210920602
2024-06-02 00:00:00-05:00,8.7394385322,8.7394385322,26.249468253842952,26.249468253842952,-17.510029721642955,-17.510029721642955,19.67515779305154,2.165128071408584,2.5577705130967003,0.14073332464155797,2.4170371884551423
2024-06-03 00:00:00-05:00,6.207793038899999,6.207793038899999,22.72642466479115,22.72642466479115,-16.518631625891153,-16.518631625891153,17.476779989023264,0.958148363132111,2.271981398573024,0.06227964360358722,2.209701754969437
2024-06-04 00:00:00-05:00,5.453578637999999,5.453578637999999,22.259189076082684,22.259189076082684,-16.805610438082685,-16.805610438082685,17.419743745658188,0.6141333075755042,2.2645666869355647,0.039918664992407774,2.224648021943157
2024-06-05 00:00:00-05:00,5.085154290599999,5.085154290599999,24.89887964922098,24.89887964922098,-19.813725358620978,-19.813725358620978,20.764465880217866,0.9507405215968849,2.699380564428323,0.06179813390379752,2.6375824305245255
2024-06-06 00:00:00-05:00,8.531471372399999,8.531471372399999,26.09796621551919,26.09796621551919,-17.56649484311919,-17.56649484311919,19.325210593016187,1.7587157498969985,2.5122773770921043,0.11431652374330491,2.3979608533487995
2024-06-07 00:00:00-05:00,9.4349210859,9.4349210859,23.386553326051896,23.386553326051896,-13.951632240151898,-13.951632240151898,16.856189201090434,2.9045569609385358,2.1913045961417565,0.18879620246100484,2.0025083936807517
2024-06-08 00:00:00-05:00,6.2586775979999985,6.2586775979999985,27.205045448727233,27.205045448727233,-20.946367850727235,-20.946367850727235,22.676121199521923,1.7297533487946875,2.94789575593785,0.11243396767165469,2.8354617882661954
2024-06-09 00:00:00-05:00,3.014549133299999,3.014549133299999,29.687761577559844,29.687761577559844,-26.673212444259846,-26.673212444259846,26.673212444259846,0.0,3.46751761775378,0.0,3.46751761775378
2024-06-10 00:00:00-05:00,9.400932983699999,9.400932983699999,22.052926823450782,22.052926823450782,-12.651993839750782,-12.651993839750782,15.603149181660095,2.951155341909314,2.0284093936158123,0.19182509722410543,1.836584296391707
2024-06-11 00:00:00-05:00,9.2242000368,9.2242000368,23.837978164301763,23.837978164301763,-14.613778127501766,-14.613778127501766,17.43257912931438,2.8188010018126146,2.2662352868108693,0.18322206511781997,2.0830132216930495
2024-06-12 00:00:00-05:00,9.348121277999999,9.348121277999999,22.18317887654763,22.18317887654763,-12.835057598547628,-12.835057598547628,15.636686032549532,2.8016284340019038,2.032769184231439,0.18210584821012374,1.8506633360213154
2024-06-13 00:00:00-05:00,9.283703325299998,9.283703325299998,23.25257030530425,23.25257030530425,-13.96886698000425,-13.96886698000425,16.614513617560984,2.645646637556731,2.159886770282928,0.17196703144118752,1.9879197388417404
2024-06-14 00:00:00-05:00,8.8548352794,8.8548352794,26.484705848889977,26.484705848889977,-17.629870569489977,-17.629870569489977,19.900085547964505,2.27021497847453,2.5870111212353857,0.14756397360084444,2.4394471476345414
2024-06-15 00:00:00-05:00,8.488660569299999,8.488660569299999,28.637889874451176,28.637889874451176,-20.149229305151177,-20.149229305151177,21.87961123274413,1.7303819275929522,2.844349460256737,0.1124748252935419,2.7318746349631953
2024-06-16 00:00:00-05:00,7.854297837299999,7.854297837299999,27.586437487534496,27.586437487534496,-19.732139650234497,-19.732139650234497,21.12092637390608,1.38878672367158,2.7457204286077905,0.09027113703865271,2.6554492915691377
2024-06-17 00:00:00-05:00,2.926055099699999,2.926055099699999,23.356257359780532,23.356257359780532,-20.43020226008053,-20.43020226008053,20.50863532868491,0.0784330686043771,2.6661225927290384,0.005098149459284511,2.661024443269754
2024-06-18 00:00:00-05:00,3.515961213899999,3.515961213899999,24.239967814749413,24.239967814749413,-20.724006600849414,-20.724006600849414,20.724006600849414,0.0,2.694120858110424,0.0,2.694120858110424
2024-06-19 00:00:00-05:00,5.623540460099999,5.623540460099999,22.39163640067237,22.39163640067237,-16.76809594057237,-16.76809594057237,17.75470807826129,0.9866121376889234,2.308112050173968,0.06412978894978003,2.243982261224188
2024-06-20 00:00:00-05:00,8.722282243499999,8.722282243499999,25.258189635718818,25.258189635718818,-16.53590739221882,-16.53590739221882,18.756621490425502,2.220714098206684,2.4383607937553156,0.14434641638343448,2.294014377371881
2024-06-21 00:00:00-05:00,7.890133282199998,7.890133282199998,22.49088429686846,22.49088429686846,-14.600751014668461,-14.600751014668461,16.538292860472747,1.9375418458042848,2.149978071861457,0.12594021997727853,2.0240378518841786
2024-06-22 00:00:00-05:00,8.422931758499999,8.422931758499999,24.470665243339354,24.470665243339354,-16.047733484839355,-16.047733484839355,18.070929431603634,2.0231959467642793,2.3492208261084726,0.13150773653967815,2.2177130895687944
2024-06-23 00:00:00-05:00,6.8556849768,6.8556849768,25.93583610711135,25.93583610711135,-19.08015113031135,-19.08015113031135,20.519076387319675,1.4389252570083269,2.6674799303515577,0.09353014170554125,2.5739497886460163
2024-06-24 00:00:00-05:00,9.016525683899998,9.016525683899998,25.995520867693514,25.995520867693514,-16.978995183793515,-16.978995183793515,19.195534946591177,2.216539762797662,2.4954195430568533,0.14407508458184803,2.351344458475005
2024-06-25 00:00:00-05:00,8.6328115254,8.6328115254,22.677420735269035,22.677420735269035,-14.044609209869035,-14.044609209869035,16.377711138722848,2.3331019288538135,2.1291024480339704,0.1516516253754979,1.9774508226584726
2024-06-26 00:00:00-05:00,5.502453767999999,5.502453767999999,23.654947858648015,23.654947858648015,-18.152494090648016,-18.152494090648016,19.66971265518544,1.517218564537422,2.557062645174107,0.09861920669493245,2.4584434384791747
2024-06-27 00:00:00-05:00,9.294602939099999,9.294602939099999,23.83222491839608,23.83222491839608,-14.537621979296079,-14.537621979296079,17.19095556769292,2.6533335883968414,2.23482422380008,0.1724666832457947,2.0623575405542853
2024-06-28 00:00:00-05:00,7.778772532799999,7.778772532799999,22.23856284404283,22.23856284404283,-14.459790311242829,-14.459790311242829,16.51103944797776,2.0512491367349313,2.146435128237109,0.13333119388777054,2.0131039343493384
2024-06-29 00:00:00-05:00,8.473348888199999,8.473348888199999,26.660674292598273,26.660674292598273,-18.187325404398276,-18.187325404398276,20.070552488612964,1.8832270842146883,2.6091718235196857,0.12240976047395474,2.486762063045731
2024-06-30 00:00:00-05:00,8.310434319899999,8.310434319899999,26.440573256905108,26.440573256905108,-18.13013893700511,-18.13013893700511,20.067298025935546,1.937159088930439,2.608748743371621,0.12591534078047856,2.4828334025911425
2024-07-01 00:00:00-05:00,8.7110903763,8.7110903763,26.229083963261736,26.229083963261736,-17.517993586961737,-17.517993586961737,19.40159443237855,1.883600845416811,2.5222072762092114,0.12243405495209271,2.3997732212571186
2024-07-02 00:00:00-05:00,9.166958546399998,9.166958546399998,25.03085021869833,25.03085021869833,-15.863891672298328,-15.863891672298328,18.32343797799784,2.4595463056995137,2.3820469371397195,0.15987050987046839,2.2221764272692512
2024-07-03 00:00:00-05:00,8.1223256034,8.1223256034,22.400651088782034,22.400651088782034,-14.278325485382036,-14.278325485382036,16.684207109141035,2.4058816237589995,2.168946924188335,0.15638230554433497,2.012564618644
2024-07-04 00:00:00-05:00,7.4983594265999995,7.4983594265999995,25.28152033303192,25.28152033303192,-17.783160906431924,-17.783160906431924,19.442731412319937,1.6595705058880146,2.527555083601592,0.10787208288272095,2.4196830007188708
2024-07-05 00:00:00-05:00,8.236177710299998,8.236177710299998,24.464511744640575,24.464511744640575,-16.228334034340577,-16.228334034340577,18.514944999884698,2.2866109655441225,2.4069428499850107,0.14862971276036796,2.2583131372246426
2024-07-06 00:00:00-05:00,8.604289586699998,8.604289586699998,26.566455718149037,26.566455718149037,-17.962166131449038,-17.962166131449038,20.153337442830008,2.191171311380968,2.619933867567901,0.1424261352397629,2.4775077323281383
2024-07-07 00:00:00-05:00,8.737942945499999,8.737942945499999,25.14038944060382,25.14038944060382,-16.40244649510382,-16.40244649510382,18.66630472337265,2.2638582282688304,2.4266196140384446,0.14715078483747399,2.2794688292009706
2024-07-08 00:00:00-05:00,4.656560696999999,4.656560696999999,24.30112355601964,24.30112355601964,-19.644562859019643,-19.644562859019643,19.7791079587852,0.1345450997655574,2.571284034642076,0.00874543148476123,2.562538603157315
2024-07-09 00:00:00-05:00,3.432847475699999,3.432847475699999,25.069230726245163,25.069230726245163,-21.636383250545162,-21.636383250545162,21.636383250545162,0.0,2.812729822570871,0.0,2.812729822570871
2024-07-10 00:00:00-05:00,9.063844947,9.063844947,24.642012511437315,24.642012511437315,-15.578167564437315,-15.578167564437315,18.005161011780217,2.4269934473429013,2.3406709315314282,0.1577545740772886,2.1829163574541397
2024-07-11 00:00:00-05:00,8.951136562799999,8.951136562799999,24.28514213654474,24.28514213654474,-15.33400557374474,-15.33400557374474,17.730352073890018,2.3963465001452766,2.3049457696057023,0.15576252250944297,2.1491832470962593
2024-07-12 00:00:00-05:00,8.6393371095,8.6393371095,23.734695935353813,23.734695935353813,-15.095358825853811,-15.095358825853811,17.397847281258453,2.3024884554046405,2.261720146563599,0.14966174960130163,2.1120583969622975
2024-07-13 00:00:00-05:00,8.5967444583,8.5967444583,29.012761268495826,29.012761268495826,-20.416016810195824,-20.416016810195824,22.20020646505078,1.7841896548549547,2.8860268404566014,0.11597232756557206,2.770054512891029
2024-07-14 00:00:00-05:00,8.634032789399999,8.634032789399999,25.82656161725308,25.82656161725308,-17.19252882785308,-17.19252882785308,19.17360152367233,1.9810726958192453,2.492568198077403,0.12876972522825095,2.363798472849152
2024-07-15 00:00:00-05:00,8.560215016199999,8.560215016199999,24.639714679209604,24.639714679209604,-16.079499663009607,-16.079499663009607,18.258096113740915,2.1785964507313116,2.373552494786319,0.14160876929753527,2.231943725488784
2024-07-16 00:00:00-05:00,5.973266670299998,5.973266670299998,26.32367012045884,26.32367012045884,-20.35040345015884,-20.35040345015884,20.683397396731348,0.33299394657250786,2.688841661575075,0.021644606527213013,2.667197055047862
2024-07-17 00:00:00-05:00,4.895235785699999,4.895235785699999,26.229082725913933,26.229082725913933,-21.333846940213935,-21.333846940213935,22.42512333148183,1.0912763912678947,2.9152660330926383,0.07093296543241316,2.844333067660225
2024-07-18 00:00:00-05:00,8.894414768399999,8.894414768399999,23.841286024893446,23.841286024893446,-14.946871256493448,-14.946871256493448,17.373644251492163,2.426772994998713,2.258573752693981,0.15774024467491635,2.1008335080190648
2024-07-19 00:00:00-05:00,8.638961739299999,8.638961739299999,23.328704768022206,23.328704768022206,-14.689743028722209,-14.689743028722209,16.920863660929363,2.231120632207155,2.199712275920817,0.14502284109346508,2.054689434827352
2024-07-20 00:00:00-05:00,7.522285394249999,7.522285394249999,28.974237612181607,28.974237612181607,-21.45195221793161,-21.45195221793161,22.588802125774954,1.1368499078433478,2.936544276350744,0.07389524400981762,2.8626490323409266
2024-07-21 00:00:00-05:00,6.782107016249999,6.782107016249999,26.91529801268659,26.91529801268659,-20.133190996436593,-20.133190996436593,21.307171336794816,1.1739803403582236,2.769932273783326,0.07630872212328454,2.6936235516600417
2024-07-22 00:00:00-05:00,7.055452034099999,7.055452034099999,23.965256116701905,23.965256116701905,-16.90980408260191,-16.90980408260191,18.29176726678181,1.3819631841799023,2.3779297446816354,0.08982760697169365,2.288102137709942
2024-07-23 00:00:00-05:00,3.3558246134999994,3.3558246134999994,25.466321671411023,25.466321671411023,-22.110497057911022,-22.110497057911022,22.41970053067705,0.3092034727660287,2.9145610689880166,0.020098225729791867,2.894462843258225
2024-07-24 00:00:00-05:00,5.182502350499998,5.182502350499998,23.900921172320757,23.900921172320757,-18.71841882182076,-18.71841882182076,19.268197131545236,0.549778309724477,2.5048656271008807,0.03573559013209101,2.4691300369687896
2024-07-25 00:00:00-05:00,6.139071610199999,6.139071610199999,21.913283827243593,21.913283827243593,-15.774212217043594,-15.774212217043594,16.905770565931928,1.1315583488883356,2.1977501735711504,0.07355129267774181,2.1241988808934087
2024-07-26 00:00:00-05:00,4.349630643749999,4.349630643749999,25.40309149630399,25.40309149630399,-21.05346085255399,-21.05346085255399,21.437358874576915,0.3838980220229245,2.7868566536949992,0.024953371431490092,2.7619032822635092
2024-07-27 00:00:00-05:00,4.582877699699999,4.582877699699999,24.73276478731176,24.73276478731176,-20.14988708761176,-20.14988708761176,20.724909032118756,0.5750219445069986,2.6942381741754384,0.03737642639295491,2.6568617477824836
2024-07-28 00:00:00-05:00,6.939745738649999,6.939745738649999,25.879695137647598,25.879695137647598,-18.939949398997598,-18.939949398997598,20.469143897545685,1.5291944985480852,2.6609887066809392,0.09939764240562554,2.561591064275314
2024-07-29 00:00:00-05:00,8.14059415575,8.14059415575,22.05872722634654,22.05872722634654,-13.918133070596543,-13.918133070596543,16.39915657379892,2.481023503202378,2.1318903545938594,0.16126652770815458,1.9706238268857048
2024-07-30 00:00:00-05:00,8.33281522065,8.33281522065,22.312778211648368,22.312778211648368,-13.979962990998368,-13.979962990998368,16.373581131336884,2.3936181403385146,2.128565547073795,0.15558517912200345,1.9729803679517917
2024-07-31 00:00:00-05:00,8.493263575199999,8.493263575199999,23.96267897657667,23.96267897657667,-15.46941540137667,-15.46941540137667,17.732719833817782,2.2633044324411116,2.3052535783963117,0.14711478810867226,2.1581387902876394
2024-08-01 00:00:00-05:00,8.759207601449999,8.759207601449999,22.66702189257694,22.66702189257694,-13.907814291126943,-13.907814291126943,16.45703906183398,2.5492247707070366,2.1394150780384176,0.16569961009595738,1.9737154679424602
2024-08-02 00:00:00-05:00,8.3962325169,8.3962325169,25.90385168667153,25.90385168667153,-17.50761916977153,-17.50761916977153,19.288960694375497,1.781341524603969,2.5075648902688146,0.11578719909925798,2.3917776911695565
2024-08-03 00:00:00-05:00,8.1859473585,8.1859473585,29.239212515746452,29.239212515746452,-21.053265157246454,-21.053265157246454,22.569069051597186,1.5158038943507306,2.933978976707634,0.09852725313279749,2.8354517235748364
2024-08-04 00:00:00-05:00,8.88303982095,8.88303982095,25.25863063960469,25.25863063960469,-16.37559081865469,-16.37559081865469,18.636671356100518,2.2610805374458303,2.4227672762930674,0.14697023493397898,2.2757970413590884
2024-08-05 00:00:00-05:00,8.3049889815,8.3049889815,23.216800239319316,23.216800239319316,-14.911811257819316,-14.911811257819316,17.219901382889553,2.308090125070239,2.238587179775642,0.15002585812956554,2.0885613216460763
2024-08-06 00:00:00-05:00,8.975145690449999,8.975145690449999,23.904417946292433,23.904417946292433,-14.929272255842433,-14.929272255842433,17.35500462495426,2.425732369111828,2.256150601244054,0.15767260399226884,2.098477997251785
2024-08-07 00:00:00-05:00,4.983110267849999,4.983110267849999,27.11380417480474,27.11380417480474,-22.130693906954743,-22.130693906954743,22.344485720654287,0.21379181369954325,2.9047831436850573,0.013896467890470311,2.890886675794587
2024-08-08 00:00:00-05:00,7.870367540699999,7.870367540699999,24.142679162181572,24.142679162181572,-16.272311621481574,-16.272311621481574,18.390672533321403,2.1183609118398303,2.3907874293317826,0.13769345926958898,2.2530939700621935
2024-08-09 00:00:00-05:00,8.3418315669,8.3418315669,26.564582285547342,26.564582285547342,-18.222750718647344,-18.222750718647344,20.164853860936606,1.9421031422892654,2.621431001921759,0.12623670424880226,2.4951942976729566
2024-08-10 00:00:00-05:00,9.1188172791,9.1188172791,25.511558621079825,25.511558621079825,-16.392741341979825,-16.392741341979825,18.771954618516443,2.3792132765366194,2.4403541004071374,0.15464886297488026,2.285705237432257
2024-08-11 00:00:00-05:00,5.155131622949998,5.155131622949998,26.993726705047298,26.993726705047298,-21.838595082097296,-21.838595082097296,21.955791162289604,0.11719608019230565,2.8542528510976486,0.007617745212499868,2.8466351058851487
2024-08-12 00:00:00-05:00,6.865770051899999,6.865770051899999,24.296813267661822,24.296813267661822,-17.431043215761825,-17.431043215761825,18.873408778539375,1.44236556277755,2.453543141210119,0.09375376158054076,2.359789379629578
2024-08-13 00:00:00-05:00,6.173587683899999,6.173587683899999,24.258613278065642,24.258613278065642,-18.085025594165643,-18.085025594165643,18.50957199528261,0.4245464011169644,2.4062443593867395,0.027595516072602688,2.378648843314137
2024-08-14 00:00:00-05:00,3.313300847399999,3.313300847399999,24.241381381031015,24.241381381031015,-20.928080533631015,-20.928080533631015,21.12076339305374,0.192682859422724,2.745699241096986,0.012524385862477061,2.733174855234509
2024-08-15 00:00:00-05:00,8.292603330899999,8.292603330899999,23.433408252404483,23.433408252404483,-15.140804921504483,-15.140804921504483,17.10947330124166,1.9686683797371782,2.224231529161416,0.1279634446829166,2.0962680844784995
2024-08-16 00:00:00-05:00,7.2189346796999985,7.2189346796999985,21.398282132783873,21.398282132783873,-14.179347453083873,-14.179347453083873,16.608951711170945,2.4296042580870707,2.159163722452223,0.1579242767756596,2.001239445676563
2024-08-17 00:00:00-05:00,9.057306111299999,9.057306111299999,25.51316141881164,25.51316141881164,-16.455855307511644,-16.455855307511644,18.839176478826005,2.38332117131436,2.449092942247381,0.15491587613543342,2.2941770661119474
2024-08-18 00:00:00-05:00,9.026371314899999,9.026371314899999,26.704895496281882,26.704895496281882,-17.67852418138188,-17.67852418138188,20.019708583213596,2.3411844018317156,2.6025621158177676,0.15217698611906152,2.4503851296987063
2024-08-19 00:00:00-05:00,8.974726389899999,8.974726389899999,25.243457557510215,25.243457557510215,-16.268731167610216,-16.268731167610216,18.717257209898403,2.4485260422881883,2.4332434372867926,0.15915419274873224,2.2740892445380605
2024-08-20 00:00:00-05:00,9.410580993599998,9.410580993599998,24.26384120007661,24.26384120007661,-14.853260206476609,-14.853260206476609,17.70112493155102,2.847864725074413,2.301146241101633,0.18511120712983684,2.116035033971796
2024-08-21 00:00:00-05:00,9.49553023095,9.49553023095,26.596180663862306,26.596180663862306,-17.100650432912307,-17.100650432912307,19.67810469564367,2.5774542627313615,2.558153610433677,0.1675345270775385,2.3906190833561385
2024-08-22 00:00:00-05:00,9.4451655825,9.4451655825,25.99788776525591,25.99788776525591,-16.55272218275591,-16.55272218275591,19.115613743122648,2.5628915603667384,2.4850297866059443,0.166587951423838,2.318441835182106
2024-08-23 00:00:00-05:00,8.521192763999998,8.521192763999998,24.58473959072875,24.58473959072875,-16.06354682672875,-16.06354682672875,18.256231774497188,2.1926849477684387,2.3733101306846347,0.14252452160494852,2.2307856090796863
2024-08-24 00:00:00-05:00,8.56467825795,8.56467825795,26.608086796835817,26.608086796835817,-18.043408538885817,-18.043408538885817,20.066074019658913,2.022665480773095,2.608589622555659,0.1314732562502512,2.477116366305408
2024-08-25 00:00:00-05:00,8.9255898324,8.9255898324,24.764080978772096,24.764080978772096,-15.838491146372098,-15.838491146372098,18.22653613091978,2.38804498454768,2.3694496970195713,0.1552229239955992,2.214226773023972
2024-08-26 00:00:00-05:00,8.6302442466,8.6302442466,22.552724706784755,22.552724706784755,-13.922480460184754,-13.922480460184754,16.43768959405708,2.515209133872327,2.1368996472274207,0.16348859370170127,1.9734110535257194
2024-08-27 00:00:00-05:00,9.270608993549999,9.270608993549999,23.893654169726275,23.893654169726275,-14.623045176176277,-14.623045176176277,17.05426648910753,2.4312213129312514,2.217054643583979,0.15802938534053135,2.0590252582434476
2024-08-28 00:00:00-05:00,8.671552382249999,8.671552382249999,26.438522243620017,26.438522243620017,-17.76696986137002,-17.76696986137002,19.4436433519711,1.676673490601083,2.5276736357562433,0.10898377688907039,2.418689858867173
2024-08-29 00:00:00-05:00,7.444284016949999,7.444284016949999,24.930671246033903,24.930671246033903,-17.486387229083906,-17.486387229083906,18.4176438093062,0.9312565802222932,2.394293695209806,0.06053167771444906,2.333762017495357
2024-08-30 00:00:00-05:00,5.7279485137499995,5.7279485137499995,25.645859833669583,25.645859833669583,-19.917911319919586,-19.917911319919586,20.41422405911556,0.49631273919597774,2.653849127685023,0.032260328047738554,2.6215887996372844
2024-08-31 00:00:00-05:00,7.438723854299999,7.438723854299999,26.00424651212869,26.00424651212869,-18.56552265782869,-18.56552265782869,20.412693304658116,1.8471706468294247,2.653650129605555,0.12006609204391261,2.5335840375616425
2024-09-01 00:00:00-05:00,2.5430037290999987,2.5430037290999987,25.269692049927453,25.269692049927453,-22.726688320827456,-22.726688320827456,22.74025164556715,0.013563324739692795,2.9562327139237294,0.0008816161080800317,2.955351097815649
2024-09-02 00:00:00-05:00,9.775129088699998,9.775129088699998,21.556819836234208,21.556819836234208,-11.78169074753421,-11.78169074753421,14.748752796094992,2.967062048560781,1.917337863492349,0.19285903315645078,1.7244788303358982
2024-09-03 00:00:00-05:00,8.712452028149999,8.712452028149999,24.6294775214332,24.6294775214332,-15.9170254932832,-15.9170254932832,17.808920584875967,1.8918950915927688,2.315159676033876,0.12297318095352998,2.192186495080346
2024-09-04 00:00:00-05:00,2.784754243349999,2.784754243349999,24.364080904171804,24.364080904171804,-21.579326660821806,-21.579326660821806,21.579326660821806,0.0,2.8053124659068347,0.0,2.8053124659068347
2024-09-05 00:00:00-05:00,9.47895896475,9.47895896475,26.452157286699574,26.452157286699574,-16.973198321949575,-16.973198321949575,19.177530592642544,2.2043322706929684,2.4930789770435307,0.14328159759504294,2.349797379448488
2024-09-06 00:00:00-05:00,6.4591564347,6.4591564347,23.754115457359067,23.754115457359067,-17.294959022659068,-17.294959022659068,18.50938570036436,1.2144266777052886,2.4062201410473665,0.07893773405084376,2.3272824069965226
2024-09-07 00:00:00-05:00,10.270567565099999,10.270567565099999,27.263766619748836,27.263766619748836,-16.993199054648837,-16.993199054648837,19.55729613173308,2.564097077084243,2.5424484971253003,0.1666663100104758,2.3757821871148246
2024-09-08 00:00:00-05:00,10.3002822585,10.3002822585,28.019235723415775,28.019235723415775,-17.718953464915778,-17.718953464915778,20.314552468458057,2.595599003542279,2.6408918208995473,0.16871393523024814,2.472177885669299
2024-09-09 00:00:00-05:00,9.767051841599999,9.767051841599999,23.09148823983487,23.09148823983487,-13.32443639823487,-13.32443639823487,16.074371668841696,2.749935270606827,2.0896683169494206,0.17874579258944376,1.9109225243599768
2024-09-10 00:00:00-05:00,9.060554189699998,9.060554189699998,25.005977652370593,25.005977652370593,-15.945423462670592,-15.945423462670592,18.097473694393223,2.152050231722629,2.352671580271119,0.1398832650619709,2.2127883152091483
2024-09-11 00:00:00-05:00,7.806295892699999,7.806295892699999,26.57985672685153,26.57985672685153,-18.77356083415153,-18.77356083415153,19.891381014768456,1.1178201806169215,2.5858795319198995,0.0726583117400999,2.5132212201797994
2024-09-12 00:00:00-05:00,0.8531257445999993,0.8531257445999993,23.477434932703154,23.477434932703154,-22.624309188103155,-22.624309188103155,22.624309188103155,0.0,2.9411601944534103,0.0,2.9411601944534103
2024-09-13 00:00:00-05:00,2.2903352390249996,2.2903352390249996,23.941394759218742,23.941394759218742,-21.65105952019374,-21.65105952019374,21.65105952019374,0.0,2.8146377376251865,0.0,2.8146377376251865
2024-09-14 00:00:00-05:00,2.487049941599999,2.487049941599999,29.052516995063144,29.052516995063144,-26.565467053463145,-26.565467053463145,26.565467053463145,0.0,3.453510716950209,0.0,3.453510716950209
2024-09-15 00:00:00-05:00,1.6768191644999992,1.6768191644999992,26.807310031983484,26.807310031983484,-25.130490867483484,-25.130490867483484,25.130490867483484,0.0,3.266963812772853,0.0,3.266963812772853
2024-09-16 00:00:00-05:00,7.233490843424999,7.233490843424999,23.505770423371533,23.505770423371533,-16.272279579946535,-16.272279579946535,17.865689588372128,1.5934100084255927,2.3225396464883765,0.10357165054766353,2.218967995940713
2024-09-17 00:00:00-05:00,9.396789939,9.396789939,24.629340773835246,24.629340773835246,-15.232550834835244,-15.232550834835244,17.620846090784053,2.3882952559488073,2.290709991801927,0.1552391916366725,2.1354708001652543
2024-09-18 00:00:00-05:00,9.023121413999998,9.023121413999998,25.792199053419463,25.792199053419463,-16.769077639419464,-16.769077639419464,18.789259271017176,2.0201816315977124,2.442603705232233,0.13131180605385132,2.3112918991783817
2024-09-19 00:00:00-05:00,7.479116990999999,7.479116990999999,22.301172312378327,22.301172312378327,-14.822055321378327,-14.822055321378327,16.630302939033903,1.8082476176555762,2.1619393820744075,0.11753609514761246,2.044403286926795
2024-09-20 00:00:00-05:00,6.418822441499999,6.418822441499999,23.2179530743111,23.2179530743111,-16.799130632811103,-16.799130632811103,18.049940031490568,1.2508093986794648,2.346492204093774,0.08130261091416521,2.265189593179609
2024-09-21 00:00:00-05:00,3.1592951903249995,3.1592951903249995,26.215443526680573,26.215443526680573,-23.056148336355573,-23.056148336355573,23.161450429527076,0.10530209317150335,3.01098855583852,0.006844636056147718,3.004143919782372
2024-09-22 00:00:00-05:00,7.959813910199999,7.959813910199999,27.915020375898763,27.915020375898763,-19.95520646569876,-19.95520646569876,21.31299174181303,1.3577852761142686,2.7706889264356938,0.08825604294742746,2.6824328834882665
2024-09-23 00:00:00-05:00,5.7398198426999985,5.7398198426999985,26.494514389855897,26.494514389855897,-20.7546945471559,-20.7546945471559,21.04706679009251,0.29237224293661185,2.7361186827120267,0.01900419579087977,2.717114486921147
2024-09-24 00:00:00-05:00,5.162155938899999,5.162155938899999,26.506258969454606,26.506258969454606,-21.344103030554606,-21.344103030554606,21.819897385953478,0.47579435539887166,2.8365866601739524,0.030926633100926658,2.8056600270730256
2024-09-25 00:00:00-05:00,5.983009498124999,5.983009498124999,24.039653363191125,24.039653363191125,-18.056643865066125,-18.056643865066125,18.708829971839478,0.652186106773354,2.4321478963391323,0.04239209694026801,2.3897557993988645
2024-09-26 00:00:00-05:00,8.4352119822,8.4352119822,23.26487224825275,23.26487224825275,-14.829660266052752,-14.829660266052752,17.151364746277885,2.3217044802251348,2.2296774170161253,0.15091079121463377,2.0787666258014914
2024-09-27 00:00:00-05:00,0.7932751712999995,0.7932751712999995,22.534522993766068,22.534522993766068,-21.741247822466068,-21.741247822466068,21.741247822466068,0.0,2.826362216920589,0.0,2.826362216920589
2024-09-28 00:00:00-05:00,3.2496833063249997,3.2496833063249997,25.69626050478391,25.69626050478391,-22.44657719845891,-22.44657719845891,22.44657719845891,0.0,2.9180550357996586,0.0,2.9180550357996586
2024-09-29 00:00:00-05:00,2.7643955393249993,2.7643955393249993,28.537600485696267,28.537600485696267,-25.773204946371266,-25.773204946371266,25.773204946371266,0.0,3.3505166430282647,0.0,3.3505166430282647
2024-09-30 00:00:00-05:00,4.146613373025,4.146613373025,23.03774670019428,23.03774670019428,-18.891133327169282,-18.891133327169282,19.136483987936348,0.2453506607670668,2.4877429184317252,0.015947792949859343,2.471795125481866
2024-10-01 00:00:00-05:00,7.249923303299999,7.249923303299999,22.517851282649513,22.517851282649513,-15.267927979349516,-15.267927979349516,16.693949566956828,1.426021587607313,2.170213443704388,0.09269140319447534,2.0775220405099124
2024-10-02 00:00:00-05:00,9.8860446027,9.8860446027,24.957592100433843,24.957592100433843,-15.071547497733842,-15.071547497733842,17.605512612499687,2.5339651147658433,2.2887166396249596,0.16470773245977982,2.1240089071651798
2024-10-03 00:00:00-05:00,9.642866969699998,9.642866969699998,23.289852372181873,23.289852372181873,-13.646985402481873,-13.646985402481873,16.365725621691023,2.7187402192091517,2.127544330819833,0.17671811424859488,1.9508262165712382
2024-10-04 00:00:00-05:00,8.716000923,8.716000923,25.46645023344636,25.46645023344636,-16.75044931044636,-16.75044931044636,18.799673877293458,2.0492245668470987,2.4439576040481494,0.1331995968450614,2.310758007203088
2024-10-05 00:00:00-05:00,8.796761656425,8.796761656425,25.652005796620642,25.652005796620642,-16.85524414019564,-16.85524414019564,18.7457031432391,1.890459003043458,2.436941408621083,0.12287983519782478,2.3140615734232584
2024-10-06 00:00:00-05:00,8.518259510999998,8.518259510999998,24.580838813811294,24.580838813811294,-16.062579302811297,-16.062579302811297,17.837862558611004,1.7752832557997067,2.3189221326194307,0.11539341162698094,2.2035287209924497
2024-10-07 00:00:00-05:00,9.620098047225,9.620098047225,26.197738539527496,26.197738539527496,-16.577640492302496,-16.577640492302496,18.958894034684917,2.381253542382421,2.464656224509039,0.15478148025485736,2.3098747442541816
2024-10-08 00:00:00-05:00,9.4145635125,9.4145635125,21.945974770482238,21.945974770482238,-12.531411257982237,-12.531411257982237,15.236315448652078,2.704904190669841,1.9807210083247702,0.17581877239353966,1.8049022359312306
2024-10-09 00:00:00-05:00,9.274844840624999,9.274844840624999,25.08327615732634,25.08327615732634,-15.80843131670134,-15.80843131670134,17.941676159347253,2.1332448426459134,2.332417900715143,0.1386609147719844,2.1937569859431587
2024-10-10 00:00:00-05:00,9.084257235225,9.084257235225,23.19275283552184,23.19275283552184,-14.108495600296841,-14.108495600296841,16.54093988782528,2.432444287528439,2.1503221854172865,0.15810887868934856,1.992213306727938
2024-10-11 00:00:00-05:00,8.967640703625,8.967640703625,22.789141210445784,22.789141210445784,-13.821500506820785,-13.821500506820785,16.18885921026209,2.3673587034413064,2.104551697334072,0.15387831572368493,1.9506733816103872
2024-10-12 00:00:00-05:00,7.6900402782,7.6900402782,29.1329193707483,29.1329193707483,-21.442879092548303,-21.442879092548303,23.067844172125035,1.6249650795767332,2.998819742376255,0.10562273017248766,2.893197012203767
2024-10-13 00:00:00-05:00,8.065873986525,8.065873986525,25.03241580641493,25.03241580641493,-16.96654181988993,-16.96654181988993,18.47868730609238,1.51214548620245,2.4022293497920093,0.09828945660315924,2.30393989318885
2024-10-14 00:00:00-05:00,9.600796255499999,9.600796255499999,23.266638674451947,23.266638674451947,-13.665842418951948,-13.665842418951948,16.26906550351058,2.60322308455863,2.114978515456375,0.16920950049631098,1.9457690149600642
2024-10-15 00:00:00-05:00,3.805762508324999,3.805762508324999,23.93363213195258,23.93363213195258,-20.127869623627582,-20.127869623627582,20.414498029810073,0.2866284061824903,2.6538847438753095,0.01863084640186187,2.6352538974734476
2024-10-16 00:00:00-05:00,9.726840015299999,9.726840015299999,25.979832840487056,25.979832840487056,-16.252992825187057,-16.252992825187057,18.474469146062265,2.22147632087521,2.401680988988095,0.14439596085688866,2.2572850281312062
2024-10-17 00:00:00-05:00,9.6075370755,9.6075370755,25.081609574237987,25.081609574237987,-15.474072498737986,-15.474072498737986,17.872770531947758,2.3986980332097714,2.3234601691532086,0.15591537215863516,2.1675447969945734
2024-10-18 00:00:00-05:00,9.4808537532,9.4808537532,25.398335314854812,25.398335314854812,-15.917481561654812,-15.917481561654812,18.340170539927485,2.4226889782726717,2.384222170190573,0.15747478358772365,2.2267473866028493
2024-10-19 00:00:00-05:00,9.261953048025,9.261953048025,27.761391306769898,27.761391306769898,-18.4994382587449,-18.4994382587449,20.488340352850987,1.9889020941060878,2.6634842458706283,0.12927863611689572,2.5342056097537324
2024-10-20 00:00:00-05:00,9.283614564825,9.283614564825,26.45893402136014,26.45893402136014,-17.17531945653514,-17.17531945653514,19.19637063868285,2.021051182147712,2.4955281830287706,0.13136832683960128,2.3641598561891692
2024-10-21 00:00:00-05:00,9.139494210525,9.139494210525,23.49675526170186,23.49675526170186,-14.357261051176863,-14.357261051176863,16.741844218521283,2.3845831673444193,2.176439748407767,0.15499790587738727,2.02144184253038
2024-10-22 00:00:00-05:00,8.546486347124999,8.546486347124999,26.13790901251171,26.13790901251171,-17.591422665386713,-17.591422665386713,19.42469154144146,1.8332688760547509,2.5252099003873902,0.1191624769435588,2.4060474234438316
2024-10-23 00:00:00-05:00,8.0213068017,8.0213068017,24.71936814189519,24.71936814189519,-16.69806134019519,-16.69806134019519,18.377740415723984,1.6796790755287971,2.389106254044118,0.10917913990937182,2.2799271141347464
2024-10-24 00:00:00-05:00,8.182861944299999,8.182861944299999,22.008298179730897,22.008298179730897,-13.825436235430896,-13.825436235430896,15.842116972342168,2.016680736911271,2.059475206404482,0.13108424789923262,1.9283909585052492
2024-10-25 00:00:00-05:00,7.3899982259999994,7.3899982259999994,25.060421440472492,25.060421440472492,-17.670423214472493,-17.670423214472493,18.650390463920427,0.9799672494479348,2.4245507603096557,0.06369787121411577,2.36085288909554
2024-10-26 00:00:00-05:00,5.832025898399999,5.832025898399999,27.596790568468936,27.596790568468936,-21.764764670068935,-21.764764670068935,22.422095095570118,0.6573304255011796,2.9148723624241155,0.04272647765757667,2.872145884766539
2024-10-27 00:00:00-05:00,9.1799607906,9.1799607906,25.704472549770273,25.704472549770273,-16.524511759170274,-16.524511759170274,18.36161829073171,1.837106531561433,2.3870103777951224,0.11941192455149315,2.2675984532436293
2024-10-28 00:00:00-05:00,7.365813281099999,7.365813281099999,22.867251907242988,22.867251907242988,-15.501438626142987,-15.501438626142987,16.614691824636086,1.1132531984931004,2.1599099372026913,0.07236145790205153,2.0875484793006396
2024-10-29 00:00:00-05:00,8.699796659699999,8.699796659699999,23.754255728816954,23.754255728816954,-15.054459069116955,-15.054459069116955,17.009372516969243,1.9549134478522878,2.211218427206002,0.1270693741103987,2.084149053095603
2024-10-30 00:00:00-05:00,8.5362706413,8.5362706413,23.045094515323882,23.045094515323882,-14.508823874023884,-14.508823874023884,16.34847388689149,1.8396500128676057,2.1253016052958937,0.11957725083639437,2.0057243544594994
2024-10-31 00:00:00-05:00,0.7695823418999993,0.7695823418999993,24.551259049450618,24.551259049450618,-23.781676707550616,-23.781676707550616,23.781676707550616,0.0,3.0916179719815804,0.0,3.0916179719815804
2024-11-01 00:00:00-05:00,9.237010332599999,9.237010332599999,23.952653842902205,23.952653842902205,-14.715643510302204,-14.715643510302204,16.908195616487934,2.19255210618573,2.1980654301434313,0.14251588690207245,2.0555495432413586
2024-11-02 00:00:00-05:00,8.436805676099999,8.436805676099999,25.004351886737886,25.004351886737886,-16.567546210637886,-16.567546210637886,18.27252199292333,1.7049757822854439,2.375427859080033,0.11082342584855386,2.2646044332314794
2024-11-03 00:00:00-05:00,3.4271739656999993,3.4271739656999993,28.70527138423301,28.70527138423301,-25.278097418533015,-25.278097418533015,25.278097418533015,0.0,3.286152664409292,0.0,3.286152664409292
2024-11-04 00:00:00-06:00,4.2066306638999995,4.2066306638999995,24.62180946184947,24.62180946184947,-20.415178797949473,-20.415178797949473,20.840918880410456,0.42574008246098405,2.709319454453359,0.027673105359963965,2.6816463490933953
2024-11-05 00:00:00-06:00,0.6645028427999994,0.6645028427999994,22.588772920979622,22.588772920979622,-21.92427007817962,-21.92427007817962,21.92427007817962,0.0,2.850155110163351,0.0,2.850155110163351
2024-11-06 00:00:00-06:00,2.3145234002999993,2.3145234002999993,22.740772241053577,22.740772241053577,-20.42624884075358,-20.42624884075358,20.42624884075358,0.0,2.6554123492979653,0.0,2.6554123492979653
2024-11-07 00:00:00-06:00,2.356159176899999,2.356159176899999,24.386850404464017,24.386850404464017,-22.030691227564017,-22.030691227564017,22.030691227564017,0.0,2.8639898595833224,0.0,2.8639898595833224
2024-11-08 00:00:00-06:00,4.1534786961,4.1534786961,22.42762267520691,22.42762267520691,-18.27414397910691,-18.27414397910691,18.453164645543144,0.17902066643623238,2.3989114039206085,0.011636343318355105,2.3872750606022533
2024-11-09 00:00:00-06:00,1.0166735843999994,1.0166735843999994,27.17574043832856,27.17574043832856,-26.15906685392856,-26.15906685392856,26.15906685392856,0.0,3.400678691010713,0.0,3.400678691010713
2024-11-10 00:00:00-06:00,3.0988699469999994,3.0988699469999994,24.440223305420318,24.440223305420318,-21.341353358420317,-21.341353358420317,21.82785015751238,0.4864967990920618,2.8376205204766096,0.03162229194098402,2.8059982285356257
2024-11-11 00:00:00-06:00,8.945108936999999,8.945108936999999,25.729265012826556,25.729265012826556,-16.78415607582656,-16.78415607582656,18.825404281450513,2.041248205623955,2.447302556588567,0.1326811333655571,2.31462142322301
2024-11-12 00:00:00-06:00,8.952473070899998,8.952473070899998,23.33410086455644,23.33410086455644,-14.381627793656442,-14.381627793656442,16.579971095642275,2.198343301985835,2.155396242433496,0.14289231462907928,2.0125039278044166
2024-11-13 00:00:00-06:00,0.5990126201999992,0.5990126201999992,22.7005954005405,22.7005954005405,-22.1015827803405,-22.1015827803405,22.1015827803405,0.0,2.873205761444265,0.0,2.873205761444265
2024-11-14 00:00:00-06:00,3.882014421299999,3.882014421299999,25.427652196398242,25.427652196398242,-21.545637775098243,-21.545637775098243,22.135252509781917,0.5896147346836782,2.877582826271649,0.03832495775443909,2.83925786851721
2024-11-15 00:00:00-06:00,7.822896796799999,7.822896796799999,25.994057845039666,25.994057845039666,-18.171161048239668,-18.171161048239668,19.92237308939278,1.7512120411531158,2.589908501621062,0.11382878267495253,2.4760797189461092
2024-11-16 00:00:00-06:00,9.059273701924598,9.059273701924598,27.842051811033407,27.842051811033407,-18.78277810910881,-18.78277810910881,20.43887011607493,1.6560920069661207,2.657053115089741,0.10764598045279784,2.5494071346369434
2024-11-17 00:00:00-06:00,5.2309079802,5.2309079802,27.03265704716847,27.03265704716847,-21.80174906696847,-21.80174906696847,22.132726135800276,0.3309770688318033,2.877254397654036,0.021513509474067213,2.855740888179969
2024-11-18 00:00:00-06:00,2.6520908273999995,2.6520908273999995,24.929876596932317,24.929876596932317,-22.27778576953232,-22.27778576953232,22.27778576953232,0.0,2.8961121500392015,0.0,2.8961121500392015
2024-11-19 00:00:00-06:00,8.597536265699999,8.597536265699999,21.95995754083933,21.95995754083933,-13.362421275139333,-13.362421275139333,15.571231014844376,2.2088097397050435,2.024260031929769,0.14357263308082782,1.8806873988489412
2024-11-20 00:00:00-06:00,9.1892240316,9.1892240316,25.35861967960623,25.35861967960623,-16.169395648006233,-16.169395648006233,18.2296176346557,2.0602219866494678,2.369850292505241,0.1339144291322154,2.2359358633730255
2024-11-21 00:00:00-06:00,9.231535737,9.231535737,22.951551176099247,22.951551176099247,-13.720015439099248,-13.720015439099248,16.32407055837843,2.6040551192791823,2.122129172589196,0.16926358275314685,1.9528655898360492
2024-11-22 00:00:00-06:00,5.7697736939999995,5.7697736939999995,24.56217460957048,24.56217460957048,-18.79240091557048,-18.79240091557048,19.47486511066606,0.6824641950955778,2.5317324643865877,0.044360172681212555,2.487372291705375
2024-11-23 00:00:00-06:00,8.7076839699,8.7076839699,25.598242261611254,25.598242261611254,-16.890558291711255,-16.890558291711255,18.79206485683298,1.901506565121725,2.4429684313882873,0.12359792673291212,2.3193705046553754
2024-11-24 00:00:00-06:00,8.557506430199998,8.557506430199998,28.55380253229137,28.55380253229137,-19.996296102091375,-19.996296102091375,21.49415094917125,1.4978548470798752,2.7942396233922624,0.09736056506019189,2.6968790583320703
2024-11-25 00:00:00-06:00,1.299198727799999,1.299198727799999,26.02287384222437,26.02287384222437,-24.72367511442437,-24.72367511442437,24.72367511442437,0.0,3.214077764875168,0.0,3.214077764875168
2024-11-26 00:00:00-06:00,9.1685852478,9.1685852478,24.54745951440147,24.54745951440147,-15.378874266601471,-15.378874266601471,17.60369425429251,2.2248199876910393,2.2884802530580264,0.14461329919991756,2.143866953858109
2024-11-27 00:00:00-06:00,0.6126997949999995,0.6126997949999995,22.89395794221074,22.89395794221074,-22.281258147210742,-22.281258147210742,22.281258147210742,0.0,2.896563559137397,0.0,2.896563559137397
2024-11-28 00:00:00-06:00,5.436747089099999,5.436747089099999,21.348018262281762,21.348018262281762,-15.911271173181763,-15.911271173181763,16.535190443680914,0.623919270499149,2.149574757678519,0.04055475258244468,2.1090200050960743
2024-11-29 00:00:00-06:00,9.306316408499999,9.306316408499999,23.455350280026895,23.455350280026895,-14.149033871526896,-14.149033871526896,16.69440615020208,2.545372278675184,2.1702727995262707,0.16544919811388695,2.004823601412384
2024-11-30 00:00:00-06:00,7.688492962199999,7.688492962199999,28.553315956834386,28.553315956834386,-20.864822994634387,-20.864822994634387,21.878180853542894,1.0133578589085057,2.844163510960576,0.06586826082905288,2.778295250131523
2024-12-01 00:00:00-06:00,8.3593222938,8.3593222938,26.556550449735308,26.556550449735308,-18.19722815593531,-18.19722815593531,19.82375167591425,1.6265235199789385,2.5770877178688525,0.105724028798631,2.4713636890702215
2024-12-02 00:00:00-06:00,7.3984212108,7.3984212108,27.056252120260343,27.056252120260343,-19.657830909460344,-19.657830909460344,20.80180001492878,1.1439691054684364,2.7042340019407414,0.07435799185544838,2.629876010085293
2024-12-03 00:00:00-06:00,9.2429795979,9.2429795979,23.526574188752203,23.526574188752203,-14.283594590852204,-14.283594590852204,16.693579739042875,2.4099851481906733,2.1701653660755738,0.15664903463239377,2.01351633144318
2024-12-04 00:00:00-06:00,2.9239257798,2.9239257798,25.827344620449256,25.827344620449256,-22.90341884064926,-22.90341884064926,22.993966701907315,0.09054786125805486,2.989215671247951,0.005885610981773566,2.9833300602661774
2024-12-05 00:00:00-06:00,9.327720634199999,9.327720634199999,24.885378559417852,24.885378559417852,-15.557657925217853,-15.557657925217853,17.841684295651866,2.2840263704340127,2.319418958434743,0.14846171407821082,2.170957244356532
2024-12-06 00:00:00-06:00,9.218121707699998,9.218121707699998,23.52027799942212,23.52027799942212,-14.30215629172212,-14.30215629172212,16.698881356529178,2.3967250648070584,2.170854576348793,0.1557871292124588,2.0150674471363343
2024-12-07 00:00:00-06:00,8.616266227799999,8.616266227799999,30.18242135188169,30.18242135188169,-21.56615512408169,-21.56615512408169,22.97552429076287,1.4093691666811787,2.9868181577991733,0.09160899583427662,2.8952091619648965
2024-12-08 00:00:00-06:00,0.8180084645999994,0.8180084645999994,24.95856902337098,24.95856902337098,-24.140560558770982,-24.140560558770982,24.140560558770982,0.0,3.138272872640228,0.0,3.138272872640228
2024-12-09 00:00:00-06:00,2.0927242538999993,2.0927242538999993,23.8947360627037,23.8947360627037,-21.8020118088037,-21.8020118088037,21.9326713203542,0.13065951155049588,2.851247271646046,0.008492868250782232,2.8427544033952636
2024-12-10 00:00:00-06:00,4.7972092778999995,4.7972092778999995,23.878413200591183,23.878413200591183,-19.081203922691184,-19.081203922691184,19.817267511069744,0.7360635883785616,2.576244776439067,0.047844133244606506,2.5284006431944603
2024-12-11 00:00:00-06:00,7.268285220299999,7.268285220299999,23.5102438555741,23.5102438555741,-16.2419586352741,-16.2419586352741,18.26936063963506,2.027402004360961,2.3750168831525578,0.13178113028346247,2.2432357528690954
2024-12-12 00:00:00-06:00,8.7763654278,8.7763654278,25.18493689450773,25.18493689450773,-16.408571466707727,-16.408571466707727,18.4015388080899,1.992967341382173,2.392200045051687,0.12954287718984125,2.262657167861846
2024-12-13 00:00:00-06:00,3.564754979399999,3.564754979399999,23.320880683833483,23.320880683833483,-19.756125704433483,-19.756125704433483,19.756125704433483,0.0,2.5682963415763527,0.0,2.5682963415763527
2024-12-14 00:00:00-06:00,0.7105888322999995,0.7105888322999995,23.82500211240493,23.82500211240493,-23.11441328010493,-23.11441328010493,23.11441328010493,0.0,3.004873726413641,0.0,3.004873726413641
2024-12-15 00:00:00-06:00,2.1328632395999993,2.1328632395999993,24.389334270826513,24.389334270826513,-22.256471031226514,-22.256471031226514,22.256471031226514,0.0,2.893341234059447,0.0,2.893341234059447
2024-12-16 00:00:00-06:00,0.49202874359999943,0.49202874359999943,21.647410628520642,21.647410628520642,-21.155381884920644,-21.155381884920644,21.155381884920644,0.0,2.7501996450396837,0.0,2.7501996450396837
2024-12-17 00:00:00-06:00,6.067916158499999,6.067916158499999,24.58730524883339,24.58730524883339,-18.51938909033339,-18.51938909033339,19.583661001877953,1.064271911544563,2.545875930244134,0.06917767425039659,2.476698255993737
2024-12-18 00:00:00-06:00,3.902347381499999,3.902347381499999,24.584708700034554,24.584708700034554,-20.682361318534554,-20.682361318534554,21.46802450075595,0.7856631822213944,2.7908431850982733,0.051068106844390636,2.739775078253883
2024-12-19 00:00:00-06:00,8.8533643059,8.8533643059,23.348814505436746,23.348814505436746,-14.495450199536744,-14.495450199536744,16.68873079808228,2.1932805985455346,2.1695350037506964,0.14256323890545974,2.0269717648452366
2024-12-20 00:00:00-06:00,5.345649291599999,5.345649291599999,24.801437261640014,24.801437261640014,-19.455787970040017,-19.455787970040017,20.814512298338204,1.3587243282981907,2.705886598783967,0.0883170813393824,2.6175695174445845
2024-12-21 00:00:00-06:00,9.0602665695,9.0602665695,28.278778693654345,28.278778693654345,-19.218512124154344,-19.218512124154344,20.89616713615018,1.677655011995835,2.7165017276995234,0.10904757577972929,2.6074541519197942
2024-12-22 00:00:00-06:00,8.8983701874,8.8983701874,27.309627168329442,27.309627168329442,-18.41125698092944,-18.41125698092944,20.17125197401183,1.759994993082391,2.622262756621538,0.11439967455035542,2.5078630820711827
2024-12-23 00:00:00-06:00,1.6811264528999996,1.6811264528999996,26.458058732349826,26.458058732349826,-24.776932279449827,-24.776932279449827,24.776932279449827,0.0,3.2210011963284777,0.0,3.2210011963284777
2024-12-24 00:00:00-06:00,2.1485364209999993,2.1485364209999993,24.528976553057145,24.528976553057145,-22.380440132057146,-22.380440132057146,22.53588332050309,0.15544318844594468,2.9296648316654017,0.010103807248986404,2.9195610244164154
2024-12-25 00:00:00-06:00,0.8542434743999996,0.8542434743999996,25.608405715365382,25.608405715365382,-24.754162240965385,-24.754162240965385,24.754162240965385,0.0,3.2180410913255004,0.0,3.2180410913255004
2024-12-26 00:00:00-06:00,5.714821398599999,5.714821398599999,23.38683943291685,23.38683943291685,-17.672018034316853,-17.672018034316853,18.342602602277267,0.6705845679604139,2.384538338296045,0.0435879969174269,2.340950341378618
2024-12-27 00:00:00-06:00,0.9262726028999996,0.9262726028999996,25.94732173107625,25.94732173107625,-25.02104912817625,-25.02104912817625,25.02104912817625,0.0,3.252736386662913,0.0,3.252736386662913
2024-12-28 00:00:00-06:00,0.9797765615999994,0.9797765615999994,25.341138881805858,25.341138881805858,-24.361362320205856,-24.361362320205856,24.361362320205856,0.0,3.1669771016267614,0.0,3.1669771016267614
2024-12-29 00:00:00-06:00,4.2850036341,4.2850036341,27.226417072470078,27.226417072470078,-22.941413438370077,-22.941413438370077,23.510100008112683,0.5686865697426087,3.056313001054649,0.03696462703326957,3.0193483740213796
2024-12-30 00:00:00-06:00,6.3388554912,6.3388554912,26.962405910373977,26.962405910373977,-20.623550419173977,-20.623550419173977,21.237076068851387,0.6135256496774094,2.7608198889506803,0.03987916722903161,2.720940721721649
2024-12-31 00:00:00-06:00,2.153958490799999,2.153958490799999,25.765927302607768,25.765927302607768,-23.611968811807767,-23.611968811807767,23.611968811807767,0.0,3.0695559455350097,0.0,3.0695559455350097
2025-01-01 00:00:00-06:00,4.064468657399999,4.064468657399999,25.305799570068853,25.305799570068853,-21.241330912668854,-21.241330912668854,22.191572102164972,0.9502411894961181,2.8849043732814463,0.06176567731724768,2.823138695964199
2025-01-02 00:00:00-06:00,8.866536685199998,8.866536685199998,26.321292542911124,26.321292542911124,-17.454755857711127,-17.454755857711127,19.31844532579569,1.8636894680845646,2.5113978923534397,0.1211398154254967,2.390258076927943
2025-01-03 00:00:00-06:00,9.127340898299998,9.127340898299998,25.65860900799829,25.65860900799829,-16.531268109698292,-16.531268109698292,18.493539116920488,1.9622710072221958,2.4041600851996634,0.12754761546944274,2.2766124697302206
2025-01-04 00:00:00-06:00,3.6152398385999995,3.6152398385999995,29.203508168909607,29.203508168909607,-25.58826833030961,-25.58826833030961,26.45468483682312,0.8664165065135093,3.439109028787006,0.056317072923378106,3.382791955863628
2025-01-05 00:00:00-06:00,0.4435758692999993,0.4435758692999993,28.40735689894449,28.40735689894449,-27.963781029644487,-27.963781029644487,27.963781029644487,0.0,3.6352915338537835,0.0,3.6352915338537835
2025-01-06 00:00:00-06:00,2.4973796690999994,2.4973796690999994,24.679138479638343,24.679138479638343,-22.181758810538344,-22.181758810538344,22.181758810538344,0.0,2.883628645369985,0.0,2.883628645369985
2025-01-07 00:00:00-06:00,1.2888034064999991,1.2888034064999991,22.880059302308737,22.880059302308737,-21.59125589580874,-21.59125589580874,21.59125589580874,0.0,2.806863266455136,0.0,2.806863266455136
2025-01-08 00:00:00-06:00,9.1780266375,9.1780266375,25.449370146895134,25.449370146895134,-16.271343509395134,-16.271343509395134,18.118963372972146,1.8476198635770111,2.3554652384863792,0.12009529113250572,2.2353699473538735
2025-01-09 00:00:00-06:00,5.4360357876,5.4360357876,25.390032782799274,25.390032782799274,-19.953996995199276,-19.953996995199276,20.57530209631287,0.6213051011135953,2.6747892725206732,0.04038483157238369,2.6344044409482894
2025-01-10 00:00:00-06:00,0.5293239920999991,0.5293239920999991,22.423556430775953,22.423556430775953,-21.894232438675953,-21.894232438675953,21.894232438675953,0.0,2.846250217027874,0.0,2.846250217027874
2025-01-11 00:00:00-06:00,3.5286896213999994,3.5286896213999994,27.64681521736513,27.64681521736513,-24.118125595965132,-24.118125595965132,24.118125595965132,0.0,3.1353563274754674,0.0,3.1353563274754674
2025-01-12 00:00:00-06:00,6.0727050054,6.0727050054,27.352485943217737,27.352485943217737,-21.279780937817737,-21.279780937817737,22.14064954068465,0.8608686028669115,2.8782844402890047,0.05595645918634925,2.8223279811026556
2025-01-13 00:00:00-06:00,9.476414110799999,9.476414110799999,21.8049498843468,21.8049498843468,-12.328535773546804,-12.328535773546804,15.055690376011059,2.727154602464257,1.9572397488814377,0.17726504916017669,1.779974699721261
2025-01-14 00:00:00-06:00,8.776879262099998,8.776879262099998,22.1858468004334,22.1858468004334,-13.4089675383334,-13.4089675383334,15.553418528497819,2.14445099016442,2.0219444087047167,0.13938931436068733,1.8825550943440295
2025-01-15 00:00:00-06:00,7.9472845115999995,7.9472845115999995,22.41961495751723,22.41961495751723,-14.47233044591723,-14.47233044591723,15.975488986222686,1.5031585403054557,2.0768135682089492,0.09770530511985462,1.9791082630890946
2025-01-16 00:00:00-06:00,8.8490519469,8.8490519469,23.8582408877226,23.8582408877226,-15.009188940822602,-15.009188940822602,16.903057081543786,1.8938681407211815,2.197397420600692,0.1231014291468768,2.0742959914538153
2025-01-17 00:00:00-06:00,6.816819154499999,6.816819154499999,22.83895909123708,22.83895909123708,-16.02213993673708,-16.02213993673708,16.557997787188143,0.5358578504510618,2.1525397123344585,0.03483076027931902,2.1177089520551395
2025-01-18 00:00:00-06:00,6.668502246899999,6.668502246899999,29.721309546440807,29.721309546440807,-23.05280729954081,-23.05280729954081,23.823453850707676,0.7706465511668663,3.0970490005919977,0.05009202582584631,3.0469569747661516
2025-01-19 00:00:00-06:00,9.8531105508,9.8531105508,27.529958557277986,27.529958557277986,-17.67684800647799,-17.67684800647799,19.659849752868844,1.9830017463908551,2.5557804678729497,0.12889511351540558,2.426885354357544
2025-01-20 00:00:00-06:00,10.0325202318,10.0325202318,21.94006910596846,21.94006910596846,-11.907548874168459,-11.907548874168459,14.90680856124102,2.999259687072562,1.9378851129613326,0.19495187965971653,1.742933233301616
2025-01-21 00:00:00-06:00,10.177999469099998,10.177999469099998,23.205393558064046,23.205393558064046,-13.027394088964046,-13.027394088964046,15.825378709004871,2.797984620040825,2.0572992321706334,0.18186900030265363,1.8754302318679796
2025-01-22 00:00:00-06:00,9.724206667499999,9.724206667499999,23.966069990741282,23.966069990741282,-14.241863323241283,-14.241863323241283,16.719274786618634,2.47741146337735,2.1735057222604226,0.16103174511952775,2.012473977140895
2025-01-23 00:00:00-06:00,8.704018052999999,8.704018052999999,26.196093536204447,26.196093536204447,-17.49207548320445,-17.49207548320445,19.02740136239412,1.5353258791896702,2.4735621771112357,0.09979618214732856,2.373765994963907
2025-01-24 00:00:00-06:00,9.868504536,9.868504536,23.34819312889578,23.34819312889578,-13.47968859289578,-13.47968859289578,15.989274551088041,2.509585958192261,2.0786056916414455,0.16312308728249697,1.9154826043589486
2025-01-25 00:00:00-06:00,7.942630842899999,7.942630842899999,26.122034185801816,26.122034185801816,-18.179403342901814,-18.179403342901814,18.999838785628448,0.8204354427266329,2.4699790421316985,0.05332830377723114,2.4166507383544675
2025-01-26 00:00:00-06:00,2.6427580721999995,2.6427580721999995,26.756897450621683,26.756897450621683,-24.114139378421683,-24.114139378421683,24.114139378421683,0.0,3.1348381191948187,0.0,3.1348381191948187
2025-01-27 00:00:00-06:00,9.680477721299999,9.680477721299999,24.513176181555835,24.513176181555835,-14.832698460255838,-14.832698460255838,17.167887021483036,2.3351885612271976,2.231825312792795,0.15178725647976785,2.080038056313027
2025-01-28 00:00:00-06:00,9.304481771999999,9.304481771999999,22.177050200015707,22.177050200015707,-12.87256842801571,-12.87256842801571,15.322156130990034,2.449587702974326,1.9918802970287046,0.1592232006933312,1.8326570963353734
2025-01-29 00:00:00-06:00,8.6612988096,8.6612988096,22.777988029577088,22.777988029577088,-14.11668921997709,-14.11668921997709,16.023369383378917,1.9066801634018262,2.0830380198392593,0.12393421062111872,1.9591038092181405
2025-01-30 00:00:00-06:00,0.3259036835999994,0.3259036835999994,23.997457168281933,23.997457168281933,-23.671553484681933,-23.671553484681933,23.671553484681933,0.0,3.0773019530086514,0.0,3.0773019530086514
2025-01-31 00:00:00-06:00,5.118562810799999,5.118562810799999,25.00282051736207,25.00282051736207,-19.88425770656207,-19.88425770656207,20.952672701596516,1.0684149950344426,2.723847451207547,0.06944697467723877,2.6544004765303084
2025-02-01 00:00:00-06:00,1.7008480628999991,1.7008480628999991,24.811389487448345,24.811389487448345,-23.110541424548344,-23.110541424548344,23.110541424548344,0.0,3.004370385191285,0.0,3.004370385191285
2025-02-02 00:00:00-06:00,8.9475702678,8.9475702678,25.797423667845273,25.797423667845273,-16.849853400045276,-16.849853400045276,18.38479077056993,1.5349373705246532,2.3900228001740906,0.09977092908410246,2.290251871089988
2025-02-03 00:00:00-06:00,7.940556124424999,7.940556124424999,21.82647485365826,21.82647485365826,-13.885918729233264,-13.885918729233264,15.640683331811609,1.754764602578344,2.0332888331355092,0.11405969916759237,1.9192291339679168
2025-02-04 00:00:00-06:00,1.6647370910999995,1.6647370910999995,22.17608303946318,22.17608303946318,-20.51134594836318,-20.51134594836318,20.51134594836318,0.0,2.6664749732872135,0.0,2.6664749732872135
2025-02-05 00:00:00-06:00,0.8284884788249993,0.8284884788249993,25.065114611945543,25.065114611945543,-24.236626133120545,-24.236626133120545,24.236626133120545,0.0,3.150761397305671,0.0,3.150761397305671
2025-02-06 00:00:00-06:00,0.7845909878249994,0.7845909878249994,25.67171329781164,25.67171329781164,-24.88712230998664,-24.88712230998664,24.88712230998664,0.0,3.2353259002982635,0.0,3.2353259002982635
2025-02-07 00:00:00-06:00,1.5315169034249994,1.5315169034249994,26.236298499947477,26.236298499947477,-24.704781596522476,-24.704781596522476,24.704781596522476,0.0,3.2116216075479223,0.0,3.2116216075479223
2025-02-08 00:00:00-06:00,1.0492685297999995,1.0492685297999995,24.538937477463364,24.538937477463364,-23.489668947663365,-23.489668947663365,23.489668947663365,0.0,3.0536569631962376,0.0,3.0536569631962376
2025-02-09 00:00:00-06:00,1.1505828728249994,1.1505828728249994,24.486800526426062,24.486800526426062,-23.33621765360106,-23.33621765360106,23.33621765360106,0.0,3.033708294968138,0.0,3.033708294968138
2025-02-10 00:00:00-06:00,6.8728567175999995,6.8728567175999995,26.357424719156693,26.357424719156693,-19.484568001556692,-19.484568001556692,20.253243492173056,0.7686754906163629,2.632921653982497,0.04996390689006359,2.5829577470924336
2025-02-11 00:00:00-06:00,0.4547479184999996,0.4547479184999996,23.285388962613403,23.285388962613403,-22.830641044113403,-22.830641044113403,22.830641044113403,0.0,2.9679833357347425,0.0,2.9679833357347425
2025-02-12 00:00:00-06:00,0.8138114279999996,0.8138114279999996,24.21429576586775,24.21429576586775,-23.40048433786775,-23.40048433786775,23.40048433786775,0.0,3.0420629639228074,0.0,3.0420629639228074
2025-02-13 00:00:00-06:00,5.556510893925,5.556510893925,25.087696338424998,25.087696338424998,-19.5311854445,-19.5311854445,20.37054010237535,0.8393546578753532,2.648170213308796,0.054558052761897964,2.593612160546898
2025-02-14 00:00:00-06:00,3.3353560397249993,3.3353560397249993,24.98928154498804,24.98928154498804,-21.65392550526304,-21.65392550526304,21.718317933905364,0.06439242864232708,2.8233813314076976,0.00418550786175126,2.8191958235459462
2025-02-15 00:00:00-06:00,0.5408406740249991,0.5408406740249991,27.900525203033666,27.900525203033666,-27.359684529008668,-27.359684529008668,27.359684529008668,0.0,3.556758988771127,0.0,3.556758988771127
2025-02-16 00:00:00-06:00,6.1254309024,6.1254309024,26.000097736992767,26.000097736992767,-19.874666834592766,-19.874666834592766,19.983929077918674,0.10926224332590828,2.597910780129428,0.007102045816184038,2.590808734313244
2025-02-17 00:00:00-06:00,10.2997379466,10.2997379466,23.734313589930235,23.734313589930235,-13.434575643330236,-13.434575643330236,16.175668448105075,2.7410928047748393,2.10283689825366,0.17817103231036455,1.9246658659432954
2025-02-18 00:00:00-06:00,2.4111314144999993,2.4111314144999993,26.43742677541567,26.43742677541567,-24.026295360915668,-24.026295360915668,24.026295360915668,0.0,3.1234183969190368,0.0,3.1234183969190368
2025-02-19 00:00:00-06:00,4.4008944894,4.4008944894,24.475189719405257,24.475189719405257,-20.07429523000526,-20.07429523000526,20.186696798195456,0.11240156819019953,2.6242705837654094,0.0073061019323629696,2.6169644818330466
2025-02-20 00:00:00-06:00,6.358550052599999,6.358550052599999,22.82191371566039,22.82191371566039,-16.463363663060388,-16.463363663060388,17.22111469752813,0.7577510344677402,2.238744910678657,0.04925381724040311,2.189491093438254
2025-02-21 00:00:00-06:00,7.761448768499999,7.761448768499999,23.346475033416187,23.346475033416187,-15.58502626491619,-15.58502626491619,17.150570943469514,1.5655446785533251,2.229574222651037,0.10176040410596614,2.127813818545071
2025-02-22 00:00:00-06:00,10.451152131525,10.451152131525,24.317655437491627,24.317655437491627,-13.866503305966628,-13.866503305966628,16.70339887287088,2.8368955669042526,2.1714418534732145,0.18439821184877642,1.9870436416244381
2025-02-23 00:00:00-06:00,10.320063184799999,10.320063184799999,24.74367340077171,24.74367340077171,-14.42361021597171,-14.42361021597171,17.035125493960592,2.611515277988882,2.2145663142148773,0.16974849306927733,2.0448178211456
2025-02-24 00:00:00-06:00,9.6133839768,9.6133839768,21.945629523580536,21.945629523580536,-12.332245546780536,-12.332245546780536,15.174753440721966,2.842507893941431,1.9727179472938556,0.18476301310619303,1.7879549341876626
2025-02-25 00:00:00-06:00,9.674331694425,9.674331694425,23.33565820254882,23.33565820254882,-13.661326508123821,-13.661326508123821,16.0962817614708,2.4349552533469776,2.092516628991204,0.15827209146755356,1.9342445375236503
2025-02-26 00:00:00-06:00,8.156590847099999,8.156590847099999,26.283857419739334,26.283857419739334,-18.127266572639332,-18.127266572639332,19.288006404266426,1.1607398316270938,2.5074408325546353,0.0754480890557611,2.431992743498874
2025-02-27 00:00:00-06:00,9.9599535873,9.9599535873,24.973037020254225,24.973037020254225,-15.013083432954227,-15.013083432954227,17.52753219998516,2.5144487670309346,2.278579185998071,0.16343916985701076,2.1151400161410603
2025-02-28 00:00:00-06:00,9.790360665524998,9.790360665524998,25.29445587638401,25.29445587638401,-15.50409521085901,-15.50409521085901,17.92657364698572,2.422478436126709,2.3304545741081437,0.15746109834823607,2.172993475759908
2025-03-01 00:00:00-06:00,8.422432568324998,8.422432568324998,29.556189286468,29.556189286468,-21.133756718143005,-21.133756718143005,22.946503695646545,1.8127469775035403,2.983045480434051,0.11782855353773013,2.865216926896321
2025-03-02 00:00:00-06:00,10.346229958724999,10.346229958724999,27.58344467707041,27.58344467707041,-17.237214718345413,-17.237214718345413,19.3698725428303,2.1326578244848875,2.5180834305679394,0.13862275859151768,2.3794606719764215
2025-03-03 00:00:00-06:00,7.942859799524999,7.942859799524999,22.976710275294728,22.976710275294728,-15.033850475769729,-15.033850475769729,16.57573768101229,1.5418872052425607,2.1548458985315975,0.10022266834076646,2.054623230190831
2025-03-04 00:00:00-06:00,1.2685443695999992,1.2685443695999992,25.56092129294086,25.56092129294086,-24.292376923340864,-24.292376923340864,24.292376923340864,0.0,3.1580090000343124,0.0,3.1580090000343124
2025-03-05 00:00:00-06:00,1.584937945124999,1.584937945124999,21.838996596482875,21.838996596482875,-20.254058651357877,-20.254058651357877,20.254058651357877,0.0,2.633027624676524,0.0,2.633027624676524
2025-03-06 00:00:00-06:00,10.441406851424999,10.441406851424999,25.92137464529086,25.92137464529086,-15.47996779386586,-15.47996779386586,18.02584555996644,2.5458777661005807,2.3433599227956377,0.16548205479653774,2.1778778679990998
2025-03-07 00:00:00-06:00,3.9984565133249994,3.9984565133249994,26.360414121393408,26.360414121393408,-22.36195760806841,-22.36195760806841,22.42510899106417,0.06315138299575968,2.9152641688383425,0.004104839894724379,2.911159328943618
2025-03-08 00:00:00-06:00,6.695320488299999,6.695320488299999,26.135623130129666,26.135623130129666,-19.440302641829664,-19.440302641829664,20.024328353828196,0.5840257119985306,2.6031626859976655,0.03796167127990449,2.565201014717761
2025-03-09 00:00:00-06:00,10.075729702725,10.075729702725,27.145868421436028,27.145868421436028,-17.070138718711025,-17.070138718711025,19.949619229395104,2.879480510684078,2.5934504998213637,0.1871662331944651,2.4062842666268986
2025-03-10 00:00:00-05:00,10.241509307174999,10.241509307174999,26.179743183526124,26.179743183526124,-15.938233876351125,-15.938233876351125,18.86206356879239,2.9238296924412666,2.4520682639430107,0.19004893000868234,2.262019333934328
2025-03-11 00:00:00-05:00,10.129112603549999,10.129112603549999,26.136180934532725,26.136180934532725,-16.007068330982726,-16.007068330982726,18.86535543500134,2.858287104018613,2.4524962065501743,0.18578866176120987,2.2667075447889644
2025-03-12 00:00:00-05:00,9.740844849824999,9.740844849824999,25.432735369854495,25.432735369854495,-15.691890520029496,-15.691890520029496,18.377326852441655,2.685436332412159,2.389052490817415,0.17455336160679033,2.214499129210625
2025-03-13 00:00:00-05:00,9.692190610874999,9.692190610874999,22.286453983545993,22.286453983545993,-12.594263372670992,-12.594263372670992,15.666028693645389,3.0717653209743974,2.0365837301739007,0.19966474586333582,1.8369189843105649
2025-03-14 00:00:00-05:00,7.7553390087,7.7553390087,24.867359925644806,24.867359925644806,-17.112020916944807,-17.112020916944807,18.610681919751613,1.4986610028068068,2.41938864956771,0.09741296518244244,2.3219756843852677
2025-03-15 00:00:00-05:00,1.4485236506999992,1.4485236506999992,27.65145001985679,27.65145001985679,-26.20292636915679,-26.20292636915679,26.20292636915679,0.0,3.4063804279903827,0.0,3.4063804279903827
2025-03-16 00:00:00-05:00,8.966003614649999,8.966003614649999,26.416688599381384,26.416688599381384,-17.450684984731385,-17.450684984731385,20.340146608105602,2.889461623374215,2.6442190590537282,0.187815005519324,2.456404053534404
2025-03-17 00:00:00-05:00,10.656455806799999,10.656455806799999,22.994430352113852,22.994430352113852,-12.337974545313852,-12.337974545313852,15.6386395477343,3.3006650024204487,2.033023141205459,0.21454322515732918,1.8184799160481298
2025-03-18 00:00:00-05:00,9.889946895149999,9.889946895149999,23.834054991653545,23.834054991653545,-13.944108096503546,-13.944108096503546,16.752051779833746,2.8079436833302003,2.177766731378387,0.18251633941646303,1.9952503919619238
2025-03-19 00:00:00-05:00,7.158846373424999,7.158846373424999,25.656922065546873,25.656922065546873,-18.498075692121873,-18.498075692121873,19.805207253045932,1.3071315609240584,2.5746769428959713,0.08496355146006379,2.4897133914359073
2025-03-20 00:00:00-05:00,8.9959172103,8.9959172103,23.52957174713203,23.52957174713203,-14.533654536832033,-14.533654536832033,17.671056328703493,3.1374017918714587,2.297237322731454,0.20393111647164483,2.0933062062598093
2025-03-21 00:00:00-05:00,8.503919030025,8.503919030025,22.667952546323715,22.667952546323715,-14.164033516298716,-14.164033516298716,15.663941929714612,1.4999084134158966,2.0363124508628996,0.09749404687203328,1.9388184039908662
2025-03-22 00:00:00-05:00,10.4873955795,10.4873955795,25.96316059580545,25.96316059580545,-15.475765016305452,-15.475765016305452,18.43204901736715,2.956284001061698,2.3961663722577295,0.19215846006901038,2.204007912188719
2025-03-23 00:00:00-05:00,2.7096250274999996,2.7096250274999996,27.51211597310791,27.51211597310791,-24.80249094560791,-24.80249094560791,24.80249094560791,0.0,3.2243238229290285,0.0,3.2243238229290285
2025-03-24 00:00:00-05:00,10.5428766402,10.5428766402,25.467350475175824,25.467350475175824,-14.924473834975824,-14.924473834975824,17.8033841463163,2.878910311340477,2.314439939021119,0.187129170237131,2.127310768783988
2025-03-25 00:00:00-05:00,9.784123555499999,9.784123555499999,26.426541170054524,26.426541170054524,-16.642417614554525,-16.642417614554525,18.787609712280226,2.1451920977257,2.4423892625964294,0.13943748635217051,2.302951776244259
2025-03-26 00:00:00-05:00,10.5390113337,10.5390113337,22.463111668237875,22.463111668237875,-11.924100334537876,-11.924100334537876,15.295774628484128,3.3716742939462514,1.9884507017029367,0.21915882910650636,1.7692918725964304
2025-03-27 00:00:00-05:00,10.2171073572,10.2171073572,27.35065771202388,27.35065771202388,-17.133550354823882,-17.133550354823882,19.81197505075863,2.6784246959347473,2.575556756598622,0.17409760523575857,2.4014591513628636
2025-03-28 00:00:00-05:00,7.209112560299999,7.209112560299999,25.837511070865617,25.837511070865617,-18.628398510565617,-18.628398510565617,19.898427994449126,1.2700294838835084,2.5867956392783866,0.08255191645242806,2.5042437228259584
2025-03-29 00:00:00-05:00,2.3398219547999997,2.3398219547999997,25.49932178739035,25.49932178739035,-23.15949983259035,-23.15949983259035,23.15949983259035,0.0,3.0107349782367456,0.0,3.0107349782367456
2025-03-30 00:00:00-05:00,5.748440950799999,5.748440950799999,28.31085667330535,28.31085667330535,-22.562415722505346,-22.562415722505346,24.00355399093457,1.4411382684292224,3.1204620188214944,0.09367398744789947,3.026788031373595
2025-03-31 00:00:00-05:00,8.236335152699999,8.236335152699999,22.20609482604596,22.20609482604596,-13.96975967334596,-13.96975967334596,17.02908812901196,3.059328455665999,2.213781456771555,0.19885634961828993,2.014925107153265
2025-04-01 00:00:00-05:00,10.672826892299998,10.672826892299998,22.839289347991652,22.839289347991652,-12.166462455691653,-12.166462455691653,15.451326679996413,3.28486422430476,2.0086724683995336,0.2135161745798094,1.7951562938197243
2025-04-02 00:00:00-05:00,3.998253225599999,3.998253225599999,22.77891401085967,22.77891401085967,-18.78066078525967,-18.78066078525967,19.45492895926881,0.6742681740091372,2.529140764704945,0.04382743131059392,2.4853133333943513
2025-04-03 00:00:00-05:00,1.3706219816999992,1.3706219816999992,24.31041657284186,24.31041657284186,-22.939794591141858,-22.939794591141858,22.939794591141858,0.0,2.982173296848442,0.0,2.982173296848442
2025-04-04 00:00:00-05:00,6.480057909599999,6.480057909599999,24.409158073052378,24.409158073052378,-17.92910016345238,-17.92910016345238,18.811875841010796,0.8827756775584189,2.4455438593314036,0.05738041904129723,2.388163440290106
2025-04-05 00:00:00-05:00,0.480491297999999,0.480491297999999,28.069417139935055,28.069417139935055,-27.58892584193506,-27.58892584193506,27.58892584193506,0.0,3.586560359451558,0.0,3.586560359451558
2025-04-06 00:00:00-05:00,2.087961081299999,2.087961081299999,28.583800209103057,28.583800209103057,-26.49583912780306,-26.49583912780306,26.49583912780306,0.0,3.4444590866143976,0.0,3.4444590866143976
2025-04-07 00:00:00-05:00,11.044184336099999,11.044184336099999,22.4304765192418,22.4304765192418,-11.386292183141803,-11.386292183141803,15.140554743208371,3.7542625600665684,1.9682721166170882,0.24402706640432695,1.7242450502127613
2025-04-08 00:00:00-05:00,11.404634417099999,11.404634417099999,25.891848683996024,25.891848683996024,-14.487214266896027,-14.487214266896027,17.835428581215275,3.34821431431925,2.318605715557986,0.21763393043075127,2.1009717851272347
2025-04-09 00:00:00-05:00,10.665563071499998,10.665563071499998,24.98478945848782,24.98478945848782,-14.319226386987824,-14.319226386987824,17.45879729868034,3.1395709116925192,2.2696436488284446,0.20407210926001376,2.0655715395684306
2025-04-10 00:00:00-05:00,10.07056056555,10.07056056555,22.79819303588167,22.79819303588167,-12.727632470331672,-12.727632470331672,15.701275487253595,2.973643016921923,2.0411658133429675,0.193286796099925,1.8478790172430426
2025-04-11 00:00:00-05:00,7.3696455598499995,7.3696455598499995,23.470252202972436,23.470252202972436,-16.100606643122436,-16.100606643122436,17.693384809458042,1.5927781663356053,2.3001400252295454,0.10353058081181435,2.196609444417731
2025-04-12 00:00:00-05:00,10.893092144399999,10.893092144399999,24.123122468042723,24.123122468042723,-13.230030323642723,-13.230030323642723,16.503459648155502,3.273429324512778,2.1454497542602153,0.21277290609333058,1.9326768481668848
2025-04-13 00:00:00-05:00,8.984755520999999,8.984755520999999,28.836435470830317,28.836435470830317,-19.851679949830316,-19.851679949830316,21.239447497808765,1.3877675479784477,2.7611281747151395,0.0902048906185991,2.6709232840965402
2025-04-14 00:00:00-05:00,8.298417536549998,8.298417536549998,23.64148823954442,23.64148823954442,-15.343070702994419,-15.343070702994419,17.30346886057149,1.9603981575770708,2.2494509518742936,0.12742588024250961,2.122025071631784
2025-04-15 00:00:00-05:00,10.61160911325,10.61160911325,25.429596505143593,25.429596505143593,-14.817987391893595,-14.817987391893595,17.840155359975107,3.0221679680815123,2.319220196796764,0.1964409179252983,2.1227792788714654
2025-04-16 00:00:00-05:00,9.567276722099999,9.567276722099999,25.135416917149982,25.135416917149982,-15.568140195049983,-15.568140195049983,17.707997844774216,2.1398576497242336,2.302039719820648,0.13909074723207518,2.162948972588573
2025-04-17 00:00:00-05:00,8.314740908999998,8.314740908999998,22.892999216722487,22.892999216722487,-14.578258307722487,-14.578258307722487,16.846264854139157,2.2680065464166703,2.1900144310380907,0.14742042551708356,2.042594005521007
2025-04-18 00:00:00-05:00,6.547516264799999,6.547516264799999,21.91463162578927,21.91463162578927,-15.367115360989269,-15.367115360989269,17.160657029342186,1.7935416683529157,2.2308854138144842,0.11658020844293952,2.1143052053715445
2025-04-19 00:00:00-05:00,4.299848784899999,4.299848784899999,25.806841750890477,25.806841750890477,-21.50699296599048,-21.50699296599048,21.68275734383086,0.1757643778403808,2.818758454698012,0.011424684559624752,2.807333770138387
2025-04-20 00:00:00-05:00,7.3923182360999995,7.3923182360999995,24.48754192774777,24.48754192774777,-17.09522369164777,-17.09522369164777,18.891314157639506,1.7960904659917352,2.455870840493136,0.11674588028946278,2.339124960203673
2025-04-21 00:00:00-05:00,8.282899208249999,8.282899208249999,24.896265882640463,24.896265882640463,-16.613366674390463,-16.613366674390463,18.668661201652924,2.0552945272624594,2.4269259562148804,0.13359414427205987,2.2933318119428203
2025-04-22 00:00:00-05:00,9.624576046499998,9.624576046499998,25.632160092973717,25.632160092973717,-16.007584046473717,-16.007584046473717,18.578406614768728,2.5708225682950117,2.4151928599199346,0.16710346693917577,2.248089392980759
2025-04-23 00:00:00-05:00,7.298728472249999,7.298728472249999,22.084678917010045,22.084678917010045,-14.785950444760047,-14.785950444760047,16.15332595273023,1.3673755079701846,2.09993237385493,0.088879408018062,2.011052965836868
2025-04-24 00:00:00-05:00,4.705958332349999,4.705958332349999,24.133063324452706,24.133063324452706,-19.42710499210271,-19.42710499210271,19.98101072500015,0.553905732897441,2.5975313942500198,0.03600387263833367,2.561527521611686
2025-04-25 00:00:00-05:00,6.580448796599999,6.580448796599999,22.05035301837868,22.05035301837868,-15.469904221778679,-15.469904221778679,16.617371064811245,1.1474668430325647,2.160258238425462,0.07458534479711672,2.0856728936283453
2025-04-26 00:00:00-05:00,6.477321224699999,6.477321224699999,27.096463280376494,27.096463280376494,-20.619142055676495,-20.619142055676495,22.10331973004501,1.484177674368513,2.873431564905851,0.09647154883395334,2.776960016071898
2025-04-27 00:00:00-05:00,2.367939158099999,2.367939158099999,27.64432960371483,27.64432960371483,-25.276390445614833,-25.276390445614833,25.36533884847715,0.08894840286231942,3.2974940503020296,0.005781646186050762,3.291712404115979
2025-04-28 00:00:00-05:00,9.0680002335,9.0680002335,25.31830754714829,25.31830754714829,-16.250307313648293,-16.250307313648293,18.719308499910277,2.4690011862619863,2.433510104988336,0.1604850771070291,2.2730250278813067
2025-04-29 00:00:00-05:00,6.780116800349999,6.780116800349999,22.92457229997467,22.92457229997467,-16.144455499624673,-16.144455499624673,17.38974850882925,1.245293009204579,2.2606673061478024,0.08094404559829764,2.1797232605495047
2025-04-30 00:00:00-05:00,7.613870640299999,7.613870640299999,22.304432923668916,22.304432923668916,-14.690562283368916,-14.690562283368916,16.551324838987224,1.8607625556183094,2.151672229068339,0.12094956611519012,2.0307226629531487
2025-05-01 00:00:00-05:00,6.6732224463,6.6732224463,22.992595005791586,22.992595005791586,-16.319372559491583,-16.319372559491583,18.02929684931532,1.7099242898237335,2.3438085904109918,0.11114507883854267,2.232663511572449
2025-05-02 00:00:00-05:00,4.850144619299999,4.850144619299999,24.190979553937563,24.190979553937563,-19.340834934637563,-19.340834934637563,21.00060825018068,1.6597733155431178,2.7300790725234885,0.10788526551030266,2.622193807013186
2025-05-03 00:00:00-05:00,7.893099687149999,7.893099687149999,27.005409887446007,27.005409887446007,-19.112310200296008,-19.112310200296008,20.911833035948973,1.7995228356529662,2.7185382946733667,0.1169689843174428,2.601569310355924
2025-05-04 00:00:00-05:00,4.744588405499999,4.744588405499999,25.517431763033358,25.517431763033358,-20.772843357533358,-20.772843357533358,20.772843357533358,0.0,2.7004696364793364,0.0,2.7004696364793364
2025-05-05 00:00:00-05:00,7.1793003104999995,7.1793003104999995,26.317221877451246,26.317221877451246,-19.137921566951245,-19.137921566951245,20.190681760979334,1.0527601940280875,2.6247886289273135,0.0684294126118257,2.556359216315488
2025-05-06 00:00:00-05:00,7.840304298899999,7.840304298899999,26.03743156732153,26.03743156732153,-18.197127268421532,-18.197127268421532,19.409511192266788,1.212383923845256,2.5232364549946826,0.07880495504994164,2.444431499944741
2025-05-07 00:00:00-05:00,2.462927883749999,2.462927883749999,25.95607170615222,25.95607170615222,-23.49314382240222,-23.49314382240222,23.49314382240222,0.0,3.054108696912289,0.0,3.054108696912289
2025-05-08 00:00:00-05:00,7.875625773149999,7.875625773149999,23.45841594599149,23.45841594599149,-15.582790172841491,-15.582790172841491,17.55109804631806,1.9683078734765682,2.281642746021348,0.12794001177597694,2.153702734245371
2025-05-09 00:00:00-05:00,6.955700982299999,6.955700982299999,22.094022924130577,22.094022924130577,-15.138321941830577,-15.138321941830577,17.491959075412524,2.353637133581946,2.2739546798036283,0.15298641368282648,2.120968266120802
2025-05-10 00:00:00-05:00,6.299468890199999,6.299468890199999,27.4108954754864,27.4108954754864,-21.111426585286402,-21.111426585286402,21.761977519277178,0.6505509339907785,2.8290570775060333,0.0422858107094006,2.7867712667966327
2025-05-11 00:00:00-05:00,7.052065456499999,7.052065456499999,27.761305861379267,27.761305861379267,-20.709240404879267,-20.709240404879267,21.96025619070149,1.2510157858222202,2.854833304791194,0.08131602607844432,2.7735172787127493
2025-05-12 00:00:00-05:00,4.8269548458,4.8269548458,22.897946485489754,22.897946485489754,-18.070991639689755,-18.070991639689755,18.58807073365317,0.5170790939634131,2.416449195374912,0.03361014110762185,2.38283905426729
2025-05-13 00:00:00-05:00,6.666029609849999,6.666029609849999,24.034179046868104,24.034179046868104,-17.368149437018104,-17.368149437018104,19.167310298342993,1.799160861324887,2.4917503387845894,0.11694545598611766,2.374804882798472
2025-05-14 00:00:00-05:00,4.207561185149999,4.207561185149999,23.791699248344703,23.791699248344703,-19.584138063194704,-19.584138063194704,19.724073264703236,0.1399352015085329,2.564129524411421,0.009095788098054638,2.555033736313366
2025-05-15 00:00:00-05:00,4.3538174784,4.3538174784,24.74823518047701,24.74823518047701,-20.39441770207701,-20.39441770207701,20.602522163219824,0.2081044611428125,2.678327881218577,0.013526789974282813,2.664801091244294
2025-05-16 00:00:00-05:00,5.910362750699998,5.910362750699998,23.569064859589,23.569064859589,-17.658702108889003,-17.658702108889003,18.81598739870591,1.1572852898169073,2.4460783618317685,0.07522354383809897,2.3708548179936697
2025-05-17 00:00:00-05:00,9.426219436799999,9.426219436799999,29.14531097960689,29.14531097960689,-19.719091542806893,-19.719091542806893,21.813429930741915,2.0943383879350215,2.835745890996449,0.1361319952157764,2.6996138957806726
2025-05-18 00:00:00-05:00,6.655414339799998,6.655414339799998,25.833883999673088,25.833883999673088,-19.17846965987309,-19.17846965987309,20.70336778824278,1.5248981283696885,2.691437812471561,0.09911837834402976,2.5923194341275315
2025-05-19 00:00:00-05:00,5.7046934798999995,5.7046934798999995,22.758615387518375,22.758615387518375,-17.053921907618378,-17.053921907618378,17.827415959279808,0.7734940516614304,2.3175640747063753,0.050277113357992974,2.267286961348382
2025-05-20 00:00:00-05:00,5.953859588699999,5.953859588699999,25.542814939993804,25.542814939993804,-19.588955351293805,-19.588955351293805,20.45609859371373,0.8671432424199226,2.6592928171827848,0.05636431075729497,2.60292850642549
2025-05-21 00:00:00-05:00,9.558583197299999,9.558583197299999,26.49140908100429,26.49140908100429,-16.93282588370429,-16.93282588370429,19.52055765595803,2.587731772253742,2.5376724952745437,0.16820256519649324,2.3694699300780506
2025-05-22 00:00:00-05:00,9.317121560099999,9.317121560099999,24.564347672492172,24.564347672492172,-15.247226112392172,-15.247226112392172,17.874780477402922,2.627554365010751,2.32372146206238,0.17079103372569882,2.1529304283366812
2025-05-23 00:00:00-05:00,9.512176593599998,9.512176593599998,23.42525311872085,23.42525311872085,-13.913076525120852,-13.913076525120852,16.774301300535612,2.861224775414759,2.1806591690696298,0.18597961040195934,1.9946795586676704
2025-05-24 00:00:00-05:00,2.721141399599999,2.721141399599999,24.200158830550958,24.200158830550958,-21.479017430950957,-21.479017430950957,21.496724088117965,0.017706657167006534,2.7945741314553354,0.0011509327158554248,2.7934231987394798
2025-05-25 00:00:00-05:00,1.500645249899999,1.500645249899999,25.162270356295746,25.162270356295746,-23.661625106395746,-23.661625106395746,23.661625106395746,0.0,3.076011263831447,0.0,3.076011263831447
2025-05-26 00:00:00-05:00,2.127092534999999,2.127092534999999,25.220770986088983,25.220770986088983,-23.09367845108898,-23.09367845108898,23.09367845108898,0.0,3.0021781986415674,0.0,3.0021781986415674
2025-05-27 00:00:00-05:00,3.511586058299999,3.511586058299999,24.357002945087288,24.357002945087288,-20.845416886787287,-20.845416886787287,21.2478942049232,0.40247731813591,2.762226246640016,0.02616102567883415,2.7360652209611818
2025-05-28 00:00:00-05:00,6.236218241999999,6.236218241999999,22.85683337432518,22.85683337432518,-16.62061513232518,-16.62061513232518,17.88033724192636,1.2597221096011753,2.3244438414504267,0.08188193712407639,2.2425619043263505
2025-05-29 00:00:00-05:00,6.8557696569,6.8557696569,22.709369871689738,22.709369871689738,-15.853600214789738,-15.853600214789738,17.369308000498805,1.5157077857090688,2.258010040064845,0.09852100607108948,2.1594890339937556
2025-05-30 00:00:00-05:00,8.867015106299998,8.867015106299998,23.124561012800957,23.124561012800957,-14.257545906500956,-14.257545906500956,16.779141694221,2.521595787720043,2.18128842024873,0.1639037262018028,2.0173846940469273
2025-05-31 00:00:00-05:00,7.767329913899999,7.767329913899999,28.53811796801018,28.53811796801018,-20.77078805411018,-20.77078805411018,22.02027002018995,1.2494819660797725,2.8626351026246937,0.08121632779518521,2.7814187748295085
2025-06-01 00:00:00-05:00,8.354694242699999,8.354694242699999,28.251157604233363,28.251157604233363,-19.896463361533364,-19.896463361533364,21.56851800808375,1.672054646550384,2.8039073410508877,0.10868355202577497,2.6952237890251127
2025-06-02 00:00:00-05:00,8.5102384077,8.5102384077,24.696004492495387,24.696004492495387,-16.18576608479539,-16.18576608479539,18.19931477482085,2.013548690025459,2.3659109207267104,0.13088066485165484,2.2350302558750554
2025-06-03 00:00:00-05:00,8.0119078911,8.0119078911,24.35200381713924,24.35200381713924,-16.34009592603924,-16.34009592603924,18.360993455884355,2.020897529845112,2.386929149264966,0.13135833943993228,2.2555708098250338
2025-06-04 00:00:00-05:00,7.626405438899999,7.626405438899999,26.450963794723094,26.450963794723094,-18.824558355823097,-18.824558355823097,20.043772042121624,1.2192136862985252,2.605690365475811,0.07924888960940414,2.526441475866407
2025-06-05 00:00:00-05:00,6.440236308899999,6.440236308899999,25.97664385194688,25.97664385194688,-19.536407543046877,-19.536407543046877,20.710437193712306,1.1740296506654262,2.6923568351825997,0.0763119272932527,2.616044907889347
2025-06-06 00:00:00-05:00,6.459783614999999,6.459783614999999,24.930199186583483,24.930199186583483,-18.470415571583484,-18.470415571583484,19.58951012452304,1.119094552939558,2.5466363161879957,0.07274114594107127,2.4738951702469243
2025-06-07 00:00:00-05:00,4.919897267099999,4.919897267099999,25.64191439020299,25.64191439020299,-20.72201712310299,-20.72201712310299,22.4084593393555,1.686442216252507,2.913099714116215,0.10961874405641296,2.803480970059802
2025-06-08 00:00:00-05:00,9.2669036067,9.2669036067,24.329950925853804,24.329950925853804,-15.063047319153807,-15.063047319153807,17.587016022468784,2.5239687033149782,2.2863120829209422,0.1640579657154736,2.1222541172054687
2025-06-09 00:00:00-05:00,7.9264000142999995,7.9264000142999995,26.495259965684898,26.495259965684898,-18.568859951384898,-18.568859951384898,20.61461164701848,2.045751695633586,2.6798995141124027,0.1329738602161831,2.5469256538962197
2025-06-10 00:00:00-05:00,8.862484619699998,8.862484619699998,26.542267100305544,26.542267100305544,-17.679782480605546,-17.679782480605546,19.768606043841473,2.0888235632359273,2.5699187856993917,0.13577353161033529,2.4341452540890565
2025-06-11 00:00:00-05:00,8.889394769099999,8.889394769099999,25.33790379259051,25.33790379259051,-16.44850902349051,-16.44850902349051,18.722883475906972,2.274374452416461,2.4339748518679065,0.14783433940706997,2.2861405124608365
2025-06-12 00:00:00-05:00,6.063484373099999,6.063484373099999,23.80867256316725,23.80867256316725,-17.745188190067253,-17.745188190067253,19.049889390592117,1.3047012005248657,2.4764856207769754,0.08480557803411627,2.391680042742859
2025-06-13 00:00:00-05:00,6.388418078999999,6.388418078999999,24.615025121116783,24.615025121116783,-18.226607042116786,-18.226607042116786,19.320456667498362,1.093849625381575,2.5116593667747873,0.07110022564980238,2.440559141124985
2025-06-14 00:00:00-05:00,6.629211741599999,6.629211741599999,26.175074338635465,26.175074338635465,-19.545862597035462,-19.545862597035462,20.940794219639336,1.3949316226038726,2.722303248553114,0.09067055546925172,2.631632693083862
2025-06-15 00:00:00-05:00,8.348097105899999,8.348097105899999,25.46395493219447,25.46395493219447,-17.115857826294473,-17.115857826294473,19.1896365525886,2.073778726294127,2.494652751836518,0.13479561720911826,2.3598571346273998
2025-06-16 00:00:00-05:00,7.606778879699998,7.606778879699998,23.408686973776828,23.408686973776828,-15.801908094076829,-15.801908094076829,17.443401315344786,1.6414932212679556,2.2676421709948222,0.10669705938241712,2.160945111612405
2025-06-17 00:00:00-05:00,6.966657911699999,6.966657911699999,25.118654617517464,25.118654617517464,-18.151996705817464,-18.151996705817464,19.811693810030565,1.659697104213102,2.5755201953039735,0.10788031177385163,2.4676398835301216
2025-06-18 00:00:00-05:00,6.778712372399999,6.778712372399999,25.796151878554618,25.796151878554618,-19.01743950615462,-19.01743950615462,20.588499828858275,1.571060322703656,2.6765049777515757,0.10211892097573763,2.574386056775838
2025-06-19 00:00:00-05:00,8.569512290699999,8.569512290699999,25.880140157924345,25.880140157924345,-17.310627867224344,-17.310627867224344,19.47824992418648,2.167622056962134,2.532172490144242,0.1408954337025387,2.3912770564417034
2025-06-20 00:00:00-05:00,8.7613763103,8.7613763103,22.38913460052017,22.38913460052017,-13.627758290220171,-13.627758290220171,16.070269605548773,2.442511315328601,2.0891350487213405,0.15876323549635907,1.9303718132249814
2025-06-21 00:00:00-05:00,8.697436462799999,8.697436462799999,25.740816715735157,25.740816715735157,-17.043380252935158,-17.043380252935158,19.151919174279715,2.1085389213445587,2.489749492656363,0.13705502988739632,2.3526944627689668
2025-06-22 00:00:00-05:00,8.7824722581,8.7824722581,27.945683794310785,27.945683794310785,-19.163211536210785,-19.163211536210785,21.16422688247954,2.001015346268755,2.7513494947223402,0.13006599750746908,2.621283497214871
2025-06-23 00:00:00-05:00,8.751768962399998,8.751768962399998,22.725613418631436,22.725613418631436,-13.973844456231436,-13.973844456231436,16.485776056515483,2.511931600284047,2.143150887347013,0.16327555401846305,1.97987533332855
2025-06-24 00:00:00-05:00,7.022506517999999,7.022506517999999,23.468485592847067,23.468485592847067,-16.44597907484707,-16.44597907484707,17.835356845973195,1.3893777711261261,2.3185963899765154,0.0903095551231982,2.2282868348533174
2025-06-25 00:00:00-05:00,8.0352767772,8.0352767772,21.918714816583538,21.918714816583538,-13.88343803938354,-13.88343803938354,16.03483799207756,2.15139995269402,2.0845289389700827,0.13984099692511132,1.9446879420449714
2025-06-26 00:00:00-05:00,8.412555804299998,8.412555804299998,22.6705048615008,22.6705048615008,-14.2579490572008,-14.2579490572008,16.596786636518765,2.338837579317965,2.1575822627474395,0.15202444265566772,2.005557820091772
2025-06-27 00:00:00-05:00,6.837741416699998,6.837741416699998,25.34390259999514,25.34390259999514,-18.50616118329514,-18.50616118329514,19.669951178372422,1.1637899950772819,2.557093653188415,0.07564634968002333,2.4814473035083915
2025-06-28 00:00:00-05:00,6.6322288781999985,6.6322288781999985,27.41778457444676,27.41778457444676,-20.78555569624676,-20.78555569624676,21.883403468430934,1.0978477721841744,2.8448424508960217,0.07136010519197133,2.7734823457040503
2025-06-29 00:00:00-05:00,6.877976797799999,6.877976797799999,27.216536504176954,27.216536504176954,-20.338559706376955,-20.338559706376955,21.142439131488906,0.8038794251119525,2.748517087093558,0.052252162632276916,2.696264924461281
2025-06-30 00:00:00-05:00,7.492269149999999,7.492269149999999,25.542428328756845,25.542428328756845,-18.050159178756847,-18.050159178756847,19.790276655741817,1.7401174769849705,2.5727359652464363,0.11310763600402308,2.4596283292424133
2025-07-01 00:00:00-05:00,8.567779076999999,8.567779076999999,22.666817031030643,22.666817031030643,-14.099037954030642,-14.099037954030642,16.645285045520904,2.5462470914902595,2.1638870559177175,0.16550606094686687,1.9983809949708506
2025-07-02 00:00:00-05:00,8.369241343199999,8.369241343199999,23.853743467898667,23.853743467898667,-15.484502124698668,-15.484502124698668,17.540818254515923,2.0563161298172563,2.28030637308707,0.13366054843812167,2.1466458246489486
2025-07-03 00:00:00-05:00,8.298126494099998,8.298126494099998,26.295235203362967,26.295235203362967,-17.997108709262967,-17.997108709262967,19.910116890711024,1.9130081814480566,2.588315195792433,0.12434553179412368,2.4639696639983093
2025-07-04 00:00:00-05:00,8.537337613799998,8.537337613799998,24.28556110527249,24.28556110527249,-15.74822349147249,-15.74822349147249,17.947542820056572,2.199319328584081,2.3331805666073544,0.14295575635796526,2.190224810249389
2025-07-05 00:00:00-05:00,8.967265423199999,8.967265423199999,27.029751960362436,27.029751960362436,-18.06248653716244,-18.06248653716244,20.184477409765762,2.1219908726033245,2.623982063269549,0.1379294067192161,2.4860526565503327
2025-07-06 00:00:00-05:00,6.575903454599999,6.575903454599999,29.64559992268294,29.64559992268294,-23.06969646808294,-23.06969646808294,23.844478025638185,0.7747815575552448,3.0997821433329644,0.050360801241090915,3.0494213420918737
2025-07-07 00:00:00-05:00,5.503952699999999,5.503952699999999,22.920719822034076,22.920719822034076,-17.416767122034077,-17.416767122034077,17.918263108800055,0.501495986765975,2.329374204144007,0.032597239139788375,2.2967769650042187
2025-07-08 00:00:00-05:00,3.808015415999999,3.808015415999999,26.2337157875302,26.2337157875302,-22.425700371530205,-22.425700371530205,22.425700371530205,0.0,2.915341048298927,0.0,2.915341048298927
2025-07-09 00:00:00-05:00,6.682896810899998,6.682896810899998,23.05973371331289,23.05973371331289,-16.376836902412894,-16.376836902412894,18.295850593111723,1.9190136906988284,2.378460577104524,0.12473588989542385,2.2537246872091004
2025-07-10 00:00:00-05:00,8.454126618899998,8.454126618899998,25.738601709065552,25.738601709065552,-17.284475090165554,-17.284475090165554,19.13388754440131,1.8494124542357584,2.4874053807721705,0.1202118095253243,2.367193571246846
2025-07-11 00:00:00-05:00,8.382738564899999,8.382738564899999,23.167482284319043,23.167482284319043,-14.784743719419044,-14.784743719419044,16.86660974947899,2.081866030059947,2.1926592674322687,0.13532129195389658,2.0573379754783723
2025-07-12 00:00:00-05:00,8.300673544499999,8.300673544499999,26.589823320924246,26.589823320924246,-18.289149776424246,-18.289149776424246,20.00806957130728,1.7189197948830337,2.6010490442699465,0.11172978666739719,2.489319257602549
2025-07-13 00:00:00-05:00,7.0640953037999985,7.0640953037999985,27.591588817244464,27.591588817244464,-20.527493513444465,-20.527493513444465,21.411354827666592,0.8838613142221278,2.783476127596657,0.05745098542443831,2.726025142172219
2025-07-14 00:00:00-05:00,6.508611824399999,6.508611824399999,24.959762561843263,24.959762561843263,-18.451150737443264,-18.451150737443264,19.25941774455822,0.8082670071149585,2.5037243067925687,0.052537355462472304,2.4511869513300963
2025-07-15 00:00:00-05:00,6.695535988799999,6.695535988799999,23.061120408859303,23.061120408859303,-16.365584420059303,-16.365584420059303,17.816947794121617,1.4513633740623129,2.31620321323581,0.09433861931405034,2.22186459392176
2025-07-16 00:00:00-05:00,8.4699166671,8.4699166671,24.462788886031113,24.462788886031113,-15.992872218931113,-15.992872218931113,18.19863340494436,2.2057611860132447,2.3658223426427667,0.1433744770908609,2.222447865551906
2025-07-17 00:00:00-05:00,8.2032901362,8.2032901362,25.986617985362205,25.986617985362205,-17.783327849162205,-17.783327849162205,19.920089676542915,2.13676182738071,2.589611657950579,0.13888951877974615,2.450722139170833
2025-07-18 00:00:00-05:00,7.386536018699999,7.386536018699999,22.62436988816642,22.62436988816642,-15.23783386946642,-15.23783386946642,16.612483829695595,1.3746499602291733,2.1596228978604275,0.08935224741489627,2.070270650445531
2025-07-19 00:00:00-05:00,8.562802909499998,8.562802909499998,24.147120472746302,24.147120472746302,-15.584317563246303,-15.584317563246303,17.938367162109344,2.3540495988630425,2.3319877310742148,0.15301322392609776,2.178974507148117
2025-07-20 00:00:00-05:00,7.730106986249999,7.730106986249999,27.250162573204605,27.250162573204605,-19.520055586954605,-19.520055586954605,20.901639878485174,1.3815842915305705,2.717213184203073,0.08980297894948709,2.627410205253586
2025-07-21 00:00:00-05:00,8.598588616349998,8.598588616349998,26.970523264386276,26.970523264386276,-18.371934648036277,-18.371934648036277,20.47664495717023,2.104710309133951,2.66196384443213,0.13680617009370682,2.5251576743384234
2025-07-22 00:00:00-05:00,8.671359054149999,8.671359054149999,24.070069288649734,24.070069288649734,-15.398710234499736,-15.398710234499736,17.718414761404553,2.3197045269048173,2.303393918982592,0.15078079424881313,2.152613124733779
2025-07-23 00:00:00-05:00,8.510718594599998,8.510718594599998,25.051676883744463,25.051676883744463,-16.540958289144463,-16.540958289144463,18.680865441602084,2.1399071524576208,2.428512507408271,0.13909396490974535,2.2894185424985256
2025-07-24 00:00:00-05:00,8.178121868849999,8.178121868849999,25.212943685021237,25.212943685021237,-17.034821816171238,-17.034821816171238,19.05737143992405,2.022549623752811,2.4774582871901267,0.1314657255439327,2.345992561646194
2025-07-25 00:00:00-05:00,7.7566675545,7.7566675545,24.04878967425102,24.04878967425102,-16.292122119751017,-16.292122119751017,18.366534401327076,2.0744122815760586,2.38764947217252,0.13483679830244383,2.252812673870076
2025-07-26 00:00:00-05:00,8.27599165245,8.27599165245,26.88269889390608,26.88269889390608,-18.606707241456082,-18.606707241456082,20.50172187184161,1.895014630385527,2.6652238433394095,0.12317595097505926,2.54204789236435
2025-07-27 00:00:00-05:00,7.1569576133999995,7.1569576133999995,25.495096448150672,25.495096448150672,-18.338138834750673,-18.338138834750673,19.818666974598784,1.4805281398481118,2.576426706697842,0.09623432909012727,2.480192377607715
2025-07-28 00:00:00-05:00,7.973253314099999,7.973253314099999,22.521901680059145,22.521901680059145,-14.548648365959146,-14.548648365959146,16.81421980537653,2.2655714394173834,2.1858485746989493,0.14726214356212994,2.0385864311368196
2025-07-29 00:00:00-05:00,8.22187874925,8.22187874925,25.39289781649608,25.39289781649608,-17.171019067246082,-17.171019067246082,19.19403528325355,2.02301621600747,2.4952245868229617,0.13149605404048553,2.363728532782476
2025-07-30 00:00:00-05:00,8.738881001099998,8.738881001099998,23.475657934223268,23.475657934223268,-14.73677693312327,-14.73677693312327,17.31004202143698,2.573265088313712,2.2503054627868075,0.1672622307403913,2.0830432320464163
2025-07-31 00:00:00-05:00,6.478172680499999,6.478172680499999,23.057968574351698,23.057968574351698,-16.5797958938517,-16.5797958938517,17.419181722096774,0.8393858282450752,2.2644936238725806,0.05456007883592989,2.209933545036651
2025-08-01 00:00:00-05:00,3.296079193049999,3.296079193049999,25.195412691523437,25.195412691523437,-21.89933349847344,-21.89933349847344,22.027909669397918,0.12857617092447993,2.8636282570217295,0.008357451110091195,2.8552708059116383
2025-08-02 00:00:00-05:00,9.3083715351,9.3083715351,26.54442862654856,26.54442862654856,-17.23605709144856,-17.23605709144856,19.570956864267448,2.3348997728188845,2.5442243923547685,0.1517684852332275,2.392455907121541
2025-08-03 00:00:00-05:00,7.931420710199999,7.931420710199999,25.600374534811362,25.600374534811362,-17.668953824611364,-17.668953824611364,19.341850925392507,1.6728971007811426,2.514440620301026,0.10873831155077428,2.405702308750252
2025-08-04 00:00:00-05:00,7.067163234149999,7.067163234149999,24.259820423161493,24.259820423161493,-17.192657189011495,-17.192657189011495,18.72277014792588,1.5301129589143854,2.433960119230364,0.09945734232943505,2.334502776900929
2025-08-05 00:00:00-05:00,8.00856985545,8.00856985545,25.503598151257826,25.503598151257826,-17.495028295807824,-17.495028295807824,19.251330538743368,1.756302242935543,2.5026729700366377,0.1141596457908103,2.388513324245827
2025-08-06 00:00:00-05:00,8.031783021749998,8.031783021749998,26.22637793735391,26.22637793735391,-18.19459491560391,-18.19459491560391,20.15862417447894,1.964029258875032,2.6206211426822623,0.1276619018268771,2.4929592408553853
2025-08-07 00:00:00-05:00,8.3305309437,8.3305309437,22.262052202298936,22.262052202298936,-13.931521258598936,-13.931521258598936,16.378442422216413,2.4469211636174766,2.129197514888134,0.15904987563513598,1.970147639252998
2025-08-08 00:00:00-05:00,7.0155915318,7.0155915318,24.77459075333017,24.77459075333017,-17.75899922153017,-17.75899922153017,19.447372180331797,1.6883729588016256,2.5281583834431336,0.10974424232210567,2.418414141121028
2025-08-09 00:00:00-05:00,8.676276978599999,8.676276978599999,26.23061318197798,26.23061318197798,-17.55433620337798,-17.55433620337798,19.783447728674943,2.2291115252969655,2.571848204727743,0.14489224914430276,2.4269559555834403
2025-08-10 00:00:00-05:00,7.448683820849999,7.448683820849999,27.05139296116733,27.05139296116733,-19.602709140317334,-19.602709140317334,20.944659808027456,1.341950667710124,2.7228057750435695,0.08722679340115806,2.6355789816424116
2025-08-11 00:00:00-05:00,8.0423139654,8.0423139654,23.875160631735227,23.875160631735227,-15.832846666335225,-15.832846666335225,18.230474009013225,2.3976273426779997,2.3699616211717194,0.15584577727406998,2.2141158438976496
2025-08-12 00:00:00-05:00,8.249280802199998,8.249280802199998,25.605281189055,25.605281189055,-17.356000386855,-17.356000386855,19.360409306798665,2.0044089199436628,2.5168532098838265,0.1302865797963381,2.3865666300874886
2025-08-13 00:00:00-05:00,6.732039201749999,6.732039201749999,26.24944522487505,26.24944522487505,-19.51740602312505,-19.51740602312505,20.61287854550534,1.0954725223802873,2.679674210915694,0.07120571395471867,2.6084684969609753
2025-08-14 00:00:00-05:00,7.893901753199999,7.893901753199999,23.089092025247766,23.089092025247766,-15.195190272047766,-15.195190272047766,17.25184504624721,2.0566547741994476,2.2427398560121374,0.1336825603229641,2.1090572956891736
2025-08-15 00:00:00-05:00,7.982035494749999,7.982035494749999,25.69112516759764,25.69112516759764,-17.709089672847643,-17.709089672847643,19.35266050187504,1.6435708290273983,2.5158458652437554,0.1068321038867809,2.4090137613569746
2025-08-16 00:00:00-05:00,8.288904933,8.288904933,28.272333965620703,28.272333965620703,-19.983429032620705,-19.983429032620705,21.507539132294575,1.5241100996738683,2.795980087198295,0.09906715647880145,2.6969129307194937
2025-08-17 00:00:00-05:00,8.3153264607,8.3153264607,26.005256537986984,26.005256537986984,-17.689930077286988,-17.689930077286988,19.699811193305695,2.009881116018708,2.5609754551297406,0.13064227254121602,2.4303331825885244
2025-08-18 00:00:00-05:00,8.549612128349999,8.549612128349999,26.89371932560258,26.89371932560258,-18.34410719725258,-18.34410719725258,20.300680490225716,1.9565732929731352,2.639088463729343,0.1271772640432538,2.5119111996860894
2025-08-19 00:00:00-05:00,7.180439680799999,7.180439680799999,23.695956149688616,23.695956149688616,-16.515516468888617,-16.515516468888617,18.569859495772633,2.054343026884016,2.414081734450442,0.13353229674746106,2.280549437702981
2025-08-20 00:00:00-05:00,7.6162767763499994,7.6162767763499994,21.745537522480348,21.745537522480348,-14.129260746130349,-14.129260746130349,16.134527880684093,2.0052671345537445,2.0974886244889324,0.1303423637459934,1.9671462607429389
2025-08-21 00:00:00-05:00,7.5388884448499995,7.5388884448499995,24.430836369385023,24.430836369385023,-16.891947924535025,-16.891947924535025,18.513713201106242,1.621765276571217,2.4067827161438116,0.1054147429771291,2.3013679731666823
2025-08-22 00:00:00-05:00,6.25724287875,6.25724287875,23.691084989087685,23.691084989087685,-17.433842110337686,-17.433842110337686,18.530319385068374,1.0964772747306881,2.408941520058889,0.07127102285749473,2.337670497201394
2025-08-23 00:00:00-05:00,8.29783351305,8.29783351305,25.458482852391747,25.458482852391747,-17.16064933934175,-17.16064933934175,19.026965033783302,1.8663156944415538,2.4735054543918293,0.121310520138701,2.3521949342531285
2025-08-24 00:00:00-05:00,9.342544820849998,9.342544820849998,27.152533896923966,27.152533896923966,-17.80998907607397,-17.80998907607397,20.211639915040497,2.4016508389665274,2.6275131889552648,0.1561073045328243,2.4714058844224405
2025-08-25 00:00:00-05:00,4.46550309315,4.46550309315,23.265864952414866,23.265864952414866,-18.800361859264868,-18.800361859264868,19.03268317460481,0.2323213153399415,2.4742488126986255,0.015100885497096197,2.4591479272015295
2025-08-26 00:00:00-05:00,9.524194405649999,9.524194405649999,22.49584613803282,22.49584613803282,-12.97165173238282,-12.97165173238282,16.07179102388446,3.1001392915016406,2.0893328331049803,0.20150905394760665,1.8878237791573738
2025-08-27 00:00:00-05:00,7.915205191949998,7.915205191949998,22.08701216123173,22.08701216123173,-14.171806969281732,-14.171806969281732,15.6298731418,1.4580661725182664,2.031883508434,0.09477430121368732,1.9371092072203127
2025-08-28 00:00:00-05:00,3.896760491549999,3.896760491549999,25.53941120428493,25.53941120428493,-21.64265071273493,-21.64265071273493,21.64265071273493,0.0,2.813544592655541,0.0,2.813544592655541
2025-08-29 00:00:00-05:00,9.75693091995,9.75693091995,26.62866108412734,26.62866108412734,-16.871730164177343,-16.871730164177343,19.021252018662405,2.1495218544850614,2.472762762426113,0.13971892054152898,2.333043841884584
2025-08-30 00:00:00-05:00,9.348105738149998,9.348105738149998,28.193583591084554,28.193583591084554,-18.845477852934554,-18.845477852934554,20.98898194378359,2.143504090849034,2.7285676526918667,0.13932776590518722,2.5892398867866797
2025-08-31 00:00:00-05:00,9.468159444,9.468159444,28.558390000705273,28.558390000705273,-19.090230556705276,-19.090230556705276,21.1675585298959,2.077327973190625,2.751782608886467,0.13502631825739062,2.6167562906290764
2025-09-01 00:00:00-05:00,9.1741930047,9.1741930047,23.185320777947872,23.185320777947872,-14.011127773247873,-14.011127773247873,16.4121209707355,2.4009931974876286,2.133575726195615,0.15606455783669587,1.9775111683589193
2025-09-02 00:00:00-05:00,9.480567581549998,9.480567581549998,24.485690199226692,24.485690199226692,-15.005122617676694,-15.005122617676694,17.326800080594225,2.3216774629175307,2.252484010477249,0.15090903508963951,2.1015749753876096
2025-09-03 00:00:00-05:00,8.519774489099998,8.519774489099998,23.70062912095382,23.70062912095382,-15.180854631853824,-15.180854631853824,17.109229244183403,1.9283746123295802,2.2241998017438425,0.12534434980142273,2.09885545194242
2025-09-04 00:00:00-05:00,8.188513100999998,8.188513100999998,26.45932182223263,26.45932182223263,-18.270808721232633,-18.270808721232633,20.090257217462828,1.819448496230193,2.611733438270168,0.11826415225496255,2.4934692860152055
2025-09-05 00:00:00-05:00,5.170073690249999,5.170073690249999,23.457038965131453,23.457038965131453,-18.286965274881453,-18.286965274881453,18.542084596248657,0.2551193213672046,2.4104709975123253,0.0165827558888683,2.393888241623457
2025-09-06 00:00:00-05:00,7.140562692299999,7.140562692299999,27.633197953150436,27.633197953150436,-20.492635260850435,-20.492635260850435,22.621390144134345,2.1287548832839103,2.940780718737465,0.13836906741345417,2.8024116513240105
2025-09-07 00:00:00-05:00,10.163549776499998,10.163549776499998,28.79306717543897,28.79306717543897,-18.629517398938972,-18.629517398938972,20.99187360626994,2.362356207330971,2.7289435688150925,0.15355315347651313,2.575390415338579
2025-09-08 00:00:00-05:00,10.345298005799998,10.345298005799998,22.953551592966022,22.953551592966022,-12.608253587166022,-12.608253587166022,15.790838099359032,3.1825845121930088,2.052808952916674,0.20686799329254557,1.8459409596241287
2025-09-09 00:00:00-05:00,7.700505254099999,7.700505254099999,25.294140636918605,25.294140636918605,-17.593635382818608,-17.593635382818608,18.696707940685425,1.1030725578668183,2.4305720322891053,0.0716997162613432,2.358872316027762
2025-09-10 00:00:00-05:00,7.451345657699999,7.451345657699999,24.082524198875348,24.082524198875348,-16.63117854117535,-16.63117854117535,18.12286312207311,1.4916845808977621,2.3559722058695045,0.09695949775835454,2.25901270811115
2025-09-11 00:00:00-05:00,8.4765169332,8.4765169332,24.06775845879564,24.06775845879564,-15.591241525595642,-15.591241525595642,17.43168911359397,1.8404475879983244,2.2661195847672158,0.1196290932198911,2.1464904915473246
2025-09-12 00:00:00-05:00,7.908565088699999,7.908565088699999,26.2886894033373,26.2886894033373,-18.3801243146373,-18.3801243146373,19.46994834869525,1.0898240340579517,2.5310932853303827,0.07083856221376686,2.460254723116616
2025-09-13 00:00:00-05:00,7.0550606934,7.0550606934,27.22099591651542,27.22099591651542,-20.16593522311542,-20.16593522311542,21.279354665168956,1.113419442053536,2.7663161064719644,0.07237226373347984,2.6939438427384843
2025-09-14 00:00:00-05:00,8.064178808399998,8.064178808399998,27.325107340507888,27.325107340507888,-19.26092853210789,-19.26092853210789,20.772250869729554,1.5113223376216656,2.700392613064842,0.09823595194540827,2.602156661119434
2025-09-15 00:00:00-05:00,8.876066685524998,8.876066685524998,26.483032911137666,26.483032911137666,-17.606966225612666,-17.606966225612666,19.473333734185605,1.8663675085729392,2.5315333854441286,0.12131388805724105,2.410219497386888
2025-09-16 00:00:00-05:00,9.085002082199999,9.085002082199999,23.019300417563088,23.019300417563088,-13.934298335363087,-13.934298335363087,16.46796243279846,2.53366409743537,2.1408351162637995,0.16468816633329905,1.9761469499305004
2025-09-17 00:00:00-05:00,8.286829142624999,8.286829142624999,23.456065149279063,23.456065149279063,-15.169236006654062,-15.169236006654062,17.337714343856447,2.1684783372023864,2.253902864701338,0.1409510919181551,2.112951772783183
2025-09-18 00:00:00-05:00,7.734175647299999,7.734175647299999,24.594177975899115,24.594177975899115,-16.860002328599116,-16.860002328599116,18.18525116180842,1.3252488332093062,2.3640826510350945,0.08614117415860491,2.2779414768764896
2025-09-19 00:00:00-05:00,7.093763851499999,7.093763851499999,22.974403515540974,22.974403515540974,-15.880639664040975,-15.880639664040975,17.91018680336997,2.029547139328996,2.3283242844380965,0.13192056405638475,2.1964037203817117
2025-09-20 00:00:00-05:00,6.971071137299999,6.971071137299999,25.661770422574243,25.661770422574243,-18.690699285274246,-18.690699285274246,20.05267901408653,1.3619797288122841,2.606848271831249,0.08852868237279847,2.5183195894584505
2025-09-21 00:00:00-05:00,6.440791619924999,6.440791619924999,27.250956006644312,27.250956006644312,-20.81016438671931,-20.81016438671931,21.56041208918078,0.7502477024614665,2.8028535715935012,0.04876610065999533,2.7540874709335057
2025-09-22 00:00:00-05:00,4.249540068299999,4.249540068299999,26.552662419551368,26.552662419551368,-22.303122351251368,-22.303122351251368,23.11017936083738,0.8070570095860132,3.0043233169088595,0.052458705623090865,2.9518646112857687
2025-09-23 00:00:00-05:00,2.2387629851999993,2.2387629851999993,23.65443015950312,23.65443015950312,-21.415667174303124,-21.415667174303124,21.415667174303124,0.0,2.784036732659406,0.0,2.784036732659406
2025-09-24 00:00:00-05:00,3.6285553502999996,3.6285553502999996,23.366302860216965,23.366302860216965,-19.737747509916964,-19.737747509916964,19.737747509916964,0.0,2.5659071762892056,0.0,2.5659071762892056
2025-09-25 00:00:00-05:00,4.398450824699999,4.398450824699999,26.598134049407875,26.598134049407875,-22.199683224707876,-22.199683224707876,22.713904036095368,0.5142208113874907,2.952807524692398,0.033424352740186895,2.919383171952211
2025-09-26 00:00:00-05:00,8.930330570699999,8.930330570699999,25.166001738191422,25.166001738191422,-16.235671167491425,-16.235671167491425,18.404773730464445,2.1691025629730207,2.392620584960378,0.14099166659324636,2.2516289183671314
2025-09-27 00:00:00-05:00,9.516994516125,9.516994516125,27.893587298578247,27.893587298578247,-18.376592782453244,-18.376592782453244,20.49756910424863,2.1209763217953843,2.664683983552322,0.1378634609167,2.5268205226356217
2025-09-28 00:00:00-05:00,9.4071477735,9.4071477735,28.76503715226667,28.76503715226667,-19.357889378766675,-19.357889378766675,21.140918696535717,1.783029317769043,2.7483194305496434,0.11589690565498781,2.632422524894656
2025-09-29 00:00:00-05:00,9.2109126321,9.2109126321,26.3666704221968,26.3666704221968,-17.1557577900968,-17.1557577900968,19.25523008390914,2.099472293812341,2.5031799109081883,0.13646569909780218,2.366714211810386
2025-09-30 00:00:00-05:00,8.403315026823936,8.403315026823936,25.13291004628974,25.13291004628974,-16.729595019465805,-16.729595019465805,18.6224769365181,1.8928819170522968,2.4209220017473534,0.12303732460839929,2.297884677138954
2025-10-01 00:00:00-05:00,8.421700877919735,8.421700877919735,23.142403574872134,23.142403574872134,-14.720702696952399,-14.720702696952399,16.83353972097116,2.1128370240187606,2.188360163726251,0.13733440656121945,2.0510257571650317
2025-10-02 00:00:00-05:00,8.390001640408249,8.390001640408249,21.872711499315127,21.872711499315127,-13.48270985890688,-13.48270985890688,15.662285613429379,2.1795757545225,2.0360971297458192,0.1416724240439625,1.8944247057018568
2025-10-03 00:00:00-05:00,8.466181014582997,8.466181014582997,23.974608413156012,23.974608413156012,-15.508427398573016,-15.508427398573016,17.471354457085123,1.9629270585121086,2.271276079421066,0.12759025880328706,2.143685820617779
2025-10-04 00:00:00-05:00,8.435735006380025,8.435735006380025,29.199398218369808,29.199398218369808,-20.763663211989783,-20.763663211989783,22.113812045248753,1.350148833258968,2.874795565882338,0.08775967416183292,2.7870358917205054
2025-10-05 00:00:00-05:00,8.586084366890615,8.586084366890615,27.28745191286894,27.28745191286894,-18.701367545978325,-18.701367545978325,20.489972508776102,1.788604962797775,2.6636964261408935,0.11625932258185537,2.547437103559038
2025-10-06 00:00:00-05:00,8.508358476822451,8.508358476822451,22.528477314610765,22.528477314610765,-14.020118837788315,-14.020118837788315,16.2712926399253,2.251173802136985,2.115268043190289,0.14632629713890402,1.968941746051385
2025-10-07 00:00:00-05:00,8.637009632516788,8.637009632516788,24.83157692541609,24.83157692541609,-16.1945672928993,-16.1945672928993,18.175870839374873,1.981303546475572,2.362863209118734,0.1287847305209122,2.2340784785978216
2025-10-08 00:00:00-05:00,8.74035718741243,8.74035718741243,25.50337643229703,25.50337643229703,-16.763019244884603,-16.763019244884603,18.811732164974572,2.0487129200899714,2.4455251814466945,0.13316633980584813,2.3123588416408465
2025-10-09 00:00:00-05:00,8.658028912018551,8.658028912018551,24.367444753584433,24.367444753584433,-15.70941584156588,-15.70941584156588,17.665943314175614,1.9565274726097333,2.29657263084283,0.12717428571963266,2.1693983451231973
2025-10-10 00:00:00-05:00,8.647096608974092,8.647096608974092,24.345021221938385,24.345021221938385,-15.697924612964293,-15.697924612964293,17.781547309355897,2.0836226963916054,2.3116011502162666,0.13543547526545435,2.1761656749508123
2025-10-11 00:00:00-05:00,8.708598977710723,8.708598977710723,27.193880479736865,27.193880479736865,-18.485281502026144,-18.485281502026144,20.300869721354964,1.81558821932882,2.6391130637761453,0.1180132342563733,2.521099829519772
2025-10-12 00:00:00-05:00,8.710798183351653,8.710798183351653,26.162077751127214,26.162077751127214,-17.45127956777556,-17.45127956777556,19.38144560929969,1.9301660415241284,2.5195879292089596,0.12546079269906835,2.394127136509891
2025-10-13 00:00:00-05:00,8.696497964416814,8.696497964416814,24.311515541108562,24.311515541108562,-15.615017576691747,-15.615017576691747,17.79514627929363,2.180128702601881,2.313369016308172,0.14170836566912226,2.1716606506390495
2025-10-14 00:00:00-05:00,8.740167543997387,8.740167543997387,24.113156431929024,24.113156431929024,-15.372988887931635,-15.372988887931635,17.638536739333727,2.2655478514020904,2.2930097761133847,0.14726061034113588,2.1457491657722487
2025-10-15 00:00:00-05:00,8.96422532163782,8.96422532163782,24.751860548203453,24.751860548203453,-15.787635226565635,-15.787635226565635,17.940939298169447,2.1533040716038134,2.3323221087620283,0.13996476465424787,2.1923573441077804
2025-10-16 00:00:00-05:00,8.917607894867421,8.917607894867421,23.30528120085183,23.30528120085183,-14.38767330598441,-14.38767330598441,16.717010240378222,2.3293369343938117,2.1732113312491688,0.15140690073559776,2.021804430513571
2025-10-17 00:00:00-05:00,8.659354160753525,8.659354160753525,21.994264485223713,21.994264485223713,-13.334910324470188,-13.334910324470188,15.753576608239895,2.4186662837697073,2.0479649590711864,0.15721330844503098,1.8907516506261555
2025-10-18 00:00:00-05:00,8.488960688307916,8.488960688307916,24.808708706278797,24.808708706278797,-16.31974801797088,-16.31974801797088,18.297495640963742,1.9777476229928626,2.3786744333252865,0.12855359549453607,2.2501208378307505
2025-10-19 00:00:00-05:00,8.244685197153073,8.244685197153073,28.967081169029008,28.967081169029008,-20.722395971875937,-20.722395971875937,22.135338316657663,1.4129423447817255,2.8775939811654965,0.09184125241081216,2.785752728754684
2025-10-20 00:00:00-05:00,8.180677651642922,8.180677651642922,22.95231978111275,22.95231978111275,-14.771642129469827,-14.771642129469827,16.72892710702087,1.9572849775510412,2.1747605239127132,0.12722352354081767,2.0475370003718956
2025-10-21 00:00:00-05:00,8.102951368954391,8.102951368954391,21.89270964207666,21.89270964207666,-13.78975827312227,-13.78975827312227,15.807610071645588,2.0178517985233175,2.0549893093139264,0.13116036690401564,1.9238289424099109
2025-10-22 00:00:00-05:00,7.82735533691955,7.82735533691955,23.340344218340157,23.340344218340157,-15.512988881420608,-15.512988881420608,17.343419441218167,1.8304305597975605,2.2546445273583617,0.11897798638684144,2.13566654097152
2025-10-23 00:00:00-05:00,7.799996782333237,7.799996782333237,26.59149533104237,26.59149533104237,-18.791498548709132,-18.791498548709132,20.399217946392035,1.6077193976829012,2.6518983330309647,0.10450176084938859,2.547396572181576
2025-10-24 00:00:00-05:00,7.810668701464071,7.810668701464071,23.430891570627885,23.430891570627885,-15.620222869163815,-15.620222869163815,17.3778367152368,1.757613846072985,2.2591187729807842,0.11424489999474403,2.1448738729860404
2025-10-25 00:00:00-05:00,8.34311520236324,8.34311520236324,27.054099376142076,27.054099376142076,-18.71098417377884,-18.71098417377884,20.193463716836167,1.482479543057329,2.625150283188702,0.09636117029872639,2.5287891128899753
2025-10-26 00:00:00-05:00,8.18766012941637,8.18766012941637,24.116088763176027,24.116088763176027,-15.928428633759657,-15.928428633759657,17.58888918140294,1.6604605476432832,2.2865555935823823,0.10792993559681341,2.178625657985569
2025-10-27 00:00:00-05:00,8.296296063155989,8.296296063155989,25.327466388899527,25.327466388899527,-17.03117032574354,-17.03117032574354,18.630636921529483,1.5994665957859455,2.421982799798833,0.10396532872608646,2.3180174710727464
2025-10-28 00:00:00-05:00,8.383212508364851,8.383212508364851,27.019601926746326,27.019601926746326,-18.636389418381476,-18.636389418381476,20.148957070089715,1.51256765170824,2.619364419111663,0.0983168973610356,2.5210475217506274
2025-10-29 00:00:00-05:00,8.12912803616138,8.12912803616138,25.406768396872067,25.406768396872067,-17.277640360710688,-17.277640360710688,18.867395428985507,1.589755068274819,2.452761405768116,0.10333407943786324,2.349427326330253
2025-10-30 00:00:00-05:00,7.952367465488184,7.952367465488184,23.307479200504236,23.307479200504236,-15.355111735016054,-15.355111735016054,17.007292139859707,1.6521804048436541,2.2109479781817623,0.10739172631483752,2.103556251866925
2025-10-31 00:00:00-05:00,7.838424290353292,7.838424290353292,25.563889284503567,25.563889284503567,-17.725464994150272,-17.725464994150272,19.188819472376817,1.4633544782265446,2.4945465314089863,0.09511804108472541,2.399428490324261
2025-11-01 00:00:00-05:00,7.840826902037099,7.840826902037099,24.955936537866904,24.955936537866904,-17.115109635829803,-17.115109635829803,18.61600421570712,1.5008945798773166,2.420080548041926,0.09755814769202557,2.3225224003499005
2025-11-02 00:00:00-05:00,8.084166768654885,8.084166768654885,28.393626668090484,28.393626668090484,-20.3094598994356,-20.3094598994356,21.65264793282642,1.343188033390821,2.8148442312674344,0.08730722217040338,2.727537009097031
2025-11-03 00:00:00-06:00,7.9841549882933975,7.9841549882933975,25.494034704938112,25.494034704938112,-17.509879716644715,-17.509879716644715,19.115832589835243,1.6059528731905297,2.4850582366785816,0.10438693675738443,2.380671299921197
2025-11-04 00:00:00-06:00,7.632505482107155,7.632505482107155,26.706448728999373,26.706448728999373,-19.07394324689222,-19.07394324689222,20.306806019984162,1.2328627730919437,2.639884782597941,0.08013608025097635,2.5597487023469645
2025-11-05 00:00:00-06:00,7.533179136958765,7.533179136958765,25.909369696545905,25.909369696545905,-18.37619055958714,-18.37619055958714,19.727821894474314,1.3516313348871714,2.5646168462816608,0.08785603676766614,2.4767608095139946
2025-11-06 00:00:00-06:00,7.50699524651711,7.50699524651711,25.010859509997527,25.010859509997527,-17.503864263480416,-17.503864263480416,18.831915705494705,1.32805144201429,2.448149041714312,0.08632334373092884,2.361825697983383
2025-11-07 00:00:00-06:00,7.647157159401963,7.647157159401963,22.848395217256627,22.848395217256627,-15.201238057854665,-15.201238057854665,16.779151231666464,1.577913173811798,2.1812896601166405,0.10256435629776688,2.0787253038188735
2025-11-08 00:00:00-06:00,7.693953318880889,7.693953318880889,26.598958992403734,26.598958992403734,-18.905005673522844,-18.905005673522844,20.22364209384328,1.318636420320435,2.6290734721996265,0.08571136732082828,2.543362104878798
2025-11-09 00:00:00-06:00,7.812736376363705,7.812736376363705,25.120733585119588,25.120733585119588,-17.307997208755882,-17.307997208755882,18.717044708001996,1.4090474992461133,2.4332158120402596,0.09158808745099736,2.3416277245892623
2025-11-10 00:00:00-06:00,7.758494420515492,7.758494420515492,25.870369123637186,25.870369123637186,-18.111874703121696,-18.111874703121696,19.460122532374367,1.348247829252671,2.529815929208668,0.08763610890142362,2.4421798203072442
2025-11-11 00:00:00-06:00,7.6270470255693,7.6270470255693,23.537187742393535,23.537187742393535,-15.910140716824236,-15.910140716824236,17.39444008111642,1.484299364292185,2.261277210545135,0.09647945867899202,2.1647977518661428
2025-11-12 00:00:00-06:00,7.637768961016005,7.637768961016005,23.37695584163003,23.37695584163003,-15.739186880614024,-15.739186880614024,17.29509231800734,1.5559054373933165,2.2483620013409547,0.10113385343056558,2.147228147910389
2025-11-13 00:00:00-06:00,7.567181862681592,7.567181862681592,25.394843450791615,25.394843450791615,-17.827661588110026,-17.827661588110026,19.054666905226757,1.2270053171167326,2.4771066976794787,0.07975534561258762,2.397351352066891
2025-11-14 00:00:00-06:00,7.561827151330776,7.561827151330776,26.34813674151986,26.34813674151986,-18.78630959018908,-18.78630959018908,20.030047974777542,1.2437383845884606,2.6039062367210803,0.08084299499824994,2.5230632417228303
2025-11-15 00:00:00-06:00,7.526026859197535,7.526026859197535,24.572710546558554,24.572710546558554,-17.046683687361018,-17.046683687361018,18.29050840702253,1.2438247196615109,2.3777660929129287,0.08084860677799821,2.2969174861349306
2025-11-16 00:00:00-06:00,7.297293175077848,7.297293175077848,28.563715756622248,28.563715756622248,-21.2664225815444,-21.2664225815444,22.090827684352032,0.8244051028076297,2.871807598965764,0.05358633168249593,2.8182212672832683
2025-11-17 00:00:00-06:00,7.361475622012421,7.361475622012421,23.937600156391888,23.937600156391888,-16.576124534379467,-16.576124534379467,17.878043105100417,1.3019185707209493,2.3241456036630543,0.0846247070968617,2.2395208965661926
2025-11-18 00:00:00-06:00,7.371521960495072,7.371521960495072,25.501271865307537,25.501271865307537,-18.129749904812464,-18.129749904812464,19.36224053387439,1.232490629061928,2.517091269403671,0.08011189088902532,2.436979378514646
2025-11-19 00:00:00-06:00,7.467202682022281,7.467202682022281,23.71951703711748,23.71951703711748,-16.252314355095198,-16.252314355095198,17.776036768311297,1.5237224132160978,2.310884779880469,0.09904195685904636,2.2118428230214224
2025-11-20 00:00:00-06:00,7.70907503219008,7.70907503219008,25.22312247242036,25.22312247242036,-17.514047440230282,-17.514047440230282,18.963851456651128,1.4498040164208468,2.4653006893646467,0.09423726106735504,2.3710634282972918
2025-11-21 00:00:00-06:00,7.789695486840685,7.789695486840685,24.701915830317198,24.701915830317198,-16.912220343476513,-16.912220343476513,18.312200431493018,1.3999800880165043,2.3805860560940926,0.09099870572107278,2.28958735037302
2025-11-22 00:00:00-06:00,7.879285318363159,7.879285318363159,26.956567296607023,26.956567296607023,-19.077281978243864,-19.077281978243864,20.431564918002564,1.3542829397587002,2.6561034393403333,0.08802839108431551,2.5680750482560177
2025-11-23 00:00:00-06:00,7.812574377565,7.812574377565,27.919926843684426,27.919926843684426,-20.107352466119426,-20.107352466119426,21.372332656840904,1.2649801907214764,2.7784032453893177,0.08222371239689596,2.6961795329924216
2025-11-24 00:00:00-06:00,7.800898682643073,7.800898682643073,26.751800464541162,26.751800464541162,-18.95090178189809,-18.95090178189809,20.302695305315158,1.3517935234170655,2.6393503896909705,0.08786657902210926,2.551483810668861
2025-11-25 00:00:00-06:00,7.836238083155129,7.836238083155129,25.892598151398563,25.892598151398563,-18.056360068243432,-18.056360068243432,19.473200194821747,1.4168401265783128,2.531516025326827,0.09209460822759033,2.4394214170992368
2025-11-26 00:00:00-06:00,7.83512635771288,7.83512635771288,24.446103415451883,24.446103415451883,-16.610977057739003,-16.610977057739003,18.181783411677127,1.5708063539381254,2.363631843518027,0.10210241300597815,2.2615294305120486
2025-11-27 00:00:00-06:00,8.073685065681563,8.073685065681563,25.400775794581453,25.400775794581453,-17.327090728899886,-17.327090728899886,18.77633078003112,1.4492400511312313,2.440923001404046,0.09420060332353004,2.346722398080516
2025-11-28 00:00:00-06:00,8.038280985493376,8.038280985493376,24.34272239579311,24.34272239579311,-16.304441410299734,-16.304441410299734,17.898551447255166,1.5941100369554302,2.3268116881431715,0.10361715240210297,2.2231945357410687
2025-11-29 00:00:00-06:00,7.5966056920611775,7.5966056920611775,25.240657337652404,25.240657337652404,-17.644051645591226,-17.644051645591226,18.87930475415627,1.235253108565044,2.454309618040315,0.08029145205672786,2.3740181659835873
2025-11-30 00:00:00-06:00,7.68184131861163,7.68184131861163,25.424676043845437,25.424676043845437,-17.742834725233806,-17.742834725233806,19.132038591073943,1.3892038658401358,2.487165016839613,0.09029825127960883,2.396866765560004
2025-12-01 00:00:00-06:00,7.634346784486113,7.634346784486113,22.448051949915346,22.448051949915346,-14.813705165429234,-14.813705165429234,16.58121654841719,1.767511382987955,2.1555581512942346,0.11488823989421708,2.0406699114000175
2025-12-02 00:00:00-06:00,7.7572134053037844,7.7572134053037844,23.030466859358203,23.030466859358203,-15.273253454054418,-15.273253454054418,16.914892751517456,1.6416392974630383,2.1989360576972694,0.10670655433509749,2.092229503362172
2025-12-03 00:00:00-06:00,7.715807019758312,7.715807019758312,25.941200757378382,25.941200757378382,-18.22539373762007,-18.22539373762007,19.46875831429567,1.2433645766755983,2.5309385808584373,0.08081869748391389,2.4501198833745232
2025-12-04 00:00:00-06:00,7.789690833707035,7.789690833707035,25.584350130291455,25.584350130291455,-17.79465929658442,-17.79465929658442,19.281522389177404,1.4868630925929853,2.5065979105930625,0.09664610101854405,2.4099518095745185
2025-12-05 00:00:00-06:00,7.540246857112412,7.540246857112412,24.370055589297895,24.370055589297895,-16.829808732185484,-16.829808732185484,18.19141983840741,1.3616111062219238,2.3648845789929633,0.08850472190442506,2.2763798570885383
2025-12-06 00:00:00-06:00,7.46087317744383,7.46087317744383,28.107643720812376,28.107643720812376,-20.646770543368547,-20.646770543368547,21.692993286440384,1.0462227430718347,2.82008912723725,0.06800447829966925,2.7520846489375805
2025-12-07 00:00:00-06:00,7.338613948306726,7.338613948306726,24.73276448227448,24.73276448227448,-17.394150533967753,-17.394150533967753,18.58815048013715,1.1939999461693975,2.4164595624178293,0.07760999650101084,2.3388495659168185
2025-12-08 00:00:00-06:00,7.164768821824209,7.164768821824209,22.92446510812292,22.92446510812292,-15.75969628629871,-15.75969628629871,17.089595368841888,1.329899082543176,2.2216473979494453,0.08644344036530645,2.135203957584139
2025-12-09 00:00:00-06:00,7.149239366684527,7.149239366684527,24.92141011191778,24.92141011191778,-17.772170745233254,-17.772170745233254,18.93979780709487,1.167627061861618,2.4621737149223333,0.07589575902100518,2.386277955901328
2025-12-10 00:00:00-06:00,7.251385057014438,7.251385057014438,23.454723456747633,23.454723456747633,-16.203338399733195,-16.203338399733195,17.44812790481316,1.244789505079963,2.2682566276257106,0.0809113178301976,2.187345309795513
2025-12-11 00:00:00-06:00,7.167110408210132,7.167110408210132,24.93752709617258,24.93752709617258,-17.77041668796245,-17.77041668796245,18.96693617560933,1.1965194876468819,2.465701702829213,0.07777376669704733,2.387927936132166
2025-12-12 00:00:00-06:00,7.248442747318166,7.248442747318166,26.695894313705082,26.695894313705082,-19.447451566386917,-19.447451566386917,20.40174851317642,0.9542969467895028,2.6522273067129345,0.06202930154131769,2.590198005171617
2025-12-13 00:00:00-06:00,7.242317651123022,7.242317651123022,25.942551204747637,25.942551204747637,-18.700233553624614,-18.700233553624614,19.829161617342404,1.128928063717788,2.5777910102545127,0.07338032414165623,2.5044106861128563
2025-12-14 00:00:00-06:00,6.932423186905797,6.932423186905797,24.90729920729226,24.90729920729226,-17.974876020386464,-17.974876020386464,18.9582507704262,0.9833747500397363,2.4645726001554062,0.06391935875258287,2.400653241402823
2025-12-15 00:00:00-06:00,6.629132880761414,6.629132880761414,24.295106580041193,24.295106580041193,-17.665973699279775,-17.665973699279775,18.597404417657202,0.9314307183774253,2.4176625742954365,0.06054299669453265,2.357119577600904
2025-12-16 00:00:00-06:00,6.6346485464261225,6.6346485464261225,22.175106953398107,22.175106953398107,-15.540458406971984,-15.540458406971984,16.684855884344422,1.1443974773724366,2.169031264964775,0.07438583602920838,2.0946454289355665
2025-12-17 00:00:00-06:00,6.505398319796203,6.505398319796203,24.886187585102302,24.886187585102302,-18.3807892653061,-18.3807892653061,19.202465435306216,0.8216761700001192,2.496320506589808,0.05340895105000775,2.4429115555398004
2025-12-18 00:00:00-06:00,6.236630628716187,6.236630628716187,25.487443115718005,25.487443115718005,-19.25081248700182,-19.25081248700182,19.84843401021576,0.5976215232139412,2.580296421328049,0.038845399008906184,2.541451022319143
2025-12-19 00:00:00-06:00,6.0310282786963905,6.0310282786963905,26.619588066545578,26.619588066545578,-20.58855978784919,-20.58855978784919,21.17759903955523,0.5890392517060403,2.75308787514218,0.038287551360892624,2.7148003237812874
