timestamp_local,PV_P_kW,PV_E_kWh,Load_kW,Load_E_kWh,Net_P_kW,Net_E_kWh,Import_kWh,Export_kWh,Buy_$,Sell_$,NetBill_$
2022-12-31 00:00:00-08:00,0.0044501519999999,0.0044501519999999,7.118531880267352,7.118531880267352,-7.114081728267353,-7.114081728267353,7.114081728267353,0.0,1.1382530765227765,0.0,1.1382530765227765
2023-01-01 00:00:00-08:00,3.0491410878,3.0491410878,31.186302544818783,31.186302544818783,-28.137161457018784,-28.137161457018784,28.137161457018784,0.0,4.501945833123005,0.0,4.501945833123005
2023-01-02 00:00:00-08:00,8.8227610911,8.8227610911,30.61726518409199,30.61726518409199,-21.794504092991993,-21.794504092991993,23.4664484226035,1.6719443296115055,3.75463174761656,0.13375554636892045,3.6208762012476394
2023-01-03 00:00:00-08:00,4.219373934899999,4.219373934899999,26.798042437469885,26.798042437469885,-22.578668502569887,-22.578668502569887,22.698907598462704,0.1202390958928185,3.6318252157540325,0.009619127671425481,3.622206088082607
2023-01-04 00:00:00-08:00,3.196672527599999,3.196672527599999,29.962257882041808,29.962257882041808,-26.765585354441807,-26.765585354441807,27.027002217305583,0.26141686286377475,4.3243203547688935,0.02091334902910198,4.303407005739792
2023-01-05 00:00:00-08:00,2.3878666538999993,2.3878666538999993,25.91780479901506,25.91780479901506,-23.529938145115057,-23.529938145115057,23.600345475594533,0.07040733047947512,3.7760552760951254,0.00563258643835801,3.770422689656767
2023-01-06 00:00:00-08:00,3.8671404047999993,3.8671404047999993,29.40000705181749,29.40000705181749,-25.53286664701749,-25.53286664701749,25.83488084626009,0.30201419924260386,4.133580935401615,0.02416113593940831,4.109419799462207
2023-01-07 00:00:00-08:00,2.8717650332999995,2.8717650332999995,35.15076519542593,35.15076519542593,-32.27900016212593,-32.27900016212593,32.30257213070577,0.023571968579835234,5.168411540912923,0.0018857574863868187,5.166525783426536
2023-01-08 00:00:00-08:00,4.7529072702,4.7529072702,32.00165115412652,32.00165115412652,-27.248743883926522,-27.248743883926522,27.334975753704583,0.0862318697780603,4.373596120592733,0.006898549582244824,4.366697571010488
2023-01-09 00:00:00-08:00,1.3070615354999995,1.3070615354999995,27.454137005981885,27.454137005981885,-26.147075470481884,-26.147075470481884,26.147075470481884,0.0,4.1835320752771015,0.0,4.1835320752771015
2023-01-10 00:00:00-08:00,1.8106557371999996,1.8106557371999996,28.4201980146867,28.4201980146867,-26.6095422774867,-26.6095422774867,26.6095422774867,0.0,4.257526764397872,0.0,4.257526764397872
2023-01-11 00:00:00-08:00,6.323517530999999,6.323517530999999,27.21295817430862,27.21295817430862,-20.889440643308625,-20.889440643308625,21.976667711692592,1.0872270683839682,3.516266833870815,0.08697816547071746,3.4292886684000976
2023-01-12 00:00:00-08:00,6.132435579899999,6.132435579899999,26.7275586345174,26.7275586345174,-20.595123054617403,-20.595123054617403,20.726080806111366,0.13095775149396116,3.3161729289778186,0.010476620119516894,3.305696308858302
2023-01-13 00:00:00-08:00,3.0938905232999994,3.0938905232999994,30.078470617543772,30.078470617543772,-26.984580094243775,-26.984580094243775,27.230938740658363,0.24635864641458827,4.356950198505338,0.01970869171316706,4.337241506792171
2023-01-14 00:00:00-08:00,2.2828090841999997,2.2828090841999997,29.948677919994857,29.948677919994857,-27.665868835794857,-27.665868835794857,27.665868835794857,0.0,4.426539013727178,0.0,4.426539013727178
2023-01-15 00:00:00-08:00,4.1770005858,4.1770005858,33.76766003400566,33.76766003400566,-29.59065944820566,-29.59065944820566,29.75608405968789,0.1654246114822311,4.760973449550063,0.013233968918578488,4.747739480631484
2023-01-16 00:00:00-08:00,4.750395565499999,4.750395565499999,31.138840432694042,31.138840432694042,-26.388444867194043,-26.388444867194043,26.915888406538333,0.5274435393442891,4.306542145046134,0.04219548314754313,4.264346661898591
2023-01-17 00:00:00-08:00,3.3330783176999996,3.3330783176999996,27.240436576540514,27.240436576540514,-23.907358258840514,-23.907358258840514,23.959039232878034,0.05168097403752103,3.8334462772604856,0.004134477923001683,3.829311799337484
2023-01-18 00:00:00-08:00,7.570191646799999,7.570191646799999,29.38904300753989,29.38904300753989,-21.81885136073989,-21.81885136073989,23.09649094472847,1.2776395839885792,3.6954385511565553,0.10221116671908634,3.593227384437469
2023-01-19 00:00:00-08:00,1.1488657706999992,1.1488657706999992,31.899781826167366,31.899781826167366,-30.750916055467368,-30.750916055467368,30.750916055467368,0.0,4.920146568874779,0.0,4.920146568874779
2023-01-20 00:00:00-08:00,7.371932779799999,7.371932779799999,29.893893881048655,29.893893881048655,-22.521961101248653,-22.521961101248653,24.142010567974705,1.6200494667260519,3.862721690875953,0.12960395733808416,3.7331177335378687
2023-01-21 00:00:00-08:00,9.610250324399999,9.610250324399999,34.25100384547956,34.25100384547956,-24.640753521079564,-24.640753521079564,26.086697935513918,1.4459444144343547,4.173871669682227,0.11567555315474838,4.058196116527479
2023-01-22 00:00:00-08:00,1.9338038090999996,1.9338038090999996,31.628006902367982,31.628006902367982,-29.694203093267983,-29.694203093267983,29.694203093267983,0.0,4.7510724949228775,0.0,4.7510724949228775
2023-01-23 00:00:00-08:00,9.081446309099999,9.081446309099999,27.230480121517438,27.230480121517438,-18.149033812417436,-18.149033812417436,19.856856229567917,1.7078224171504777,3.177096996730867,0.13662579337203823,3.0404712033588286
2023-01-24 00:00:00-08:00,9.4589855487,9.4589855487,30.284227930416538,30.284227930416538,-20.82524238171654,-20.82524238171654,22.672686092065124,1.8474437103485846,3.62762977473042,0.14779549682788676,3.4798342779025333
2023-01-25 00:00:00-08:00,1.8189117836999993,1.8189117836999993,27.194197544908295,27.194197544908295,-25.375285761208296,-25.375285761208296,25.375285761208296,0.0,4.060045721793328,0.0,4.060045721793328
2023-01-26 00:00:00-08:00,3.8907149930999996,3.8907149930999996,29.324962030218124,29.324962030218124,-25.434247037118123,-25.434247037118123,25.475697515734932,0.04145047861680673,4.07611160251759,0.0033160382893445382,4.072795564228245
2023-01-27 00:00:00-08:00,1.7762677919999996,1.7762677919999996,31.101332923274562,31.101332923274562,-29.325065131274563,-29.325065131274563,29.325065131274563,0.0,4.69201042100393,0.0,4.69201042100393
2023-01-28 00:00:00-08:00,3.9238312274999996,3.9238312274999996,29.07926030478263,29.07926030478263,-25.15542907728263,-25.15542907728263,25.64716625059697,0.4917371733143395,4.103546600095515,0.03933897386514716,4.064207626230368
2023-01-29 00:00:00-08:00,9.588161289599999,9.588161289599999,30.813520707591426,30.813520707591426,-21.225359417991427,-21.225359417991427,23.272343253255293,2.046983835263866,3.723574920520847,0.1637587068211093,3.5598162136997376
2023-01-30 00:00:00-08:00,11.133104680799999,11.133104680799999,27.92474680455935,27.92474680455935,-16.791642123759353,-16.791642123759353,19.884534681165977,3.0928925574066235,3.1815255489865564,0.24743140459252988,2.9340941443940265
2023-01-31 00:00:00-08:00,7.0062819075,7.0062819075,28.962401466990112,28.962401466990112,-21.956119559490112,-21.956119559490112,22.757379120964636,0.801259561474524,3.6411806593543417,0.06410076491796192,3.5770798944363795
2023-02-01 00:00:00-08:00,10.143507549599999,10.143507549599999,29.103784385088513,29.103784385088513,-18.960276835488514,-18.960276835488514,21.290072974386508,2.329796138897994,3.4064116759018415,0.18638369111183953,3.220027984790002
2023-02-02 00:00:00-08:00,10.2686869908,10.2686869908,32.16170854473539,32.16170854473539,-21.893021553935387,-21.893021553935387,23.833800139709304,1.9407785857739137,3.8134080223534887,0.1552622868619131,3.658145735491576
2023-02-03 00:00:00-08:00,4.058280924299999,4.058280924299999,26.80444251525523,26.80444251525523,-22.74616159095523,-22.74616159095523,23.116094598211532,0.36993300725630535,3.6985751357138454,0.029594640580504428,3.668980495133341
2023-02-04 00:00:00-08:00,3.7615737554999993,3.7615737554999993,34.71846238866592,34.71846238866592,-30.956888633165917,-30.956888633165917,30.956888633165917,0.0,4.953102181306547,0.0,4.953102181306547
2023-02-05 00:00:00-08:00,5.1271770528,5.1271770528,31.74718319126511,31.74718319126511,-26.620006138465108,-26.620006138465108,26.820144825690413,0.20013868722530426,4.291223172110466,0.016011094978024342,4.275212077132442
2023-02-06 00:00:00-08:00,6.967637493299999,6.967637493299999,28.478569849090338,28.478569849090338,-21.510932355790338,-21.510932355790338,22.42912132042807,0.9181889646377306,3.588659411268491,0.07345511717101845,3.515204294097473
2023-02-07 00:00:00-08:00,5.993788976099999,5.993788976099999,26.037121671684915,26.037121671684915,-20.043332695584915,-20.043332695584915,21.052113055517616,1.0087803599326983,3.3683380888828185,0.08070242879461587,3.2876356600882026
2023-02-08 00:00:00-08:00,4.893667860599999,4.893667860599999,27.581304300820083,27.581304300820083,-22.687636440220086,-22.687636440220086,23.553669821125663,0.8660333809055774,3.7685871713801062,0.06928267047244618,3.69930450090766
2023-02-09 00:00:00-08:00,10.051828582499999,10.051828582499999,27.035083590695514,27.035083590695514,-16.983255008195513,-16.983255008195513,18.97493540964293,1.9916804014474168,3.035989665542869,0.15933443211579335,2.876655233427076
2023-02-10 00:00:00-08:00,7.2644000607,7.2644000607,30.93185851043157,30.93185851043157,-23.667458449731573,-23.667458449731573,24.393167100571354,0.7257086508397821,3.902906736091417,0.058056692067182565,3.844850044024234
2023-02-11 00:00:00-08:00,7.8997933962,7.8997933962,33.551784331672046,33.551784331672046,-25.651990935472043,-25.651990935472043,26.620956553479786,0.9689656180077408,4.259353048556766,0.07751724944061927,4.181835799116146
2023-02-12 00:00:00-08:00,10.252808606699999,10.252808606699999,33.491692468448804,33.491692468448804,-23.238883861748807,-23.238883861748807,24.761795217830024,1.522911356081217,3.961887234852804,0.12183290848649737,3.8400543263663063
2023-02-13 00:00:00-08:00,6.917295047624998,6.917295047624998,26.495103050470238,26.495103050470238,-19.577808002845238,-19.577808002845238,20.85654200780395,1.2787340049587086,3.337046721248632,0.10229872039669669,3.234748000851935
2023-02-14 00:00:00-08:00,2.8334812925249997,2.8334812925249997,28.995242795734267,28.995242795734267,-26.161761503209267,-26.161761503209267,26.161761503209267,0.0,4.185881840513483,0.0,4.185881840513483
2023-02-15 00:00:00-08:00,9.375802425225,9.375802425225,30.077765433331617,30.077765433331617,-20.70196300810662,-20.70196300810662,22.580927624713187,1.8789646166065666,3.61294841995411,0.15031716932852532,3.4626312506255847
2023-02-16 00:00:00-08:00,10.630358780624999,10.630358780624999,29.377681762973896,29.377681762973896,-18.747322982348898,-18.747322982348898,20.908921115863798,2.161598133514902,3.345427378538208,0.17292785068119215,3.1724995278570156
2023-02-17 00:00:00-08:00,9.813225116024999,9.813225116024999,30.1246656215065,30.1246656215065,-20.311440505481503,-20.311440505481503,22.20122356841538,1.8897830629338754,3.5521957709464607,0.15118264503471004,3.4010131259117506
2023-02-18 00:00:00-08:00,3.8940056855999994,3.8940056855999994,34.66161458687054,34.66161458687054,-30.767608901270542,-30.767608901270542,30.767608901270542,0.0,4.922817424203287,0.0,4.922817424203287
2023-02-19 00:00:00-08:00,6.036057054224999,6.036057054224999,34.753756143262066,34.753756143262066,-28.717699089037065,-28.717699089037065,28.958078674479882,0.24037958544281968,4.633292587916781,0.019230366835425575,4.6140622210813556
2023-02-20 00:00:00-08:00,5.129653562324999,5.129653562324999,29.525163864650267,29.525163864650267,-24.39551030232527,-24.39551030232527,24.39551030232527,0.0,3.9032816483720434,0.0,3.9032816483720434
2023-02-21 00:00:00-08:00,2.1039016187249993,2.1039016187249993,30.009409767814706,30.009409767814706,-27.905508149089705,-27.905508149089705,27.905508149089705,0.0,4.464881303854353,0.0,4.464881303854353
2023-02-22 00:00:00-08:00,5.065801665299999,5.065801665299999,30.711507267089768,30.711507267089768,-25.645705601789768,-25.645705601789768,25.645705601789768,0.0,4.103312896286363,0.0,4.103312896286363
2023-02-23 00:00:00-08:00,5.009378099399999,5.009378099399999,28.67214196817161,28.67214196817161,-23.66276386877161,-23.66276386877161,23.744677075619375,0.08191320684776549,3.7991483320991,0.006553056547821239,3.7925952755512786
2023-02-24 00:00:00-08:00,5.035193017425,5.035193017425,31.30609605400253,31.30609605400253,-26.270903036577533,-26.270903036577533,26.441350946588905,0.17044791001137238,4.230616151454225,0.01363583280090979,4.216980318653315
2023-02-25 00:00:00-08:00,9.859470167925,9.859470167925,33.89922233471993,33.89922233471993,-24.03975216679493,-24.03975216679493,25.38378664523202,1.3440344784370928,4.061405863237123,0.10752275827496742,3.9538831049621557
2023-02-26 00:00:00-08:00,2.345445072,2.345445072,31.415549857438855,31.415549857438855,-29.070104785438854,-29.070104785438854,29.070104785438854,0.0,4.651216765670217,0.0,4.651216765670217
2023-02-27 00:00:00-08:00,6.113842091999999,6.113842091999999,30.93737117687828,30.93737117687828,-24.823529084878277,-24.823529084878277,25.023604928222465,0.20007584334418616,4.003776788515594,0.01600606746753489,3.9877707210480593
2023-02-28 00:00:00-08:00,4.499118350324999,4.499118350324999,31.80982826018029,31.80982826018029,-27.31070990985529,-27.31070990985529,27.31070990985529,0.0,4.3697135855768465,0.0,4.3697135855768465
2023-03-01 00:00:00-08:00,5.754119417325,5.754119417325,32.51129889597951,32.51129889597951,-26.757179478654507,-26.757179478654507,26.757179478654507,0.0,4.281148716584721,0.0,4.281148716584721
2023-03-02 00:00:00-08:00,5.607135084599999,5.607135084599999,28.165952376222567,28.165952376222567,-22.558817291622567,-22.558817291622567,22.787961044699188,0.22914375307662355,3.64607376715187,0.018331500246129884,3.62774226690574
2023-03-03 00:00:00-08:00,9.209153042099999,9.209153042099999,28.536246771646244,28.536246771646244,-19.327093729546245,-19.327093729546245,20.969473757226922,1.6423800276806757,3.3551158011563076,0.13139040221445406,3.2237253989418537
2023-03-04 00:00:00-08:00,4.202514068399999,4.202514068399999,31.76803781320976,31.76803781320976,-27.56552374480976,-27.56552374480976,27.56552374480976,0.0,4.410483799169562,0.0,4.410483799169562
2023-03-05 00:00:00-08:00,5.422040561699999,5.422040561699999,31.877343329584324,31.877343329584324,-26.455302767884323,-26.455302767884323,26.657642738644217,0.20233997075989318,4.265222838183075,0.016187197660791457,4.249035640522283
2023-03-06 00:00:00-08:00,10.063000188224999,10.063000188224999,30.908160949189522,30.908160949189522,-20.845160760964525,-20.845160760964525,23.058376062255842,2.2132153012913176,3.6893401699609347,0.1770572241033054,3.5122829458576295
2023-03-07 00:00:00-08:00,7.871948525699999,7.871948525699999,30.52325276029369,30.52325276029369,-22.65130423459369,-22.65130423459369,23.804446772561718,1.1531425379680267,3.808711483609875,0.09225140303744214,3.716460080572433
2023-03-08 00:00:00-08:00,5.4035559,5.4035559,26.94878109395083,26.94878109395083,-21.54522519395083,-21.54522519395083,22.04322880327687,0.49800360932604065,3.5269166085242993,0.03984028874608325,3.487076319778216
2023-03-09 00:00:00-08:00,6.8767633233,6.8767633233,30.074166364023526,30.074166364023526,-23.19740304072353,-23.19740304072353,23.19740304072353,0.0,3.711584486515765,0.0,3.711584486515765
2023-03-10 00:00:00-08:00,5.757730202925,5.757730202925,30.17601486106038,30.17601486106038,-24.41828465813538,-24.41828465813538,25.713022110596235,1.2947374524608564,4.1140835376953975,0.10357899619686851,4.010504541498529
2023-03-11 00:00:00-08:00,11.1105139023,11.1105139023,30.686552600412877,30.686552600412877,-19.576038698112878,-19.576038698112878,21.273870623763987,1.6978319256511107,3.403819299802238,0.13582655405208885,3.267992745750149
2023-03-12 00:00:00-08:00,4.221410822325,4.221410822325,32.10362264591578,32.10362264591578,-27.882211823590776,-27.882211823590776,27.882211823590776,0.0,4.461153891774524,0.0,4.461153891774524
2023-03-13 00:00:00-07:00,6.284541794399999,6.284541794399999,30.408920550513578,30.408920550513578,-24.12437875611358,-24.12437875611358,24.364166211533377,0.2397874554197983,3.8982665938453405,0.019182996433583864,3.8790835974117566
2023-03-14 00:00:00-07:00,2.4340282325999993,2.4340282325999993,31.348407956801456,31.348407956801456,-28.914379724201456,-28.914379724201456,28.914379724201456,0.0,4.626300755872233,0.0,4.626300755872233
2023-03-15 00:00:00-07:00,10.933297673624999,10.933297673624999,28.514369969338578,28.514369969338578,-17.58107229571358,-17.58107229571358,20.399928176658847,2.8188558809452657,3.2639885082654154,0.22550847047562125,3.0384800377897943
2023-03-16 00:00:00-07:00,11.536511362199999,11.536511362199999,27.71224824434323,27.71224824434323,-16.175736882143227,-16.175736882143227,19.547338543576654,3.3716016614334245,3.1275741669722645,0.26972813291467396,2.8578460340575904
2023-03-17 00:00:00-07:00,11.878363837799998,11.878363837799998,29.04316279113906,29.04316279113906,-17.16479895333906,-17.16479895333906,20.341746581086756,3.1769476277476967,3.254679452973881,0.25415581021981576,3.0005236427540654
2023-03-18 00:00:00-07:00,11.672011442699999,11.672011442699999,35.68641094119916,35.68641094119916,-24.014399498499166,-24.014399498499166,26.49933745224722,2.4849379537480565,4.239893992359556,0.19879503629984452,4.041098956059711
2023-03-19 00:00:00-07:00,3.505023896624999,3.505023896624999,35.75673339686289,35.75673339686289,-32.251709500237894,-32.251709500237894,32.251709500237894,0.0,5.160273520038063,0.0,5.160273520038063
2023-03-20 00:00:00-07:00,6.730135076024999,6.730135076024999,30.442479754844257,30.442479754844257,-23.71234467881926,-23.71234467881926,24.290603249177973,0.578258570358713,3.886496519868476,0.04626068562869704,3.840235834239779
2023-03-21 00:00:00-07:00,7.822750386599998,7.822750386599998,31.09325467594209,31.09325467594209,-23.270504289342092,-23.270504289342092,24.052588678659706,0.7820843893176147,3.848414188585553,0.06256675114540917,3.7858474374401436
2023-03-22 00:00:00-07:00,2.662337392199999,2.662337392199999,29.307849112756177,29.307849112756177,-26.645511720556176,-26.645511720556176,26.645511720556176,0.0,4.263281875288988,0.0,4.263281875288988
2023-03-23 00:00:00-07:00,6.563225871225,6.563225871225,29.310272630206004,29.310272630206004,-22.747046758981007,-22.747046758981007,23.211166999066982,0.46412024008597835,3.713786719850717,0.03712961920687827,3.6766571006438387
2023-03-24 00:00:00-07:00,7.144323297524999,7.144323297524999,32.2289843461381,32.2289843461381,-25.084661048613096,-25.084661048613096,25.596759807099943,0.5120987584868483,4.095481569135991,0.040967900678947865,4.0545136684570435
2023-03-25 00:00:00-07:00,5.9496438141,5.9496438141,29.958974633793026,29.958974633793026,-24.009330819693027,-24.009330819693027,24.189628004096775,0.18029718440374776,3.870340480655484,0.01442377475229982,3.855916705903184
2023-03-26 00:00:00-07:00,5.733858742199999,5.733858742199999,34.72672068677704,34.72672068677704,-28.992861944577044,-28.992861944577044,29.024787238601657,0.03192529402461186,4.643965958176265,0.002554023521968949,4.641411934654296
2023-03-27 00:00:00-07:00,8.799901624799999,8.799901624799999,30.426977964886603,30.426977964886603,-21.627076340086607,-21.627076340086607,22.945607253137048,1.3185309130504435,3.671297160501928,0.10548247304403548,3.5658146874578924
2023-03-28 00:00:00-07:00,5.770381563899999,5.770381563899999,31.266781084259797,31.266781084259797,-25.496399520359798,-25.496399520359798,25.59191110400255,0.09551158364274925,4.094705776640408,0.0076409266914199405,4.087064849948988
2023-03-29 00:00:00-07:00,3.6627754067999985,3.6627754067999985,26.640088494095078,26.640088494095078,-22.97731308729508,-22.97731308729508,22.97731308729508,0.0,3.676370093967213,0.0,3.676370093967213
2023-03-30 00:00:00-07:00,4.988796965999999,4.988796965999999,30.343756054284764,30.343756054284764,-25.354959088284765,-25.354959088284765,25.393805907511,0.038846819226233675,4.0630089452017595,0.003107745538098694,4.059901199663661
2023-03-31 00:00:00-07:00,7.1658756108,7.1658756108,30.09730454310338,30.09730454310338,-22.93142893230338,-22.93142893230338,23.517172878238288,0.5857439459349083,3.762747660518126,0.046859515674792664,3.7158881448433334
2023-04-01 00:00:00-07:00,6.815533900499999,6.815533900499999,33.08253538999701,33.08253538999701,-26.267001489497012,-26.267001489497012,26.267001489497012,0.0,4.202720238319522,0.0,4.202720238319522
2023-04-02 00:00:00-07:00,4.962865620599999,4.962865620599999,30.338299524484633,30.338299524484633,-25.37543390388463,-25.37543390388463,25.37543390388463,0.0,4.060069424621541,0.0,4.060069424621541
2023-04-03 00:00:00-07:00,6.167577766725,6.167577766725,30.90036136604376,30.90036136604376,-24.73278359931876,-24.73278359931876,24.935514044231294,0.2027304449125329,3.989682247077007,0.016218435593002633,3.973463811484004
2023-04-04 00:00:00-07:00,6.3047105973,6.3047105973,30.64473684769198,30.64473684769198,-24.340026250391983,-24.340026250391983,24.664796652266386,0.3247704018744044,3.9463674643626216,0.025981632149952354,3.9203858322126695
2023-04-05 00:00:00-07:00,12.255098634,12.255098634,31.29483367329637,31.29483367329637,-19.039735039296367,-19.039735039296367,22.448131027467678,3.4083959881713084,3.5917009643948283,0.27267167905370465,3.3190292853411236
2023-04-06 00:00:00-07:00,11.6539847739,11.6539847739,28.712656152914665,28.712656152914665,-17.058671379014665,-17.058671379014665,20.390334302447933,3.331662923433269,3.262453488391669,0.26653303387466154,2.9959204545170075
2023-04-07 00:00:00-07:00,5.0259308064749995,5.0259308064749995,27.962240001138802,27.962240001138802,-22.936309194663803,-22.936309194663803,23.64825311391192,0.7119439192481161,3.7837204982259074,0.05695551353984929,3.726764984686058
2023-04-08 00:00:00-07:00,8.154033030449998,8.154033030449998,34.805536671038574,34.805536671038574,-26.651503640588576,-26.651503640588576,27.360925207459097,0.7094215668705188,4.3777480331934555,0.05675372534964151,4.320994307843814
2023-04-09 00:00:00-07:00,10.699701070275,10.699701070275,31.74274572737397,31.74274572737397,-21.043044657098967,-21.043044657098967,23.170692352776413,2.127647695677444,3.7073107764442264,0.17021181565419555,3.537098960790031
2023-04-10 00:00:00-07:00,8.337798444599999,8.337798444599999,26.486134053212314,26.486134053212314,-18.148335608612314,-18.148335608612314,19.556543094082087,1.4082074854697724,3.129046895053134,0.11265659883758179,3.0163902962155524
2023-04-11 00:00:00-07:00,7.719204056849999,7.719204056849999,29.882037036748706,29.882037036748706,-22.162832979898706,-22.162832979898706,23.054926854633106,0.8920938747343988,3.688788296741297,0.07136750997875191,3.617420786762545
2023-04-12 00:00:00-07:00,5.719526835749999,5.719526835749999,27.003344888421335,27.003344888421335,-21.283818052671336,-21.283818052671336,21.580876347940713,0.2970582952693775,3.4529402156705142,0.0237646636215502,3.429175552048964
2023-04-13 00:00:00-07:00,10.835646644699999,10.835646644699999,29.580505544888585,29.580505544888585,-18.744858900188586,-18.744858900188586,20.966694764930534,2.2218358647419505,3.3546711623888856,0.17774686917935603,3.1769242932095296
2023-04-14 00:00:00-07:00,6.814829547449999,6.814829547449999,26.500707682296444,26.500707682296444,-19.685878134846444,-19.685878134846444,20.55525567669666,0.8693775418502144,3.2888409082714656,0.06955020334801716,3.2192907049234485
2023-04-15 00:00:00-07:00,9.429431679449998,9.429431679449998,30.326776063346717,30.326776063346717,-20.89734438389672,-20.89734438389672,22.372487004728377,1.475142620831659,3.5795979207565405,0.11801140966653272,3.4615865110900077
2023-04-16 00:00:00-07:00,9.235583983349999,9.235583983349999,34.16515178775385,34.16515178775385,-24.92956780440385,-24.92956780440385,25.938006461681304,1.0084386572774542,4.150081033869009,0.08067509258219634,4.069405941286813
2023-04-17 00:00:00-07:00,5.670960651899999,5.670960651899999,28.632901966851104,28.632901966851104,-22.961941314951105,-22.961941314951105,23.258487379060554,0.2965460641094509,3.721357980649689,0.023723685128756073,3.697634295520933
2023-04-18 00:00:00-07:00,6.679009169999999,6.679009169999999,30.49052179720577,30.49052179720577,-23.81151262720577,-23.81151262720577,24.31751608399986,0.5060034567940873,3.8908025734399776,0.04048027654352698,3.850322296896451
2023-04-19 00:00:00-07:00,7.890774054299999,7.890774054299999,30.085557313741134,30.085557313741134,-22.194783259441135,-22.194783259441135,22.81109196919279,0.6163087097516583,3.649774715070847,0.04930469678013266,3.6004700182907143
2023-04-20 00:00:00-07:00,9.018021652649999,9.018021652649999,28.77535558001894,28.77535558001894,-19.75733392736894,-19.75733392736894,21.18445094992242,1.4271170225534795,3.3895121519875877,0.11416936180427836,3.275342790183309
2023-04-21 00:00:00-07:00,3.1490056367999992,3.1490056367999992,31.627835556366556,31.627835556366556,-28.478829919566557,-28.478829919566557,28.486100101428367,0.007270181861808278,4.557776016228539,0.0005816145489446622,4.557194401679594
2023-04-22 00:00:00-07:00,7.180229711249999,7.180229711249999,32.99489770588641,32.99489770588641,-25.814667994636405,-25.814667994636405,26.35557789295037,0.5409098983139647,4.216892462872059,0.04327279186511718,4.173619671006942
2023-04-23 00:00:00-07:00,5.345238109949999,5.345238109949999,31.35015970563856,31.35015970563856,-26.00492159568856,-26.00492159568856,26.363020626461523,0.358099030772964,4.218083300233844,0.02864792246183712,4.189435377772007
2023-04-24 00:00:00-07:00,9.17585852265,9.17585852265,26.768612917726497,26.768612917726497,-17.592754395076497,-17.592754395076497,19.29432066033079,1.7015662652542942,3.0870913056529266,0.13612530122034355,2.950966004432583
2023-04-25 00:00:00-07:00,11.337807783599999,11.337807783599999,29.090067307215325,29.090067307215325,-17.752259523615326,-17.752259523615326,20.564859038291914,2.812599514676587,3.290377446126706,0.22500796117412697,3.065369484952579
2023-04-26 00:00:00-07:00,10.530884131199999,10.530884131199999,28.50686296533732,28.50686296533732,-17.97597883413732,-17.97597883413732,20.476153669040798,2.500174834903478,3.2761845870465276,0.20001398679227822,3.0761706002542493
2023-04-27 00:00:00-07:00,10.388948040449998,10.388948040449998,28.7622469110047,28.7622469110047,-18.3732988705547,-18.3732988705547,20.514571274818692,2.1412724042639946,3.282331403970991,0.17130179234111956,3.1110296116298715
2023-04-28 00:00:00-07:00,10.839193415999999,10.839193415999999,28.47152493815569,28.47152493815569,-17.632331522155688,-17.632331522155688,20.282298992877653,2.6499674707219616,3.2451678388604246,0.21199739765775694,3.0331704412026674
2023-04-29 00:00:00-07:00,9.792360498149998,9.792360498149998,33.976437918239256,33.976437918239256,-24.184077420089253,-24.184077420089253,25.465458385795166,1.2813809657059108,4.074473341727226,0.10251047725647286,3.9719628644707536
2023-04-30 00:00:00-07:00,9.249971874299998,9.249971874299998,30.541540768870973,30.541540768870973,-21.291568894570975,-21.291568894570975,22.438016230637096,1.1464473360661214,3.5900825969019357,0.09171578688528971,3.498366810016646
2023-05-01 00:00:00-07:00,9.7279692309,9.7279692309,27.858909369297994,27.858909369297994,-18.130940138397996,-18.130940138397996,19.906484655013344,1.7755445166153494,3.1850375448021353,0.14204356132922796,3.042993983472907
2023-05-02 00:00:00-07:00,11.019691165949999,11.019691165949999,28.08371415123685,28.08371415123685,-17.064022985286854,-17.064022985286854,19.69588106910879,2.631858083821938,3.1513409710574063,0.21054864670575504,2.9407923243516514
2023-05-03 00:00:00-07:00,9.5441529555,9.5441529555,31.637562048490278,31.637562048490278,-22.093409092990278,-22.093409092990278,23.718586367229825,1.6251772742395456,3.7949738187567723,0.13001418193916364,3.6649596368176085
2023-05-04 00:00:00-07:00,5.827561999199999,5.827561999199999,27.233390166636365,27.233390166636365,-21.405828167436365,-21.405828167436365,22.28786537901198,0.8820372115756161,3.5660584606419166,0.07056297692604929,3.4954954837158674
2023-05-05 00:00:00-07:00,4.412467525049999,4.412467525049999,27.242547180426527,27.242547180426527,-22.830079655376526,-22.830079655376526,23.074289873700167,0.24421021832363898,3.691886379792027,0.01953681746589112,3.672349562326136
2023-05-06 00:00:00-07:00,4.604087120399999,4.604087120399999,29.425680112520197,29.425680112520197,-24.8215929921202,-24.8215929921202,24.91195053521629,0.09035754309609134,3.985912085634607,0.0072286034476873075,3.9786834821869195
2023-05-07 00:00:00-07:00,10.104385385249998,10.104385385249998,33.20833746276058,33.20833746276058,-23.10395207751058,-23.10395207751058,24.81069942546175,1.7067473479511688,3.96971190807388,0.1365397878360935,3.833172120237786
2023-05-08 00:00:00-07:00,8.914173858449999,8.914173858449999,28.05803679196535,28.05803679196535,-19.14386293351535,-19.14386293351535,20.67901849419556,1.5351555606802076,3.30864295907129,0.12281244485441661,3.1858305142168732
2023-05-09 00:00:00-07:00,11.280661824599997,11.280661824599997,28.40452345131334,28.40452345131334,-17.123861626713346,-17.123861626713346,19.87478895715917,2.7509273304458257,3.1799662331454672,0.22007418643566606,2.9598920467098013
2023-05-10 00:00:00-07:00,8.520154346699998,8.520154346699998,26.682014874879865,26.682014874879865,-18.161860528179865,-18.161860528179865,18.947970836126505,0.7861103079466396,3.0316753337802407,0.06288882463573117,2.9687865091445094
2023-05-11 00:00:00-07:00,10.033363744199999,10.033363744199999,27.61551928877317,27.61551928877317,-17.582155544573173,-17.582155544573173,19.607380388086774,2.0252248435136004,3.137180862093884,0.16201798748108803,2.975162874612796
2023-05-12 00:00:00-07:00,10.9708082937,10.9708082937,30.72602252696217,30.72602252696217,-19.75521423326217,-19.75521423326217,22.24562316821551,2.490408934953341,3.5592997069144814,0.19923271479626728,3.360066992118214
2023-05-13 00:00:00-07:00,9.554879933999999,9.554879933999999,32.41271708659691,32.41271708659691,-22.857837152596918,-22.857837152596918,24.057086134539333,1.1992489819424141,3.849133781526293,0.09593991855539313,3.7531938629709
2023-05-14 00:00:00-07:00,7.192378721699999,7.192378721699999,34.26831906607508,34.26831906607508,-27.07594034437508,-27.07594034437508,27.715060204281986,0.6391198599069057,4.434409632685118,0.05112958879255246,4.383280043892566
2023-05-15 00:00:00-07:00,8.991644160599998,8.991644160599998,27.945858694219222,27.945858694219222,-18.954214533619222,-18.954214533619222,20.959254938894677,2.005040405275454,3.3534807902231485,0.1604032324220363,3.193077557801112
2023-05-16 00:00:00-07:00,10.2504322476,10.2504322476,26.86301250071011,26.86301250071011,-16.61258025311011,-16.61258025311011,19.20820019540586,2.5956199422957456,3.0733120312649373,0.20764959538365965,2.8656624358812777
2023-05-17 00:00:00-07:00,6.976323368999998,6.976323368999998,28.131529914462167,28.131529914462167,-21.155206545462168,-21.155206545462168,21.608325992229833,0.4531194467676656,3.4573321587567736,0.036249555741413246,3.4210826030153605
2023-05-18 00:00:00-07:00,9.979524256499998,9.979524256499998,30.847313638060257,30.847313638060257,-20.867789381560257,-20.867789381560257,22.449155776913592,1.5813663953533328,3.591864924306175,0.12650931162826662,3.465355612677908
2023-05-19 00:00:00-07:00,9.0970322427,9.0970322427,30.898417218636954,30.898417218636954,-21.801384975936955,-21.801384975936955,22.830208617751296,1.0288236418143408,3.6528333788402074,0.08230589134514726,3.57052748749506
2023-05-20 00:00:00-07:00,10.5430243464,10.5430243464,31.28239755435754,31.28239755435754,-20.73937320795754,-20.73937320795754,22.94467362608104,2.205300418123499,3.6711477801729666,0.17642403344987995,3.4947237467230865
2023-05-21 00:00:00-07:00,8.2172823705,8.2172823705,33.43326867627908,33.43326867627908,-25.215986305779076,-25.215986305779076,25.645351214618657,0.4293649088395811,4.103256194338985,0.03434919270716649,4.0689070016318185
2023-05-22 00:00:00-07:00,10.5352676676,10.5352676676,27.196570871371037,27.196570871371037,-16.661303203771038,-16.661303203771038,19.195284907108285,2.5339817033372483,3.0712455851373255,0.20271853626697986,2.868527048870346
2023-05-23 00:00:00-07:00,7.639474715999999,7.639474715999999,30.727000165962128,30.727000165962128,-23.08752544996213,-23.08752544996213,24.398715070375626,1.311189620413496,3.9037944112601,0.10489516963307968,3.7988992416270206
2023-05-24 00:00:00-07:00,3.9694657769999986,3.9694657769999986,28.41823367907565,28.41823367907565,-24.44876790207565,-24.44876790207565,24.459958000733717,0.011190098658064529,3.9135932801173947,0.0008952078926451623,3.9126980722247495
2023-05-25 00:00:00-07:00,6.894394326,6.894394326,31.36761887508853,31.36761887508853,-24.47322454908853,-24.47322454908853,25.051214446116674,0.5779898970281431,4.008194311378668,0.04623919176225145,3.961955119616417
2023-05-26 00:00:00-07:00,5.526698072399999,5.526698072399999,29.71117514314316,29.71117514314316,-24.18447707074316,-24.18447707074316,24.519739723743218,0.33526265300005564,3.923158355798915,0.026821012240004452,3.8963373435589106
2023-05-27 00:00:00-07:00,7.891855423199999,7.891855423199999,32.37031909797999,32.37031909797999,-24.47846367477999,-24.47846367477999,25.05517768486098,0.5767140100809875,4.008828429577757,0.046137120806479005,3.962691308771278
2023-05-28 00:00:00-07:00,7.4326764563999985,7.4326764563999985,31.37487217101149,31.37487217101149,-23.942195714611493,-23.942195714611493,24.648240911418593,0.7060451968071011,3.9437185458269752,0.05648361574456809,3.887234930082407
2023-05-29 00:00:00-07:00,7.9976800818,7.9976800818,29.64127296711394,29.64127296711394,-21.64359288531394,-21.64359288531394,22.547106190961646,0.9035133056477047,3.6075369905538635,0.07228106445181638,3.535255926102047
2023-05-30 00:00:00-07:00,7.425097440299998,7.425097440299998,30.112162242891632,30.112162242891632,-22.687064802591635,-22.687064802591635,23.794071362763706,1.1070065601720707,3.807051418042193,0.08856052481376565,3.7184908932284273
2023-05-31 00:00:00-07:00,7.0557825977999995,7.0557825977999995,27.118476894540706,27.118476894540706,-20.062694296740705,-20.062694296740705,20.532585267157867,0.4698909704171619,3.2852136427452585,0.03759127763337295,3.2476223651118854
2023-06-01 00:00:00-07:00,9.221902774199998,9.221902774199998,27.77801705968589,27.77801705968589,-18.55611428548589,-18.55611428548589,20.524955060788887,1.9688407753029968,3.283992809726222,0.15750726202423976,3.126485547701982
2023-06-02 00:00:00-07:00,8.5569098274,8.5569098274,28.347694453811176,28.347694453811176,-19.790784626411174,-19.790784626411174,21.376463381875762,1.5856787554645888,3.420234141100122,0.1268543004371671,3.293379840662955
2023-06-03 00:00:00-07:00,7.166331278999999,7.166331278999999,30.15581370174699,30.15581370174699,-22.989482422746992,-22.989482422746992,23.989448373839373,0.9999659510923793,3.8383117398142996,0.07999727608739035,3.7583144637269092
2023-06-04 00:00:00-07:00,3.333325294799999,3.333325294799999,31.777899507352675,31.777899507352675,-28.444574212552677,-28.444574212552677,28.444574212552677,0.0,4.551131874008428,0.0,4.551131874008428
2023-06-05 00:00:00-07:00,10.0061456328,10.0061456328,32.130299149728714,32.130299149728714,-22.124153516928715,-22.124153516928715,23.325947912866187,1.2017943959374753,3.73215166605859,0.09614355167499802,3.636008114383592
2023-06-06 00:00:00-07:00,7.838919992699999,7.838919992699999,27.790409671669188,27.790409671669188,-19.95148967896919,-19.95148967896919,20.98340665786297,1.0319169788937823,3.3573450652580754,0.08255335831150258,3.274791706946573
2023-06-07 00:00:00-07:00,6.874681858199999,6.874681858199999,30.068899278621533,30.068899278621533,-23.194217420421534,-23.194217420421534,24.823599929971166,1.6293825095496304,3.9717759887953865,0.13035060076397043,3.841425388031416
2023-06-08 00:00:00-07:00,6.203508641099998,6.203508641099998,27.297194735108643,27.297194735108643,-21.093686094008643,-21.093686094008643,22.236936596825473,1.1432505028168292,3.557909855492076,0.09146004022534633,3.4664498152667296
2023-06-09 00:00:00-07:00,5.299446545999999,5.299446545999999,30.381604686503703,30.381604686503703,-25.082158140503704,-25.082158140503704,25.4170589531576,0.3349008126538966,4.066729432505216,0.02679206501231173,4.039937367492905
2023-06-10 00:00:00-07:00,5.5486012121999995,5.5486012121999995,29.50591383128848,29.50591383128848,-23.957312619088484,-23.957312619088484,24.254060202171075,0.29674758308259075,3.8806496323473723,0.02373980664660726,3.856909825700765
2023-06-11 00:00:00-07:00,6.077956999499999,6.077956999499999,29.398226701800837,29.398226701800837,-23.320269702300838,-23.320269702300838,23.535223042470914,0.21495334017007783,3.7656356867953464,0.017196267213606228,3.7484394195817403
2023-06-12 00:00:00-07:00,6.925876020899999,6.925876020899999,30.32416929427253,30.32416929427253,-23.39829327337253,-23.39829327337253,24.630806942749786,1.232513669377254,3.9409291108399658,0.09860109355018032,3.8423280172897853
2023-06-13 00:00:00-07:00,4.7683608254999985,4.7683608254999985,30.62210313200155,30.62210313200155,-25.85374230650155,-25.85374230650155,25.85374230650155,0.0,4.136598769040249,0.0,4.136598769040249
2023-06-14 00:00:00-07:00,9.4774205817,9.4774205817,31.27760796236443,31.27760796236443,-21.800187380664433,-21.800187380664433,23.347603363737846,1.547415983073414,3.7356165381980553,0.12379327864587313,3.611823259552182
2023-06-15 00:00:00-07:00,11.432849946299998,11.432849946299998,29.41819487770357,29.41819487770357,-17.985344931403574,-17.985344931403574,20.644369168464426,2.6590242370608514,3.3030990669543083,0.21272193896486813,3.09037712798944
2023-06-16 00:00:00-07:00,11.327914748699998,11.327914748699998,26.612388389456118,26.612388389456118,-15.284473640756119,-15.284473640756119,18.15332760418357,2.868853963427451,2.904532416669371,0.22950831707419606,2.6750240995951753
2023-06-17 00:00:00-07:00,7.869687791399999,7.869687791399999,33.63892941519189,33.63892941519189,-25.769241623791892,-25.769241623791892,26.090937264874213,0.3216956410823185,4.174549962379874,0.025735651286585483,4.148814311093289
2023-06-18 00:00:00-07:00,7.211806312499999,7.211806312499999,31.89157887009325,31.89157887009325,-24.679772557593253,-24.679772557593253,26.004606083667863,1.3248335260746116,4.160736973386858,0.10598668208596893,4.0547502913008895
2023-06-19 00:00:00-07:00,10.5529633785,10.5529633785,29.89383938450893,29.89383938450893,-19.34087600600893,-19.34087600600893,21.440440714050286,2.0995647080413544,3.430470514248046,0.16796517664330834,3.262505337604738
2023-06-20 00:00:00-07:00,8.910008091899998,8.910008091899998,27.013433191907595,27.013433191907595,-18.1034251000076,-18.1034251000076,19.690303790231866,1.5868786902242686,3.1504486064370987,0.1269502952179415,3.023498311219157
2023-06-21 00:00:00-07:00,11.622305150099999,11.622305150099999,28.819313601171693,28.819313601171693,-17.197008451071696,-17.197008451071696,19.900146083509593,2.7031376324378953,3.184023373361535,0.21625101059503163,2.967772362766503
2023-06-22 00:00:00-07:00,10.995709443299999,10.995709443299999,30.838063287089845,30.838063287089845,-19.842353843789844,-19.842353843789844,21.88684612286209,2.0444922790722413,3.501895379657934,0.1635593823257793,3.338335997332155
2023-06-23 00:00:00-07:00,8.581263147,8.581263147,29.51786573871428,29.51786573871428,-20.93660259171428,-20.93660259171428,21.83452382638369,0.8979212346694099,3.4935238122213907,0.07183369877355279,3.421690113447838
2023-06-24 00:00:00-07:00,7.798666386599999,7.798666386599999,29.95105697082725,29.95105697082725,-22.15239058422725,-22.15239058422725,22.841842934866463,0.6894523506392128,3.654694869578634,0.05515618805113703,3.599538681527497
2023-06-25 00:00:00-07:00,7.801763003099999,7.801763003099999,34.211998084853455,34.211998084853455,-26.41023508175346,-26.41023508175346,26.41023508175346,0.0,4.225637613080553,0.0,4.225637613080553
2023-06-26 00:00:00-07:00,6.785733784499999,6.785733784499999,31.587220570995648,31.587220570995648,-24.801486786495648,-24.801486786495648,25.719557166268707,0.9180703797730597,4.115129146602993,0.07344563038184478,4.041683516221148
2023-06-27 00:00:00-07:00,8.466965477999999,8.466965477999999,26.722584979921237,26.722584979921237,-18.25561950192124,-18.25561950192124,19.404342057771792,1.148722555850554,3.1046947292434868,0.09189780446804433,3.0127969247754423
2023-06-28 00:00:00-07:00,8.5741976223,8.5741976223,29.915998678860962,29.915998678860962,-21.34180105656096,-21.34180105656096,22.681864747778878,1.3400636912179147,3.6290983596446207,0.10720509529743318,3.5218932643471876
2023-06-29 00:00:00-07:00,10.1758932882,10.1758932882,32.57205652517954,32.57205652517954,-22.396163236979543,-22.396163236979543,24.40344523978191,2.0072820028023663,3.9045512383651055,0.16058256022418932,3.743968678140916
2023-06-30 00:00:00-07:00,9.985862058299999,9.985862058299999,28.404723294695298,28.404723294695298,-18.418861236395298,-18.418861236395298,20.771585731642105,2.352724495246807,3.323453717062737,0.18821795961974455,3.1352357574429925
2023-07-01 00:00:00-07:00,8.4551409549,8.4551409549,34.44878491676339,34.44878491676339,-25.99364396186339,-25.99364396186339,26.567742184572353,0.574098222708964,4.250838749531576,0.04592785781671713,4.204910891714859
2023-07-02 00:00:00-07:00,8.4942941868,8.4942941868,29.875666214969744,29.875666214969744,-21.381372028169746,-21.381372028169746,22.462350648142642,1.0809786199728972,3.593976103702823,0.08647828959783178,3.507497814104991
2023-07-03 00:00:00-07:00,8.3270689929,8.3270689929,29.77225595625317,29.77225595625317,-21.44518696335317,-21.44518696335317,22.406341013472804,0.9611540501196336,3.585014562155649,0.07689232400957069,3.508122238146078
2023-07-04 00:00:00-07:00,9.6738316794,9.6738316794,28.695029995209897,28.695029995209897,-19.021198315809897,-19.021198315809897,21.37072200071044,2.349523684900542,3.4193155201136705,0.18796189479204337,3.2313536253216273
2023-07-05 00:00:00-07:00,10.2227121468,10.2227121468,28.791024773742333,28.791024773742333,-18.568312626942333,-18.568312626942333,21.240549110819334,2.672236483876999,3.3984878577310935,0.21377891871015994,3.1847089390209335
2023-07-06 00:00:00-07:00,9.210449843999998,9.210449843999998,29.70435771780852,29.70435771780852,-20.49390787380852,-20.49390787380852,22.313707919060285,1.819800045251763,3.5701932670496457,0.14558400362014104,3.4246092634295047
2023-07-07 00:00:00-07:00,6.398586935099999,6.398586935099999,28.097514866675677,28.097514866675677,-21.69892793157568,-21.69892793157568,22.039916317118877,0.3409883855432001,3.5263866107390203,0.02727907084345601,3.4991075398955642
2023-07-08 00:00:00-07:00,7.246601930699999,7.246601930699999,33.68367774344134,33.68367774344134,-26.437075812741348,-26.437075812741348,27.194824166680213,0.7577483539388674,4.351171866668834,0.0606198683151094,4.290551998353725
2023-07-09 00:00:00-07:00,9.346675719599999,9.346675719599999,33.60334691404258,33.60334691404258,-24.256671194442585,-24.256671194442585,25.825162726062477,1.5684915316198893,4.1320260361699965,0.12547932252959115,4.006546713640406
2023-07-10 00:00:00-07:00,9.019464512399999,9.019464512399999,30.747683688756005,30.747683688756005,-21.728219176356006,-21.728219176356006,23.081907308039426,1.3536881316834166,3.693105169286308,0.10829505053467334,3.584810118751635
2023-07-11 00:00:00-07:00,10.520027150399999,10.520027150399999,29.175185024218685,29.175185024218685,-18.655157873818688,-18.655157873818688,21.114663500812473,2.4595056269937876,3.3783461601299956,0.19676045015950303,3.1815857099704927
2023-07-12 00:00:00-07:00,10.5191854281,10.5191854281,29.047330781160877,29.047330781160877,-18.52814535306088,-18.52814535306088,20.90733347781611,2.3791881247552302,3.3451733564505775,0.19033504998041842,3.154838306470159
2023-07-13 00:00:00-07:00,10.3910405445,10.3910405445,28.212993940969767,28.212993940969767,-17.82195339646977,-17.82195339646977,20.171796495889417,2.3498430994196484,3.227487439342307,0.1879874479535719,3.0394999913887353
2023-07-14 00:00:00-07:00,10.4586639615,10.4586639615,26.622648177761963,26.622648177761963,-16.163984216261966,-16.163984216261966,18.734737368393823,2.570753152131859,2.9975579789430116,0.20566025217054873,2.7918977267724627
2023-07-15 00:00:00-07:00,10.337105765699999,10.337105765699999,30.145740329673206,30.145740329673206,-19.808634563973207,-19.808634563973207,21.996344576917675,2.1877100129444678,3.519415132306828,0.17501680103555742,3.344398331271271
2023-07-16 00:00:00-07:00,10.273347209699999,10.273347209699999,31.90065531968502,31.90065531968502,-21.62730810998502,-21.62730810998502,23.546595399145716,1.9192872891606982,3.7674552638633148,0.15354298313285586,3.613912280730459
2023-07-17 00:00:00-07:00,6.989197028399999,6.989197028399999,30.733233204164634,30.733233204164634,-23.744036175764634,-23.744036175764634,24.12438311236241,0.38034693659777485,3.8599012979779856,0.03042775492782199,3.8294735430501636
2023-07-18 00:00:00-07:00,9.797380569,9.797380569,28.473346862599204,28.473346862599204,-18.675966293599206,-18.675966293599206,20.564378302386263,1.8884120087870584,3.290300528381802,0.15107296070296466,3.1392275676788373
2023-07-19 00:00:00-07:00,8.348433074999999,8.348433074999999,28.659817197172522,28.659817197172522,-20.311384122172523,-20.311384122172523,21.264991382394236,0.953607260221712,3.4023986211830777,0.07628858081773697,3.3261100403653407
2023-07-20 00:00:00-07:00,9.707102999099998,9.707102999099998,27.379585700750074,27.379585700750074,-17.672482701650075,-17.672482701650075,19.7970365577106,2.1245538560605253,3.167525849233696,0.16996430848484204,2.9975615407488543
2023-07-21 00:00:00-07:00,10.407458072699999,10.407458072699999,30.955162596897047,30.955162596897047,-20.547704524197048,-20.547704524197048,22.711542535392688,2.163838011195637,3.6338468056628304,0.17310704089565096,3.4607397647671796
2023-07-22 00:00:00-07:00,9.333130068,9.333130068,29.908482958760775,29.908482958760775,-20.575352890760772,-20.575352890760772,22.151148248356687,1.575795357595915,3.5441837197370702,0.1260636286076732,3.418120091129397
2023-07-23 00:00:00-07:00,8.749794525299999,8.749794525299999,31.674892034536065,31.674892034536065,-22.925097509236064,-22.925097509236064,23.763129856055528,0.8380323468194623,3.8021007769688846,0.06704258774555698,3.7350581892233277
2023-07-24 00:00:00-07:00,5.588712212399999,5.588712212399999,28.313967692867234,28.313967692867234,-22.725255480467236,-22.725255480467236,23.33707430103399,0.6118188205667527,3.7339318881654386,0.04894550564534022,3.6849863825200986
2023-07-25 00:00:00-07:00,10.701989775899998,10.701989775899998,27.142746306160483,27.142746306160483,-16.440756530260487,-16.440756530260487,19.106072082254187,2.6653155519936993,3.05697153316067,0.21322524415949595,2.8437462890011744
2023-07-26 00:00:00-07:00,10.36758114225,10.36758114225,27.53849379596847,27.53849379596847,-17.170912653718474,-17.170912653718474,19.809404799116745,2.638492145398271,3.169504767858679,0.2110793716318617,2.9584253962268177
2023-07-27 00:00:00-07:00,10.5236267607,10.5236267607,29.315121858843302,29.315121858843302,-18.7914950981433,-18.7914950981433,21.235934120160284,2.4444390220169807,3.3977494592256456,0.19555512176135847,3.202194337464287
2023-07-28 00:00:00-07:00,10.5778314018,10.5778314018,31.679069969869914,31.679069969869914,-21.101238568069917,-21.101238568069917,23.193234379302936,2.0919958112330206,3.71091750068847,0.16735966489864165,3.5435578357898283
2023-07-29 00:00:00-07:00,6.4075878697499995,6.4075878697499995,30.353113058683864,30.353113058683864,-23.945525188933864,-23.945525188933864,24.600153754250705,0.6546285653168402,3.936024600680113,0.052370285225347216,3.883654315454766
2023-07-30 00:00:00-07:00,9.8661358125,9.8661358125,29.423571153538262,29.423571153538262,-19.557435341038264,-19.557435341038264,21.535073196514873,1.977637855476608,3.4456117114423797,0.15821102843812865,3.287400683004251
2023-07-31 00:00:00-07:00,9.670385518199998,9.670385518199998,29.085412857233564,29.085412857233564,-19.415027339033564,-19.415027339033564,21.298184545037273,1.8831572060037085,3.407709527205964,0.15065257648029667,3.257056950725667
2023-08-01 00:00:00-07:00,7.350014135249999,7.350014135249999,27.471883148033747,27.471883148033747,-20.121869012783748,-20.121869012783748,20.605798180010538,0.48392916722679097,3.296927708801686,0.03871433337814328,3.2582133754235425
2023-08-02 00:00:00-07:00,7.078845795299999,7.078845795299999,29.999972251857255,29.999972251857255,-22.921126456557257,-22.921126456557257,23.317323744829405,0.3961972882721472,3.7307717991727047,0.03169578306177177,3.699076016110933
2023-08-03 00:00:00-07:00,4.913234730899999,4.913234730899999,29.9450952289742,29.9450952289742,-25.031860498074202,-25.031860498074202,25.263025729061333,0.23116523098713093,4.042084116649813,0.018493218478970477,4.023590898170843
2023-08-04 00:00:00-07:00,8.26217720505,8.26217720505,26.656229953719063,26.656229953719063,-18.394052748669065,-18.394052748669065,20.205193650583016,1.8111409019139502,3.2328309840932827,0.144891272153116,3.087939711940167
2023-08-05 00:00:00-07:00,9.849285121949999,9.849285121949999,28.956425641529858,28.956425641529858,-19.107140519579858,-19.107140519579858,20.961756881175084,1.854616361595224,3.3538811009880134,0.14836930892761793,3.2055117920603955
2023-08-06 00:00:00-07:00,9.90127072755,9.90127072755,33.61142911245156,33.61142911245156,-23.71015838490156,-23.71015838490156,24.902312352859933,1.1921539679583744,3.9843699764575895,0.09537231743666995,3.8889976590209194
2023-08-07 00:00:00-07:00,7.584808296599999,7.584808296599999,26.865938315324453,26.865938315324453,-19.281130018724454,-19.281130018724454,20.308267970176004,1.0271379514515502,3.249322875228161,0.08217103611612402,3.167151839112037
2023-08-08 00:00:00-07:00,10.698647551199999,10.698647551199999,31.533306491456614,31.533306491456614,-20.834658940256617,-20.834658940256617,23.19329629938073,2.3586373591241143,3.710927407900917,0.18869098872992915,3.5222364191709876
2023-08-09 00:00:00-07:00,9.858031119899998,9.858031119899998,29.945023049158188,29.945023049158188,-20.08699192925819,-20.08699192925819,22.02421660165304,1.9372246723948507,3.5238746562644865,0.15497797379158806,3.3688966824728985
2023-08-10 00:00:00-07:00,10.381415701912704,10.381415701912704,27.642477381923644,27.642477381923644,-17.26106168001094,-17.26106168001094,19.896887966573807,2.6358262865628665,3.183502074651809,0.21086610292502933,2.97263597172678
2023-08-11 00:00:00-07:00,10.2377896326,10.2377896326,27.480650297023576,27.480650297023576,-17.242860664423578,-17.242860664423578,19.65093057764385,2.408069913220274,3.1441488924230163,0.1926455930576219,2.9515032993653945
2023-08-12 00:00:00-07:00,10.2944992527,10.2944992527,32.70881687530287,32.70881687530287,-22.41431762260287,-22.41431762260287,24.303638102269936,1.8893204796670642,3.88858209636319,0.15114563837336514,3.7374364579898245
2023-08-13 00:00:00-07:00,10.3532711382,10.3532711382,33.4018856887532,33.4018856887532,-23.048614550553197,-23.048614550553197,24.798328667082743,1.7497141165295425,3.9677325867332387,0.1399771293223634,3.827755457410875
2023-08-14 00:00:00-07:00,9.984613958999999,9.984613958999999,30.380416222843426,30.380416222843426,-20.39580226384343,-20.39580226384343,22.400362110867942,2.004559847024513,3.5840579377388706,0.16036478776196106,3.4236931499769097
2023-08-15 00:00:00-07:00,7.32345204825,7.32345204825,30.86341792577221,30.86341792577221,-23.53996587752221,-23.53996587752221,23.90845122651127,0.3684853489890614,3.8253521962418033,0.02947882791912491,3.7958733683226784
2023-08-16 00:00:00-07:00,9.1826109081,9.1826109081,26.55860866927457,26.55860866927457,-17.37599776117457,-17.37599776117457,19.13599081132632,1.7599930501517471,3.061758529812211,0.14079944401213978,2.9209590858000714
2023-08-17 00:00:00-07:00,7.537626516149999,7.537626516149999,32.38887841831661,32.38887841831661,-24.85125190216661,-24.85125190216661,26.43455313957127,1.5833012374046644,4.229528502331403,0.12666409899237316,4.10286440333903
2023-08-18 00:00:00-07:00,10.052599304249998,10.052599304249998,28.770114634061642,28.770114634061642,-18.717515329811643,-18.717515329811643,20.77005512334828,2.052539793536635,3.323208819735725,0.1642031834829308,3.159005636252794
2023-08-19 00:00:00-07:00,5.266863533249999,5.266863533249999,28.88779964800739,28.88779964800739,-23.62093611475739,-23.62093611475739,23.76937486594758,0.1484387511901885,3.8030999785516126,0.011875100095215082,3.7912248784563976
2023-08-20 00:00:00-07:00,3.604698922499999,3.604698922499999,32.03986551168333,32.03986551168333,-28.435166589183332,-28.435166589183332,28.435166589183332,0.0,4.549626654269333,0.0,4.549626654269333
2023-08-21 00:00:00-07:00,5.03374927545,5.03374927545,27.644259460805078,27.644259460805078,-22.61051018535508,-22.61051018535508,22.703535535741633,0.09302535038655568,3.6325656857186615,0.007442028030924455,3.625123657687737
2023-08-22 00:00:00-07:00,8.103078734399999,8.103078734399999,26.784306010563306,26.784306010563306,-18.681227276163305,-18.681227276163305,20.178606902389767,1.497379626226459,3.228577104382363,0.11979037009811672,3.108786734284246
2023-08-23 00:00:00-07:00,8.126993407949998,8.126993407949998,32.0415605186517,32.0415605186517,-23.914567110701704,-23.914567110701704,24.85407033542839,0.9395032247266872,3.9766512536685426,0.07516025797813498,3.9014909956904074
2023-08-24 00:00:00-07:00,7.870073575499998,7.870073575499998,27.31452922182751,27.31452922182751,-19.44445564632751,-19.44445564632751,20.319120012434887,0.8746643661073765,3.251059201989582,0.06997314928859012,3.181086052700992
2023-08-25 00:00:00-07:00,6.746605423649998,6.746605423649998,26.841642566518825,26.841642566518825,-20.095037142868826,-20.095037142868826,21.76391207739909,1.668874934530263,3.4822259323838547,0.13350999476242104,3.3487159376214337
2023-08-26 00:00:00-07:00,8.758093960799998,8.758093960799998,29.374572565067403,29.374572565067403,-20.616478604267407,-20.616478604267407,22.33052859510317,1.7140499908357676,3.5728845752165075,0.13712399926686142,3.435760575949646
2023-08-27 00:00:00-07:00,8.42883786405,8.42883786405,33.39117893516636,33.39117893516636,-24.96234107111636,-24.96234107111636,25.945837935357392,0.9834968642410336,4.1513340696571825,0.07867974913928269,4.0726543205179
2023-08-28 00:00:00-07:00,10.105378526249998,10.105378526249998,27.980609077904422,27.980609077904422,-17.875230551654422,-17.875230551654422,20.282599350884947,2.407368799230527,3.2452158961415916,0.19258950393844218,3.0526263922031496
2023-08-29 00:00:00-07:00,10.25521702155,10.25521702155,29.128418840868417,29.128418840868417,-18.873201819318417,-18.873201819318417,21.130782360740696,2.257580541422277,3.3809251777185114,0.18060644331378217,3.2003187344047292
2023-08-30 00:00:00-07:00,10.614862224449999,10.614862224449999,26.896119766341574,26.896119766341574,-16.281257541891573,-16.281257541891573,18.898995741157268,2.617738199265694,3.023839318585163,0.2094190559412555,2.814420262643907
2023-08-31 00:00:00-07:00,10.262089469249998,10.262089469249998,27.908457919008924,27.908457919008924,-17.646368449758924,-17.646368449758924,20.219766859404334,2.573398409645411,3.2351626975046934,0.20587187277163288,3.0292908247330605
2023-09-01 00:00:00-07:00,6.330549204449999,6.330549204449999,27.664999237281357,27.664999237281357,-21.33445003283136,-21.33445003283136,21.57570995935206,0.24125992652069994,3.4521135934963296,0.019300794121655997,3.4328127993746738
2023-09-02 00:00:00-07:00,2.227254757649999,2.227254757649999,29.358341282401195,29.358341282401195,-27.131086524751193,-27.131086524751193,27.131086524751193,0.0,4.3409738439601915,0.0,4.3409738439601915
2023-09-03 00:00:00-07:00,2.3396617604249994,2.3396617604249994,32.32206919670627,32.32206919670627,-29.982407436281274,-29.982407436281274,29.982407436281274,0.0,4.797185189805004,0.0,4.797185189805004
2023-09-04 00:00:00-07:00,5.4325637394749995,5.4325637394749995,31.96226703620702,31.96226703620702,-26.529703296732023,-26.529703296732023,26.63524677371779,0.10554347698576827,4.261639483794847,0.008443478158861461,4.253196005635985
2023-09-05 00:00:00-07:00,6.4751717985749995,6.4751717985749995,28.87166768221277,28.87166768221277,-22.39649588363777,-22.39649588363777,23.927361144762084,1.5308652611243134,3.8283777831619337,0.12246922088994508,3.7059085622719885
2023-09-06 00:00:00-07:00,8.738630115074999,8.738630115074999,29.65954567220904,29.65954567220904,-20.920915557134037,-20.920915557134037,21.769567677647103,0.8486521205130645,3.4831308284235365,0.06789216964104516,3.415238658782491
2023-09-07 00:00:00-07:00,8.3779234362,8.3779234362,27.087066671331918,27.087066671331918,-18.70914323513192,-18.70914323513192,20.226986779520562,1.517843544388643,3.23631788472329,0.12142748355109145,3.1148904011721985
2023-09-08 00:00:00-07:00,9.04031324685,9.04031324685,31.372423480039565,31.372423480039565,-22.332110233189567,-22.332110233189567,23.48478669631184,1.152676463122273,3.7575658714098945,0.09221411704978184,3.665351754360113
2023-09-09 00:00:00-07:00,10.194078707549998,10.194078707549998,30.972391427581478,30.972391427581478,-20.77831272003148,-20.77831272003148,22.883859852671506,2.105547132640027,3.661417576427441,0.16844377061120216,3.4929738058162387
2023-09-10 00:00:00-07:00,9.952475886675,9.952475886675,29.108596916903807,29.108596916903807,-19.156121030228807,-19.156121030228807,21.077833145394425,1.9217121151656196,3.372453303263108,0.15373696921324956,3.2187163340498586
2023-09-11 00:00:00-07:00,9.631916138924998,9.631916138924998,30.615246256781024,30.615246256781024,-20.983330117856024,-20.983330117856024,22.794493898121043,1.8111637802650211,3.647119023699367,0.14489310242120168,3.502225921278165
2023-09-12 00:00:00-07:00,7.833307216499999,7.833307216499999,27.957762364615217,27.957762364615217,-20.124455148115217,-20.124455148115217,21.396769413895097,1.272314265779879,3.4234831062232156,0.10178514126239031,3.3216979649608254
2023-09-13 00:00:00-07:00,9.1937949102,9.1937949102,28.95728331792811,28.95728331792811,-19.763488407728108,-19.763488407728108,21.296598096036387,1.5331096883082798,3.407455695365822,0.12264877506466239,3.2848069203011594
2023-09-14 00:00:00-07:00,10.098985642425,10.098985642425,28.93674623035515,28.93674623035515,-18.837760587930152,-18.837760587930152,21.051243782530523,2.2134831946003715,3.368199005204884,0.1770786555680297,3.1911203496368543
2023-09-15 00:00:00-07:00,10.044945734399999,10.044945734399999,30.859799672849025,30.859799672849025,-20.814853938449026,-20.814853938449026,22.724428169389697,1.9095742309406682,3.6359085071023514,0.15276593847525347,3.483142568627098
2023-09-16 00:00:00-07:00,9.684974773799999,9.684974773799999,35.18029307041611,35.18029307041611,-25.495318296616116,-25.495318296616116,26.825529677715416,1.330211381099302,4.292084748434466,0.10641691048794416,4.185667837946522
2023-09-17 00:00:00-07:00,7.405950808125,7.405950808125,34.95416076111978,34.95416076111978,-27.54820995299478,-27.54820995299478,27.865484526891333,0.3172745738965511,4.458477524302613,0.02538196591172409,4.433095558390889
2023-09-18 00:00:00-07:00,6.929805246524999,6.929805246524999,26.557625372298943,26.557625372298943,-19.627820125773944,-19.627820125773944,20.051439283509755,0.4236191577358097,3.208230285361561,0.03388953261886478,3.174340752742696
2023-09-19 00:00:00-07:00,8.5466025261,8.5466025261,28.7156767878135,28.7156767878135,-20.1690742617135,-20.1690742617135,21.207399078696394,1.0383248169828958,3.3931838525914233,0.08306598535863166,3.3101178672327918
2023-09-20 00:00:00-07:00,7.3244940356249995,7.3244940356249995,28.83933803981386,28.83933803981386,-21.514844004188863,-21.514844004188863,22.311596094136057,0.7967520899471943,3.569855375061769,0.06374016719577555,3.5061152078659936
2023-09-21 00:00:00-07:00,8.108970168825,8.108970168825,31.04750644726645,31.04750644726645,-22.93853627844145,-22.93853627844145,23.860861947502784,0.9223256690613323,3.8177379116004455,0.07378605352490658,3.743951858075539
2023-09-22 00:00:00-07:00,9.214967961225,9.214967961225,31.408672668008293,31.408672668008293,-22.193704706783294,-22.193704706783294,23.85128919730268,1.6575844905193846,3.816206271568429,0.13260675924155077,3.683599512326878
2023-09-23 00:00:00-07:00,10.129206580424999,10.129206580424999,33.27679042363431,33.27679042363431,-23.14758384320931,-23.14758384320931,24.91256258326135,1.7649787400520403,3.9860100133218164,0.1411982992041632,3.844811714117653
2023-09-24 00:00:00-07:00,7.562952700424999,7.562952700424999,32.818896412599514,32.818896412599514,-25.255943712174517,-25.255943712174517,25.559217888146073,0.3032741759715539,4.089474862103372,0.024261934077724315,4.065212928025647
2023-09-25 00:00:00-07:00,9.3026275578,9.3026275578,29.3070958729823,29.3070958729823,-20.004468315182297,-20.004468315182297,21.784607913787813,1.7801395986055124,3.48553726620605,0.142411167888441,3.343126098317609
2023-09-26 00:00:00-07:00,9.7630917138,9.7630917138,28.612798545010367,28.612798545010367,-18.849706831210366,-18.849706831210366,20.97668985022119,2.126983019010824,3.3562703760353907,0.17015864152086593,3.1861117345145247
2023-09-27 00:00:00-07:00,9.0787695642,9.0787695642,28.791268463097005,28.791268463097005,-19.712498898897007,-19.712498898897007,21.728379016489733,2.015880117592725,3.476540642638357,0.161270409407418,3.3152702332309394
2023-09-28 00:00:00-07:00,9.791185018724999,9.791185018724999,31.146324764363477,31.146324764363477,-21.35513974563848,-21.35513974563848,23.161856275673482,1.806716530035006,3.7058970041077575,0.14453732240280048,3.561359681704957
2023-09-29 00:00:00-07:00,7.915198628924999,7.915198628924999,31.7186232918993,31.7186232918993,-23.8034246629743,-23.8034246629743,24.48395536608587,0.6805307031115667,3.917432858573739,0.05444245624892534,3.862990402324814
2023-09-30 00:00:00-07:00,1.6588711736999993,1.6588711736999993,34.36973219882427,34.36973219882427,-32.710861025124274,-32.710861025124274,32.710861025124274,0.0,5.233737764019884,0.0,5.233737764019884
2023-10-01 00:00:00-07:00,1.6962212693249994,1.6962212693249994,32.36875616347021,32.36875616347021,-30.672534894145212,-30.672534894145212,30.672534894145212,0.0,4.907605583063234,0.0,4.907605583063234
2023-10-02 00:00:00-07:00,2.1675582983249995,2.1675582983249995,30.812072837151074,30.812072837151074,-28.644514538826073,-28.644514538826073,28.644514538826073,0.0,4.583122326212171,0.0,4.583122326212171
2023-10-03 00:00:00-07:00,2.149034913899999,2.149034913899999,31.18679981672881,31.18679981672881,-29.037764902828812,-29.037764902828812,29.037764902828812,0.0,4.64604238445261,0.0,4.64604238445261
2023-10-04 00:00:00-07:00,9.848713621725,9.848713621725,30.944209797127517,30.944209797127517,-21.095496175402516,-21.095496175402516,22.682587027574897,1.5870908521723806,3.6292139244119834,0.12696726817379045,3.502246656238193
2023-10-05 00:00:00-07:00,10.100826854099997,10.100826854099997,27.6917068970894,27.6917068970894,-17.5908800429894,-17.5908800429894,19.69636737096849,2.105487327979088,3.1514187793549584,0.16843898623832704,2.9829797931166313
2023-10-06 00:00:00-07:00,10.0109391426,10.0109391426,27.238298436937182,27.238298436937182,-17.22735929433718,-17.22735929433718,19.25163562503728,2.0242763307001015,3.080261700005965,0.16194210645600812,2.9183195935499566
2023-10-07 00:00:00-07:00,9.9931483836,9.9931483836,33.11811134228222,33.11811134228222,-23.124962958682218,-23.124962958682218,24.636618160817317,1.5116552021351002,3.9418589057307707,0.12093241617080802,3.820926489559963
2023-10-08 00:00:00-07:00,9.833278794299998,9.833278794299998,34.337293765894096,34.337293765894096,-24.5040149715941,-24.5040149715941,25.842101642719495,1.3380866711253963,4.134736262835119,0.10704693369003171,4.027689329145088
2023-10-09 00:00:00-07:00,6.937584011999999,6.937584011999999,29.76143687508347,29.76143687508347,-22.823852863083467,-22.823852863083467,23.160186512731272,0.33633364964780577,3.7056298420370037,0.02690669197182446,3.678723150065179
2023-10-10 00:00:00-07:00,3.468088523699999,3.468088523699999,29.588870808545973,29.588870808545973,-26.120782284845973,-26.120782284845973,26.120782284845973,0.0,4.179325165575356,0.0,4.179325165575356
2023-10-11 00:00:00-07:00,4.689732332025,4.689732332025,26.626020709544004,26.626020709544004,-21.936288377519002,-21.936288377519002,21.936288377519002,0.0,3.5098061404030405,0.0,3.5098061404030405
2023-10-12 00:00:00-07:00,5.1414970374,5.1414970374,28.882369411024694,28.882369411024694,-23.740872373624693,-23.740872373624693,24.17417271747296,0.43330034384826477,3.8678676347956737,0.034664027507861184,3.8332036072878126
2023-10-13 00:00:00-07:00,9.226466784,9.226466784,28.20481667213879,28.20481667213879,-18.97834988813879,-18.97834988813879,20.0372190401779,1.0588691520391076,3.205955046428464,0.08470953216312861,3.1212455142653353
2023-10-14 00:00:00-07:00,7.914312038699999,7.914312038699999,29.346567084628703,29.346567084628703,-21.432255045928702,-21.432255045928702,22.3387973209933,0.9065422750645973,3.574207571358928,0.07252338200516778,3.5016841893537602
2023-10-15 00:00:00-07:00,9.1741957965,9.1741957965,32.80810796911822,32.80810796911822,-23.633912172618217,-23.633912172618217,24.848966314494074,1.2150541418758556,3.975834610319052,0.09720433135006845,3.8786302789689837
2023-10-16 00:00:00-07:00,9.478636666425,9.478636666425,26.957718350923102,26.957718350923102,-17.479081684498105,-17.479081684498105,19.293456141878004,1.8143744573799006,3.0869529827004807,0.14514995659039204,2.9418030261100885
2023-10-17 00:00:00-07:00,9.8133708195,9.8133708195,32.01250776297131,32.01250776297131,-22.199136943471313,-22.199136943471313,23.47353753971049,1.2744005962391796,3.755766006353679,0.10195204769913437,3.6538139586545446
2023-10-18 00:00:00-07:00,9.7639308603,9.7639308603,31.390886199504408,31.390886199504408,-21.626955339204407,-21.626955339204407,22.937190897073126,1.310235557868718,3.6699505435317,0.10481884462949743,3.565131698902203
2023-10-19 00:00:00-07:00,9.294541775999999,9.294541775999999,30.25530157148107,30.25530157148107,-20.96075979548107,-20.96075979548107,22.436836568340087,1.476076772859019,3.589893850934414,0.11808614182872151,3.4718077091056925
2023-10-20 00:00:00-07:00,9.186767520299998,9.186767520299998,31.81953983444734,31.81953983444734,-22.632772314147342,-22.632772314147342,23.96805447763698,1.3352821634896364,3.8348887164219168,0.10682257307917091,3.7280661433427458
2023-10-21 00:00:00-07:00,8.8100966061,8.8100966061,32.6354268918274,32.6354268918274,-23.825330285727404,-23.825330285727404,24.996869257902265,1.1715389721748595,3.9994990812643625,0.09372311777398876,3.905775963490374
2023-10-22 00:00:00-07:00,6.030401416199999,6.030401416199999,29.51615494130998,29.51615494130998,-23.48575352510998,-23.48575352510998,23.71842131711449,0.2326677920045082,3.7949474107383185,0.01861342336036066,3.776333987377958
2023-10-23 00:00:00-07:00,4.754999038499999,4.754999038499999,27.966132193419277,27.966132193419277,-23.211133154919278,-23.211133154919278,23.281448335139366,0.07031518022008854,3.7250317336222984,0.005625214417607083,3.7194065192046915
2023-10-24 00:00:00-07:00,9.1617617052,9.1617617052,27.11841004651628,27.11841004651628,-17.95664834131628,-17.95664834131628,19.572067402444773,1.6154190611284907,3.1315307843911637,0.12923352489027926,3.0022972595008843
2023-10-25 00:00:00-07:00,0.9097364987999994,0.9097364987999994,27.153098234180327,27.153098234180327,-26.24336173538033,-26.24336173538033,26.24336173538033,0.0,4.198937877660852,0.0,4.198937877660852
2023-10-26 00:00:00-07:00,4.465095626699999,4.465095626699999,28.105110013020465,28.105110013020465,-23.640014386320466,-23.640014386320466,23.825856625524246,0.18584223920378118,3.8121370600838795,0.014867379136302495,3.797269680947577
2023-10-27 00:00:00-07:00,5.167729956599999,5.167729956599999,28.0611522059271,28.0611522059271,-22.8934222493271,-22.8934222493271,22.99169776158399,0.09827551225688969,3.6786716418534384,0.007862040980551176,3.670809600872887
2023-10-28 00:00:00-07:00,6.117493936499999,6.117493936499999,31.630402427201393,31.630402427201393,-25.512908490701392,-25.512908490701392,26.04323626129271,0.5303277705913172,4.166917801806833,0.042426221647305376,4.124491580159527
2023-10-29 00:00:00-07:00,8.334560248199999,8.334560248199999,31.6632810829017,31.6632810829017,-23.3287208347017,-23.3287208347017,24.189319880334374,0.8605990456326743,3.8702911808534997,0.06884792365061394,3.8014432572028856
2023-10-30 00:00:00-07:00,8.834115285,8.834115285,27.43654290061376,27.43654290061376,-18.60242761561376,-18.60242761561376,20.22746516807458,1.6250375524608218,3.236394426891933,0.13000300419686575,3.1063914226950673
2023-10-31 00:00:00-07:00,8.6410948662,8.6410948662,26.938784264712602,26.938784264712602,-18.297689398512603,-18.297689398512603,19.664562989377593,1.3668735908649903,3.146330078300415,0.10934988726919923,3.0369801910312155
2023-11-01 00:00:00-07:00,7.2826830459,7.2826830459,31.39201136128101,31.39201136128101,-24.10932831538101,-24.10932831538101,24.470479357067376,0.3611510416863667,3.91527669713078,0.028892083334909335,3.8863846137958706
2023-11-02 00:00:00-07:00,4.1681530044,4.1681530044,28.45734956647143,28.45734956647143,-24.28919656207143,-24.28919656207143,24.28919656207143,0.0,3.8862714499314293,0.0,3.8862714499314293
2023-11-03 00:00:00-07:00,7.676337494699999,7.676337494699999,28.021262012757354,28.021262012757354,-20.344924518057354,-20.344924518057354,21.608662022721592,1.263737504664239,3.4573859236354547,0.10109900037313913,3.3562869232623154
2023-11-04 00:00:00-07:00,3.0265590275999994,3.0265590275999994,34.700268956509696,34.700268956509696,-31.673709928909695,-31.673709928909695,31.673709928909695,0.0,5.067793588625551,0.0,5.067793588625551
2023-11-05 00:00:00-07:00,3.8623531616999993,3.8623531616999993,35.230663449688414,35.230663449688414,-31.368310287988415,-31.368310287988415,31.837637832771154,0.46932754478274086,5.094022053243385,0.03754620358261927,5.056475849660766
2023-11-06 00:00:00-08:00,1.9270640501999992,1.9270640501999992,26.684985880496832,26.684985880496832,-24.75792183029683,-24.75792183029683,24.75792183029683,0.0,3.961267492847493,0.0,3.961267492847493
2023-11-07 00:00:00-08:00,4.320922965299999,4.320922965299999,29.574509044084884,29.574509044084884,-25.253586078784885,-25.253586078784885,25.339464360141704,0.08587828135681985,4.054314297622673,0.006870262508545589,4.047444035114127
2023-11-08 00:00:00-08:00,9.410016564,9.410016564,27.645263995844214,27.645263995844214,-18.235247431844215,-18.235247431844215,19.89816017057401,1.6629127387297928,3.1837056272918414,0.13303301909838344,3.050672608193458
2023-11-09 00:00:00-08:00,9.6734610018,9.6734610018,30.38000959057091,30.38000959057091,-20.706548588770914,-20.706548588770914,22.377521039018664,1.6709724502477494,3.580403366242986,0.13367779601981997,3.4467255702231663
2023-11-10 00:00:00-08:00,7.863934156199999,7.863934156199999,28.357711851920698,28.357711851920698,-20.4937776957207,-20.4937776957207,21.91788952550154,1.4241118297808437,3.5068623240802466,0.1139289463824675,3.392933377697779
2023-11-11 00:00:00-08:00,6.791745477599999,6.791745477599999,28.87254017520083,28.87254017520083,-22.08079469760083,-22.08079469760083,23.113295521001152,1.0325008234003226,3.6981272833601846,0.08260006587202581,3.6155272174881588
2023-11-12 00:00:00-08:00,7.456976072999998,7.456976072999998,35.481040758288295,35.481040758288295,-28.024064685288295,-28.024064685288295,28.8952477591845,0.8711830738962065,4.62323964146952,0.06969464591169652,4.553544995557823
2023-11-13 00:00:00-08:00,8.2838757429,8.2838757429,27.37958313179871,27.37958313179871,-19.095707388898713,-19.095707388898713,20.634053441717008,1.5383460528182955,3.301448550674721,0.12306768422546364,3.1783808664492574
2023-11-14 00:00:00-08:00,8.7607627461,8.7607627461,30.291968451369982,30.291968451369982,-21.531205705269983,-21.531205705269983,22.82098666918922,1.2897809639192377,3.6513578670702755,0.10318247711353902,3.5481753899567363
2023-11-15 00:00:00-08:00,8.324212082399999,8.324212082399999,30.963515051782935,30.963515051782935,-22.639302969382936,-22.639302969382936,23.847979254334998,1.208676284952063,3.8156766806935996,0.09669410279616504,3.7189825778974344
2023-11-16 00:00:00-08:00,4.8450202137,4.8450202137,26.989701455114094,26.989701455114094,-22.144681241414094,-22.144681241414094,22.601154745178693,0.4564735037645978,3.616184759228591,0.03651788030116782,3.5796668789274233
2023-11-17 00:00:00-08:00,8.2071944145,8.2071944145,27.237291830671463,27.237291830671463,-19.030097416171465,-19.030097416171465,20.147224214359074,1.1171267981876083,3.223555874297452,0.08937014385500866,3.1341857304424434
2023-11-18 00:00:00-08:00,4.287887126099999,4.287887126099999,33.8742605495338,33.8742605495338,-29.586373423433805,-29.586373423433805,29.85875131454047,0.2723778911066663,4.777400210326475,0.021790231288533305,4.755609979037942
2023-11-19 00:00:00-08:00,4.7615801723999995,4.7615801723999995,29.243563035214976,29.243563035214976,-24.481982862814977,-24.481982862814977,24.631758356601058,0.14977549378608068,3.9410813370561693,0.011982039502886455,3.929099297553283
2023-11-20 00:00:00-08:00,9.080642316599999,9.080642316599999,31.561119775021954,31.561119775021954,-22.480477458421955,-22.480477458421955,23.722996087694924,1.2425186292729697,3.795679374031188,0.09940149034183758,3.6962778836893504
2023-11-21 00:00:00-08:00,8.458151252399999,8.458151252399999,30.258200923145907,30.258200923145907,-21.800049670745906,-21.800049670745906,23.074916999806614,1.2748673290607093,3.6919867199690586,0.10198938632485675,3.589997333644202
2023-11-22 00:00:00-08:00,8.3603395971,8.3603395971,27.82355496480483,27.82355496480483,-19.463215367704834,-19.463215367704834,20.63327655304648,1.170061185341646,3.3013242484874366,0.09360489482733168,3.2077193536601047
2023-11-23 00:00:00-08:00,0.9152588033999994,0.9152588033999994,27.966835302252875,27.966835302252875,-27.051576498852878,-27.051576498852878,27.051576498852878,0.0,4.328252239816461,0.0,4.328252239816461
2023-11-24 00:00:00-08:00,1.9660887134999996,1.9660887134999996,30.766009594143846,30.766009594143846,-28.799920880643846,-28.799920880643846,28.799920880643846,0.0,4.607987340903016,0.0,4.607987340903016
2023-11-25 00:00:00-08:00,9.0084867066,9.0084867066,30.089389185805015,30.089389185805015,-21.080902479205015,-21.080902479205015,22.444691433515587,1.363788954310572,3.591150629362494,0.10910311634484575,3.482047513017648
2023-11-26 00:00:00-08:00,9.446362276499999,9.446362276499999,29.824889629880893,29.824889629880893,-20.378527353380896,-20.378527353380896,22.01035909276969,1.6318317393887947,3.5216574548431505,0.13054653915110356,3.391110915692047
2023-11-27 00:00:00-08:00,9.399019990499998,9.399019990499998,29.95899925405786,29.95899925405786,-20.559979263557864,-20.559979263557864,22.385418088112672,1.825438824554809,3.581666894098028,0.1460351059643847,3.435631788133643
2023-11-28 00:00:00-08:00,9.446447312999998,9.446447312999998,31.26474315014746,31.26474315014746,-21.81829583714746,-21.81829583714746,23.482851230771598,1.6645553936241373,3.7572561969234557,0.13316443148993098,3.6240917654335245
2023-11-29 00:00:00-08:00,7.921333531799999,7.921333531799999,28.91325689341114,28.91325689341114,-20.991923361611143,-20.991923361611143,21.827400904536884,0.8354775429257388,3.4923841447259014,0.0668382034340591,3.4255459412918423
2023-11-30 00:00:00-08:00,3.583733206499999,3.583733206499999,26.836094162120826,26.836094162120826,-23.252360955620826,-23.252360955620826,24.02492367145987,0.7725627158390445,3.8439877874335795,0.061805017267123556,3.782182770166456
2023-12-01 00:00:00-08:00,2.4923890889999996,2.4923890889999996,26.81594217588276,26.81594217588276,-24.32355308688276,-24.32355308688276,24.32355308688276,0.0,3.891768493901242,0.0,3.891768493901242
2023-12-02 00:00:00-08:00,1.2863771378999993,1.2863771378999993,34.011245644415325,34.011245644415325,-32.72486850651532,-32.72486850651532,32.72486850651532,0.0,5.235978961042451,0.0,5.235978961042451
2023-12-03 00:00:00-08:00,0.7869771809999994,0.7869771809999994,32.232795969728016,32.232795969728016,-31.445818788728015,-31.445818788728015,31.445818788728015,0.0,5.031331006196482,0.0,5.031331006196482
2023-12-04 00:00:00-08:00,4.2060456279,4.2060456279,26.9552007064702,26.9552007064702,-22.7491550785702,-22.7491550785702,22.90001087957421,0.1508558010040073,3.664001740731874,0.012068464080320584,3.6519332766515533
2023-12-05 00:00:00-08:00,6.5760097670999995,6.5760097670999995,28.97897153181221,28.97897153181221,-22.40296176471221,-22.40296176471221,23.158370076168517,0.7554083114563076,3.7053392121869626,0.06043266491650461,3.644906547270458
2023-12-06 00:00:00-08:00,6.833956370399999,6.833956370399999,30.95501447107768,30.95501447107768,-24.12105810067768,-24.12105810067768,24.868586031683733,0.7475279310060544,3.9789737650693975,0.059802234480484356,3.919171530588913
2023-12-07 00:00:00-08:00,3.8518409952,3.8518409952,31.980824837020542,31.980824837020542,-28.128983841820542,-28.128983841820542,28.191287146527557,0.06230330470701384,4.51060594344441,0.004984264376561107,4.505621679067849
2023-12-08 00:00:00-08:00,4.168949361299999,4.168949361299999,29.604126590045258,29.604126590045258,-25.435177228745257,-25.435177228745257,25.76347572336504,0.3282984946197832,4.122156115738407,0.02626387956958266,4.095892236168824
2023-12-09 00:00:00-08:00,8.866845419399999,8.866845419399999,32.42014654662938,32.42014654662938,-23.553301127229386,-23.553301127229386,24.789659071541124,1.236357944311738,3.9663454514465797,0.09890863554493905,3.8674368159016406
2023-12-10 00:00:00-08:00,3.570702101999999,3.570702101999999,31.34209604940566,31.34209604940566,-27.771393947405663,-27.771393947405663,27.771393947405663,0.0,4.443423031584906,0.0,4.443423031584906
2023-12-11 00:00:00-08:00,3.0295150172999996,3.0295150172999996,28.02667556351095,28.02667556351095,-24.99716054621095,-24.99716054621095,25.03145088627204,0.034290340061087554,4.005032141803526,0.0027432272048870045,4.00228891459864
2023-12-12 00:00:00-08:00,7.608560282999999,7.608560282999999,29.814889956219986,29.814889956219986,-22.206329673219987,-22.206329673219987,23.04840763223646,0.8420779590164756,3.687745221157834,0.06736623672131806,3.620378984436516
2023-12-13 00:00:00-08:00,8.779270881599999,8.779270881599999,31.792280616833615,31.792280616833615,-23.013009735233616,-23.013009735233616,24.061627437637643,1.0486177024040289,3.849860390022023,0.0838894161923223,3.7659709738297007
2023-12-14 00:00:00-08:00,6.2154445553999995,6.2154445553999995,29.97577552121991,29.97577552121991,-23.76033096581991,-23.76033096581991,24.438444883344307,0.6781139175243963,3.910151181335089,0.05424911340195171,3.8559020679331373
2023-12-15 00:00:00-08:00,8.8260782598,8.8260782598,30.276792861171028,30.276792861171028,-21.450714601371025,-21.450714601371025,22.68274317063103,1.232028569260004,3.629238907300965,0.09856228554080032,3.530676621760165
2023-12-16 00:00:00-08:00,8.176094883,8.176094883,29.652525384478572,29.652525384478572,-21.476430501478575,-21.476430501478575,22.430126608568134,0.9536961070895595,3.5888202573709016,0.07629568856716476,3.512524568803737
2023-12-17 00:00:00-08:00,8.732190298499999,8.732190298499999,31.836711607687608,31.836711607687608,-23.104521309187607,-23.104521309187607,24.374812675773473,1.2702913665858668,3.899970028123756,0.10162330932686935,3.7983467187968865
2023-12-18 00:00:00-08:00,2.7041743592999996,2.7041743592999996,28.334234223619063,28.334234223619063,-25.630059864319062,-25.630059864319062,25.700509813134317,0.0704499488152549,4.112081570101491,0.005635995905220392,4.106445574196271
2023-12-19 00:00:00-08:00,2.4048339965999994,2.4048339965999994,28.747296677780312,28.747296677780312,-26.34246268118031,-26.34246268118031,26.34246268118031,0.0,4.21479402898885,0.0,4.21479402898885
2023-12-20 00:00:00-08:00,8.1059145282,8.1059145282,26.586309102949127,26.586309102949127,-18.480394574749127,-18.480394574749127,19.745400383230116,1.2650058084809883,3.1592640613168186,0.10120046467847907,3.0580635966383394
2023-12-21 00:00:00-08:00,8.4446495379,8.4446495379,30.82420732368136,30.82420732368136,-22.37955778578136,-22.37955778578136,23.502946126825044,1.1233883410436847,3.760471380292007,0.08987106728349478,3.6706003130085123
2023-12-22 00:00:00-08:00,7.8618647196,7.8618647196,32.06873356630821,32.06873356630821,-24.20686884670821,-24.20686884670821,25.12717396270092,0.9203051159927074,4.0203478340321475,0.07362440927941659,3.9467234247527307
2023-12-23 00:00:00-08:00,9.0760388085,9.0760388085,29.11045470691754,29.11045470691754,-20.034415898417542,-20.034415898417542,21.76779279204901,1.7333768936314682,3.482846846727842,0.13867015149051745,3.3441766952373246
2023-12-24 00:00:00-08:00,6.325154743499999,6.325154743499999,29.778776231393888,29.778776231393888,-23.453621487893887,-23.453621487893887,24.569481486901314,1.1158599990074247,3.9311170379042104,0.08926879992059399,3.8418482379836165
2023-12-25 00:00:00-08:00,8.7560907579,8.7560907579,28.749183785337493,28.749183785337493,-19.993093027437492,-19.993093027437492,21.45681376674329,1.4637207393057987,3.4330902026789265,0.1170976591444639,3.3159925435344624
2023-12-26 00:00:00-08:00,3.8222794403999996,3.8222794403999996,30.945199036244944,30.945199036244944,-27.122919595844944,-27.122919595844944,27.196822740051655,0.07390314420671085,4.351491638408265,0.005912251536536868,4.345579386871728
2023-12-27 00:00:00-08:00,2.0793695489999995,2.0793695489999995,27.62548143371751,27.62548143371751,-25.546111884717508,-25.546111884717508,25.546111884717508,0.0,4.0873779015548015,0.0,4.0873779015548015
2023-12-28 00:00:00-08:00,8.610327286199999,8.610327286199999,27.508314041022444,27.508314041022444,-18.897986754822444,-18.897986754822444,20.466957386675716,1.568970631853272,3.2747131818681146,0.12551765054826175,3.1491955313198527
2023-12-29 00:00:00-08:00,6.257099429099999,6.257099429099999,31.735522663597752,31.735522663597752,-25.47842323449775,-25.47842323449775,26.261660625433876,0.7832373909361237,4.20186570006942,0.0626589912748899,4.13920670879453
2023-12-30 00:00:00-08:00,6.414915876299999,6.414915876299999,35.07768961519547,35.07768961519547,-28.662773738895467,-28.662773738895467,28.732750907499042,0.06997716860357572,4.597240145199847,0.005598173488286058,4.591641971711561
2023-12-31 00:00:00-08:00,8.7215155623,8.7215155623,31.77092807682182,31.77092807682182,-23.049412514521823,-23.049412514521823,24.188764848144118,1.1393523336222975,3.870202375703059,0.0911481866897838,3.779054189013275
2024-01-01 00:00:00-08:00,8.8674949341,8.8674949341,27.354467218649205,27.354467218649205,-18.486972284549207,-18.486972284549207,20.151732438293298,1.6647601537440908,3.224277190126928,0.13318081229952727,3.0910963778274008
2024-01-02 00:00:00-08:00,8.2888998867,8.2888998867,29.13562672504669,29.13562672504669,-20.84672683834669,-20.84672683834669,21.82554250583324,0.9788156674865476,3.4920868009333184,0.0783052533989238,3.4137815475343944
2024-01-03 00:00:00-08:00,1.4889585590999996,1.4889585590999996,27.29094432350245,27.29094432350245,-25.801985764402453,-25.801985764402453,25.801985764402453,0.0,4.128317722304392,0.0,4.128317722304392
2024-01-04 00:00:00-08:00,2.3422072751999994,2.3422072751999994,28.318005998364168,28.318005998364168,-25.975798723164168,-25.975798723164168,25.975798723164168,0.0,4.156127795706267,0.0,4.156127795706267
2024-01-05 00:00:00-08:00,6.2378062227,6.2378062227,27.05140173759955,27.05140173759955,-20.81359551489955,-20.81359551489955,21.830481896874637,1.0168863819750855,3.492877103499942,0.08135091055800685,3.411526192941935
2024-01-06 00:00:00-08:00,1.4548127120999992,1.4548127120999992,35.64514070977897,35.64514070977897,-34.19032799767897,-34.19032799767897,34.19032799767897,0.0,5.470452479628635,0.0,5.470452479628635
2024-01-07 00:00:00-08:00,2.1625341146999997,2.1625341146999997,31.10791912341448,31.10791912341448,-28.94538500871448,-28.94538500871448,28.94538500871448,0.0,4.631261601394317,0.0,4.631261601394317
2024-01-08 00:00:00-08:00,4.9042478673,4.9042478673,29.116507163666974,29.116507163666974,-24.212259296366973,-24.212259296366973,24.392028269897704,0.17976897353073074,3.902724523183633,0.014381517882458459,3.8883430053011745
2024-01-09 00:00:00-08:00,3.2421055571999995,3.2421055571999995,29.915600221277362,29.915600221277362,-26.67349466407736,-26.67349466407736,26.67349466407736,0.0,4.267759146252378,0.0,4.267759146252378
2024-01-10 00:00:00-08:00,2.3211626948999995,2.3211626948999995,28.934617473325066,28.934617473325066,-26.613454778425066,-26.613454778425066,26.613454778425066,0.0,4.258152764548011,0.0,4.258152764548011
2024-01-11 00:00:00-08:00,3.3962960015999992,3.3962960015999992,31.322178045509506,31.322178045509506,-27.925882043909507,-27.925882043909507,27.925882043909507,0.0,4.468141127025521,0.0,4.468141127025521
2024-01-12 00:00:00-08:00,1.295328839399999,1.295328839399999,30.566445892453306,30.566445892453306,-29.271117053053306,-29.271117053053306,29.271117053053306,0.0,4.683378728488529,0.0,4.683378728488529
2024-01-13 00:00:00-08:00,1.1728388573999995,1.1728388573999995,29.13599925530435,29.13599925530435,-27.96316039790435,-27.96316039790435,27.96316039790435,0.0,4.474105663664696,0.0,4.474105663664696
2024-01-14 00:00:00-08:00,2.3392941560999994,2.3392941560999994,30.523493284280573,30.523493284280573,-28.184199128180573,-28.184199128180573,28.30881069098199,0.12461156280141483,4.529409710557118,0.009968925024113187,4.519440785533005
2024-01-15 00:00:00-08:00,8.3564352945,8.3564352945,29.662722908062275,29.662722908062275,-21.306287613562276,-21.306287613562276,22.366894838176282,1.0606072246140097,3.578703174108205,0.08484857796912078,3.4938545961390846
2024-01-16 00:00:00-08:00,6.956272996199999,6.956272996199999,26.474631773607154,26.474631773607154,-19.518358777407155,-19.518358777407155,20.99377159163235,1.4754128142251932,3.359003454661176,0.11803302513801546,3.2409704295231605
2024-01-17 00:00:00-08:00,1.4968450538999993,1.4968450538999993,29.587494483794366,29.587494483794366,-28.090649429894366,-28.090649429894366,28.090649429894366,0.0,4.4945039087830985,0.0,4.4945039087830985
2024-01-18 00:00:00-08:00,6.099052237199999,6.099052237199999,28.83631176079403,28.83631176079403,-22.73725952359403,-22.73725952359403,23.37903632286305,0.6417767992690203,3.740645811658088,0.051342143941521624,3.6893036677165663
2024-01-19 00:00:00-08:00,2.5699098716999997,2.5699098716999997,31.519728975470606,31.519728975470606,-28.949819103770608,-28.949819103770608,28.949819103770608,0.0,4.631971056603297,0.0,4.631971056603297
2024-01-20 00:00:00-08:00,4.3633219968,4.3633219968,31.129328083865943,31.129328083865943,-26.766006087065943,-26.766006087065943,26.812427936092643,0.046421849026698325,4.289988469774823,0.0037137479221358662,4.286274721852687
2024-01-21 00:00:00-08:00,6.1199786303999995,6.1199786303999995,32.78111812805265,32.78111812805265,-26.66113949765265,-26.66113949765265,27.195568816685654,0.534429319033006,4.351291010669705,0.04275434552264048,4.308536665147065
2024-01-22 00:00:00-08:00,1.7981825120999995,1.7981825120999995,28.962348290777214,28.962348290777214,-27.164165778677216,-27.164165778677216,27.164165778677216,0.0,4.346266524588355,0.0,4.346266524588355
2024-01-23 00:00:00-08:00,2.2819984874999997,2.2819984874999997,31.367691660459666,31.367691660459666,-29.085693172959665,-29.085693172959665,29.085693172959665,0.0,4.653710907673546,0.0,4.653710907673546
2024-01-24 00:00:00-08:00,1.2680488196999993,1.2680488196999993,31.089806443610343,31.089806443610343,-29.821757623910344,-29.821757623910344,29.821757623910344,0.0,4.771481219825655,0.0,4.771481219825655
2024-01-25 00:00:00-08:00,3.4556303564999995,3.4556303564999995,27.55148913455443,27.55148913455443,-24.095858778054428,-24.095858778054428,24.095858778054428,0.0,3.8553374044887083,0.0,3.8553374044887083
2024-01-26 00:00:00-08:00,7.416593142299999,7.416593142299999,26.549440393704867,26.549440393704867,-19.13284725140487,-19.13284725140487,20.526853157096436,1.3940059056915657,3.28429650513543,0.11152047245532526,3.1727760326801047
2024-01-27 00:00:00-08:00,3.696833398499999,3.696833398499999,30.440396268504866,30.440396268504866,-26.743562870004865,-26.743562870004865,26.743562870004865,0.0,4.278970059200779,0.0,4.278970059200779
2024-01-28 00:00:00-08:00,4.942012081499999,4.942012081499999,34.02629894006457,34.02629894006457,-29.084286858564568,-29.084286858564568,29.342636409156018,0.25834955059144904,4.694821825464963,0.020667964047315922,4.674153861417647
2024-01-29 00:00:00-08:00,9.5108099103,9.5108099103,30.27723239240505,30.27723239240505,-20.76642248210505,-20.76642248210505,22.497198356796737,1.7307758746916893,3.599551737087478,0.13846206997533514,3.461089667112143
2024-01-30 00:00:00-08:00,9.5101469334,9.5101469334,31.039788858445824,31.039788858445824,-21.529641925045823,-21.529641925045823,23.147320408891606,1.6176784838457823,3.703571265422657,0.1294142787076626,3.5741569867149945
2024-01-31 00:00:00-08:00,8.284362612299999,8.284362612299999,28.526618186412204,28.526618186412204,-20.242255574112203,-20.242255574112203,21.320660525215096,1.0784049511028901,3.4113056840344154,0.08627239608823122,3.325033287946184
2024-02-01 00:00:00-08:00,1.7500598315999993,1.7500598315999993,31.675207798630947,31.675207798630947,-29.925147967030945,-29.925147967030945,29.925147967030945,0.0,4.788023674724951,0.0,4.788023674724951
2024-02-02 00:00:00-08:00,3.2856168347999994,3.2856168347999994,29.891217862374273,29.891217862374273,-26.605601027574274,-26.605601027574274,26.605601027574274,0.0,4.2568961644118835,0.0,4.2568961644118835
2024-02-03 00:00:00-08:00,5.6259395478,5.6259395478,33.08525811802715,33.08525811802715,-27.459318570227147,-27.459318570227147,27.907162992956856,0.44784442272970704,4.465146078873097,0.035827553818376566,4.429318525054721
2024-02-04 00:00:00-08:00,4.2716704536,4.2716704536,30.86462021506359,30.86462021506359,-26.59294976146359,-26.59294976146359,26.670732403940168,0.07778264247657651,4.267317184630427,0.006222611398126121,4.261094573232301
2024-02-05 00:00:00-08:00,8.6567667759,8.6567667759,29.774556194964454,29.774556194964454,-21.117789419064454,-21.117789419064454,22.149436025123833,1.0316466060593799,3.5439097640198134,0.08253172848475039,3.461378035535063
2024-02-06 00:00:00-08:00,1.701577940399999,1.701577940399999,29.017241074640076,29.017241074640076,-27.315663134240076,-27.315663134240076,27.315663134240076,0.0,4.370506101478412,0.0,4.370506101478412
2024-02-07 00:00:00-08:00,4.440157503299999,4.440157503299999,31.60041380342801,31.60041380342801,-27.16025630012801,-27.16025630012801,27.16025630012801,0.0,4.345641008020482,0.0,4.345641008020482
2024-02-08 00:00:00-08:00,5.113286840699999,5.113286840699999,29.29950818969596,29.29950818969596,-24.18622134899596,-24.18622134899596,24.18622134899596,0.0,3.869795415839354,0.0,3.869795415839354
2024-02-09 00:00:00-08:00,2.7275882084999994,2.7275882084999994,30.5648822242887,30.5648822242887,-27.8372940157887,-27.8372940157887,27.8372940157887,0.0,4.453967042526192,0.0,4.453967042526192
2024-02-10 00:00:00-08:00,8.375175967499999,8.375175967499999,33.80523637950083,33.80523637950083,-25.430060412000834,-25.430060412000834,26.690530090637537,1.2604696786367047,4.270484814502006,0.10083757429093637,4.16964724021107
2024-02-11 00:00:00-08:00,7.9356269781,7.9356269781,30.52213531287697,30.52213531287697,-22.586508334776973,-22.586508334776973,22.8335828149946,0.2470744802176269,3.653373250399136,0.01976595841741015,3.6336072919817255
2024-02-12 00:00:00-08:00,7.243599430124998,7.243599430124998,29.12521970441188,29.12521970441188,-21.88162027428688,-21.88162027428688,22.210271283846563,0.32865100955968274,3.55364340541545,0.02629208076477462,3.5273513246506756
2024-02-13 00:00:00-08:00,5.363525353725,5.363525353725,29.36721832097346,29.36721832097346,-24.003692967248462,-24.003692967248462,24.175698032401808,0.17200506515334624,3.868111685184289,0.0137604052122677,3.8543512799720214
2024-02-14 00:00:00-08:00,2.171188276199999,2.171188276199999,29.185374018018987,29.185374018018987,-27.014185741818988,-27.014185741818988,27.014185741818988,0.0,4.322269718691039,0.0,4.322269718691039
2024-02-15 00:00:00-08:00,4.2281817048,4.2281817048,28.05378477004413,28.05378477004413,-23.82560306524413,-23.82560306524413,24.12383580120579,0.2982327359616581,3.8598137281929263,0.02385861887693265,3.835955109315994
2024-02-16 00:00:00-08:00,3.5070574400999996,3.5070574400999996,30.61136673382657,30.61136673382657,-27.104309293726573,-27.104309293726573,27.104309293726573,0.0,4.336689486996252,0.0,4.336689486996252
2024-02-17 00:00:00-08:00,4.212762968024999,4.212762968024999,32.47206187051746,32.47206187051746,-28.259298902492453,-28.259298902492453,28.262746566116444,0.003447663623988184,4.522039450578631,0.00027581308991905476,4.521763637488712
2024-02-18 00:00:00-08:00,4.741672416299999,4.741672416299999,33.371602598005744,33.371602598005744,-28.629930181705745,-28.629930181705745,28.629930181705745,0.0,4.58078882907292,0.0,4.58078882907292
2024-02-19 00:00:00-08:00,4.1815894059,4.1815894059,30.403775690068084,30.403775690068084,-26.222186284168085,-26.222186284168085,27.13203422933786,0.909847945169778,4.341125476694058,0.07278783561358224,4.2683376410804765
2024-02-20 00:00:00-08:00,9.524314843199999,9.524314843199999,26.611578996075703,26.611578996075703,-17.087264152875704,-17.087264152875704,18.86547981596118,1.7782156630854762,3.018476770553789,0.1422572530468381,2.876219517506951
2024-02-21 00:00:00-08:00,3.317264271224999,3.317264271224999,28.820947731460098,28.820947731460098,-25.5036834602351,-25.5036834602351,25.5036834602351,0.0,4.080589353637616,0.0,4.080589353637616
2024-02-22 00:00:00-08:00,9.963055025325,9.963055025325,30.39373896065775,30.39373896065775,-20.43068393533275,-20.43068393533275,22.22418661178949,1.7935026764567408,3.555869857886319,0.14348021411653927,3.4123896437697794
2024-02-23 00:00:00-08:00,10.134627373125,10.134627373125,31.141114692348435,31.141114692348435,-21.006487319223435,-21.006487319223435,22.68797398129234,1.6814866620689057,3.6300758370067747,0.13451893296551246,3.4955569040412624
2024-02-24 00:00:00-08:00,10.219721402699998,10.219721402699998,30.023037895883743,30.023037895883743,-19.803316493183743,-19.803316493183743,21.73594401251353,1.9326275193297868,3.477751042002165,0.15461020154638294,3.323140840455782
2024-02-25 00:00:00-08:00,10.141963022025,10.141963022025,34.38034368148493,34.38034368148493,-24.23838065945993,-24.23838065945993,25.474777704638782,1.2363970451788489,4.0759644327422055,0.09891176361430791,3.9770526691278976
2024-02-26 00:00:00-08:00,2.0890133354249993,2.0890133354249993,26.155274242413103,26.155274242413103,-24.066260906988106,-24.066260906988106,24.066260906988106,0.0,3.850601745118097,0.0,3.850601745118097
2024-02-27 00:00:00-08:00,4.574603333699999,4.574603333699999,28.52897889164872,28.52897889164872,-23.95437555794872,-23.95437555794872,23.966514461764934,0.012138903816215074,3.8346423138823895,0.0009711123052972059,3.833671201577092
2024-02-28 00:00:00-08:00,10.3879034334,10.3879034334,29.55025913917296,29.55025913917296,-19.162355705772963,-19.162355705772963,20.998488550275667,1.8361328445027025,3.359758168044107,0.1468906275602162,3.2128675404838907
2024-02-29 00:00:00-08:00,6.770737306125,6.770737306125,28.716517423079168,28.716517423079168,-21.945780116954168,-21.945780116954168,22.097824655306066,0.15204453835189913,3.5356519448489707,0.01216356306815193,3.523488381780819
2024-03-01 00:00:00-08:00,2.533239381599999,2.533239381599999,28.802777679184807,28.802777679184807,-26.269538297584806,-26.269538297584806,26.269538297584806,0.0,4.203126127613569,0.0,4.203126127613569
2024-03-02 00:00:00-08:00,5.437662920325,5.437662920325,30.567035878798954,30.567035878798954,-25.129372958473954,-25.129372958473954,25.129372958473954,0.0,4.020699673355833,0.0,4.020699673355833
2024-03-03 00:00:00-08:00,5.3543443743,5.3543443743,35.29788505901764,35.29788505901764,-29.94354068471764,-29.94354068471764,29.94354068471764,0.0,4.790966509554822,0.0,4.790966509554822
2024-03-04 00:00:00-08:00,7.0337941029,7.0337941029,31.978741699043443,31.978741699043443,-24.944947596143443,-24.944947596143443,25.288892615484496,0.34394501934105315,4.04622281847752,0.027515601547284253,4.018707216930236
2024-03-05 00:00:00-08:00,4.890207805199999,4.890207805199999,31.442797537991506,31.442797537991506,-26.552589732791507,-26.552589732791507,26.552589732791507,0.0,4.2484143572466415,0.0,4.2484143572466415
2024-03-06 00:00:00-08:00,2.5005057365249996,2.5005057365249996,31.23254762163186,31.23254762163186,-28.73204188510686,-28.73204188510686,28.73204188510686,0.0,4.597126701617098,0.0,4.597126701617098
2024-03-07 00:00:00-08:00,11.112469760025,11.112469760025,27.463346316780164,27.463346316780164,-16.350876556755164,-16.350876556755164,19.158791684790103,2.807915128034939,3.0654066695664164,0.22463321024279512,2.8407734593236214
2024-03-08 00:00:00-08:00,11.672608398524998,11.672608398524998,28.69766723667424,28.69766723667424,-17.025058838149242,-17.025058838149242,19.590065347374654,2.565006509225415,3.134410455579945,0.20520052073803322,2.9292099348419116
2024-03-09 00:00:00-08:00,8.363131189199999,8.363131189199999,31.302597027615743,31.302597027615743,-22.939465838415746,-22.939465838415746,23.669464575326643,0.7299987369108999,3.787114332052263,0.058399898952871995,3.728714433099391
2024-03-10 00:00:00-08:00,5.905960127324999,5.905960127324999,33.39606180928936,33.39606180928936,-27.490101681964358,-27.490101681964358,27.671784211198915,0.18168252923455874,4.427485473791826,0.0145346023387647,4.412950871453061
2024-03-11 00:00:00-07:00,6.689368567124999,6.689368567124999,27.899791503449197,27.899791503449197,-21.210422936324196,-21.210422936324196,21.775724222110487,0.5653012857862916,3.484115875537678,0.04522410286290333,3.4388917726747747
2024-03-12 00:00:00-07:00,6.911448562799999,6.911448562799999,27.372800717260453,27.372800717260453,-20.461352154460457,-20.461352154460457,21.7377888277573,1.2764366732968435,3.4780462124411677,0.10211493386374748,3.3759312785774203
2024-03-13 00:00:00-07:00,7.635558360599999,7.635558360599999,27.936791262026944,27.936791262026944,-20.301232901426946,-20.301232901426946,21.10346782653121,0.8022349251042646,3.3765548522449937,0.06417879400834117,3.3123760582366524
2024-03-14 00:00:00-07:00,11.456136789524999,11.456136789524999,28.80191969576665,28.80191969576665,-17.34578290624165,-17.34578290624165,20.42985786560097,3.0840749593593206,3.268777258496155,0.24672599674874565,3.0220512617474093
2024-03-15 00:00:00-07:00,11.412693430425,11.412693430425,26.51093666142405,26.51093666142405,-15.098243230999053,-15.098243230999053,18.463277761249838,3.365034530250785,2.954124441799974,0.2692027624200628,2.6849216793799116
2024-03-16 00:00:00-07:00,11.315899310625,11.315899310625,34.730369261646565,34.730369261646565,-23.414469951021566,-23.414469951021566,25.718656671260593,2.304186720239025,4.114985067401695,0.184334937619122,3.9306501297825727
2024-03-17 00:00:00-07:00,11.057149740824999,11.057149740824999,32.024893270694285,32.024893270694285,-20.967743529869285,-20.967743529869285,23.4775395511079,2.5097960212386146,3.7564063281772637,0.20078368169908917,3.5556226464781746
2024-03-18 00:00:00-07:00,11.305124064899998,11.305124064899998,29.160043429543325,29.160043429543325,-17.854919364643326,-17.854919364643326,20.788236805711083,2.933317441067756,3.3261178889137732,0.23466539528542046,3.0914524936283527
2024-03-19 00:00:00-07:00,11.230549892099999,11.230549892099999,30.491246637321204,30.491246637321204,-19.260696745221207,-19.260696745221207,22.08506896893111,2.8243722237099047,3.533611035028978,0.22594977789679238,3.3076612571321857
2024-03-20 00:00:00-07:00,9.058505593725,9.058505593725,28.022258446935684,28.022258446935684,-18.963752853210686,-18.963752853210686,20.58056770335368,1.616814850142997,3.292890832536589,0.12934518801143977,3.1635456445251493
2024-03-21 00:00:00-07:00,9.462039888599998,9.462039888599998,29.108806716561798,29.108806716561798,-19.646766827961798,-19.646766827961798,21.05507594898285,1.4083091210210514,3.3688121518372562,0.11266472968168412,3.256147422155572
2024-03-22 00:00:00-07:00,5.830988393024999,5.830988393024999,30.106380041342298,30.106380041342298,-24.2753916483173,-24.2753916483173,24.364345999177097,0.08895435085980041,3.8982953598683356,0.007116348068784033,3.8911790117995517
2024-03-23 00:00:00-07:00,4.894090026524999,4.894090026524999,33.423638507218264,33.423638507218264,-28.529548480693265,-28.529548480693265,29.172882567384324,0.6433340866910594,4.667661210781492,0.05146672693528476,4.616194483846207
2024-03-24 00:00:00-07:00,6.1022975555249985,6.1022975555249985,29.24423350075557,29.24423350075557,-23.14193594523057,-23.14193594523057,23.54615820486149,0.40422225963091907,3.7673853127778387,0.03233778077047353,3.735047532007365
2024-03-25 00:00:00-07:00,6.2394853689,6.2394853689,26.653896842034033,26.653896842034033,-20.41441147313403,-20.41441147313403,20.980375188479535,0.5659637153455037,3.3568600301567257,0.0452770972276403,3.3115829329290856
2024-03-26 00:00:00-07:00,6.693970676624999,6.693970676624999,28.997077023735375,28.997077023735375,-22.303106347110376,-22.303106347110376,22.719408840922394,0.41630249381201817,3.635105414547583,0.033304199504961454,3.6018012150426215
2024-03-27 00:00:00-07:00,5.422860432224999,5.422860432224999,32.29768930885,32.29768930885,-26.874828876625006,-26.874828876625006,26.874828876625006,0.0,4.299972620260001,0.0,4.299972620260001
2024-03-28 00:00:00-07:00,7.316393993099998,7.316393993099998,31.668610899308828,31.668610899308828,-24.35221690620883,-24.35221690620883,24.922680049573284,0.5704631433644549,3.9876288079317255,0.04563705146915639,3.9419917564625693
2024-03-29 00:00:00-07:00,6.729998246099999,6.729998246099999,27.630471110460345,27.630471110460345,-20.900472864360346,-20.900472864360346,21.364806069609557,0.4643332052492119,3.418368971137529,0.03714665641993695,3.381222314717592
2024-03-30 00:00:00-07:00,5.876716344299999,5.876716344299999,29.378185138264694,29.378185138264694,-23.501468793964698,-23.501468793964698,23.87194148048987,0.3704726865251742,3.819510636878379,0.029637814922013936,3.789872821956365
2024-03-31 00:00:00-07:00,6.469883029799999,6.469883029799999,31.442728925091316,31.442728925091316,-24.972845895291318,-24.972845895291318,25.655542886403115,0.682696991111798,4.1048868618244985,0.05461575928894385,4.050271102535555
2024-04-01 00:00:00-07:00,11.379146120099998,11.379146120099998,30.651021748524034,30.651021748524034,-19.271875628424034,-19.271875628424034,21.913550975794713,2.6416753473706778,3.506168156127154,0.21133402778965424,3.2948341283375
2024-04-02 00:00:00-07:00,11.111443684424998,11.111443684424998,31.281696666119352,31.281696666119352,-20.170252981694354,-20.170252981694354,22.762620836100645,2.5923678544062936,3.642019333776103,0.20738942835250349,3.4346299054236
2024-04-03 00:00:00-07:00,7.275401166149999,7.275401166149999,28.777727449292787,28.777727449292787,-21.502326283142786,-21.502326283142786,22.175041111172742,0.672714828029956,3.548006577787639,0.05381718624239648,3.4941893915452424
2024-04-04 00:00:00-07:00,6.087116154824999,6.087116154824999,28.371976398147144,28.371976398147144,-22.284860243322143,-22.284860243322143,22.663764839722912,0.3789045964007691,3.626202374355666,0.03031236771206153,3.5958900066436046
2024-04-05 00:00:00-07:00,8.298557415449999,8.298557415449999,30.501388201206513,30.501388201206513,-22.202830785756515,-22.202830785756515,24.05063463914853,1.8478038533920156,3.8481015422637648,0.14782430827136125,3.7002772339924035
2024-04-06 00:00:00-07:00,6.668532513224999,6.668532513224999,34.000540133716896,34.000540133716896,-27.332007620491897,-27.332007620491897,28.001719825270257,0.6697122047783614,4.480275172043242,0.05357697638226891,4.426698195660973
2024-04-07 00:00:00-07:00,9.139866237449999,9.139866237449999,35.30527413753339,35.30527413753339,-26.165407900083387,-26.165407900083387,27.473473383437323,1.3080654833539351,4.395755741349972,0.10464523866831481,4.291110502681657
2024-04-08 00:00:00-07:00,11.001511739924998,11.001511739924998,26.951211597626266,26.951211597626266,-15.949699857701267,-15.949699857701267,19.156296770809284,3.206596913108017,3.0650074833294854,0.25652775304864134,2.808479730280844
2024-04-09 00:00:00-07:00,9.24048951885,9.24048951885,26.582916583152656,26.582916583152656,-17.342427064302658,-17.342427064302658,18.687382543405324,1.3449554791026685,2.9899812069448517,0.10759643832821349,2.8823847686166384
2024-04-10 00:00:00-07:00,11.332405542599998,11.332405542599998,25.897898391854994,25.897898391854994,-14.565492849254996,-14.565492849254996,17.82984168372016,3.264348834465166,2.852774669395226,0.2611479067572133,2.591626762638013
2024-04-11 00:00:00-07:00,10.142538994799999,10.142538994799999,29.86342214599069,29.86342214599069,-19.72088315119069,-19.72088315119069,21.50157217938818,1.7806890281974896,3.440251548702109,0.14245512225579918,3.2977964264463098
2024-04-12 00:00:00-07:00,8.216434133099998,8.216434133099998,30.77426140761228,30.77426140761228,-22.55782727451228,-22.55782727451228,23.0941362273293,0.5363089528170208,3.695061796372688,0.04290471622536167,3.6521570801473264
2024-04-13 00:00:00-07:00,10.7816023647,10.7816023647,34.139341660628816,34.139341660628816,-23.357739295928816,-23.357739295928816,25.078516218181342,1.7207769222525278,4.0125625949090145,0.13766215378020222,3.8749004411288124
2024-04-14 00:00:00-07:00,9.7990782615,9.7990782615,29.14510129067497,29.14510129067497,-19.34602302917497,-19.34602302917497,21.16938281680509,1.8233597876301182,3.3871012506888145,0.14586878301040945,3.241232467678405
2024-04-15 00:00:00-07:00,5.237957759849999,5.237957759849999,27.432368002855377,27.432368002855377,-22.19441024300538,-22.19441024300538,22.55703726308459,0.36262702007921466,3.6091259620935348,0.029010161606337175,3.5801158004871976
2024-04-16 00:00:00-07:00,7.789370011199999,7.789370011199999,29.155623880537473,29.155623880537473,-21.366253869337474,-21.366253869337474,22.417152414023406,1.0508985446859325,3.586744386243745,0.08407188357487459,3.5026725026688705
2024-04-17 00:00:00-07:00,11.510609003999999,11.510609003999999,32.10374434189958,32.10374434189958,-20.593135337899582,-20.593135337899582,23.05686011879832,2.463724780898739,3.689097619007731,0.19709798247189914,3.491999636535832
2024-04-18 00:00:00-07:00,11.475171065249999,11.475171065249999,30.768558004901752,30.768558004901752,-19.293386939651754,-19.293386939651754,21.99147855393215,2.698091614280398,3.518636568629144,0.21584732914243185,3.3027892394867124
2024-04-19 00:00:00-07:00,9.617784679799998,9.617784679799998,27.046587747132783,27.046587747132783,-17.428803067332787,-17.428803067332787,19.11769928516441,1.6888962178316247,3.0588318856263057,0.13511169742652998,2.9237201881997756
2024-04-20 00:00:00-07:00,10.283432494049999,10.283432494049999,31.405133106154732,31.405133106154732,-21.121700612104735,-21.121700612104735,22.759533012304516,1.6378324001997813,3.6415252819687227,0.1310265920159825,3.5104986899527404
2024-04-21 00:00:00-07:00,9.74778508845,9.74778508845,29.32689414275854,29.32689414275854,-19.579109054308542,-19.579109054308542,21.566043491642514,1.9869344373339743,3.4505669586628023,0.15895475498671796,3.291612203676084
2024-04-22 00:00:00-07:00,11.14195885695,11.14195885695,26.74804864894487,26.74804864894487,-15.60608979199487,-15.60608979199487,18.55903598073776,2.9529461887428887,2.969445756918042,0.2362356950994311,2.733210061818611
2024-04-23 00:00:00-07:00,8.67367101825,8.67367101825,29.473071543336207,29.473071543336207,-20.79940052508621,-20.79940052508621,22.415552640322055,1.6161521152358478,3.586488422451529,0.12929216921886783,3.457196253232661
2024-04-24 00:00:00-07:00,4.729854180149999,4.729854180149999,26.629573157182058,26.629573157182058,-21.89971897703206,-21.89971897703206,22.306854061964714,0.40713508493265316,3.5690966499143544,0.03257080679461225,3.536525843119742
2024-04-25 00:00:00-07:00,5.144462108549999,5.144462108549999,27.849046185477228,27.849046185477228,-22.70458407692723,-22.70458407692723,23.49449366588268,0.7899095889554515,3.7591189865412287,0.06319276711643612,3.6959262194247926
2024-04-26 00:00:00-07:00,7.507844260649999,7.507844260649999,27.113601888461414,27.113601888461414,-19.605757627811414,-19.605757627811414,20.514702468513235,0.9089448407018212,3.2823523949621176,0.0727155872561457,3.209636807705972
2024-04-27 00:00:00-07:00,7.201080933749999,7.201080933749999,33.5333785046138,33.5333785046138,-26.332297570863805,-26.332297570863805,27.176351347202075,0.8440537763382703,4.348216215552332,0.06752430210706162,4.280691913445271
2024-04-28 00:00:00-07:00,10.202531744699998,10.202531744699998,30.121830963025435,30.121830963025435,-19.919299218325435,-19.919299218325435,21.91001531597588,1.9907160976504454,3.505602450556141,0.15925728781203563,3.346345162744105
2024-04-29 00:00:00-07:00,7.053528494699999,7.053528494699999,27.25808297968647,27.25808297968647,-20.20455448498647,-20.20455448498647,21.42204894158323,1.2174944565967598,3.4275278306533172,0.0973995565277408,3.3301282741255767
2024-04-30 00:00:00-07:00,10.7068537773,10.7068537773,27.617572868019703,27.617572868019703,-16.910719090719702,-16.910719090719702,19.274576108476158,2.363857017756453,3.083932177356185,0.18910856142051624,2.894823615935669
2024-05-01 00:00:00-07:00,11.562098742449999,11.562098742449999,27.85075250233634,27.85075250233634,-16.28865375988634,-16.28865375988634,19.52930311097091,3.2406493510845693,3.1246884977553457,0.25925194808676555,2.8654365496685803
2024-05-02 00:00:00-07:00,5.209366300199998,5.209366300199998,28.159435145910233,28.159435145910233,-22.950068845710234,-22.950068845710234,23.105505242786474,0.15543639707624057,3.696880838845836,0.012434911766099246,3.6844459270797367
2024-05-03 00:00:00-07:00,11.08549073295,11.08549073295,31.008032807305224,31.008032807305224,-19.922542074355224,-19.922542074355224,22.602668799039787,2.6801267246845626,3.616427007846366,0.21441013797476502,3.402016869871601
2024-05-04 00:00:00-07:00,3.884070930299999,3.884070930299999,32.8701228214699,32.8701228214699,-28.986051891169904,-28.986051891169904,28.986051891169904,0.0,4.637768302587185,0.0,4.637768302587185
2024-05-05 00:00:00-07:00,7.010716535999999,7.010716535999999,34.04356100491812,34.04356100491812,-27.032844468918118,-27.032844468918118,27.337616290525386,0.3047718216072698,4.374018606484062,0.024381745728581584,4.34963686075548
2024-05-06 00:00:00-07:00,7.012009771199999,7.012009771199999,31.926288839402815,31.926288839402815,-24.914279068202816,-24.914279068202816,25.596791058125948,0.682511989923131,4.095486569300152,0.05460095919385048,4.040885610106302
2024-05-07 00:00:00-07:00,8.596819580399998,8.596819580399998,29.909105074495898,29.909105074495898,-21.312285494095896,-21.312285494095896,22.449668989048558,1.1373834949526596,3.591947038247769,0.09099067959621276,3.5009563586515564
2024-05-08 00:00:00-07:00,4.290234236099999,4.290234236099999,27.354441457817767,27.354441457817767,-23.06420722171777,-23.06420722171777,23.06420722171777,0.0,3.690273155474843,0.0,3.690273155474843
2024-05-09 00:00:00-07:00,10.2230530137,10.2230530137,32.45829194276694,32.45829194276694,-22.235238929066945,-22.235238929066945,24.189689961175514,1.9544510321085689,3.8703503937880823,0.15635608256868552,3.713994311219397
2024-05-10 00:00:00-07:00,10.1903467014,10.1903467014,31.36428031821076,31.36428031821076,-21.17393361681076,-21.17393361681076,22.95096177852555,1.7770281617147885,3.672153884564088,0.14216225293718307,3.529991631626905
2024-05-11 00:00:00-07:00,10.9207613124,10.9207613124,32.275452911970454,32.275452911970454,-21.354691599570458,-21.354691599570458,23.607240224282798,2.2525486247123396,3.777158435885248,0.18020388997698716,3.5969545459082606
2024-05-12 00:00:00-07:00,10.339913941199999,10.339913941199999,29.76321842882254,29.76321842882254,-19.42330448762254,-19.42330448762254,21.684497803339706,2.261193315717163,3.469519648534353,0.18089546525737304,3.28862418327698
2024-05-13 00:00:00-07:00,6.880277902499999,6.880277902499999,31.092218361064624,31.092218361064624,-24.211940458564623,-24.211940458564623,24.763326017103342,0.551385558538719,3.962132162736535,0.04411084468309752,3.9180213180534373
2024-05-14 00:00:00-07:00,11.016356437799999,11.016356437799999,30.854586933903793,30.854586933903793,-19.838230496103794,-19.838230496103794,22.405089044156483,2.5668585480526867,3.5848142470650375,0.20534868384421492,3.3794655632208226
2024-05-15 00:00:00-07:00,11.114710128899999,11.114710128899999,26.742189473863668,26.742189473863668,-15.627479344963671,-15.627479344963671,18.563352966950056,2.9358736219863864,2.970136474712009,0.2348698897589109,2.735266584953098
2024-05-16 00:00:00-07:00,10.7022442455,10.7022442455,29.422243288069133,29.422243288069133,-18.719999042569135,-18.719999042569135,21.161358905705036,2.441359863135903,3.3858174249128057,0.19530878905087223,3.1905086358619332
2024-05-17 00:00:00-07:00,11.106197755199998,11.106197755199998,31.321935317500436,31.321935317500436,-20.21573756230044,-20.21573756230044,22.56219560187127,2.346458039570831,3.6099512962994034,0.1877166431656665,3.422234653133737
2024-05-18 00:00:00-07:00,11.022785299799999,11.022785299799999,28.76205708825064,28.76205708825064,-17.73927178845064,-17.73927178845064,20.475900197012454,2.7366284085618124,3.2761440315219925,0.218930272684945,3.0572137588370474
2024-05-19 00:00:00-07:00,10.607989788899998,10.607989788899998,30.610532374350264,30.610532374350264,-20.002542585450264,-20.002542585450264,22.163986612784974,2.1614440273347086,3.546237858045596,0.1729155221867767,3.3733223358588194
2024-05-20 00:00:00-07:00,9.1109457396,9.1109457396,26.163617310462023,26.163617310462023,-17.052671570862024,-17.052671570862024,18.90480509621575,1.8521335253537237,3.02476881539452,0.1481706820282979,2.876598133366222
2024-05-21 00:00:00-07:00,11.346323275799998,11.346323275799998,28.19236947315544,28.19236947315544,-16.84604619735544,-16.84604619735544,19.844406584991493,2.99836038763605,3.1751050535986387,0.239868831010884,2.9352362225877546
2024-05-22 00:00:00-07:00,5.624199762299998,5.624199762299998,27.75687906327006,27.75687906327006,-22.13267930097006,-22.13267930097006,22.13267930097006,0.0,3.54122868815521,0.0,3.54122868815521
2024-05-23 00:00:00-07:00,9.9962216586,9.9962216586,27.72183772869269,27.72183772869269,-17.72561607009269,-17.72561607009269,20.050996651288926,2.325380581196234,3.2081594642062283,0.18603044649569872,3.0221290177105296
2024-05-24 00:00:00-07:00,10.4074692399,10.4074692399,26.123899847382923,26.123899847382923,-15.716430607482925,-15.716430607482925,18.001215354266723,2.284784746783799,2.8801944566826756,0.18278277974270393,2.697411676939972
2024-05-25 00:00:00-07:00,7.396858088999998,7.396858088999998,34.85085347629869,34.85085347629869,-27.45399538729869,-27.45399538729869,28.02021980126777,0.5662244139690814,4.483235168202843,0.04529795311752651,4.4379372150853165
2024-05-26 00:00:00-07:00,11.282336537399999,11.282336537399999,34.46454005002326,34.46454005002326,-23.18220351262326,-23.18220351262326,25.111367145972988,1.9291636333497304,4.0178187433556785,0.15433309066797843,3.8634856526877
2024-05-27 00:00:00-07:00,11.0469300444,11.0469300444,28.107377583639014,28.107377583639014,-17.060447539239014,-17.060447539239014,19.707863985001982,2.647416445762965,3.1532582376003173,0.2117933156610372,2.9414649219392803
2024-05-28 00:00:00-07:00,7.2890223245999985,7.2890223245999985,28.83860302654468,28.83860302654468,-21.549580701944677,-21.549580701944677,22.572906882984608,1.023326181039928,3.6116651012775374,0.08186609448319423,3.529799006794343
2024-05-29 00:00:00-07:00,10.289921894099999,10.289921894099999,30.251048067329343,30.251048067329343,-19.961126173229342,-19.961126173229342,22.386095893811035,2.4249697205816902,3.581775343009766,0.19399757764653522,3.387777765363231
2024-05-30 00:00:00-07:00,11.386303220699999,11.386303220699999,30.168559930143072,30.168559930143072,-18.782256709443075,-18.782256709443075,21.29668509480657,2.5144283853634946,3.407469615169051,0.20115427082907958,3.2063153443399717
2024-05-31 00:00:00-07:00,11.289790983599998,11.289790983599998,28.189513542830237,28.189513542830237,-16.89972255923024,-16.89972255923024,19.544014813012907,2.6442922537826683,3.1270423700820653,0.21154338030261347,2.9154989897794517
2024-06-01 00:00:00-07:00,8.5688757819,8.5688757819,30.844918178702294,30.844918178702294,-22.276042396802296,-22.276042396802296,23.029752872675207,0.7537104758729131,3.6847604596280332,0.06029683806983305,3.6244636215582
2024-06-02 00:00:00-07:00,8.032076758799999,8.032076758799999,31.983756986280895,31.983756986280895,-23.951680227480896,-23.951680227480896,24.205871331369796,0.25419110388890176,3.8729394130191674,0.02033528831111214,3.8526041247080554
2024-06-03 00:00:00-07:00,4.707949580999999,4.707949580999999,29.603625621262864,29.603625621262864,-24.895676040262863,-24.895676040262863,25.110995439369773,0.215319399106908,4.017759270299164,0.01722555192855264,4.000533718370612
2024-06-04 00:00:00-07:00,10.828158680699998,10.828158680699998,32.237330198175236,32.237330198175236,-21.409171517475237,-21.409171517475237,23.408120255834213,1.9989487383589752,3.745299240933474,0.15991589906871803,3.5853833418647563
2024-06-05 00:00:00-07:00,10.789763079599998,10.789763079599998,28.65876186025051,28.65876186025051,-17.868998780650514,-17.868998780650514,20.28658782001291,2.4175890393623987,3.245854051202066,0.1934071231489919,3.052446928053074
2024-06-06 00:00:00-07:00,8.317988736299998,8.317988736299998,31.521354024456727,31.521354024456727,-23.20336528815673,-23.20336528815673,24.463105553744985,1.259740265588256,3.9140968885991976,0.10077922124706047,3.813317667352137
2024-06-07 00:00:00-07:00,7.6307876819999985,7.6307876819999985,27.185710340824045,27.185710340824045,-19.554922658824047,-19.554922658824047,20.30833063898867,0.7534079801646258,3.2493329022381876,0.06027263841317007,3.1890602638250174
2024-06-08 00:00:00-07:00,10.1940439491,10.1940439491,29.146604558319936,29.146604558319936,-18.952560609219937,-18.952560609219937,20.762254897419336,1.8096942881993985,3.3219607835870937,0.1447755430559519,3.177185240531142
2024-06-09 00:00:00-07:00,8.2334328417,8.2334328417,33.88591820968699,33.88591820968699,-25.652485367986994,-25.652485367986994,26.584979244966544,0.9324938769795499,4.253596679194647,0.074599510158364,4.1789971690362835
2024-06-10 00:00:00-07:00,11.0557624545,11.0557624545,30.939850611656922,30.939850611656922,-19.884088157156924,-19.884088157156924,22.33315943686508,2.4490712797081557,3.5733055098984132,0.19592570237665247,3.377379807521761
2024-06-11 00:00:00-07:00,10.549037070899999,10.549037070899999,29.49198875504458,29.49198875504458,-18.94295168414458,-18.94295168414458,20.99721787052792,2.0542661863833365,3.3595548592844673,0.16434129491066693,3.1952135643738004
2024-06-12 00:00:00-07:00,10.762339671,10.762339671,30.787781727502477,30.787781727502477,-20.025442056502477,-20.025442056502477,22.200790452688864,2.1753483961863855,3.5521264724302184,0.17402787169491085,3.3780986007353073
2024-06-13 00:00:00-07:00,10.0179690246,10.0179690246,27.491725176327442,27.491725176327442,-17.473756151727443,-17.473756151727443,19.421185290595453,1.9474291388680116,3.1073896464952724,0.15579433110944094,2.9515953153858314
2024-06-14 00:00:00-07:00,10.533721793399998,10.533721793399998,26.70839343797761,26.70839343797761,-16.17467164457761,-16.17467164457761,18.383979758722884,2.209308114145274,2.9414367613956616,0.17674464913162194,2.7646921122640395
2024-06-15 00:00:00-07:00,10.060370915399998,10.060370915399998,33.325037591685124,33.325037591685124,-23.264666676285124,-23.264666676285124,24.78575818252331,1.5210915062381858,3.9657213092037296,0.12168732049905487,3.8440339887046746
2024-06-16 00:00:00-07:00,10.499169647699999,10.499169647699999,32.56830382903702,32.56830382903702,-22.069134181337024,-22.069134181337024,23.855468398498367,1.7863342171613434,3.8168749437597387,0.1429067373729075,3.673968206386831
2024-06-17 00:00:00-07:00,7.747929104399999,7.747929104399999,29.513762128628123,29.513762128628123,-21.765833024228126,-21.765833024228126,22.927775923210984,1.1619428989828604,3.6684441477137573,0.09295543191862883,3.5754887157951285
2024-06-18 00:00:00-07:00,10.5580168713,10.5580168713,29.27179153852837,29.27179153852837,-18.713774667228368,-18.713774667228368,20.95755660970771,2.2437819424793384,3.3532090575532334,0.17950255539834709,3.1737065021548863
2024-06-19 00:00:00-07:00,11.345182763399999,11.345182763399999,29.597074143347356,29.597074143347356,-18.251891379947356,-18.251891379947356,20.81744205646471,2.5655506765173537,3.3307907290343537,0.2052440541213883,3.1255466749129655
2024-06-20 00:00:00-07:00,9.0737711541,9.0737711541,31.05515964875399,31.05515964875399,-21.98138849465399,-21.98138849465399,22.551688375437685,0.5702998807836952,3.6082701400700294,0.045623990462695614,3.5626461496073336
2024-06-21 00:00:00-07:00,10.280622246299998,10.280622246299998,26.97505167712095,26.97505167712095,-16.69442943082095,-16.69442943082095,18.779618794110817,2.085189363289869,3.0047390070577307,0.16681514906318953,2.837923857994541
2024-06-22 00:00:00-07:00,10.665110103299998,10.665110103299998,30.134399521020104,30.134399521020104,-19.469289417720105,-19.469289417720105,21.702160152419403,2.2328707346992998,3.4723456243871045,0.17862965877594397,3.2937159656111605
2024-06-23 00:00:00-07:00,10.638865441799998,10.638865441799998,29.769318613905938,29.769318613905938,-19.13045317210594,-19.13045317210594,21.26642029971631,2.135967127610368,3.4026272479546096,0.17087737020882945,3.2317498777457803
2024-06-24 00:00:00-07:00,10.861570473299999,10.861570473299999,28.631965830482798,28.631965830482798,-17.770395357182796,-17.770395357182796,20.216370931759894,2.445975574577097,3.234619349081583,0.19567804596616775,3.0389413031154153
2024-06-25 00:00:00-07:00,9.512316583199999,9.512316583199999,31.240482917864995,31.240482917864995,-21.728166334664994,-21.728166334664994,22.75140273512123,1.0232364004562324,3.6402244376193966,0.0818589120364986,3.558365525582898
2024-06-26 00:00:00-07:00,8.915491870199999,8.915491870199999,30.954181052186648,30.954181052186648,-22.038689181986648,-22.038689181986648,23.34239785988808,1.3037086779014322,3.734783657582093,0.10429669423211457,3.6304869633499783
2024-06-27 00:00:00-07:00,10.2578682447,10.2578682447,28.483079986447418,28.483079986447418,-18.22521174174742,-18.22521174174742,20.812332306013452,2.5871205642660358,3.3299731689621526,0.20696964514128285,3.1230035238208695
2024-06-28 00:00:00-07:00,10.3402576863,10.3402576863,27.46672548010268,27.46672548010268,-17.126467793802682,-17.126467793802682,19.897245700288465,2.770777906485782,3.1835593120461545,0.22166223251886255,2.961897079527292
2024-06-29 00:00:00-07:00,8.897401710899999,8.897401710899999,29.817096874700887,29.817096874700887,-20.91969516380089,-20.91969516380089,22.156755701201863,1.2370605374009747,3.545080912192298,0.09896484299207797,3.44611606920022
2024-06-30 00:00:00-07:00,8.363898664199999,8.363898664199999,30.23105183144357,30.23105183144357,-21.867153167243572,-21.867153167243572,22.813051857272864,0.9458986900292938,3.6500882971636583,0.0756718952023435,3.5744164019613147
2024-07-01 00:00:00-07:00,7.997428760399999,7.997428760399999,28.016598705187214,28.016598705187214,-20.019169944787212,-20.019169944787212,21.239044857687468,1.2198749129002566,3.3982471772299947,0.09758999303202054,3.3006571841979744
2024-07-02 00:00:00-07:00,10.178496552599999,10.178496552599999,30.178433712398206,30.178433712398206,-19.999937159798208,-19.999937159798208,22.3927119293589,2.392774769560693,3.582833908697424,0.19142198156485546,3.3914119271325687
2024-07-03 00:00:00-07:00,10.263712256999998,10.263712256999998,30.819900822339722,30.819900822339722,-20.556188565339724,-20.556188565339724,22.92600704421046,2.369818478870738,3.668161127073674,0.18958547830965905,3.4785756487640147
2024-07-04 00:00:00-07:00,10.0987425108,10.0987425108,28.091267320753385,28.091267320753385,-17.992524809953384,-17.992524809953384,20.598919860387422,2.606395050434038,3.2958271776619874,0.20851160403472302,3.087315573627264
2024-07-05 00:00:00-07:00,9.980254147499998,9.980254147499998,29.94014729590791,29.94014729590791,-19.95989314840791,-19.95989314840791,22.28117400457142,2.321280856163507,3.564987840731427,0.18570246849308056,3.3792853722383467
2024-07-06 00:00:00-07:00,9.945860653799999,9.945860653799999,29.96235461671512,29.96235461671512,-20.01649396291512,-20.01649396291512,22.319006868682685,2.302512905767563,3.57104109898923,0.18420103246140504,3.386840066527825
2024-07-07 00:00:00-07:00,9.9435710727,9.9435710727,29.587941773125007,29.587941773125007,-19.644370700425007,-19.644370700425007,21.918694230589036,2.2743235301640308,3.506991076894246,0.18194588241312246,3.3250451944811235
2024-07-08 00:00:00-07:00,9.817697620799999,9.817697620799999,27.03761953390873,27.03761953390873,-17.219921913108735,-17.219921913108735,19.803405719804907,2.583483806696174,3.168544915168785,0.20667870453569392,2.961866210633091
2024-07-09 00:00:00-07:00,9.663506687699998,9.663506687699998,27.08007857734842,27.08007857734842,-17.41657188964842,-17.41657188964842,19.884825378215343,2.468253488566921,3.181572060514455,0.19746027908535368,2.9841117814291014
2024-07-10 00:00:00-07:00,10.189203985799999,10.189203985799999,30.835142571688376,30.835142571688376,-20.645938585888377,-20.645938585888377,22.696760370726587,2.0508217848382087,3.631481659316254,0.16406574278705668,3.4674159165291973
2024-07-11 00:00:00-07:00,10.2361377105,10.2361377105,30.07213213873123,30.07213213873123,-19.83599442823123,-19.83599442823123,22.118775090919158,2.2827806626879257,3.539004014547065,0.18262245301503405,3.356381561532031
2024-07-12 00:00:00-07:00,9.3432460608,9.3432460608,27.687910011920557,27.687910011920557,-18.34466395112056,-18.34466395112056,19.926514804681617,1.5818508535610594,3.1882423687490586,0.12654806828488474,3.0616943004641737
2024-07-13 00:00:00-07:00,7.1278907769,7.1278907769,31.36988189329927,31.36988189329927,-24.241991116399266,-24.241991116399266,24.421229157402433,0.17923804100316687,3.907396665184389,0.01433904328025335,3.893057621904136
2024-07-14 00:00:00-07:00,7.718057700299999,7.718057700299999,34.80452447836067,34.80452447836067,-27.086466778060668,-27.086466778060668,27.719743193480248,0.63327641541958,4.43515891095684,0.050662113233566404,4.384496797723274
2024-07-15 00:00:00-07:00,7.819507654199999,7.819507654199999,27.072723599322288,27.072723599322288,-19.25321594512229,-19.25321594512229,20.37932398031224,1.1261080351899508,3.2606918368499582,0.09008864281519607,3.1706031940347623
2024-07-16 00:00:00-07:00,9.7789303701,9.7789303701,29.612121161611512,29.612121161611512,-19.833190791511512,-19.833190791511512,21.714803001612122,1.8816122101006065,3.4743684802579398,0.15052897680804853,3.323839503449891
2024-07-17 00:00:00-07:00,9.518744008799999,9.518744008799999,28.885716452011895,28.885716452011895,-19.366972443211896,-19.366972443211896,21.20663944533391,1.839667002122014,3.3930623112534257,0.14717336016976112,3.2458889510836646
2024-07-18 00:00:00-07:00,8.9666528553,8.9666528553,31.751937930211234,31.751937930211234,-22.785285074911236,-22.785285074911236,24.063516560406022,1.2782314854947852,3.8501626496649637,0.10225851883958281,3.747904130825381
2024-07-19 00:00:00-07:00,9.7201729296,9.7201729296,30.371355393867614,30.371355393867614,-20.651182464267613,-20.651182464267613,22.471669993041168,1.8204875287735542,3.595467198886587,0.14563900230188434,3.4498281965847024
2024-07-20 00:00:00-07:00,9.9597105576,9.9597105576,34.76179525206317,34.76179525206317,-24.802084694463172,-24.802084694463172,26.396193437568606,1.5941087431054337,4.223390950010977,0.1275286994484347,4.095862250562542
2024-07-21 00:00:00-07:00,6.428174023799999,6.428174023799999,32.71490757119634,32.71490757119634,-26.286733547396345,-26.286733547396345,26.541236286143207,0.25450273874686347,4.246597805782913,0.02036021909974908,4.226237586683164
2024-07-22 00:00:00-07:00,7.8985798677000005,7.8985798677000005,29.213159859071407,29.213159859071407,-21.314579991371406,-21.314579991371406,22.552202597713666,1.2376226063422595,3.6083524156341866,0.09900980850738077,3.509342607126806
2024-07-23 00:00:00-07:00,9.706789207799998,9.706789207799998,25.741948447081793,25.741948447081793,-16.035159239281793,-16.035159239281793,18.22949613485778,2.194336895575985,2.9167193815772445,0.1755469516460788,2.741172429931166
2024-07-24 00:00:00-07:00,6.718867377299999,6.718867377299999,30.962767018642865,30.962767018642865,-24.243899641342868,-24.243899641342868,24.723931764954965,0.480032123612099,3.9558290823927944,0.038402569888967925,3.9174265125038263
2024-07-25 00:00:00-07:00,7.949426900849999,7.949426900849999,28.50837529002971,28.50837529002971,-20.55894838917971,-20.55894838917971,21.58170992885469,1.022761539674976,3.4530735886167503,0.08182092317399808,3.371252665442752
2024-07-26 00:00:00-07:00,10.131749329049999,10.131749329049999,27.99690299857922,27.99690299857922,-17.86515366952922,-17.86515366952922,20.148749740774893,2.2835960712456713,3.223799958523983,0.1826876856996537,3.0411122728243294
2024-07-27 00:00:00-07:00,7.389972588149999,7.389972588149999,34.986560541894214,34.986560541894214,-27.596587953744212,-27.596587953744212,27.723226671134846,0.1266387173906337,4.435716267381576,0.010131097391250697,4.425585169990325
2024-07-28 00:00:00-07:00,8.955120303449998,8.955120303449998,31.333567886841163,31.333567886841163,-22.37844758339116,-22.37844758339116,23.61359710973101,1.2351495263398498,3.7781755375569617,0.09881196210718798,3.6793635754497735
2024-07-29 00:00:00-07:00,9.487763647199998,9.487763647199998,30.787955572294308,30.787955572294308,-21.30019192509431,-21.30019192509431,22.574419498694425,1.2742275736001176,3.611907119791108,0.1019382058880094,3.5099689139030987
2024-07-30 00:00:00-07:00,9.127703758049998,9.127703758049998,29.52502699085044,29.52502699085044,-20.39732323280044,-20.39732323280044,21.875615924523558,1.4782926917231167,3.5000985479237694,0.11826341533784934,3.38183513258592
2024-07-31 00:00:00-07:00,10.220848563599999,10.220848563599999,26.613486602612728,26.613486602612728,-16.39263803901273,-16.39263803901273,18.844889895949255,2.452251856936524,3.0151823833518807,0.1961801485549219,2.819002234796959
2024-08-01 00:00:00-07:00,9.656559485099999,9.656559485099999,27.429705330300806,27.429705330300806,-17.77314584520081,-17.77314584520081,19.761645984316676,1.98850013911587,3.161863357490668,0.15908001112926962,3.002783346361398
2024-08-02 00:00:00-07:00,9.89437555665,9.89437555665,30.92122638122713,30.92122638122713,-21.02685082457713,-21.02685082457713,22.740222514151313,1.71337168957418,3.63843560226421,0.1370697351659344,3.5013658670982757
2024-08-03 00:00:00-07:00,6.2904679541999995,6.2904679541999995,29.868868480551455,29.868868480551455,-23.578400526351455,-23.578400526351455,24.315387871330593,0.7369873449791353,3.890462059412895,0.05895898759833083,3.831503071814564
2024-08-04 00:00:00-07:00,10.026570614399999,10.026570614399999,35.514650970406315,35.514650970406315,-25.488080356006314,-25.488080356006314,26.96139779471851,1.4733174387121941,4.313823647154962,0.11786539509697554,4.195958252057986
2024-08-05 00:00:00-07:00,7.764268680899999,7.764268680899999,29.34239598103624,29.34239598103624,-21.57812730013624,-21.57812730013624,22.915362252984742,1.337234952848502,3.6664579604775587,0.10697879622788016,3.5594791642496784
2024-08-06 00:00:00-07:00,10.073076532199998,10.073076532199998,27.489608673063522,27.489608673063522,-17.416532140863524,-17.416532140863524,19.72700742718464,2.310475286321116,3.1563211883495423,0.1848380229056893,2.971483165443853
2024-08-07 00:00:00-07:00,9.886415293799999,9.886415293799999,28.004930679252496,28.004930679252496,-18.1185153854525,-18.1185153854525,20.20846579499847,2.089950409545973,3.2333545271997552,0.16719603276367787,3.0661584944360776
2024-08-08 00:00:00-07:00,8.1170371647,8.1170371647,31.858542522658087,31.858542522658087,-23.741505357958086,-23.741505357958086,24.690939760860513,0.9494344029024242,3.9505503617376823,0.07595475223219393,3.8745956095054885
2024-08-09 00:00:00-07:00,10.10026328445,10.10026328445,28.783887850115775,28.783887850115775,-18.683624565665777,-18.683624565665777,20.80077425147532,2.117149685809544,3.3281238802360513,0.16937197486476355,3.158751905371288
2024-08-10 00:00:00-07:00,10.09271221335,10.09271221335,34.847768181269494,34.847768181269494,-24.755055967919493,-24.755055967919493,26.198402983709247,1.4433470157897543,4.191744477393479,0.11546776126318035,4.076276716130299
2024-08-11 00:00:00-07:00,8.377082492849999,8.377082492849999,30.57090916615554,30.57090916615554,-22.193826673305544,-22.193826673305544,23.11921179943684,0.9253851261312962,3.6990738879098943,0.0740308100905037,3.6250430778193907
2024-08-12 00:00:00-07:00,10.473923585249999,10.473923585249999,28.166658697652423,28.166658697652423,-17.692735112402424,-17.692735112402424,20.156445933515187,2.4637108211127625,3.22503134936243,0.19709686568902102,3.027934483673409
2024-08-13 00:00:00-07:00,9.875392815149999,9.875392815149999,28.425392570895692,28.425392570895692,-18.549999755745695,-18.549999755745695,20.61940045221802,2.069400696472327,3.2991040723548832,0.16555205571778614,3.133552016637097
2024-08-14 00:00:00-07:00,10.380762959399998,10.380762959399998,27.746623534074093,27.746623534074093,-17.365860574674095,-17.365860574674095,19.925501895467807,2.5596413207937134,3.188080303274849,0.20477130566349708,2.983308997611352
2024-08-15 00:00:00-07:00,10.433539976849998,10.433539976849998,28.458984984417423,28.458984984417423,-18.025445007567427,-18.025445007567427,20.466958679256084,2.4415136716886567,3.2747133886809734,0.19532109373509254,3.079392294945881
2024-08-16 00:00:00-07:00,10.362553673399997,10.362553673399997,26.905572936168767,26.905572936168767,-16.54301926276877,-16.54301926276877,19.180201527052,2.6371822642832297,3.06883224432832,0.21097458114265838,2.8578576631856616
2024-08-17 00:00:00-07:00,10.310551699049999,10.310551699049999,31.336948185784394,31.336948185784394,-21.026396486734395,-21.026396486734395,23.13013051650094,2.103734029766546,3.7008208826401505,0.16829872238132368,3.532522160258827
2024-08-18 00:00:00-07:00,10.345383949499999,10.345383949499999,32.13426390866053,32.13426390866053,-21.788879959160532,-21.788879959160532,23.828227162595873,2.039347203435344,3.8125163460153395,0.16314777627482752,3.649368569740512
2024-08-19 00:00:00-07:00,10.39393688715,10.39393688715,28.968306277882714,28.968306277882714,-18.574369390732713,-18.574369390732713,21.051793542082525,2.4774241513498123,3.368286966733204,0.198193932107985,3.170093034625219
2024-08-20 00:00:00-07:00,9.70439344245,9.70439344245,29.778499818011422,29.778499818011422,-20.07410637556142,-20.07410637556142,21.99658741772328,1.9224810421618592,3.5194539868357246,0.15379848337294874,3.3656555034627758
2024-08-21 00:00:00-07:00,10.52051876235,10.52051876235,27.846945905399792,27.846945905399792,-17.32642714304979,-17.32642714304979,19.97202417877967,2.6455970357298764,3.1955238686047474,0.21164776285839013,2.9838761057463574
2024-08-22 00:00:00-07:00,10.476111905549999,10.476111905549999,28.929882099020904,28.929882099020904,-18.453770193470906,-18.453770193470906,20.956011872317358,2.5022416788464534,3.3529618995707775,0.20017933430771628,3.1527825652630614
2024-08-23 00:00:00-07:00,8.701151301,8.701151301,28.065463993433525,28.065463993433525,-19.364312692433526,-19.364312692433526,20.90229600066974,1.537983308236214,3.3443673601071584,0.12303866465889712,3.2213286954482614
2024-08-24 00:00:00-07:00,3.968232585749999,3.968232585749999,33.132519841045685,33.132519841045685,-29.164287255295683,-29.164287255295683,29.38385853471006,0.21957127941437515,4.70141736555361,0.01756570235315001,4.68385166320046
2024-08-25 00:00:00-07:00,7.375302798299998,7.375302798299998,32.40446905775463,32.40446905775463,-25.029166259454634,-25.029166259454634,26.178410017143634,1.1492437576890029,4.188545602742981,0.09193950061512023,4.096606102127861
2024-08-26 00:00:00-07:00,10.64116527345,10.64116527345,27.363412860433872,27.363412860433872,-16.722247586983872,-16.722247586983872,19.30258422554491,2.5803366385610333,3.0884134760871853,0.20642693108488266,2.881986545002303
2024-08-27 00:00:00-07:00,10.399543195499998,10.399543195499998,28.633100696450775,28.633100696450775,-18.233557500950777,-18.233557500950777,20.83512006142353,2.6015625604727535,3.333619209827765,0.2081250048378203,3.125494204989945
2024-08-28 00:00:00-07:00,10.78647857685,10.78647857685,26.630173639082123,26.630173639082123,-15.843695062232124,-15.843695062232124,18.74941722667287,2.9057221644407445,2.999906756267659,0.23245777315525956,2.7674489831123994
2024-08-29 00:00:00-07:00,10.8248331447,10.8248331447,27.923157754639533,27.923157754639533,-17.098324609939535,-17.098324609939535,19.96192968662019,2.8636050766806584,3.1939087498592307,0.2290884061344527,2.964820343724778
2024-08-30 00:00:00-07:00,10.3123918935,10.3123918935,29.559396208043903,29.559396208043903,-19.247004314543904,-19.247004314543904,21.519364246214945,2.272359931671042,3.443098279394391,0.18178879453368335,3.261309484860708
2024-08-31 00:00:00-07:00,10.2271011102,10.2271011102,33.38077912898914,33.38077912898914,-23.15367801878914,-23.15367801878914,24.853042255546953,1.6993642367578126,3.9764867608875125,0.13594913894062502,3.8405376219468876
2024-09-01 00:00:00-07:00,7.237287222299999,7.237287222299999,33.41490625715102,33.41490625715102,-26.177619034851016,-26.177619034851016,26.388747752537796,0.211128717686781,4.222199640406047,0.016890297414942478,4.205309342991105
2024-09-02 00:00:00-07:00,9.369516073949999,9.369516073949999,29.742806178949788,29.742806178949788,-20.37329010499979,-20.37329010499979,21.937379718952183,1.564089613952396,3.509980755032349,0.12512716911619168,3.3848535859161575
2024-09-03 00:00:00-07:00,10.348638420824999,10.348638420824999,29.06777707018997,29.06777707018997,-18.719138649364968,-18.719138649364968,21.057469267946658,2.3383306185816886,3.369195082871465,0.18706644948653509,3.18212863338493
2024-09-04 00:00:00-07:00,9.914626673099999,9.914626673099999,28.530114904786885,28.530114904786885,-18.615488231686886,-18.615488231686886,20.662596245201318,2.047108013514432,3.3060153992322108,0.16376864108115455,3.1422467581510563
2024-09-05 00:00:00-07:00,9.957172291649998,9.957172291649998,29.91202186272802,29.91202186272802,-19.954849571078025,-19.954849571078025,21.97900438892556,2.0241548178475357,3.5166407022280897,0.16193238542780286,3.354708316800287
2024-09-06 00:00:00-07:00,9.99684794115,9.99684794115,28.23440393018213,28.23440393018213,-18.23755598903213,-18.23755598903213,20.519416940541554,2.2818609515094233,3.2831067104866487,0.18254887612075385,3.100557834365895
2024-09-07 00:00:00-07:00,6.960371733899999,6.960371733899999,33.85431945839234,33.85431945839234,-26.893947724492342,-26.893947724492342,27.08566876701495,0.19172104252260813,4.3337070027223925,0.01533768340180865,4.318369319320584
2024-09-08 00:00:00-07:00,9.79619517585,9.79619517585,33.249577668550984,33.249577668550984,-23.453382492700985,-23.453382492700985,25.144203307019488,1.690820814318502,4.023072529123118,0.13526566514548016,3.8878068639776378
2024-09-09 00:00:00-07:00,9.872716854599998,9.872716854599998,30.85522995669014,30.85522995669014,-20.982513102090138,-20.982513102090138,22.81400237543618,1.8314892733460382,3.6502403800697887,0.14651914186768306,3.5037212382021057
2024-09-10 00:00:00-07:00,8.799181833825,8.799181833825,27.138089998431568,27.138089998431568,-18.33890816460657,-18.33890816460657,19.83861354500107,1.4997053803945004,3.1741781672001714,0.11997643043156003,3.0542017367686114
2024-09-11 00:00:00-07:00,7.083061931024998,7.083061931024998,29.946261354016293,29.946261354016293,-22.863199422991293,-22.863199422991293,23.18977105432438,0.3265716313330845,3.7103633686919006,0.02612573050664676,3.684237638185254
2024-09-12 00:00:00-07:00,4.119849286199999,4.119849286199999,30.227613827208337,30.227613827208337,-26.107764541008336,-26.107764541008336,26.107764541008336,0.0,4.177242326561334,0.0,4.177242326561334
2024-09-13 00:00:00-07:00,10.3464047088,10.3464047088,28.894580248042914,28.894580248042914,-18.548175539242912,-18.548175539242912,20.885533356266162,2.337357817023248,3.341685337002586,0.18698862536185984,3.154696711640726
2024-09-14 00:00:00-07:00,10.115890952625,10.115890952625,33.36557807735802,33.36557807735802,-23.249687124733022,-23.249687124733022,25.057777737832435,1.8080906130994137,4.00924443805319,0.1446472490479531,3.864597189005237
2024-09-15 00:00:00-07:00,7.674610496399999,7.674610496399999,29.997613948926496,29.997613948926496,-22.323003452526496,-22.323003452526496,23.277831013004402,0.9548275604779048,3.7244529620807043,0.07638620483823239,3.648066757242472
2024-09-16 00:00:00-07:00,3.5651685269249995,3.5651685269249995,29.882051107867277,29.882051107867277,-26.316882580942277,-26.316882580942277,26.316882580942277,0.0,4.210701212950765,0.0,4.210701212950765
2024-09-17 00:00:00-07:00,6.892963604099999,6.892963604099999,29.868586439548068,29.868586439548068,-22.975622835448068,-22.975622835448068,23.246003746978918,0.2703809115308514,3.719360599516627,0.021630472922468114,3.697730126594159
2024-09-18 00:00:00-07:00,6.554100511124999,6.554100511124999,28.695464171613217,28.695464171613217,-22.141363660488217,-22.141363660488217,22.455639335921536,0.3142756754333166,3.592902293747446,0.025142054034665327,3.5677602397127806
2024-09-19 00:00:00-07:00,7.4894202146249995,7.4894202146249995,30.80938361827103,30.80938361827103,-23.31996340364603,-23.31996340364603,23.801556439487094,0.48159303584105995,3.808249030317935,0.038527442867284795,3.76972158745065
2024-09-20 00:00:00-07:00,9.813743934524998,9.813743934524998,27.733616874197732,27.733616874197732,-17.919872939672732,-17.919872939672732,20.155885132534312,2.2360121928615793,3.22494162120549,0.17888097542892634,3.0460606457765635
2024-09-21 00:00:00-07:00,10.059556506299998,10.059556506299998,35.351127522176135,35.351127522176135,-25.291571015876137,-25.291571015876137,26.808506972785835,1.5169359569096978,4.289361115645733,0.12135487655277583,4.168006239092958
2024-09-22 00:00:00-07:00,9.956069396324999,9.956069396324999,29.390801936578228,29.390801936578228,-19.43473254025323,-19.43473254025323,21.65619424241902,2.2214617021657905,3.464991078787043,0.17771693617326326,3.28727414261378
2024-09-23 00:00:00-07:00,9.517254666524998,9.517254666524998,29.856193232607293,29.856193232607293,-20.338938566082295,-20.338938566082295,22.17475137674405,1.8358128106617577,3.547960220279048,0.14686502485294062,3.4010951954261075
2024-09-24 00:00:00-07:00,9.425624164424999,9.425624164424999,28.23393212915622,28.23393212915622,-18.80830796473122,-18.80830796473122,20.864995372200884,2.056687407469666,3.3383992595521415,0.1645349925975733,3.1738642669545682
2024-09-25 00:00:00-07:00,9.510917075325,9.510917075325,29.51883128534422,29.51883128534422,-20.00791421001922,-20.00791421001922,21.99198495541812,1.9840707453988984,3.5187175928668992,0.15872565963191188,3.3599919332349875
2024-09-26 00:00:00-07:00,9.563804783999998,9.563804783999998,28.145895776969308,28.145895776969308,-18.58209099296931,-18.58209099296931,20.62304070547153,2.0409497125022247,3.299686512875445,0.16327597700017799,3.136410535875267
2024-09-27 00:00:00-07:00,9.514158631199999,9.514158631199999,26.513328298660877,26.513328298660877,-16.99916966746088,-16.99916966746088,19.126366677729642,2.1271970102687616,3.0602186684367427,0.17017576082150093,2.890042907615242
2024-09-28 00:00:00-07:00,9.353617378425,9.353617378425,32.49646318286125,32.49646318286125,-23.142845804436245,-23.142845804436245,24.628258891037056,1.485413086600809,3.9405214225659293,0.11883304692806473,3.821688375637865
2024-09-29 00:00:00-07:00,9.405831941999999,9.405831941999999,31.421810980887667,31.421810980887667,-22.015979038887668,-22.015979038887668,23.6523500460502,1.6363710071625315,3.784376007368032,0.1309096805730025,3.6534663267950296
2024-09-30 00:00:00-07:00,10.51032090285,10.51032090285,31.64254765504608,31.64254765504608,-21.13222675219608,-21.13222675219608,23.0028159799674,1.8705892277713225,3.6804505567947845,0.1496471382217058,3.5308034185730786
2024-10-01 00:00:00-07:00,10.120109970599998,10.120109970599998,31.674587349383014,31.674587349383014,-21.554477378783016,-21.554477378783016,23.288098028691046,1.7336206499080287,3.7260956845905673,0.1386896519926423,3.587406032597925
2024-10-02 00:00:00-07:00,9.95368684545,9.95368684545,27.809777652841184,27.809777652841184,-17.856090807391187,-17.856090807391187,19.865826507528364,2.009735700137177,3.1785322412045383,0.16077885601097416,3.017753385193564
2024-10-03 00:00:00-07:00,9.918999230625,9.918999230625,26.724873436251173,26.724873436251173,-16.805874205626175,-16.805874205626175,18.767734664507138,1.9618604588809627,3.002837546321142,0.15694883671047702,2.845888709610665
2024-10-04 00:00:00-07:00,9.428911288199998,9.428911288199998,31.236501185600034,31.236501185600034,-21.807589897400035,-21.807589897400035,23.026384462616434,1.2187945652164007,3.6842215140186294,0.09750356521731206,3.5867179488013172
2024-10-05 00:00:00-07:00,9.909104405624998,9.909104405624998,30.234357211763207,30.234357211763207,-20.32525280613821,-20.32525280613821,22.145299002394985,1.8200461962567758,3.5432478403831977,0.14560369570054207,3.3976441446826557
2024-10-06 00:00:00-07:00,9.660274979399999,9.660274979399999,31.637431159334966,31.637431159334966,-21.97715617993497,-21.97715617993497,23.419594893200703,1.4424387132657355,3.7471351829121127,0.11539509706125883,3.6317400858508537
2024-10-07 00:00:00-07:00,8.7181972974,8.7181972974,28.359857579629,28.359857579629,-19.641660282229,-19.641660282229,20.863091283194727,1.2214310009657248,3.338094605311156,0.09771448007725798,3.2403801252338984
2024-10-08 00:00:00-07:00,9.4206544398,9.4206544398,29.1088657172925,29.1088657172925,-19.6882112774925,-19.6882112774925,21.181741163025887,1.4935298855333863,3.389078586084142,0.1194823908426709,3.2695961952414714
2024-10-09 00:00:00-07:00,9.3008230452,9.3008230452,29.000875942138887,29.000875942138887,-19.70005289693889,-19.70005289693889,21.064377144364567,1.3643242474256787,3.370300343098331,0.10914593979405429,3.2611544033042765
2024-10-10 00:00:00-07:00,8.204216389425,8.204216389425,32.10174593861671,32.10174593861671,-23.897529549191713,-23.897529549191713,24.550971384119826,0.6534418349281133,3.9281554214591723,0.05227534679424906,3.875880074664923
2024-10-11 00:00:00-07:00,9.257268016799998,9.257268016799998,28.882736127153006,28.882736127153006,-19.625468110353008,-19.625468110353008,21.215077272405836,1.5896091620528259,3.3944123635849337,0.12716873296422607,3.2672436306207078
2024-10-12 00:00:00-07:00,8.1497494656,8.1497494656,31.62274247873822,31.62274247873822,-23.472993013138222,-23.472993013138222,24.149827977078424,0.6768349639402003,3.863972476332548,0.05414679711521602,3.809825679217332
2024-10-13 00:00:00-07:00,9.437971553325,9.437971553325,34.16868905814898,34.16868905814898,-24.730717504823982,-24.730717504823982,25.747185015247062,1.016467510423079,4.11954960243953,0.08131740083384631,4.038232201605684
2024-10-14 00:00:00-07:00,9.692043788925,9.692043788925,29.689202155220602,29.689202155220602,-19.9971583662956,-19.9971583662956,21.62514752777124,1.6279891614756399,3.4600236044433985,0.1302391329180512,3.3297844715253473
2024-10-15 00:00:00-07:00,9.630090474525,9.630090474525,31.23829211727515,31.23829211727515,-21.608201642750153,-21.608201642750153,23.109297882657717,1.501096239907564,3.6974876612252348,0.12008769919260512,3.5773999620326298
2024-10-16 00:00:00-07:00,6.128320968899999,6.128320968899999,29.304996861398386,29.304996861398386,-23.176675892498388,-23.176675892498388,23.498687384942613,0.3220114924442237,3.759789981590818,0.025760919395537898,3.73402906219528
2024-10-17 00:00:00-07:00,1.8260638595999996,1.8260638595999996,27.766796957711826,27.766796957711826,-25.940733098111828,-25.940733098111828,25.940733098111828,0.0,4.150517295697893,0.0,4.150517295697893
2024-10-18 00:00:00-07:00,9.9448433748,9.9448433748,26.6362203007746,26.6362203007746,-16.691376925974602,-16.691376925974602,18.83710056563538,2.145723639660781,3.013936090501661,0.17165789117286248,2.8422781993287987
2024-10-19 00:00:00-07:00,9.469779225299998,9.469779225299998,32.46672274420143,32.46672274420143,-22.99694351890143,-22.99694351890143,24.453828877825913,1.456885358924484,3.9126126204521463,0.11655082871395872,3.796061791738188
2024-10-20 00:00:00-07:00,9.2470564386,9.2470564386,34.023753177530494,34.023753177530494,-24.776696738930493,-24.776696738930493,26.02418646274252,1.2474897238120273,4.163869834038803,0.09979917790496218,4.0640706561338416
2024-10-21 00:00:00-07:00,7.554090658499999,7.554090658499999,29.680595623809445,29.680595623809445,-22.126504965309444,-22.126504965309444,22.63441605830887,0.5079110929994244,3.6215065693294193,0.040632887439953955,3.5808736818894653
2024-10-22 00:00:00-07:00,7.972894516499999,7.972894516499999,29.984135320947814,29.984135320947814,-22.011240804447812,-22.011240804447812,22.476690993216764,0.46545018876894784,3.596270558914682,0.03723601510151583,3.5590345438131665
2024-10-23 00:00:00-07:00,6.889959092699999,6.889959092699999,31.043311112864604,31.043311112864604,-24.153352020164604,-24.153352020164604,24.365750767383577,0.21239874721897456,3.8985201227813726,0.016991899777517964,3.881528223003855
2024-10-24 00:00:00-07:00,8.220277693799998,8.220277693799998,31.96308351545946,31.96308351545946,-23.74280582165946,-23.74280582165946,24.957081590110022,1.2142757684505616,3.9931330544176036,0.09714206147604493,3.8959909929415586
2024-10-25 00:00:00-07:00,7.831769860799999,7.831769860799999,27.805326802572043,27.805326802572043,-19.973556941772046,-19.973556941772046,20.605262126760326,0.631705184988283,3.2968419402816522,0.05053641479906264,3.2463055254825894
2024-10-26 00:00:00-07:00,9.2589874119,9.2589874119,30.866730515606953,30.866730515606953,-21.60774310370695,-21.60774310370695,23.100924210183535,1.4931811064765839,3.6961478736293656,0.1194544885181267,3.576693385111239
2024-10-27 00:00:00-07:00,9.029969699399999,9.029969699399999,34.83254661670286,34.83254661670286,-25.802576917302858,-25.802576917302858,26.85819494351583,1.0556180262129713,4.297311190962533,0.08444944209703771,4.212861748865495
2024-10-28 00:00:00-07:00,2.690609089499999,2.690609089499999,31.202195350462116,31.202195350462116,-28.511586260962115,-28.511586260962115,28.511586260962115,0.0,4.561853801753939,0.0,4.561853801753939
2024-10-29 00:00:00-07:00,3.5780142878999994,3.5780142878999994,31.2810942981847,31.2810942981847,-27.703080010284705,-27.703080010284705,27.71826103009588,0.015181019811179253,4.434921764815341,0.0012144815848943403,4.433707283230446
2024-10-30 00:00:00-07:00,8.8722798903,8.8722798903,28.701439160945704,28.701439160945704,-19.829159270645704,-19.829159270645704,21.08838324685952,1.2592239762138193,3.3741413194975234,0.10073791809710554,3.273403401400418
2024-10-31 00:00:00-07:00,3.8600879507999997,3.8600879507999997,30.905857114526164,30.905857114526164,-27.045769163726163,-27.045769163726163,27.045769163726163,0.0,4.327323066196186,0.0,4.327323066196186
2024-11-01 00:00:00-07:00,6.0798013829999995,6.0798013829999995,31.616624351213975,31.616624351213975,-25.536822968213976,-25.536822968213976,25.731850596908945,0.19502762869496804,4.117096095505431,0.015602210295597442,4.101493885209834
2024-11-02 00:00:00-07:00,1.7850823280999994,1.7850823280999994,30.507958343499013,30.507958343499013,-28.72287601539901,-28.72287601539901,28.72287601539901,0.0,4.595660162463842,0.0,4.595660162463842
2024-11-03 00:00:00-07:00,2.8209088916999994,2.8209088916999994,31.43240537538476,31.43240537538476,-28.611496483684764,-28.611496483684764,28.611496483684764,0.0,4.577839437389563,0.0,4.577839437389563
2024-11-04 00:00:00-08:00,8.0110863513,8.0110863513,31.382938864041407,31.382938864041407,-23.371852512741405,-23.371852512741405,24.266606506441516,0.8947539937001091,3.8826570410306425,0.07158031949600872,3.8110767215346337
2024-11-05 00:00:00-08:00,3.6414510767999992,3.6414510767999992,27.41634961343387,27.41634961343387,-23.77489853663387,-23.77489853663387,23.905072854115797,0.13017431748192743,3.8248116566585275,0.010413945398554194,3.814397711259973
2024-11-06 00:00:00-08:00,6.266662891199999,6.266662891199999,26.825997450845485,26.825997450845485,-20.559334559645485,-20.559334559645485,21.406906974928717,0.8475724152832325,3.4251051159885946,0.0678057932226586,3.357299322765936
2024-11-07 00:00:00-08:00,9.4616122842,9.4616122842,27.457462071732657,27.457462071732657,-17.995849787532656,-17.995849787532656,19.93364816361477,1.9377983760821116,3.189383706178363,0.15502387008656893,3.0343598360917943
2024-11-08 00:00:00-08:00,9.334950853499999,9.334950853499999,29.853613342622108,29.853613342622108,-20.51866248912211,-20.51866248912211,22.004152115880505,1.4854896267583966,3.5206643385408807,0.11883917014067173,3.401825168400209
2024-11-09 00:00:00-08:00,8.4688548813,8.4688548813,29.517712737235765,29.517712737235765,-21.048857855935765,-21.048857855935765,22.313409917485085,1.2645520615493222,3.5701455867976137,0.10116416492394578,3.468981421873668
2024-11-10 00:00:00-08:00,4.7835518084999995,4.7835518084999995,31.811556158296547,31.811556158296547,-27.028004349796547,-27.028004349796547,27.093027254101337,0.06502290430478941,4.334884360656214,0.005201832344383153,4.329682528311831
2024-11-11 00:00:00-08:00,4.018996240199999,4.018996240199999,29.686816147946644,29.686816147946644,-25.667819907746644,-25.667819907746644,26.5180772661457,0.8502573583990527,4.242892362583312,0.06802058867192422,4.174871773911388
2024-11-12 00:00:00-08:00,3.5637219728999994,3.5637219728999994,27.010226904180364,27.010226904180364,-23.446504931280362,-23.446504931280362,23.81078214134876,0.36427721006839886,3.8097251426158016,0.02914217680547191,3.78058296581033
2024-11-13 00:00:00-08:00,3.049425616499999,3.049425616499999,30.39617488186244,30.39617488186244,-27.34674926536244,-27.34674926536244,27.34674926536244,0.0,4.375479882457991,0.0,4.375479882457991
2024-11-14 00:00:00-08:00,8.945100110699999,8.945100110699999,26.83050693896875,26.83050693896875,-17.88540682826875,-17.88540682826875,19.444347194549998,1.5589403662812482,3.111095551128,0.12471522930249986,2.9863803218255
2024-11-15 00:00:00-08:00,1.1481114068999996,1.1481114068999996,27.882001014071662,27.882001014071662,-26.733889607171662,-26.733889607171662,26.733889607171662,0.0,4.277422337147466,0.0,4.277422337147466
2024-11-16 00:00:00-08:00,6.675767525699999,6.675767525699999,30.1947379905639,30.1947379905639,-23.5189704648639,-23.5189704648639,24.778363179637655,1.2593927147737523,3.964538108742025,0.10075141718190019,3.8637866915601244
2024-11-17 00:00:00-08:00,3.3848569358999994,3.3848569358999994,32.7274394091361,32.7274394091361,-29.342582473236106,-29.342582473236106,29.541449205466822,0.19886673223071416,4.726631872874692,0.01590933857845713,4.710722534296234
2024-11-18 00:00:00-08:00,4.131952719299999,4.131952719299999,30.555378007194975,30.555378007194975,-26.423425287894975,-26.423425287894975,26.85785431233641,0.4344290244414374,4.297256689973826,0.03475432195531499,4.26250236801851
2024-11-19 00:00:00-08:00,5.5728804275999995,5.5728804275999995,30.797067905943013,30.797067905943013,-25.224187478343012,-25.224187478343012,26.309126575433044,1.0849390970900306,4.209460252069287,0.08679512776720244,4.122665124302085
2024-11-20 00:00:00-08:00,1.7582933357999992,1.7582933357999992,29.358585295734734,29.358585295734734,-27.600291959934733,-27.600291959934733,27.600291959934733,0.0,4.416046713589558,0.0,4.416046713589558
2024-11-21 00:00:00-08:00,1.8894729653999995,1.8894729653999995,28.71357350972488,28.71357350972488,-26.82410054432488,-26.82410054432488,26.82410054432488,0.0,4.291856087091981,0.0,4.291856087091981
2024-11-22 00:00:00-08:00,3.2776696008,3.2776696008,29.251551857400695,29.251551857400695,-25.973882256600696,-25.973882256600696,26.018178964050968,0.04429670745027381,4.162908634248155,0.0035437365960219046,4.159364897652133
2024-11-23 00:00:00-08:00,4.380519579299999,4.380519579299999,29.78924980164443,29.78924980164443,-25.40873022234443,-25.40873022234443,25.761658635905462,0.35292841356103255,4.121865381744874,0.028234273084882605,4.093631108659991
2024-11-24 00:00:00-08:00,9.1516942584,9.1516942584,29.993342939739254,29.993342939739254,-20.841648681339255,-20.841648681339255,22.335937382789858,1.494288701450602,3.5737499812463773,0.11954309611604817,3.454206885130329
2024-11-25 00:00:00-08:00,7.0759376738999995,7.0759376738999995,27.164254969122283,27.164254969122283,-20.088317295222282,-20.088317295222282,21.393927074752714,1.3056097795304327,3.423028331960434,0.10444878236243461,3.3185795495979997
2024-11-26 00:00:00-08:00,2.8527535745999995,2.8527535745999995,26.69013693828804,26.69013693828804,-23.837383363688037,-23.837383363688037,23.911895005179655,0.07451164149161682,3.825903200828745,0.005960931319329346,3.819942269509416
2024-11-27 00:00:00-08:00,5.8735756854,5.8735756854,29.550130953651305,29.550130953651305,-23.676555268251306,-23.676555268251306,24.451469817674198,0.7749145494228916,3.9122351708278718,0.06199316395383133,3.8502420068740406
2024-11-28 00:00:00-08:00,9.2678245227,9.2678245227,31.002734280013073,31.002734280013073,-21.734909757313073,-21.734909757313073,23.122237689381137,1.3873279320680625,3.699558030300982,0.110986234565445,3.588571795735537
2024-11-29 00:00:00-08:00,9.148633406099998,9.148633406099998,28.80922821769213,28.80922821769213,-19.66059481159213,-19.66059481159213,21.218093611032504,1.5574987994403746,3.3948949777652007,0.12459990395522998,3.2702950738099705
2024-11-30 00:00:00-08:00,8.9651324124,8.9651324124,33.85085864719284,33.85085864719284,-24.885726234792838,-24.885726234792838,25.92888167620282,1.0431554414099824,4.148621068192451,0.0834524353127986,4.065168632879653
2024-12-01 00:00:00-08:00,7.823580787799999,7.823580787799999,34.12791952373939,34.12791952373939,-26.304338735939396,-26.304338735939396,27.27158181280452,0.9672430768651239,4.363453090048723,0.07737944614920991,4.286073643899513
2024-12-02 00:00:00-08:00,8.6453288658,8.6453288658,27.989924669367984,27.989924669367984,-19.344595803567984,-19.344595803567984,20.828088851261455,1.4834930476934747,3.332494216201833,0.11867944381547797,3.213814772386355
2024-12-03 00:00:00-08:00,8.7149452338,8.7149452338,27.250879016490572,27.250879016490572,-18.53593378269057,-18.53593378269057,20.292879108843746,1.7569453261531742,3.246860657414999,0.14055562609225394,3.106305031322745
2024-12-04 00:00:00-08:00,8.795571999299998,8.795571999299998,29.87739150177801,29.87739150177801,-21.081819502478012,-21.081819502478012,22.418566136726245,1.3367466342482346,3.586970581876199,0.10693973073985877,3.4800308511363403
2024-12-05 00:00:00-08:00,8.789010294599999,8.789010294599999,31.672735608862858,31.672735608862858,-22.88372531426286,-22.88372531426286,24.160474009782593,1.2767486955197322,3.865675841565215,0.10213989564157858,3.7635359459236364
2024-12-06 00:00:00-08:00,8.9131781187,8.9131781187,29.66376140513856,29.66376140513856,-20.75058328643856,-20.75058328643856,22.060447644304475,1.309864357865915,3.529671623088716,0.1047891486292732,3.424882474459443
2024-12-07 00:00:00-08:00,7.0786047311999996,7.0786047311999996,31.859352240338566,31.859352240338566,-24.780747509138568,-24.780747509138568,25.615516766272513,0.8347692571339465,4.098482682603602,0.06678154057071571,4.031701142032886
2024-12-08 00:00:00-08:00,5.666236329599999,5.666236329599999,32.6012672176867,32.6012672176867,-26.9350308880867,-26.9350308880867,27.06349738257836,0.12846649449165704,4.330159581212538,0.010277319559332563,4.3198822616532055
2024-12-09 00:00:00-08:00,4.5772137747,4.5772137747,29.977089834946707,29.977089834946707,-25.399876060246708,-25.399876060246708,25.504765249856266,0.10488918960955751,4.080762439977002,0.0083911351687646,4.072371304808238
2024-12-10 00:00:00-08:00,9.150429724199999,9.150429724199999,30.018894785463544,30.018894785463544,-20.868465061263546,-20.868465061263546,22.318589232408584,1.450124171145041,3.5709742771853734,0.11600993369160328,3.4549643434937702
2024-12-11 00:00:00-08:00,4.5941494302,4.5941494302,30.890419595801113,30.890419595801113,-26.296270165601115,-26.296270165601115,26.412161327473132,0.11589116187201742,4.225945812395701,0.009271292949761393,4.21667451944594
2024-12-12 00:00:00-08:00,1.9117172501999997,1.9117172501999997,31.46032307752718,31.46032307752718,-29.54860582732718,-29.54860582732718,29.54860582732718,0.0,4.727776932372349,0.0,4.727776932372349
2024-12-13 00:00:00-08:00,3.3393919031999997,3.3393919031999997,29.431756268305065,29.431756268305065,-26.092364365105063,-26.092364365105063,26.092364365105063,0.0,4.17477829841681,0.0,4.17477829841681
2024-12-14 00:00:00-08:00,1.9661715980999994,1.9661715980999994,34.52968559582335,34.52968559582335,-32.56351399772335,-32.56351399772335,32.56351399772335,0.0,5.210162239635736,0.0,5.210162239635736
2024-12-15 00:00:00-08:00,5.6484759375,5.6484759375,33.545377858433234,33.545377858433234,-27.896901920933235,-27.896901920933235,28.24510993422323,0.34820801328999407,4.5192175894757165,0.027856641063199527,4.491360948412517
2024-12-16 00:00:00-08:00,1.3318903358999996,1.3318903358999996,25.468463302760256,25.468463302760256,-24.136572966860257,-24.136572966860257,24.136572966860257,0.0,3.861851674697641,0.0,3.861851674697641
2024-12-17 00:00:00-08:00,6.1015167594,6.1015167594,29.992167228428773,29.992167228428773,-23.89065046902877,-23.89065046902877,24.85056292020698,0.9599124511782061,3.9760900672331165,0.0767929960942565,3.89929707113886
2024-12-18 00:00:00-08:00,4.680961722899999,4.680961722899999,26.762036383854014,26.762036383854014,-22.081074660954013,-22.081074660954013,22.524185101132613,0.44311044017859935,3.603869616181218,0.035448835214287946,3.56842078096693
2024-12-19 00:00:00-08:00,8.709171624,8.709171624,29.290097264515186,29.290097264515186,-20.580925640515186,-20.580925640515186,21.83875404230012,1.2578284017849348,3.4942006467680193,0.10062627214279479,3.3935743746252247
2024-12-20 00:00:00-08:00,8.7337493055,8.7337493055,27.30412032786205,27.30412032786205,-18.57037102236205,-18.57037102236205,20.002187333481853,1.431816311119802,3.2003499733570964,0.11454530488958416,3.085804668467512
2024-12-21 00:00:00-08:00,3.8599549163999995,3.8599549163999995,31.397624856387452,31.397624856387452,-27.537669939987452,-27.537669939987452,28.01675483527263,0.4790848952851745,4.4826807736436205,0.03832679162281396,4.4443539820208064
2024-12-22 00:00:00-08:00,2.7805777847999997,2.7805777847999997,29.825657036772604,29.825657036772604,-27.045079251972602,-27.045079251972602,27.09157976032293,0.046500508350324266,4.334652761651669,0.0037200406680259414,4.330932720983643
2024-12-23 00:00:00-08:00,7.2850375215,7.2850375215,26.13818043642987,26.13818043642987,-18.853142914929872,-18.853142914929872,19.624915335488616,0.7717724205587451,3.1399864536781785,0.06174179364469961,3.0782446600334787
2024-12-24 00:00:00-08:00,3.2615688176999997,3.2615688176999997,26.387628327840062,26.387628327840062,-23.126059510140063,-23.126059510140063,23.126059510140063,0.0,3.70016952162241,0.0,3.70016952162241
2024-12-25 00:00:00-08:00,4.449554110799999,4.449554110799999,30.91295579249996,30.91295579249996,-26.463401681699963,-26.463401681699963,26.615730164701255,0.15232848300129098,4.258516826352201,0.01218627864010328,4.246330547712097
2024-12-26 00:00:00-08:00,2.7404474201999998,2.7404474201999998,30.15221038541995,30.15221038541995,-27.41176296521995,-27.41176296521995,27.41176296521995,0.0,4.385882074435192,0.0,4.385882074435192
2024-12-27 00:00:00-08:00,2.027211796799999,2.027211796799999,29.45210662561595,29.45210662561595,-27.42489482881595,-27.42489482881595,27.42489482881595,0.0,4.387983172610553,0.0,4.387983172610553
2024-12-28 00:00:00-08:00,0.8451444014999995,0.8451444014999995,30.39462680120518,30.39462680120518,-29.54948239970518,-29.54948239970518,29.54948239970518,0.0,4.727917183952829,0.0,4.727917183952829
2024-12-29 00:00:00-08:00,1.3592649419999994,1.3592649419999994,30.8614697192226,30.8614697192226,-29.5022047772226,-29.5022047772226,29.5022047772226,0.0,4.720352764355616,0.0,4.720352764355616
2024-12-30 00:00:00-08:00,4.4453150270999995,4.4453150270999995,29.29790009106576,29.29790009106576,-24.852585063965762,-24.852585063965762,25.600181500864412,0.7475964368986517,4.096029040138306,0.05980771495189214,4.036221325186413
2024-12-31 00:00:00-08:00,5.043354802199999,5.043354802199999,28.6308349990504,28.6308349990504,-23.5874801968504,-23.5874801968504,24.568374507280737,0.9808943104303369,3.930939921164918,0.07847154483442696,3.852468376330491
2025-01-01 00:00:00-08:00,1.4867374202999992,1.4867374202999992,28.421419168597247,28.421419168597247,-26.934681748297248,-26.934681748297248,26.934681748297248,0.0,4.309549079727559,0.0,4.309549079727559
2025-01-02 00:00:00-08:00,3.9578898482999993,3.9578898482999993,32.08470070365917,32.08470070365917,-28.12681085535917,-28.12681085535917,28.294591307844204,0.16778045248503048,4.527134609255072,0.01342243619880244,4.51371217305627
2025-01-03 00:00:00-08:00,3.2172141194999995,3.2172141194999995,29.07210296339362,29.07210296339362,-25.854888843893615,-25.854888843893615,25.864912831312996,0.010023987419377267,4.13838605301008,0.0008019189935501814,4.13758413401653
2025-01-04 00:00:00-08:00,3.6799898534999995,3.6799898534999995,32.30278828041287,32.30278828041287,-28.62279842691287,-28.62279842691287,28.80632284946205,0.18352442254918278,4.609011655913928,0.014681953803934623,4.594329702109993
2025-01-05 00:00:00-08:00,1.7406771587999998,1.7406771587999998,33.24690512672401,33.24690512672401,-31.506227967924012,-31.506227967924012,31.506227967924012,0.0,5.040996474867842,0.0,5.040996474867842
2025-01-06 00:00:00-08:00,1.5749173439999995,1.5749173439999995,28.982855425543924,28.982855425543924,-27.407938081543925,-27.407938081543925,27.407938081543925,0.0,4.385270093047028,0.0,4.385270093047028
2025-01-07 00:00:00-08:00,8.468855229599999,8.468855229599999,30.605688176192082,30.605688176192082,-22.136832946592083,-22.136832946592083,23.58078633163044,1.4439533850383581,3.77292581306087,0.11551627080306866,3.6574095422578012
2025-01-08 00:00:00-08:00,7.612666937099999,7.612666937099999,28.01470193799458,28.01470193799458,-20.402035000894582,-20.402035000894582,21.056718281158396,0.6546832802638123,3.3690749249853433,0.05237466242110499,3.3167002625642383
2025-01-09 00:00:00-08:00,9.230307890399999,9.230307890399999,31.47648095019063,31.47648095019063,-22.24617305979063,-22.24617305979063,23.849813291198263,1.603640231407631,3.815970126591722,0.1282912185126105,3.6876789080791115
2025-01-10 00:00:00-08:00,3.2561833382999996,3.2561833382999996,27.184077528085137,27.184077528085137,-23.92789418978514,-23.92789418978514,24.439665656909234,0.5117714671240967,3.9103465051054775,0.04094171736992774,3.86940478773555
2025-01-11 00:00:00-08:00,3.1267765502999993,3.1267765502999993,33.520717773512295,33.520717773512295,-30.393941223212295,-30.393941223212295,30.393941223212295,0.0,4.863030595713967,0.0,4.863030595713967
2025-01-12 00:00:00-08:00,2.7363692159999995,2.7363692159999995,32.331354319148,32.331354319148,-29.594985103147998,-29.594985103147998,29.594985103147998,0.0,4.7351976165036795,0.0,4.7351976165036795
2025-01-13 00:00:00-08:00,4.1338516509,4.1338516509,30.96675887069728,30.96675887069728,-26.83290721979728,-26.83290721979728,26.905104040587066,0.07219682078978273,4.304816646493931,0.005775745663182619,4.299040900830748
2025-01-14 00:00:00-08:00,9.294781325399999,9.294781325399999,29.751517765008312,29.751517765008312,-20.456736439608314,-20.456736439608314,22.047665816179446,1.5909293765711312,3.5276265305887113,0.1272743501256905,3.400352180463021
2025-01-15 00:00:00-08:00,9.0397691226,9.0397691226,27.034174177895604,27.034174177895604,-17.994405055295605,-17.994405055295605,19.85651339697544,1.8621083416798347,3.1770421435160707,0.1489686673343868,3.028073476181684
2025-01-16 00:00:00-08:00,9.151158238199999,9.151158238199999,27.60306289272764,27.60306289272764,-18.451904654527638,-18.451904654527638,20.30263804442013,1.8507333898924907,3.248422087107221,0.14805867119139926,3.100363415915822
2025-01-17 00:00:00-08:00,7.9629033824999995,7.9629033824999995,30.865417111153434,30.865417111153434,-22.902513728653435,-22.902513728653435,23.28363577845716,0.38112204980372477,3.7253817245531455,0.030489763984297983,3.6948919605688477
2025-01-18 00:00:00-08:00,8.903450772,8.903450772,35.2615579267885,35.2615579267885,-26.3581071547885,-26.3581071547885,27.30957351828748,0.9514663634989787,4.369531762925996,0.0761173090799183,4.293414453846078
2025-01-19 00:00:00-08:00,6.124037219099999,6.124037219099999,34.39424801406411,34.39424801406411,-28.27021079496411,-28.27021079496411,28.752367458313792,0.4821566633496802,4.600378793330207,0.03857253306797442,4.561806260262233
2025-01-20 00:00:00-08:00,10.3244669874,10.3244669874,28.64301393945625,28.64301393945625,-18.318546952056252,-18.318546952056252,20.75230684580057,2.433759893744323,3.3203690953280915,0.19470079149954586,3.1256683038285455
2025-01-21 00:00:00-08:00,8.259026922,8.259026922,29.24316847944893,29.24316847944893,-20.98414155744893,-20.98414155744893,22.04965456066757,1.0655130032186384,3.527944729706811,0.08524104025749107,3.44270368944932
2025-01-22 00:00:00-08:00,10.141072249499999,10.141072249499999,26.950303602773303,26.950303602773303,-16.809231353273304,-16.809231353273304,19.348777722415306,2.5395463691420024,3.095804435586449,0.2031637095313602,2.8926407260550886
2025-01-23 00:00:00-08:00,9.6838291368,9.6838291368,29.920100563745656,29.920100563745656,-20.236271426945656,-20.236271426945656,22.272219110357774,2.035947683412116,3.563555057657244,0.16287581467296927,3.4006792429842747
2025-01-24 00:00:00-08:00,7.4347811874,7.4347811874,29.450154463037368,29.450154463037368,-22.015373275637366,-22.015373275637366,22.866695688290363,0.8513224126529957,3.6586713101264583,0.06810579301223965,3.590565517114219
2025-01-25 00:00:00-08:00,9.810908635499999,9.810908635499999,31.04259503245107,31.04259503245107,-21.231686396951073,-21.231686396951073,23.063340500559757,1.8316541036086824,3.6901344800895615,0.14653232828869459,3.543602151800867
2025-01-26 00:00:00-08:00,10.042754862599999,10.042754862599999,30.400160342407705,30.400160342407705,-20.357405479807706,-20.357405479807706,22.32292129904579,1.9655158192380857,3.5716674078473267,0.15724126553904685,3.41442614230828
2025-01-27 00:00:00-08:00,10.147019202,10.147019202,26.909708262547554,26.909708262547554,-16.762689060547558,-16.762689060547558,19.116835455856332,2.354146395308776,3.058693672937013,0.18833171162470208,2.870361961312311
2025-01-28 00:00:00-08:00,10.1924518752,10.1924518752,28.02512426363775,28.02512426363775,-17.83267238843775,-17.83267238843775,20.30231009279295,2.469637704355201,3.2483696148468724,0.1975710163484161,3.0507985984984565
2025-01-29 00:00:00-08:00,10.274037634799999,10.274037634799999,29.41888027194928,29.41888027194928,-19.14484263714928,-19.14484263714928,21.275973035431484,2.1311303982822025,3.4041556856690374,0.1704904318625762,3.233665253806461
2025-01-30 00:00:00-08:00,10.518791462999998,10.518791462999998,26.895880843935526,26.895880843935526,-16.377089380935526,-16.377089380935526,19.048439373826135,2.671349992890606,3.0477502998121815,0.2137079994312485,2.834042300380933
2025-01-31 00:00:00-08:00,1.0632345794999993,1.0632345794999993,27.019773851132932,27.019773851132932,-25.956539271632934,-25.956539271632934,25.956539271632934,0.0,4.153046283461269,0.0,4.153046283461269
2025-02-01 00:00:00-08:00,1.6498603205999993,1.6498603205999993,34.73526265544755,34.73526265544755,-33.08540233484755,-33.08540233484755,33.08540233484755,0.0,5.293664373575608,0.0,5.293664373575608
2025-02-02 00:00:00-08:00,1.235531817899999,1.235531817899999,32.49558469340797,32.49558469340797,-31.260052875507967,-31.260052875507967,31.260052875507967,0.0,5.0016084600812745,0.0,5.0016084600812745
2025-02-03 00:00:00-08:00,4.128359462099999,4.128359462099999,28.433225031464264,28.433225031464264,-24.304865569364267,-24.304865569364267,24.393797518776193,0.0889319494119244,3.903007603004191,0.007114555952953952,3.895893047051237
2025-02-04 00:00:00-08:00,5.043209485499999,5.043209485499999,26.71279953141171,26.71279953141171,-21.66959004591171,-21.66959004591171,22.056972384599735,0.3873823386880214,3.5291155815359576,0.030990587095041714,3.498124994440916
2025-02-05 00:00:00-08:00,8.1195371271,8.1195371271,32.021961160505114,32.021961160505114,-23.90242403340512,-23.90242403340512,24.78947223630882,0.8870482029037036,3.9663155578094114,0.07096385623229629,3.8953517015771153
2025-02-06 00:00:00-08:00,2.3960295557999993,2.3960295557999993,30.891239711912085,30.891239711912085,-28.495210156112087,-28.495210156112087,28.495210156112087,0.0,4.559233624977934,0.0,4.559233624977934
2025-02-07 00:00:00-08:00,5.7242207736,5.7242207736,27.422629500136406,27.422629500136406,-21.698408726536407,-21.698408726536407,21.70870489938491,0.010296172848500262,3.4733927839015855,0.000823693827880021,3.4725690900737054
2025-02-08 00:00:00-08:00,8.8121695257,8.8121695257,31.806168866955847,31.806168866955847,-22.993999341255847,-22.993999341255847,24.1527970045052,1.1587976632493513,3.864447520720832,0.09270381305994811,3.771743707660884
2025-02-09 00:00:00-08:00,10.1881669698,10.1881669698,33.97769213651669,33.97769213651669,-23.789525166716686,-23.789525166716686,25.19470064718864,1.4051754804719516,4.031152103550182,0.11241403843775613,3.918738065112426
2025-02-10 00:00:00-08:00,6.2250965694,6.2250965694,30.69715742108278,30.69715742108278,-24.472060851682777,-24.472060851682777,25.263094394750414,0.7910335430676353,4.042095103160066,0.06328268344541083,3.978812419714655
2025-02-11 00:00:00-08:00,4.4078226165,4.4078226165,26.526283792955642,26.526283792955642,-22.118461176455643,-22.118461176455643,22.25634956516077,0.13788838870512843,3.5610159304257234,0.011031071096410274,3.5499848593293133
2025-02-12 00:00:00-08:00,10.754199087299998,10.754199087299998,31.726318017999347,31.726318017999347,-20.97211893069935,-20.97211893069935,23.025975004269377,2.053856073570026,3.6841560006831005,0.1643084858856021,3.5198475147974984
2025-02-13 00:00:00-08:00,1.8132196247999992,1.8132196247999992,30.089658372246355,30.089658372246355,-28.276438747446356,-28.276438747446356,28.276438747446356,0.0,4.524230199591417,0.0,4.524230199591417
2025-02-14 00:00:00-08:00,1.6610237162999997,1.6610237162999997,28.491681473835516,28.491681473835516,-26.83065775753552,-26.83065775753552,26.83065775753552,0.0,4.292905241205683,0.0,4.292905241205683
2025-02-15 00:00:00-08:00,5.058641000699999,5.058641000699999,32.1322034282668,32.1322034282668,-27.0735624275668,-27.0735624275668,27.0735624275668,0.0,4.331769988410688,0.0,4.331769988410688
2025-02-16 00:00:00-08:00,3.1239892781999994,3.1239892781999994,30.359923446233147,30.359923446233147,-27.235934168033147,-27.235934168033147,27.235934168033147,0.0,4.357749466885304,0.0,4.357749466885304
2025-02-17 00:00:00-08:00,2.8230582233249994,2.8230582233249994,29.440628074131997,29.440628074131997,-26.617569850806998,-26.617569850806998,26.617569850806998,0.0,4.25881117612912,0.0,4.25881117612912
2025-02-18 00:00:00-08:00,3.5597609210249996,3.5597609210249996,26.84423738760435,26.84423738760435,-23.28447646657935,-23.28447646657935,23.325634489402873,0.04115802282352088,3.73210151830446,0.0032926418258816706,3.728808876478578
2025-02-19 00:00:00-08:00,2.589613451099999,2.589613451099999,27.938198726557378,27.938198726557378,-25.348585275457378,-25.348585275457378,25.348585275457378,0.0,4.055773644073181,0.0,4.055773644073181
2025-02-20 00:00:00-08:00,10.328530671,10.328530671,30.248664946922233,30.248664946922233,-19.920134275922234,-19.920134275922234,21.75446040865833,1.8343261327360967,3.4807136653853328,0.14674609061888774,3.333967574766445
2025-02-21 00:00:00-08:00,10.654902228825,10.654902228825,27.411853796150744,27.411853796150744,-16.756951567325746,-16.756951567325746,19.33716214090951,2.5802105735837655,3.0939459425455214,0.20641684588670126,2.8875290966588203
2025-02-22 00:00:00-08:00,8.724959865899999,8.724959865899999,31.702273252772216,31.702273252772216,-22.977313386872215,-22.977313386872215,23.606464557413002,0.6291511705407841,3.77703432918608,0.05033209364326273,3.7267022355428177
2025-02-23 00:00:00-08:00,1.5649883774999995,1.5649883774999995,34.519212171864005,34.519212171864005,-32.954223794364005,-32.954223794364005,32.954223794364005,0.0,5.272675807098241,0.0,5.272675807098241
2025-02-24 00:00:00-08:00,5.6374537815,5.6374537815,28.83583367892975,28.83583367892975,-23.19837989742975,-23.19837989742975,23.24154965372415,0.04316975629439723,3.718647944595864,0.0034535805035517788,3.715194364092312
2025-02-25 00:00:00-08:00,10.320610522725,10.320610522725,31.675659711685807,31.675659711685807,-21.35504918896081,-21.35504918896081,23.17854893556283,1.8234997466020215,3.708567829690053,0.14587997972816172,3.5626878499618915
2025-02-26 00:00:00-08:00,10.653927882524998,10.653927882524998,27.994750560468667,27.994750560468667,-17.34082267794367,-17.34082267794367,19.944958368267937,2.604135690324268,3.19119333892287,0.20833085522594144,2.9828624836969286
2025-02-27 00:00:00-08:00,10.641004651124998,10.641004651124998,26.85547889680101,26.85547889680101,-16.21447424567601,-16.21447424567601,18.800713778826804,2.586239533150796,3.008114204612289,0.20689916265206368,2.801215041960225
2025-02-28 00:00:00-08:00,10.638898276499999,10.638898276499999,28.413549824759627,28.413549824759627,-17.774651548259627,-17.774651548259627,20.123708069628716,2.3490565213690875,3.2197932911405944,0.187924521709527,3.0318687694310675
2025-03-01 00:00:00-08:00,10.418552218124999,10.418552218124999,32.644974007345596,32.644974007345596,-22.226421789220595,-22.226421789220595,23.846500753732116,1.6200789645115177,3.8154401205971387,0.1296063171609214,3.6858338034362172
2025-03-02 00:00:00-08:00,3.5576830124999996,3.5576830124999996,34.0691792177488,34.0691792177488,-30.511496205248793,-30.511496205248793,30.511496205248793,0.0,4.881839392839807,0.0,4.881839392839807
2025-03-03 00:00:00-08:00,2.4397785542249992,2.4397785542249992,31.112277973852745,31.112277973852745,-28.672499419627744,-28.672499419627744,28.672499419627744,0.0,4.587599907140439,0.0,4.587599907140439
2025-03-04 00:00:00-08:00,3.2530575962249992,3.2530575962249992,28.058265110667552,28.058265110667552,-24.80520751444255,-24.80520751444255,24.80520751444255,0.0,3.968833202310808,0.0,3.968833202310808
2025-03-05 00:00:00-08:00,2.814368039099999,2.814368039099999,26.641365682102055,26.641365682102055,-23.82699764300206,-23.82699764300206,23.82699764300206,0.0,3.8123196228803296,0.0,3.8123196228803296
2025-03-06 00:00:00-08:00,2.5073262179999993,2.5073262179999993,30.68221205050491,30.68221205050491,-28.17488583250491,-28.17488583250491,28.17488583250491,0.0,4.507981733200785,0.0,4.507981733200785
2025-03-07 00:00:00-08:00,7.200619010325,7.200619010325,30.72543254418339,30.72543254418339,-23.524813533858392,-23.524813533858392,24.78676271681419,1.2619491829557987,3.965882034690271,0.1009559346364639,3.8649261000538067
2025-03-08 00:00:00-08:00,10.840791437325,10.840791437325,31.50968136652101,31.50968136652101,-20.66888992919601,-20.66888992919601,22.53538810440276,1.8664981752067504,3.6056620967044415,0.14931985401654005,3.4563422426879016
2025-03-09 00:00:00-08:00,11.192449486725,11.192449486725,31.80831050292765,31.80831050292765,-20.61586101620265,-20.61586101620265,23.085276745422647,2.469415729219994,3.6936442792676236,0.1975532583375995,3.496091020930024
2025-03-10 00:00:00-07:00,9.130289789025,9.130289789025,31.216577143684788,31.216577143684788,-22.08628735465979,-22.08628735465979,23.643991204420622,1.5577038497608309,3.7830385927072996,0.12461630798086647,3.658422284726433
2025-03-11 00:00:00-07:00,10.554481915199998,10.554481915199998,29.713547184910194,29.713547184910194,-19.159065269710194,-19.159065269710194,21.49804215287847,2.3389768831682733,3.439686744460555,0.18711815065346188,3.252568593807093
2025-03-12 00:00:00-07:00,6.691540863599999,6.691540863599999,26.968898687958276,26.968898687958276,-20.277357824358276,-20.277357824358276,21.243459997714712,0.9661021733564357,3.398953599634354,0.07728817386851486,3.321665425765839
2025-03-13 00:00:00-07:00,3.9701846762999993,3.9701846762999993,29.00439071658064,29.00439071658064,-25.034206040280644,-25.034206040280644,25.034206040280644,0.0,4.005472966444903,0.0,4.005472966444903
2025-03-14 00:00:00-07:00,3.8595927464999993,3.8595927464999993,28.00873931594095,28.00873931594095,-24.14914656944095,-24.14914656944095,24.14914656944095,0.0,3.8638634511105523,0.0,3.8638634511105523
2025-03-15 00:00:00-07:00,3.6821974571999996,3.6821974571999996,31.61761390223506,31.61761390223506,-27.93541644503506,-27.93541644503506,27.93541644503506,0.0,4.46966663120561,0.0,4.46966663120561
2025-03-16 00:00:00-07:00,10.316305904624999,10.316305904624999,30.918697321232248,30.918697321232248,-20.602391416607247,-20.602391416607247,23.034017447029417,2.431626030422168,3.6854427915247068,0.19453008243377345,3.4909127090909333
2025-03-17 00:00:00-07:00,2.776672483199999,2.776672483199999,31.203884779690497,31.203884779690497,-28.427212296490495,-28.427212296490495,28.427212296490495,0.0,4.548353967438479,0.0,4.548353967438479
2025-03-18 00:00:00-07:00,5.003394837299999,5.003394837299999,26.158057382467952,26.158057382467952,-21.15466254516795,-21.15466254516795,21.21454591071463,0.059883365546677836,3.394327345714341,0.004790669243734227,3.3895366764706067
2025-03-19 00:00:00-07:00,8.624581353,8.624581353,27.56259515746329,27.56259515746329,-18.93801380446329,-18.93801380446329,20.51689508506289,1.5788812805996022,3.2827032136100627,0.12631050244796818,3.1563927111620944
2025-03-20 00:00:00-07:00,8.196658182224999,8.196658182224999,28.950782326508595,28.950782326508595,-20.754124144283598,-20.754124144283598,21.94833938921196,1.1942152449283623,3.5117343022739136,0.09553721959426899,3.4161970826796444
2025-03-21 00:00:00-07:00,4.370746007925,4.370746007925,27.549614058216775,27.549614058216775,-23.178868050291776,-23.178868050291776,23.194413296364118,0.015545246072342422,3.711106127418259,0.0012436196857873937,3.709862507732472
2025-03-22 00:00:00-07:00,5.328583611525,5.328583611525,32.42235954920111,32.42235954920111,-27.09377593767611,-27.09377593767611,27.207095617432348,0.11331967975623836,4.353135298789176,0.009065574380499068,4.344069724408676
2025-03-23 00:00:00-07:00,9.929940977925,9.929940977925,34.276303980530564,34.276303980530564,-24.346363002605564,-24.346363002605564,25.555784426374768,1.2094214237692062,4.088925508219963,0.0967537139015365,3.992171794318426
2025-03-24 00:00:00-07:00,10.407233834999998,10.407233834999998,31.35820313295302,31.35820313295302,-20.95096929795302,-20.95096929795302,23.047035983090066,2.0960666851370466,3.6875257572944107,0.16768533481096373,3.5198404224834468
2025-03-25 00:00:00-07:00,9.677889752399999,9.677889752399999,28.729172646571364,28.729172646571364,-19.051282894171365,-19.051282894171365,21.330668940280926,2.2793860461095616,3.4129070304449485,0.18235088368876493,3.2305561467561836
2025-03-26 00:00:00-07:00,10.5117506649,10.5117506649,27.35093010690038,27.35093010690038,-16.839179442000383,-16.839179442000383,19.53660723384568,2.6974277918452985,3.1258571574153087,0.21579422334762388,2.910062934067685
2025-03-27 00:00:00-07:00,5.7171032442,5.7171032442,28.348172442881427,28.348172442881427,-22.63106919868143,-22.63106919868143,22.656793690804825,0.025724492123394338,3.625086990528772,0.0020579593698715473,3.6230290311589
2025-03-28 00:00:00-07:00,6.804404783999999,6.804404783999999,27.93360321929473,27.93360321929473,-21.129198435294732,-21.129198435294732,22.100931832292673,0.9717333969979394,3.5361490931668276,0.07773867175983515,3.4584104214069926
2025-03-29 00:00:00-07:00,6.582144499199998,6.582144499199998,34.17962962715362,34.17962962715362,-27.59748512795363,-27.59748512795363,27.899924908584268,0.3024397806306405,4.463987985373483,0.024195182450451238,4.439792802923032
2025-03-30 00:00:00-07:00,5.276972161799999,5.276972161799999,29.435285701474374,29.435285701474374,-24.158313539674374,-24.158313539674374,24.26647626653289,0.10816272685851636,3.8826362026452625,0.008653018148681309,3.873983184496581
2025-03-31 00:00:00-07:00,3.9675591490499995,3.9675591490499995,29.922213399071655,29.922213399071655,-25.954654250021655,-25.954654250021655,25.957158190180916,0.0025039401592618082,4.153145310428947,0.00020031521274094466,4.152944995216206
2025-04-01 00:00:00-07:00,5.738660593649999,5.738660593649999,30.05549716714174,30.05549716714174,-24.31683657349174,-24.31683657349174,24.47885416988549,0.16201759639374946,3.9166166671816787,0.012961407711499957,3.9036552594701788
2025-04-02 00:00:00-07:00,6.812588394224999,6.812588394224999,30.990780352469447,30.990780352469447,-24.178191958244447,-24.178191958244447,24.268910049828534,0.09071809158408883,3.8830256079725656,0.0072574473267271065,3.8757681606458383
2025-04-03 00:00:00-07:00,7.171384661099999,7.171384661099999,26.640522275319668,26.640522275319668,-19.46913761421967,-19.46913761421967,20.384884191294166,0.9157465770744977,3.2615814706070667,0.07325972616595981,3.1883217444411067
2025-04-04 00:00:00-07:00,11.498434309799999,11.498434309799999,27.616209386074967,27.616209386074967,-16.11777507627497,-16.11777507627497,19.290561810242245,3.1727867339672753,3.0864898896387594,0.25382293871738204,2.8326669509213773
2025-04-05 00:00:00-07:00,11.683333308149999,11.683333308149999,34.81241878437651,34.81241878437651,-23.129085476226514,-23.129085476226514,25.490460668022905,2.361375191796389,4.078473706883665,0.18891001534371113,3.889563691539954
2025-04-06 00:00:00-07:00,11.165155355475,11.165155355475,32.70473418710973,32.70473418710973,-21.53957883163473,-21.53957883163473,24.000332030772213,2.460753199137483,3.8400531249235543,0.19686025593099865,3.6431928689925557
2025-04-07 00:00:00-07:00,6.173120863349999,6.173120863349999,27.04875744866032,27.04875744866032,-20.87563658531032,-20.87563658531032,21.11891075238753,0.24327416707721172,3.379025720382005,0.019461933366176937,3.359563787015828
2025-04-08 00:00:00-07:00,8.01621150615,8.01621150615,28.936792564623417,28.936792564623417,-20.92058105847342,-20.92058105847342,21.789153200238154,0.868572141764734,3.4862645120381046,0.06948577134117871,3.416778740696926
2025-04-09 00:00:00-07:00,10.193072615324999,10.193072615324999,30.28304009282896,30.28304009282896,-20.089967477503958,-20.089967477503958,22.16200187278364,2.0720343952796805,3.5459202996453825,0.16576275162237444,3.380157548023008
2025-04-10 00:00:00-07:00,10.37364953535,10.37364953535,26.699007379806183,26.699007379806183,-16.325357844456185,-16.325357844456185,19.031469626275513,2.706111781819326,3.045035140204082,0.2164889425455461,2.828546197658536
2025-04-11 00:00:00-07:00,7.859936256749999,7.859936256749999,28.933357522435834,28.933357522435834,-21.073421265685834,-21.073421265685834,22.09513536944497,1.0217141037591349,3.5352216591111953,0.0817371283007308,3.4534845308104645
2025-04-12 00:00:00-07:00,9.174298920299998,9.174298920299998,34.854832601653484,34.854832601653484,-25.68053368135348,-25.68053368135348,26.481220097805068,0.8006864164515858,4.236995215648811,0.06405491331612687,4.172940302332684
2025-04-13 00:00:00-07:00,11.56018285215,11.56018285215,31.478610110504867,31.478610110504867,-19.91842725835487,-19.91842725835487,22.62077526940761,2.702348011052741,3.6193240431052174,0.2161878408842193,3.403136202220998
2025-04-14 00:00:00-07:00,11.273448254849999,11.273448254849999,28.078283858270776,28.078283858270776,-16.80483560342078,-16.80483560342078,19.586026614274854,2.7811910108540756,3.1337642582839766,0.22249528086832604,2.9112689774156504
2025-04-15 00:00:00-07:00,10.419435024299998,10.419435024299998,28.123897022027588,28.123897022027588,-17.70446199772759,-17.70446199772759,19.871224072969444,2.1667620752418544,3.179395851675111,0.17334096601934834,3.0060548856557627
2025-04-16 00:00:00-07:00,9.73306114065,9.73306114065,29.6772661147813,29.6772661147813,-19.944204974131303,-19.944204974131303,21.657331102058713,1.713126127927409,3.465172976329394,0.13705009023419273,3.3281228860952012
2025-04-17 00:00:00-07:00,3.478243863599999,3.478243863599999,32.180104420287314,32.180104420287314,-28.70186055668731,-28.70186055668731,28.70186055668731,0.0,4.59229768906997,0.0,4.59229768906997
2025-04-18 00:00:00-07:00,11.921257466099998,11.921257466099998,30.29093620758821,30.29093620758821,-18.36967874148821,-18.36967874148821,21.481035907521562,3.111357166033352,3.43696574520345,0.24890857328266816,3.1880571719207818
2025-04-19 00:00:00-07:00,9.927638459099999,9.927638459099999,31.382178522342482,31.382178522342482,-21.454540063242483,-21.454540063242483,23.100204726929686,1.6456646636872043,3.6960327563087496,0.13165317309497634,3.5643795832137735
2025-04-20 00:00:00-07:00,8.063205878249999,8.063205878249999,31.37822831030525,31.37822831030525,-23.31502243205525,-23.31502243205525,23.800077879207326,0.4850554471520744,3.8080124606731722,0.038804435772165954,3.7692080249010065
2025-04-21 00:00:00-07:00,11.2631501673,11.2631501673,27.072206101939987,27.072206101939987,-15.80905593463999,-15.80905593463999,18.679364551035132,2.8703086163951426,2.988698328165621,0.2296246893116114,2.7590736388540096
2025-04-22 00:00:00-07:00,11.10805650135,11.10805650135,26.543115936119516,26.543115936119516,-15.43505943476952,-15.43505943476952,18.390129457348806,2.9550700225792865,2.942420713175809,0.23640560180634293,2.706015111369466
2025-04-23 00:00:00-07:00,10.435931635499998,10.435931635499998,31.33726979344257,31.33726979344257,-20.901338157942572,-20.901338157942572,22.87670241182655,1.9753642538839773,3.660272385892248,0.15802914031071819,3.5022432455815298
2025-04-24 00:00:00-07:00,11.2307147352,11.2307147352,28.00925133514051,28.00925133514051,-16.778536599940512,-16.778536599940512,19.64506708684215,2.866530486901637,3.143210733894744,0.22932243895213095,2.913888294942613
2025-04-25 00:00:00-07:00,3.8917456370999988,3.8917456370999988,28.267850684633224,28.267850684633224,-24.376105047533226,-24.376105047533226,24.376105047533226,0.0,3.9001768076053165,0.0,3.9001768076053165
2025-04-26 00:00:00-07:00,8.274910777649998,8.274910777649998,30.184987726481815,30.184987726481815,-21.910076948831815,-21.910076948831815,22.839088852333447,0.9290119035016311,3.6542542163733516,0.07432095228013048,3.579933264093221
2025-04-27 00:00:00-07:00,3.057832297349999,3.057832297349999,33.701948290096944,33.701948290096944,-30.64411599274694,-30.64411599274694,30.710829854521204,0.06671386177426308,4.913732776723393,0.005337108941941047,4.908395667781452
2025-04-28 00:00:00-07:00,7.14403689975,7.14403689975,29.85864077950726,29.85864077950726,-22.714603879757263,-22.714603879757263,24.410203043185184,1.6955991634279206,3.9056324869096297,0.13564793307423365,3.769984553835396
2025-04-29 00:00:00-07:00,7.048784046599999,7.048784046599999,27.688035067513788,27.688035067513788,-20.63925102091379,-20.63925102091379,21.181087315249314,0.5418362943355247,3.3889739704398902,0.04334690354684198,3.3456270668930483
2025-04-30 00:00:00-07:00,11.280176498249999,11.280176498249999,30.542840362407844,30.542840362407844,-19.262663864157847,-19.262663864157847,21.872693131709603,2.6100292675517553,3.4996309010735365,0.20880234140414045,3.290828559669396
2025-05-01 00:00:00-07:00,11.2221055638,11.2221055638,26.84997847720339,26.84997847720339,-15.62787291340339,-15.62787291340339,18.793745599232533,3.165872685829141,3.0069992958772054,0.25326981486633127,2.753729481010874
2025-05-02 00:00:00-07:00,10.966624975799999,10.966624975799999,28.89145542612876,28.89145542612876,-17.924830450328763,-17.924830450328763,20.57626802419387,2.6514375738651066,3.292202883871019,0.21211500590920854,3.0800878779618106
2025-05-03 00:00:00-07:00,7.653317039549998,7.653317039549998,32.44546832761915,32.44546832761915,-24.792151288069153,-24.792151288069153,25.202140398716015,0.4099891106468617,4.032342463794563,0.03279912885174894,3.9995433349428136
2025-05-04 00:00:00-07:00,3.056700030749999,3.056700030749999,34.28770837206003,34.28770837206003,-31.23100834131003,-31.23100834131003,31.23100834131003,0.0,4.996961334609605,0.0,4.996961334609605
2025-05-05 00:00:00-07:00,11.513156602499999,11.513156602499999,27.488197894243648,27.488197894243648,-15.975041291743647,-15.975041291743647,19.15181548988486,3.1767741981412145,3.0642904783815776,0.2541419358512972,2.8101485425302806
2025-05-06 00:00:00-07:00,7.825064453999999,7.825064453999999,29.729354169769287,29.729354169769287,-21.904289715769288,-21.904289715769288,24.040793720258623,2.136504004489333,3.84652699524138,0.17092032035914664,3.6756066748822334
2025-05-07 00:00:00-07:00,11.039870023649998,11.039870023649998,31.745345623260736,31.745345623260736,-20.705475599610736,-20.705475599610736,23.185637406068086,2.4801618064573487,3.7097019849708937,0.1984129445165879,3.511289040454306
2025-05-08 00:00:00-07:00,10.839847420799998,10.839847420799998,31.530918678464147,31.530918678464147,-20.69107125766415,-20.69107125766415,22.99914145059411,2.308070192929961,3.6798626320950576,0.1846456154343969,3.4952170166606606
2025-05-09 00:00:00-07:00,9.988906383899998,9.988906383899998,31.074727767811876,31.074727767811876,-21.085821383911878,-21.085821383911878,22.820818268276604,1.7349968843647263,3.6513309229242568,0.1387997507491781,3.5125311721750787
2025-05-10 00:00:00-07:00,10.2212712999,10.2212712999,31.069779537520304,31.069779537520304,-20.848508237620305,-20.848508237620305,22.739459438281074,1.8909512006607687,3.6383135101249717,0.1512760960528615,3.4870374140721103
2025-05-11 00:00:00-07:00,9.2934831627,9.2934831627,33.871548784088425,33.871548784088425,-24.578065621388422,-24.578065621388422,25.940861332815732,1.3627957114273097,4.1505378132505175,0.10902365691418478,4.041514156336333
2025-05-12 00:00:00-07:00,7.780276162799998,7.780276162799998,28.99049665750852,28.99049665750852,-21.210220494708523,-21.210220494708523,21.691477507571822,0.4812570128633008,3.4706364012114914,0.038500561029064066,3.4321358401824273
2025-05-13 00:00:00-07:00,7.791159554999999,7.791159554999999,28.271668302322475,28.271668302322475,-20.480508747322478,-20.480508747322478,21.17598343271832,0.6954746853958398,3.388157349234931,0.055637974831667186,3.3325193744032635
2025-05-14 00:00:00-07:00,6.866848631699999,6.866848631699999,28.210716347201686,28.210716347201686,-21.343867715501688,-21.343867715501688,22.137098781687452,0.7932310661857646,3.5419358050699925,0.06345848529486117,3.4784773197751315
2025-05-15 00:00:00-07:00,11.168340957899998,11.168340957899998,28.540110000208664,28.540110000208664,-17.371769042308667,-17.371769042308667,20.123768036879095,2.7519989945704304,3.2198028859006556,0.22015991956563444,2.999642966335021
2025-05-16 00:00:00-07:00,6.376750261199999,6.376750261199999,31.749392847299347,31.749392847299347,-25.37264258609935,-25.37264258609935,25.924970298016955,0.5523277119176072,4.147995247682713,0.044186216953408575,4.1038090307293045
2025-05-17 00:00:00-07:00,3.618791180999999,3.618791180999999,35.00359660444487,35.00359660444487,-31.384805423444874,-31.384805423444874,31.451339939644594,0.06653451619972295,5.032214390343135,0.005322761295977836,5.0268916290471575
2025-05-18 00:00:00-07:00,9.906640089299998,9.906640089299998,31.45987753157518,31.45987753157518,-21.553237442275183,-21.553237442275183,23.44834070274427,1.895103260469091,3.7517345124390835,0.1516082608375273,3.6001262516015564
2025-05-19 00:00:00-07:00,10.681797069899998,10.681797069899998,30.122489662706545,30.122489662706545,-19.44069259280655,-19.44069259280655,21.50912734595898,2.068434753152431,3.441460375353437,0.16547478025219448,3.2759855951012424
2025-05-20 00:00:00-07:00,10.311659950499998,10.311659950499998,28.226105029315327,28.226105029315327,-17.91444507881533,-17.91444507881533,20.58326185127296,2.668816772457634,3.293321896203674,0.2135053417966107,3.0798165544070635
2025-05-21 00:00:00-07:00,11.176282910699998,11.176282910699998,31.495836745805942,31.495836745805942,-20.319553835105943,-20.319553835105943,22.737981849802413,2.418428014696469,3.638077095968386,0.19347424117571752,3.444602854792669
2025-05-22 00:00:00-07:00,9.5650384734,9.5650384734,27.771911544880542,27.771911544880542,-18.20687307148054,-18.20687307148054,20.768305433706654,2.5614323622261126,3.3229288693930648,0.204914588978089,3.1180142804149757
2025-05-23 00:00:00-07:00,10.190181914999998,10.190181914999998,31.161321193367897,31.161321193367897,-20.971139278367897,-20.971139278367897,22.578451131009118,1.6073118526412196,3.6125521809614587,0.12858494821129757,3.483967232750161
2025-05-24 00:00:00-07:00,10.975852331099999,10.975852331099999,29.814415586429774,29.814415586429774,-18.838563255329777,-18.838563255329777,21.38698969553948,2.548426440209703,3.4219183512863167,0.20387411521677623,3.2180442360695407
2025-05-25 00:00:00-07:00,11.114862819299997,11.114862819299997,30.690556289214076,30.690556289214076,-19.57569346991408,-19.57569346991408,21.962045445599415,2.3863519756853355,3.5139272712959064,0.19090815805482686,3.3230191132410796
2025-05-26 00:00:00-07:00,10.210863032099999,10.210863032099999,30.56856140497763,30.56856140497763,-20.357698372877632,-20.357698372877632,22.118879732141494,1.7611813592638632,3.539020757142639,0.14089450874110906,3.39812624840153
2025-05-27 00:00:00-07:00,10.827174854699999,10.827174854699999,30.32397862971662,30.32397862971662,-19.496803775016623,-19.496803775016623,21.79251687491691,2.295713099900286,3.4868026999867054,0.18365704799202287,3.3031456519946825
2025-05-28 00:00:00-07:00,9.3638446524,9.3638446524,29.872769957452878,29.872769957452878,-20.508925305052877,-20.508925305052877,21.85856358513228,1.3496382800794042,3.497370173621165,0.10797106240635235,3.3893991112148125
2025-05-29 00:00:00-07:00,9.6445339038,9.6445339038,29.47032640276526,29.47032640276526,-19.82579249896526,-19.82579249896526,20.949593782777075,1.1238012838118152,3.351935005244332,0.08990410270494521,3.262030902539387
2025-05-30 00:00:00-07:00,11.042692831799998,11.042692831799998,27.936510122811992,27.936510122811992,-16.893817291011995,-16.893817291011995,19.626487083452393,2.7326697924403986,3.140237933352383,0.2186135833952319,2.921624349957151
2025-05-31 00:00:00-07:00,10.4857683759,10.4857683759,29.51160004927836,29.51160004927836,-19.02583167337836,-19.02583167337836,21.139308014866717,2.113476341488356,3.3822892823786748,0.1690781073190685,3.213211175059606
2025-06-01 00:00:00-07:00,9.587635056899998,9.587635056899998,35.280499078526475,35.280499078526475,-25.692864021626477,-25.692864021626477,26.375319445586072,0.6824554239595955,4.220051111293771,0.05459643391676764,4.165454677377004
2025-06-02 00:00:00-07:00,11.423488055399998,11.423488055399998,28.939611485212065,28.939611485212065,-17.51612342981207,-17.51612342981207,20.268566577411136,2.752443147599069,3.242970652385782,0.22019545180792552,3.0227752005778563
2025-06-03 00:00:00-07:00,11.3512308795,11.3512308795,31.883932987582465,31.883932987582465,-20.532702108082464,-20.532702108082464,22.933503641768574,2.400801533686111,3.669360582682972,0.19206412269488887,3.477296459988083
2025-06-04 00:00:00-07:00,11.384170174799998,11.384170174799998,28.38315884593857,28.38315884593857,-16.99898867113857,-16.99898867113857,19.776478947111343,2.777490275972772,3.1642366315378148,0.22219922207782175,2.942037409459993
2025-06-05 00:00:00-07:00,10.1677914738,10.1677914738,27.935842047781946,27.935842047781946,-17.768050573981945,-17.768050573981945,19.56480817338622,1.7967575994042728,3.130369307741795,0.14374060795234184,2.986628699789453
2025-06-06 00:00:00-07:00,10.950545306699999,10.950545306699999,28.709758575421,28.709758575421,-17.759213268721,-17.759213268721,20.18960206075026,2.4303887920292606,3.230336329720042,0.19443110336234085,3.035905226357701
2025-06-07 00:00:00-07:00,10.786412060999998,10.786412060999998,33.90927343622016,33.90927343622016,-23.12286137522016,-23.12286137522016,24.921551458071246,1.7986900828510821,3.9874482332913996,0.14389520662808658,3.843553026663313
2025-06-08 00:00:00-07:00,10.632281683499999,10.632281683499999,34.89973847853903,34.89973847853903,-24.267456795039028,-24.267456795039028,25.857895409579836,1.5904386145408074,4.1372632655327735,0.1272350891632646,4.0100281763695085
2025-06-09 00:00:00-07:00,10.708281134999998,10.708281134999998,28.036305453813288,28.036305453813288,-17.328024318813288,-17.328024318813288,19.82074867188897,2.4927243530756815,3.1713197875022354,0.19941794824605452,2.971901839256181
2025-06-10 00:00:00-07:00,7.920040418099999,7.920040418099999,28.995488666700528,28.995488666700528,-21.07544824860053,-21.07544824860053,21.992165905061885,0.9167176564613561,3.518746544809902,0.07333741251690849,3.445409132292993
2025-06-11 00:00:00-07:00,9.664089401699998,9.664089401699998,28.908798149748407,28.908798149748407,-19.244708748048406,-19.244708748048406,20.76105385293759,1.516345104889184,3.321768616470014,0.12130760839113473,3.2004610080788796
2025-06-12 00:00:00-07:00,9.971235718199999,9.971235718199999,29.850757375733277,29.850757375733277,-19.879521657533278,-19.879521657533278,21.885990699574645,2.0064690420413673,3.501758511931943,0.16051752336330938,3.341240988568634
2025-06-13 00:00:00-07:00,11.016428876099999,11.016428876099999,30.594049622744727,30.594049622744727,-19.577620746644726,-19.577620746644726,21.91626087572974,2.338640129085012,3.5066017401167584,0.18709121032680096,3.3195105297899574
2025-06-14 00:00:00-07:00,10.644397652699999,10.644397652699999,29.631468546824536,29.631468546824536,-18.987070894124535,-18.987070894124535,21.326313565475186,2.3392426713506516,3.4122101704760297,0.18713941370805212,3.2250707567679777
2025-06-15 00:00:00-07:00,10.4453663508,10.4453663508,35.00470105691845,35.00470105691845,-24.55933470611845,-24.55933470611845,26.102621799884954,1.5432870937665082,4.176419487981593,0.12346296750132066,4.052956520480272
2025-06-16 00:00:00-07:00,10.737840705299998,10.737840705299998,26.962309947355404,26.962309947355404,-16.224469242055406,-16.224469242055406,18.55927122643489,2.3348019843794865,2.969483396229583,0.18678415875035892,2.782699237479224
2025-06-17 00:00:00-07:00,10.901932146899998,10.901932146899998,26.328665131998996,26.328665131998996,-15.426732985098996,-15.426732985098996,18.189731157005692,2.7629981719066956,2.910356985120911,0.22103985375253565,2.6893171313683752
2025-06-18 00:00:00-07:00,10.767613905,10.767613905,26.560161211671982,26.560161211671982,-15.792547306671981,-15.792547306671981,18.425456437904984,2.632909131233003,2.9480730300647973,0.21063273049864023,2.737440299566157
2025-06-19 00:00:00-07:00,10.221253425899999,10.221253425899999,31.061186213698072,31.061186213698072,-20.839932787798073,-20.839932787798073,22.450098141245295,1.610165353447224,3.592015702599247,0.12881322827577793,3.4632024743234693
2025-06-20 00:00:00-07:00,6.788973106799999,6.788973106799999,30.596719636576477,30.596719636576477,-23.807746529776477,-23.807746529776477,24.061528045744915,0.253781515968437,3.8498444873191864,0.02030252127747496,3.8295419660417114
2025-06-21 00:00:00-07:00,5.959171385099999,5.959171385099999,33.5931821933773,33.5931821933773,-27.634010808277303,-27.634010808277303,27.74589539203478,0.111884583757479,4.439343262725565,0.008950766700598321,4.430392496024966
2025-06-22 00:00:00-07:00,9.026479941299998,9.026479941299998,30.05765047684495,30.05765047684495,-21.031170535544952,-21.031170535544952,22.91750622028253,1.8863356847375776,3.6668009952452048,0.1509068547790062,3.5158941404661985
2025-06-23 00:00:00-07:00,11.177216325,11.177216325,28.943088623572166,28.943088623572166,-17.765872298572166,-17.765872298572166,20.295449744588872,2.5295774460167055,3.2472719591342196,0.20236619568133646,3.044905763452883
2025-06-24 00:00:00-07:00,7.974287306099999,7.974287306099999,26.3617198979806,26.3617198979806,-18.3874325918806,-18.3874325918806,19.396047176721943,1.0086145848413415,3.1033675482755108,0.08068916678730732,3.0226783814882032
2025-06-25 00:00:00-07:00,10.574438622299999,10.574438622299999,28.190641098970826,28.190641098970826,-17.61620247667083,-17.61620247667083,20.05786336922537,2.4416608925545424,3.2092581390760593,0.1953328714043634,3.013925267671696
2025-06-26 00:00:00-07:00,10.8772995231,10.8772995231,30.360581312905214,30.360581312905214,-19.483281789805215,-19.483281789805215,21.761755824166823,2.278474034361606,3.4818809318666917,0.18227792274892848,3.2996030091177633
2025-06-27 00:00:00-07:00,9.969165431099999,9.969165431099999,30.09008107756577,30.09008107756577,-20.12091564646577,-20.12091564646577,22.25913752604037,2.1382218795745978,3.5614620041664593,0.17105775036596782,3.3904042538004915
2025-06-28 00:00:00-07:00,10.0818349542,10.0818349542,28.926794681073535,28.926794681073535,-18.844959726873537,-18.844959726873537,21.168740860765592,2.323781133892056,3.3869985377224947,0.18590249071136447,3.2010960470111303
2025-06-29 00:00:00-07:00,10.162394203499998,10.162394203499998,34.19769971039181,34.19769971039181,-24.03530550689181,-24.03530550689181,25.77201535115648,1.7367098442646698,4.123522456185037,0.13893678754117358,3.984585668643863
2025-06-30 00:00:00-07:00,8.490789816299998,8.490789816299998,27.665791266208345,27.665791266208345,-19.175001449908347,-19.175001449908347,20.423489033275857,1.2484875833675084,3.267758245324137,0.09987900666940068,3.1678792386547365
2025-07-01 00:00:00-07:00,9.8095088394,9.8095088394,26.992503248004027,26.992503248004027,-17.182994408604028,-17.182994408604028,19.78789918623426,2.6049047776302325,3.1660638697974814,0.20839238221041861,2.9576714875870627
2025-07-02 00:00:00-07:00,7.875554294699999,7.875554294699999,29.5113067761695,29.5113067761695,-21.635752481469503,-21.635752481469503,22.684198120292297,1.0484456388227943,3.6294716992467677,0.08387565110582354,3.5455960481409443
2025-07-03 00:00:00-07:00,6.601453659899999,6.601453659899999,28.891356185784847,28.891356185784847,-22.289902525884848,-22.289902525884848,22.921945921307337,0.6320433954224886,3.667511347409174,0.05056347163379909,3.616947875775375
2025-07-04 00:00:00-07:00,9.9469596429,9.9469596429,30.392130721360466,30.392130721360466,-20.44517107846047,-20.44517107846047,22.658383822375338,2.21321274391487,3.625341411580054,0.1770570195131896,3.4482843920668644
2025-07-05 00:00:00-07:00,10.069985342699999,10.069985342699999,30.850469105500117,30.850469105500117,-20.780483762800117,-20.780483762800117,23.15943896355784,2.378955200757723,3.7055102341692545,0.19031641606061783,3.515193818108637
2025-07-06 00:00:00-07:00,9.9891913986,9.9891913986,29.671487634460174,29.671487634460174,-19.682296235860175,-19.682296235860175,22.133012518906895,2.450716283046718,3.541282003025103,0.19605730264373744,3.3452247003813658
2025-07-07 00:00:00-07:00,9.713017106099999,9.713017106099999,30.805262552366504,30.805262552366504,-21.092245446266507,-21.092245446266507,23.18366928000366,2.091423833737153,3.7093870848005857,0.16731390669897223,3.5420731781016133
2025-07-08 00:00:00-07:00,9.8580912516,9.8580912516,28.625009959715005,28.625009959715005,-18.766918708115007,-18.766918708115007,21.225442046749404,2.4585233386344,3.3960707274799047,0.196681867090752,3.1993888603891527
2025-07-09 00:00:00-07:00,9.771920975699999,9.771920975699999,26.520684651968654,26.520684651968654,-16.748763676268656,-16.748763676268656,19.360528207620867,2.611764531352212,3.0976845132193387,0.20894116250817696,2.8887433507111617
2025-07-10 00:00:00-07:00,10.524237816599998,10.524237816599998,32.10364511383426,32.10364511383426,-21.579407297234265,-21.579407297234265,23.633548698355277,2.0541414011210097,3.7813677917368445,0.16433131208968077,3.6170364796471635
2025-07-11 00:00:00-07:00,10.494836793,10.494836793,31.693264392371525,31.693264392371525,-21.198427599371524,-21.198427599371524,23.281452756787846,2.083025157416323,3.7250324410860554,0.16664201259330585,3.5583904284927494
2025-07-12 00:00:00-07:00,10.4929170822,10.4929170822,30.905464615733102,30.905464615733102,-20.412547533533104,-20.412547533533104,22.67263629590262,2.260088762369516,3.6276218073444193,0.1808071009895613,3.446814706354858
2025-07-13 00:00:00-07:00,10.3895072523,10.3895072523,34.16976616118668,34.16976616118668,-23.78025890888668,-23.78025890888668,25.548649756156586,1.7683908472699068,4.087783960985054,0.14147126778159255,3.9463126932034616
2025-07-14 00:00:00-07:00,7.5978007641,7.5978007641,30.27968185914016,30.27968185914016,-22.68188109504016,-22.68188109504016,23.78500146553017,1.1031203704900066,3.805600234484827,0.08824962963920052,3.7173506048456266
2025-07-15 00:00:00-07:00,10.069202747699999,10.069202747699999,28.658783893271195,28.658783893271195,-18.5895811455712,-18.5895811455712,20.71079769786545,2.1212165522942525,3.313727631658472,0.1696973241835402,3.1440303074749316
2025-07-16 00:00:00-07:00,10.417804199999999,10.417804199999999,31.079617276744752,31.079617276744752,-20.661813076744753,-20.661813076744753,22.63077358653217,1.9689605097874188,3.6209237738451474,0.1575168407829935,3.4634069330621537
2025-07-17 00:00:00-07:00,8.338027207499998,8.338027207499998,27.86680305989661,27.86680305989661,-19.528775852396613,-19.528775852396613,20.497237992215336,0.9684621398187245,3.279558078754454,0.07747697118549797,3.2020811075689557
2025-07-18 00:00:00-07:00,9.7942346505,9.7942346505,30.42176561857248,30.42176561857248,-20.62753096807248,-20.62753096807248,22.240903600928664,1.6133726328561822,3.5585445761485865,0.12906981062849457,3.429474765520092
2025-07-19 00:00:00-07:00,10.5054067179,10.5054067179,35.209247259152136,35.209247259152136,-24.703840541252138,-24.703840541252138,26.531448706529176,1.8276081652770384,4.245031793044668,0.1462086532221631,4.098823139822505
2025-07-20 00:00:00-07:00,10.077223959,10.077223959,31.35150606560396,31.35150606560396,-21.274282106603962,-21.274282106603962,23.04099698845507,1.766714881851108,3.6865595181528112,0.14133719054808866,3.545222327604723
2025-07-21 00:00:00-07:00,8.153641518299999,8.153641518299999,28.786878575455237,28.786878575455237,-20.633237057155238,-20.633237057155238,21.390791948519137,0.7575548913638988,3.4225267117630622,0.0606043913091119,3.3619223204539503
2025-07-22 00:00:00-07:00,8.0582646447,8.0582646447,30.75491338994847,30.75491338994847,-22.69664874524847,-22.69664874524847,23.925451180802327,1.2288024355538545,3.828072188928372,0.09830419484430836,3.729767994084064
2025-07-23 00:00:00-07:00,9.118874780999999,9.118874780999999,26.55732113617728,26.55732113617728,-17.43844635517728,-17.43844635517728,19.008198612678054,1.5697522575007727,3.0413117780284886,0.12558018060006182,2.915731597428427
2025-07-24 00:00:00-07:00,6.572934615599999,6.572934615599999,28.52156834797291,28.52156834797291,-21.94863373237291,-21.94863373237291,22.280020690610446,0.3313869582375363,3.5648033104976715,0.026510956659002903,3.538292353838669
2025-07-25 00:00:00-07:00,10.001731216499998,10.001731216499998,29.93363295136834,29.93363295136834,-19.93190173486834,-19.93190173486834,21.90570839777604,1.9738066629076965,3.504913343644166,0.15790453303261573,3.3470088106115505
2025-07-26 00:00:00-07:00,9.21556459575,9.21556459575,29.887523878307135,29.887523878307135,-20.671959282557136,-20.671959282557136,22.559197187706307,1.8872379051491706,3.609471550033009,0.15097903241193364,3.4584925176210755
2025-07-27 00:00:00-07:00,7.7904883592999985,7.7904883592999985,29.651327189703135,29.651327189703135,-21.86083883040314,-21.86083883040314,22.74990718651369,0.8890683561105502,3.63998514984219,0.07112546848884402,3.568859681353346
2025-07-28 00:00:00-07:00,9.416975387399999,9.416975387399999,27.948479801110523,27.948479801110523,-18.531504413710522,-18.531504413710522,20.141034869781762,1.609530456071239,3.222565579165082,0.12876243648569913,3.093803142679383
2025-07-29 00:00:00-07:00,6.143584006799999,6.143584006799999,27.882547029046734,27.882547029046734,-21.738963022246736,-21.738963022246736,22.071888987497633,0.33292596525089835,3.5315022379996215,0.02663407722007187,3.5048681607795498
2025-07-30 00:00:00-07:00,6.3648133492499985,6.3648133492499985,28.95589150990249,28.95589150990249,-22.59107816065249,-22.59107816065249,22.867801363301666,0.27672320264917316,3.6588482181282664,0.022137856211933853,3.636710361916333
2025-07-31 00:00:00-07:00,8.4195884511,8.4195884511,26.32850421040936,26.32850421040936,-17.908915759309362,-17.908915759309362,19.37676628462019,1.467850525310829,3.1002826055392303,0.11742804202486631,2.982854563514364
2025-08-01 00:00:00-07:00,10.511154350999998,10.511154350999998,27.964469934907008,27.964469934907008,-17.45331558390701,-17.45331558390701,19.911845263810722,2.458529679903712,3.1858952422097158,0.19668237439229697,2.989212867817419
2025-08-02 00:00:00-07:00,7.514727340949999,7.514727340949999,32.162537512183384,32.162537512183384,-24.647810171233385,-24.647810171233385,24.977683427254842,0.32987325602145756,3.996429348360775,0.026389860481716605,3.9700394878790584
2025-08-03 00:00:00-07:00,8.032136498999998,8.032136498999998,33.99938571359933,33.99938571359933,-25.967249214599335,-25.967249214599335,26.684570119253646,0.7173209046543102,4.269531219080584,0.05738567237234482,4.212145546708239
2025-08-04 00:00:00-07:00,9.072190310849999,9.072190310849999,29.782555204961202,29.782555204961202,-20.7103648941112,-20.7103648941112,22.23017329227887,1.5198083981676695,3.5568277267646193,0.12158467185341357,3.4352430549112056
2025-08-05 00:00:00-07:00,10.407511052099998,10.407511052099998,27.577746755894452,27.577746755894452,-17.170235703794454,-17.170235703794454,19.78501675127336,2.6147810474789055,3.1656026802037376,0.20918248379831245,2.9564201964054253
2025-08-06 00:00:00-07:00,10.2679064208,10.2679064208,31.417946276775815,31.417946276775815,-21.150039855975816,-21.150039855975816,23.397823427569218,2.2477835715934025,3.743651748411075,0.1798226857274722,3.563829062683603
2025-08-07 00:00:00-07:00,9.822991818599998,9.822991818599998,31.82166114907035,31.82166114907035,-21.998669330470353,-21.998669330470353,23.991048783544603,1.9923794530742485,3.8385678053671364,0.1593903562459399,3.6791774491211964
2025-08-08 00:00:00-07:00,10.986439931549999,10.986439931549999,26.586878521639587,26.586878521639587,-15.600438590089588,-15.600438590089588,18.706455787825355,3.106017197735767,2.9930329260520567,0.24848137581886134,2.7445515502331954
2025-08-09 00:00:00-07:00,10.4157024309,10.4157024309,29.912384525819107,29.912384525819107,-19.49668209491911,-19.49668209491911,21.858813956756027,2.362131861836918,3.497410233080964,0.18897054894695345,3.3084396841340107
2025-08-10 00:00:00-07:00,10.371640242461304,10.371640242461304,30.59966081330907,30.59966081330907,-20.228020570847768,-20.228020570847768,22.40654380343566,2.1785232325878914,3.5850470085497057,0.17428185860703133,3.4107651499426743
2025-08-11 00:00:00-07:00,10.40716534005,10.40716534005,27.250934236837857,27.250934236837857,-16.843768896787857,-16.843768896787857,19.377546595950257,2.533777699162401,3.100407455352041,0.2027022159329921,2.8977052394190492
2025-08-12 00:00:00-07:00,9.689420211749999,9.689420211749999,26.93728582904578,26.93728582904578,-17.24786561729578,-17.24786561729578,19.512557013161,2.264691395865218,3.12200912210576,0.18117531166921744,2.9408338104365424
2025-08-13 00:00:00-07:00,9.377567504999998,9.377567504999998,26.96984095101692,26.96984095101692,-17.59227344601692,-17.59227344601692,19.532619635205975,1.9403461891890537,3.125219141632956,0.1552276951351243,2.969991446497832
2025-08-14 00:00:00-07:00,9.569667407399999,9.569667407399999,28.782595439548327,28.782595439548327,-19.21292803214833,-19.21292803214833,21.21725853537363,2.0043305032253005,3.394761365659781,0.16034644025802405,3.234414925401757
2025-08-15 00:00:00-07:00,8.749861357049998,8.749861357049998,27.259232921903575,27.259232921903575,-18.509371564853577,-18.509371564853577,19.775389747614263,1.2660181827606871,3.164062359618282,0.10128145462085497,3.0627809049974273
2025-08-16 00:00:00-07:00,5.31180908865,5.31180908865,31.112903368167757,31.112903368167757,-25.80109427951776,-25.80109427951776,25.921641683854457,0.12054740433669897,4.147462669416713,0.009643792346935917,4.137818877069777
2025-08-17 00:00:00-07:00,8.310368720699998,8.310368720699998,28.92607405604748,28.92607405604748,-20.61570533534748,-20.61570533534748,21.58541153886503,0.9697062035175523,3.453665846218405,0.07757649628140419,3.376089349937001
2025-08-18 00:00:00-07:00,9.909529876349998,9.909529876349998,31.438662373843588,31.438662373843588,-21.529132497493592,-21.529132497493592,23.292117053439405,1.7629845559458133,3.726738728550305,0.14103876447566507,3.58569996407464
2025-08-19 00:00:00-07:00,9.3227921865,9.3227921865,28.039258388033307,28.039258388033307,-18.716466201533308,-18.716466201533308,20.607006810167643,1.8905406086343346,3.297121089626823,0.15124324869074676,3.1458778409360764
2025-08-20 00:00:00-07:00,9.84183600015,9.84183600015,26.3038774618313,26.3038774618313,-16.4620414616813,-16.4620414616813,18.710529820239223,2.248488358557923,2.993684771238276,0.17987906868463385,2.8138057025536423
2025-08-21 00:00:00-07:00,9.963549186749999,9.963549186749999,31.035788132584063,31.035788132584063,-21.072238945834066,-21.072238945834066,22.905724632702714,1.8334856868686509,3.6649159412324344,0.14667885494949207,3.518237086282942
2025-08-22 00:00:00-07:00,10.0498008447,10.0498008447,30.92179313456097,30.92179313456097,-20.87199228986097,-20.87199228986097,22.86336818755465,1.9913758976936775,3.658138910008744,0.1593100718154942,3.49882883819325
2025-08-23 00:00:00-07:00,8.161972411499999,8.161972411499999,29.068677650433266,29.068677650433266,-20.906705238933267,-20.906705238933267,21.832988245630677,0.9262830066974087,3.4932781193009084,0.0741026405357927,3.4191754787651156
2025-08-24 00:00:00-07:00,2.3524470481499993,2.3524470481499993,31.899274260741894,31.899274260741894,-29.546827212591893,-29.546827212591893,29.546827212591893,0.0,4.727492354014703,0.0,4.727492354014703
2025-08-25 00:00:00-07:00,4.312510687349999,4.312510687349999,28.735283412980145,28.735283412980145,-24.422772725630146,-24.422772725630146,24.679560743623945,0.2567880179937988,3.9487297189798314,0.020543041439503903,3.9281866775403276
2025-08-26 00:00:00-07:00,3.233222779949999,3.233222779949999,26.591024093754637,26.591024093754637,-23.357801313804636,-23.357801313804636,23.357801313804636,0.0,3.7372482102087417,0.0,3.7372482102087417
2025-08-27 00:00:00-07:00,1.9955141504999994,1.9955141504999994,28.455220048442975,28.455220048442975,-26.459705897942975,-26.459705897942975,26.459705897942975,0.0,4.233552943670876,0.0,4.233552943670876
2025-08-28 00:00:00-07:00,8.85316416165,8.85316416165,28.514982693332243,28.514982693332243,-19.661818531682247,-19.661818531682247,20.98306248457291,1.3212439528906623,3.3572899975316655,0.10569951623125298,3.2515904813004126
2025-08-29 00:00:00-07:00,5.557771952549999,5.557771952549999,27.369805942591146,27.369805942591146,-21.812033990041147,-21.812033990041147,22.160270761362035,0.348236771320887,3.5456433218179257,0.02785894170567096,3.517784380112255
2025-08-30 00:00:00-07:00,10.114110751499998,10.114110751499998,32.595248745897344,32.595248745897344,-22.481137994397347,-22.481137994397347,24.304931910468067,1.8237939160707168,3.8887891056748907,0.14590351328565734,3.7428855923892335
2025-08-31 00:00:00-07:00,9.440576692199999,9.440576692199999,30.024761633992775,30.024761633992775,-20.584184941792774,-20.584184941792774,22.29921432880409,1.7150293870113151,3.5678742926086544,0.13720235096090522,3.4306719416477494
2025-09-01 00:00:00-07:00,7.211292383699999,7.211292383699999,27.709345186485592,27.709345186485592,-20.49805280278559,-20.49805280278559,21.56279217941133,1.0647393766257378,3.4500467487058124,0.08517915013005903,3.3648675985757532
2025-09-02 00:00:00-07:00,5.554148115149999,5.554148115149999,30.644402297220786,30.644402297220786,-25.090254182070787,-25.090254182070787,25.37770624361821,0.2874520615474244,4.060432998978913,0.022996164923793954,4.03743683405512
2025-09-03 00:00:00-07:00,7.9326219530249995,7.9326219530249995,29.058819145539008,29.058819145539008,-21.12619719251401,-21.12619719251401,21.918765420947576,0.7925682284335666,3.507002467351612,0.06340545827468533,3.443597009076927
2025-09-04 00:00:00-07:00,7.262265874049999,7.262265874049999,26.249948660134987,26.249948660134987,-18.987682786084985,-18.987682786084985,19.455621065934046,0.46793827984906156,3.1128993705494477,0.037435062387924926,3.0754643081615227
2025-09-05 00:00:00-07:00,7.463082505725,7.463082505725,27.081349347703494,27.081349347703494,-19.618266841978496,-19.618266841978496,20.76810826786381,1.1498414258853122,3.3228973228582097,0.09198731407082499,3.2309100087873848
2025-09-06 00:00:00-07:00,7.51153825485,7.51153825485,30.634617391077985,30.634617391077985,-23.123079136227986,-23.123079136227986,23.842797402383354,0.7197182661553692,3.8148475843813365,0.057577461292429535,3.757270123088907
2025-09-07 00:00:00-07:00,9.897292122299998,9.897292122299998,32.964773919155796,32.964773919155796,-23.067481796855798,-23.067481796855798,24.695961169403933,1.628479372548135,3.9513537871046296,0.1302783498038508,3.8210754373007787
2025-09-08 00:00:00-07:00,8.559063918449999,8.559063918449999,30.56266979784337,30.56266979784337,-22.00360587939337,-22.00360587939337,22.896753500782733,0.8931476213893633,3.663480560125237,0.07145180971114906,3.592028750414088
2025-09-09 00:00:00-07:00,6.4313393877,6.4313393877,31.15304636370375,31.15304636370375,-24.721706976003752,-24.721706976003752,25.5718305833302,0.8501236073264492,4.091492893332832,0.06800988858611594,4.0234830047467165
2025-09-10 00:00:00-07:00,5.7764697399,5.7764697399,32.13382450035579,32.13382450035579,-26.35735476045579,-26.35735476045579,26.487281553498306,0.1299267930425123,4.237965048559729,0.010394143443400986,4.227570905116328
2025-09-11 00:00:00-07:00,7.9349020625249995,7.9349020625249995,27.14675787617168,27.14675787617168,-19.211855813646682,-19.211855813646682,20.384181038012976,1.1723252243662934,3.2614689660820764,0.09378601794930347,3.167682948132773
2025-09-12 00:00:00-07:00,6.5813553506249995,6.5813553506249995,27.667681223473974,27.667681223473974,-21.086325872848974,-21.086325872848974,21.45952364774067,0.37319777489169714,3.4335237836385075,0.02985582199133577,3.4036679616471717
2025-09-13 00:00:00-07:00,9.5633243406,9.5633243406,31.544765921636923,31.544765921636923,-21.981441581036925,-21.981441581036925,23.607004578197454,1.6255629971605285,3.7771207325115927,0.1300450397728423,3.6470756927387504
2025-09-14 00:00:00-07:00,9.2569248603,9.2569248603,35.052003439600675,35.052003439600675,-25.795078579300675,-25.795078579300675,27.102391139678456,1.3073125603777822,4.336382582348553,0.10458500483022258,4.23179757751833
2025-09-15 00:00:00-07:00,10.364249950424998,10.364249950424998,27.49505093089525,27.49505093089525,-17.130800980470248,-17.130800980470248,19.7761498375249,2.64534885705465,3.164183974003984,0.21162790856437202,2.952556065439612
2025-09-16 00:00:00-07:00,10.134534503925,10.134534503925,29.44764898745148,29.44764898745148,-19.31311448352648,-19.31311448352648,21.469080058696957,2.155965575170476,3.435052809391513,0.17247724601363806,3.262575563377875
2025-09-17 00:00:00-07:00,10.035209555999998,10.035209555999998,30.604845784180178,30.604845784180178,-20.569636228180176,-20.569636228180176,22.57548666671045,2.005850438530274,3.612077866673672,0.1604680350824219,3.4516098315912505
2025-09-18 00:00:00-07:00,8.802972668925,8.802972668925,28.17497323458798,28.17497323458798,-19.372000565662983,-19.372000565662983,20.65421959046236,1.2822190247993803,3.3046751344739778,0.10257752198395043,3.2020976124900273
2025-09-19 00:00:00-07:00,5.5754421842249995,5.5754421842249995,30.713630543236743,30.713630543236743,-25.138188359011746,-25.138188359011746,25.3194193428824,0.1812309838706586,4.051107094861185,0.01449847870965269,4.036608616151532
2025-09-20 00:00:00-07:00,4.368554069625,4.368554069625,34.69173937856028,34.69173937856028,-30.323185308935276,-30.323185308935276,30.492379254083204,0.16919394514792763,4.878780680653313,0.01353551561183421,4.865245165041479
2025-09-21 00:00:00-07:00,4.696687173599999,4.696687173599999,30.513640387322088,30.513640387322088,-25.816953213722087,-25.816953213722087,26.167783411248607,0.35083019752651834,4.186845345799777,0.028066415802121467,4.158778929997656
2025-09-22 00:00:00-07:00,10.223083228724999,10.223083228724999,26.882149745857678,26.882149745857678,-16.65906651713268,-16.65906651713268,19.225345228534383,2.5662787114017043,3.0760552365655016,0.20530229691213633,2.8707529396533653
2025-09-23 00:00:00-07:00,10.054441056599998,10.054441056599998,27.14199041050457,27.14199041050457,-17.08754935390457,-17.08754935390457,19.45719130375695,2.3696419498523817,3.1131506086011123,0.18957135598819055,2.923579252612922
2025-09-24 00:00:00-07:00,9.910482624,9.910482624,30.589515218938352,30.589515218938352,-20.679032594938352,-20.679032594938352,22.624896939718557,1.945864344780205,3.6199835103549693,0.1556691475824164,3.464314362772553
2025-09-25 00:00:00-07:00,6.406060485825,6.406060485825,29.5247706120524,29.5247706120524,-23.118710126227402,-23.118710126227402,23.42855412654925,0.3098440003218489,3.74856866024788,0.02478752002574791,3.7237811402221324
2025-09-26 00:00:00-07:00,9.744580145925,9.744580145925,28.33352605382267,28.33352605382267,-18.58894590789767,-18.58894590789767,20.724195814384505,2.135249906486836,3.315871330301521,0.1708199925189469,3.145051337782574
2025-09-27 00:00:00-07:00,9.550987036199999,9.550987036199999,29.88386979908359,29.88386979908359,-20.332882762883592,-20.332882762883592,22.135579236045196,1.8026964731616046,3.5416926777672315,0.1442157178529284,3.3974769599143033
2025-09-28 00:00:00-07:00,6.724621825199999,6.724621825199999,29.64293737892242,29.64293737892242,-22.91831555372242,-22.91831555372242,23.353285438809973,0.4349698850875553,3.7365256702095957,0.034797590807004425,3.7017280794025913
2025-09-29 00:00:00-07:00,4.206107910851854,4.206107910851854,29.538994584439568,29.538994584439568,-25.332886673587712,-25.332886673587712,25.38594712120903,0.05306044762131423,4.061751539393445,0.004244835809705139,4.05750670358374
2025-09-30 00:00:00-07:00,8.978996657652726,8.978996657652726,29.891284011396095,29.891284011396095,-20.912287353743366,-20.912287353743366,22.06923492908063,1.1569475753372611,3.531077588652901,0.0925558060269809,3.43852178262592
2025-10-01 00:00:00-07:00,9.221528753610416,9.221528753610416,29.82327982503837,29.82327982503837,-20.60175107142795,-20.60175107142795,21.74776913262226,1.1460180611943056,3.4796430612195617,0.09168144489554444,3.3879616163240174
2025-10-02 00:00:00-07:00,9.066722197587543,9.066722197587543,28.360291798200855,28.360291798200855,-19.293569600613313,-19.293569600613313,20.552019007423553,1.2584494068102414,3.2883230411877684,0.10067595254481931,3.187647088642949
2025-10-03 00:00:00-07:00,8.980798561095876,8.980798561095876,27.5169722175274,27.5169722175274,-18.536173656431522,-18.536173656431522,20.05099246083785,1.5148188044063284,3.2081587937340563,0.12118550435250627,3.0869732893815502
2025-10-04 00:00:00-07:00,8.91047338889235,8.91047338889235,32.528141678245355,32.528141678245355,-23.617668289353006,-23.617668289353006,24.40093366294306,0.7832653735900539,3.90414938607089,0.06266122988720431,3.8414881561836856
2025-10-05 00:00:00-07:00,8.792660007859062,8.792660007859062,30.19684550760511,30.19684550760511,-21.40418549974605,-21.40418549974605,22.286511447237213,0.8823259474911639,3.5658418315579543,0.07058607579929312,3.495255755758661
2025-10-06 00:00:00-07:00,8.836853295928625,8.836853295928625,29.27072239782876,29.27072239782876,-20.433869101900132,-20.433869101900132,21.493205724288096,1.0593366223879617,3.4389129158860956,0.08474692979103693,3.3541659860950586
2025-10-07 00:00:00-07:00,8.725273370826391,8.725273370826391,29.977009253012948,29.977009253012948,-21.25173588218656,-21.25173588218656,22.37682488419797,1.1250890020114113,3.580291981471675,0.0900071201609129,3.490284861310762
2025-10-08 00:00:00-07:00,8.657088416701212,8.657088416701212,30.043013525763925,30.043013525763925,-21.385925109062715,-21.385925109062715,22.43117180651842,1.0452466974557044,3.5889874890429474,0.08361973579645636,3.505367753246491
2025-10-09 00:00:00-07:00,8.673151903577429,8.673151903577429,30.16129425189835,30.16129425189835,-21.48814234832092,-21.48814234832092,22.552237597527572,1.0640952492066529,3.6083580156044115,0.08512761993653223,3.523230395667879
2025-10-10 00:00:00-07:00,8.824038797138178,8.824038797138178,30.954471641234367,30.954471641234367,-22.13043284409619,-22.13043284409619,23.169331629538934,1.0388987854427434,3.70709306072623,0.08311190283541947,3.6239811578908103
2025-10-11 00:00:00-07:00,9.001571931744808,9.001571931744808,32.57022339560135,32.57022339560135,-23.568651463856547,-23.568651463856547,24.54899585292245,0.9803443890659,3.927839336467592,0.078427551125272,3.84941178534232
2025-10-12 00:00:00-07:00,8.991467163980781,8.991467163980781,34.21189754314451,34.21189754314451,-25.220430379163727,-25.220430379163727,26.03776431033258,0.8173339311688533,4.1660422896532125,0.06538671449350827,4.1006555751597045
2025-10-13 00:00:00-07:00,8.884354047448175,8.884354047448175,30.591592460763806,30.591592460763806,-21.707238413315633,-21.707238413315633,22.77228024546724,1.065041832151608,3.6435648392747586,0.08520334657212864,3.55836149270263
2025-10-14 00:00:00-07:00,8.905926855895071,8.905926855895071,30.840243124431577,30.840243124431577,-21.934316268536506,-21.934316268536506,23.111162190788853,1.1768459222523466,3.6977859505262165,0.09414767378018774,3.603638276746029
2025-10-15 00:00:00-07:00,8.676799517611274,8.676799517611274,27.042522745328412,27.042522745328412,-18.36572322771714,-18.36572322771714,19.543536392624294,1.1778131649071544,3.126965822819887,0.09422505319257235,3.0327407696273148
2025-10-16 00:00:00-07:00,8.559469700078857,8.559469700078857,30.468958652017857,30.468958652017857,-21.909488951939,-21.909488951939,22.76458637976811,0.8550974278291129,3.642333820762898,0.06840779422632903,3.5739260265365687
2025-10-17 00:00:00-07:00,8.65260997118812,8.65260997118812,31.415519797693413,31.415519797693413,-22.762909826505293,-22.762909826505293,23.662568775501008,0.8996589489957161,3.7860110040801613,0.07197271591965729,3.714038288160504
2025-10-18 00:00:00-07:00,8.860459027753985,8.860459027753985,31.73421472056959,31.73421472056959,-22.873755692815603,-22.873755692815603,23.70520782418771,0.8314521313721056,3.7928332518700336,0.06651617050976845,3.726317081360265
2025-10-19 00:00:00-07:00,8.293624916291055,8.293624916291055,32.99324158436872,32.99324158436872,-24.699616668077663,-24.699616668077663,25.28797229412913,0.5883556260514657,4.046075567060661,0.04706845008411726,3.9990071169765433
2025-10-20 00:00:00-07:00,8.16914701702365,8.16914701702365,30.74379345738063,30.74379345738063,-22.57464644035698,-22.57464644035698,23.37014645890476,0.7955000185477797,3.739223433424762,0.06364000148382239,3.6755834319409395
2025-10-21 00:00:00-07:00,8.114907386388628,8.114907386388628,27.13393446992671,27.13393446992671,-19.019027083538084,-19.019027083538084,20.233381672049006,1.2143545885109233,3.237341067527841,0.09714836708087386,3.140192700446967
2025-10-22 00:00:00-07:00,8.073424338829827,8.073424338829827,31.69972600470087,31.69972600470087,-23.626301665871043,-23.626301665871043,24.384496256472726,0.7581945906016837,3.901519401035636,0.0606555672481347,3.8408638337875014
2025-10-23 00:00:00-07:00,8.077697804621495,8.077697804621495,28.00888591643564,28.00888591643564,-19.931188111814144,-19.931188111814144,20.96779341530013,1.036605303485985,3.3548469464480206,0.0829284242788788,3.271918522169142
2025-10-24 00:00:00-07:00,7.959076256972056,7.959076256972056,28.008505795618785,28.008505795618785,-20.04942953864673,-20.04942953864673,21.12454833810518,1.0751187994584486,3.3799277340968286,0.08600950395667589,3.293918230140153
2025-10-25 00:00:00-07:00,7.949412017413033,7.949412017413033,34.75347248117338,34.75347248117338,-26.804060463760347,-26.804060463760347,27.317484741437507,0.513424277677162,4.370797558630001,0.041073942214172966,4.329723616415828
2025-10-26 00:00:00-07:00,7.794028101065715,7.794028101065715,33.79044010513826,33.79044010513826,-25.996412004072543,-25.996412004072543,26.432179912077082,0.43576790800454,4.229148785932333,0.034861432640363205,4.19428735329197
2025-10-27 00:00:00-07:00,7.4424672937547225,7.4424672937547225,31.714465420729134,31.714465420729134,-24.271998126974413,-24.271998126974413,24.82665077585875,0.5546526488843361,3.9722641241374,0.04437221191074689,3.927891912226653
2025-10-28 00:00:00-07:00,7.380432181477856,7.380432181477856,29.668023311881274,29.668023311881274,-22.28759113040342,-22.28759113040342,23.049277770661455,0.7616866402580368,3.687884443305833,0.060934931220642946,3.62694951208519
2025-10-29 00:00:00-07:00,7.542619187053485,7.542619187053485,27.755093327179406,27.755093327179406,-20.21247414012592,-20.21247414012592,21.02655389250893,0.8140797523830059,3.3642486228014286,0.06512638019064047,3.299122242610788
2025-10-30 00:00:00-07:00,7.486068380139582,7.486068380139582,30.02246595737202,30.02246595737202,-22.53639757723244,-22.53639757723244,23.374150006956924,0.8377524297244857,3.739864001113108,0.06702019437795886,3.672843806735149
2025-10-31 00:00:00-07:00,7.326659856030133,7.326659856030133,28.629720873926892,28.629720873926892,-21.303061017896763,-21.303061017896763,22.058355656043116,0.7552946381463556,3.5293369049668986,0.060423571051708445,3.4689133339151903
2025-11-01 00:00:00-07:00,7.24051680440315,7.24051680440315,30.91583942465858,30.91583942465858,-23.67532262025543,-23.67532262025543,24.335176822151855,0.6598542018964246,3.893628291544297,0.05278833615171397,3.8408399553925827
2025-11-02 00:00:00-07:00,7.304910820127653,7.304910820127653,34.84573105290045,34.84573105290045,-27.5408202327728,-27.5408202327728,28.245987209655322,0.7051669768825265,4.519357953544851,0.05641335815060212,4.462944595394249
2025-11-03 00:00:00-08:00,7.628132602459124,7.628132602459124,32.09781851090518,32.09781851090518,-24.469685908446056,-24.469685908446056,25.279990937951748,0.8103050295056944,4.044798550072279,0.06482440236045556,3.979974147711824
2025-11-04 00:00:00-08:00,7.571304693102477,7.571304693102477,28.74942657904288,28.74942657904288,-21.1781218859404,-21.1781218859404,22.07548387866638,0.8973619927259793,3.5320774205866208,0.07178895941807835,3.4602884611685423
2025-11-05 00:00:00-08:00,7.652952304763995,7.652952304763995,31.521949411698504,31.521949411698504,-23.868997106934508,-23.868997106934508,24.681931320755286,0.8129342138207769,3.949109011320846,0.06503473710566215,3.884074274215184
2025-11-06 00:00:00-08:00,7.51033338171186,7.51033338171186,27.270049748241618,27.270049748241618,-19.75971636652976,-19.75971636652976,20.9339194980997,1.174203131569943,3.349427119695952,0.09393625052559544,3.2554908691703566
2025-11-07 00:00:00-08:00,7.568047404438749,7.568047404438749,30.503882673870585,30.503882673870585,-22.935835269431838,-22.935835269431838,23.822894294892276,0.8870590254604381,3.8116630871827644,0.07096472203683506,3.740698365145929
2025-11-08 00:00:00-08:00,7.285413020158167,7.285413020158167,30.37199090956327,30.37199090956327,-23.086577889405103,-23.086577889405103,23.835659077003214,0.7490811875981106,3.8137054523205145,0.05992649500784885,3.7537789573126656
2025-11-09 00:00:00-08:00,7.105232421163373,7.105232421163373,33.7415509319269,33.7415509319269,-26.63631851076353,-26.63631851076353,27.241665719259938,0.6053472084964068,4.35866651508159,0.04842777667971254,4.310238738401877
2025-11-10 00:00:00-08:00,7.05315454209445,7.05315454209445,28.431589974847057,28.431589974847057,-21.378435432752607,-21.378435432752607,22.1994586722983,0.8210232395456936,3.551913387567728,0.06568185916365549,3.4862315284040726
2025-11-11 00:00:00-08:00,6.898570882294414,6.898570882294414,28.24102484011014,28.24102484011014,-21.342453957815724,-21.342453957815724,22.164874035064994,0.8224200772492716,3.546379845610399,0.06579360617994173,3.4805862394304574
2025-11-12 00:00:00-08:00,6.840081389367292,6.840081389367292,26.367308675562303,26.367308675562303,-19.52722728619501,-19.52722728619501,20.395243040889582,0.868015754694572,3.263238886542333,0.06944126037556576,3.1937976261667673
2025-11-13 00:00:00-08:00,6.700758387603899,6.700758387603899,26.38267733505268,26.38267733505268,-19.681918947448782,-19.681918947448782,20.511448638386444,0.8295296909376613,3.2818317821418312,0.0663623752750129,3.215469406866818
2025-11-14 00:00:00-08:00,6.521274353149224,6.521274353149224,26.903688980677405,26.903688980677405,-20.38241462752818,-20.38241462752818,21.100814724542474,0.7184000970142929,3.376130355926796,0.05747200776114343,3.3186583481656524
2025-11-15 00:00:00-08:00,6.731006499365365,6.731006499365365,32.4991487857734,32.4991487857734,-25.768142286408036,-25.768142286408036,26.292414015785287,0.5242717293772501,4.206786242525646,0.04194173835018001,4.164844504175466
2025-11-16 00:00:00-08:00,6.936775075020689,6.936775075020689,30.315378429141276,30.315378429141276,-23.378603354120585,-23.378603354120585,24.064029144184254,0.6854257900636694,3.8502446630694807,0.054834063205093556,3.795410599864387
2025-11-17 00:00:00-08:00,7.138422175019878,7.138422175019878,28.126206157944722,28.126206157944722,-20.987783982924846,-20.987783982924846,21.91371573797708,0.9259317550522348,3.5061945180763328,0.07407454040417878,3.432119977672154
2025-11-18 00:00:00-08:00,7.23522762679973,7.23522762679973,31.48757057675178,31.48757057675178,-24.252342949952048,-24.252342949952048,24.98048574064377,0.7281427906917178,3.996877718503003,0.05825142325533743,3.9386262952476656
2025-11-19 00:00:00-08:00,7.3732463811682605,7.3732463811682605,30.137394117956738,30.137394117956738,-22.764147736788477,-22.764147736788477,23.56293864693657,0.7987909101480911,3.7700701835098513,0.0639032728118473,3.706166910698004
2025-11-20 00:00:00-08:00,7.354198939185192,7.354198939185192,29.368241310899577,29.368241310899577,-22.014042371714385,-22.014042371714385,22.97073484125868,0.9566924695442958,3.675317574601389,0.07653539756354366,3.598782177037845
2025-11-21 00:00:00-08:00,7.156496304475671,7.156496304475671,29.433078364899423,29.433078364899423,-22.276582060423753,-22.276582060423753,23.07123115622371,0.7946490957999609,3.691396984995794,0.06357192766399687,3.627825057331797
2025-11-22 00:00:00-08:00,7.079720568684891,7.079720568684891,32.92591352688201,32.92591352688201,-25.846192958197122,-25.846192958197122,26.406311996293418,0.560119038096293,4.225009919406947,0.04480952304770344,4.180200396359243
2025-11-23 00:00:00-08:00,7.189706924693795,7.189706924693795,33.91509017075422,33.91509017075422,-26.725383246060428,-26.725383246060428,27.3061273184722,0.5807440724117727,4.368980370955552,0.04645952579294182,4.32252084516261
2025-11-24 00:00:00-08:00,7.2552972433922065,7.2552972433922065,31.59772406394752,31.59772406394752,-24.34242682055531,-24.34242682055531,25.146661416257643,0.8042345957023326,4.023465826601223,0.06433876765618661,3.9591270589450365
2025-11-25 00:00:00-08:00,7.375396356429632,7.375396356429632,28.524625738517468,28.524625738517468,-21.14922938208784,-21.14922938208784,22.280019899742662,1.130790517654825,3.564803183958826,0.090463241412386,3.47433994254644
2025-11-26 00:00:00-08:00,7.36551634667362,7.36551634667362,31.602123758334884,31.602123758334884,-24.23660741166126,-24.23660741166126,24.996660865770846,0.7600534541095824,3.999465738523335,0.06080427632876659,3.9386614621945686
2025-11-27 00:00:00-08:00,7.51186001869754,7.51186001869754,27.87817214371653,27.87817214371653,-20.36631212501899,-20.36631212501899,21.491716233515888,1.1254041084968993,3.4386745973625423,0.09003232867975194,3.3486422686827906
2025-11-28 00:00:00-08:00,7.448940075326486,7.448940075326486,30.276381685880445,30.276381685880445,-22.82744161055396,-22.82744161055396,23.753638191051813,0.9261965804978513,3.80058211056829,0.0740957264398281,3.726486384128462
2025-11-29 00:00:00-08:00,7.6312226640229905,7.6312226640229905,31.146122415741907,31.146122415741907,-23.514899751718914,-23.514899751718914,24.45818350847211,0.9432837567531959,3.913309361355538,0.07546270054025567,3.8378466608152824
2025-11-30 00:00:00-08:00,7.508999478674691,7.508999478674691,34.19417524862562,34.19417524862562,-26.685175769950924,-26.685175769950924,27.33891573924178,0.6537399692908572,4.374226518278685,0.052299197543268575,4.3219273207354165
2025-12-01 00:00:00-08:00,7.468215885011257,7.468215885011257,29.677340044761554,29.677340044761554,-22.209124159750296,-22.209124159750296,23.14678189561472,0.9376577358644206,3.7034851032983553,0.07501261886915365,3.6284724844292016
2025-12-02 00:00:00-08:00,7.34754689291084,7.34754689291084,31.178592202915926,31.178592202915926,-23.831045310005084,-23.831045310005084,24.67787710469414,0.8468317946890536,3.9484603367510624,0.06774654357512429,3.8807137931759383
2025-12-03 00:00:00-08:00,7.3006052663050705,7.3006052663050705,31.690802139827674,31.690802139827674,-24.390196873522605,-24.390196873522605,25.13134443578795,0.7411475622653428,4.021015109726072,0.05929180498122743,3.9617233047448446
2025-12-04 00:00:00-08:00,7.390111926252262,7.390111926252262,27.737879774502517,27.737879774502517,-20.347767848250257,-20.347767848250257,21.49454278824955,1.146774939999296,3.4391268461199282,0.09174199519994368,3.3473848509199846
2025-12-05 00:00:00-08:00,7.5294394097536275,7.5294394097536275,26.970925366287574,26.970925366287574,-19.441485956533946,-19.441485956533946,20.639319906199283,1.1978339496653372,3.3022911849918852,0.09582671597322698,3.206464469018658
2025-12-06 00:00:00-08:00,7.452002065765013,7.452002065765013,29.927757994453593,29.927757994453593,-22.475755928688578,-22.475755928688578,23.469639588325563,0.9938836596369821,3.75514233413209,0.07951069277095857,3.6756316413611314
2025-12-07 00:00:00-08:00,7.482176778667871,7.482176778667871,32.19953927948212,32.19953927948212,-24.71736250081425,-24.71736250081425,25.40327422280934,0.6859117219950928,4.064523875649495,0.05487293775960742,4.009650937889887
2025-12-08 00:00:00-08:00,7.446733303153693,7.446733303153693,29.307111864516642,29.307111864516642,-21.86037856136295,-21.86037856136295,22.848506982820172,0.9881284214572237,3.6557611172512274,0.0790502737165779,3.5767108435346495
2025-12-09 00:00:00-08:00,7.31789910009404,7.31789910009404,29.11702357041933,29.11702357041933,-21.799124470325292,-21.799124470325292,22.730157925350042,0.9310334550247502,3.6368252680560067,0.07448267640198002,3.562342591654027
2025-12-10 00:00:00-08:00,7.258841354508899,7.258841354508899,31.3465949381539,31.3465949381539,-24.087753583645,-24.087753583645,24.870290146876357,0.782536563231358,3.9792464235002174,0.06260292505850865,3.916643498441709
2025-12-11 00:00:00-08:00,7.270038312733722,7.270038312733722,27.267212887230205,27.267212887230205,-19.997174574496484,-19.997174574496484,21.05038348886376,1.0532089143672758,3.3680613582182013,0.08425671314938207,3.283804645068819
2025-12-12 00:00:00-08:00,7.211660835962979,7.211660835962979,31.515966947332156,31.515966947332156,-24.30430611136918,-24.30430611136918,24.98547656450033,0.6811704531311534,3.997676250320053,0.05449363625049228,3.9431826140695607
2025-12-13 00:00:00-08:00,7.248280340881187,7.248280340881187,34.69560707501681,34.69560707501681,-27.447326734135626,-27.447326734135626,27.99948718644251,0.5521604523068868,4.479917949830802,0.044172836184550944,4.435745113646251
2025-12-14 00:00:00-08:00,7.297945694640876,7.297945694640876,29.3370943892625,29.3370943892625,-22.039148694621627,-22.039148694621627,22.88727229164298,0.8481235970213535,3.6619635666628767,0.06784988776170829,3.5941136789011683
2025-12-15 00:00:00-08:00,7.249176575494374,7.249176575494374,32.07188898711529,32.07188898711529,-24.822712411620913,-24.822712411620913,25.572675351465346,0.7499629398444321,4.091628056234455,0.059997035187554566,4.031631021046901
2025-12-16 00:00:00-08:00,7.115555504303219,7.115555504303219,29.828161056077004,29.828161056077004,-22.712605551773784,-22.712605551773784,23.51155948918291,0.7989539374091282,3.761849518269266,0.06391631499273026,3.6979332032765355
2025-12-17 00:00:00-08:00,6.860196949638935,6.860196949638935,26.699777188847435,26.699777188847435,-19.8395802392085,-19.8395802392085,20.87925215238137,1.0396719131728682,3.340680344381019,0.08317375305382946,3.2575065913271897
2025-12-18 00:00:00-08:00,6.756035925711769,6.756035925711769,30.24972985857328,30.24972985857328,-23.49369393286151,-23.49369393286151,24.11223607324802,0.6185421403865106,3.857957771719683,0.04948337123092084,3.808474400488762
2025-12-19 00:00:00-08:00,6.636189358540094,6.636189358540094,30.662656760190718,30.662656760190718,-24.026467401650624,-24.026467401650624,24.616997388934852,0.5905299872842272,3.9387195822295764,0.04724239898273818,3.8914771832468382
