timestamp_local,PV_P_kW,PV_E_kWh,Load_kW,Load_E_kWh,Net_P_kW,Net_E_kWh,Import_kWh,Export_kWh,Buy_$,Sell_$,NetBill_$
2022-12-31 00:00:00-06:00,0.0,0.0,5.4211097924094656,5.4211097924094656,-5.4211097924094656,-5.4211097924094656,5.4211097924094656,0.0,0.5963220771650413,0.0,0.5963220771650413
2023-01-01 00:00:00-06:00,5.974255817325,5.974255817325,31.789520638313043,31.789520638313043,-25.815264820988045,-25.815264820988045,26.657566030456504,0.8423012094684592,2.9323322633502156,0.04632656652076526,2.8860056968294505
2023-01-02 00:00:00-06:00,7.026257725199999,7.026257725199999,29.741034631111233,29.741034631111233,-22.714776905911233,-22.714776905911233,23.732339458318776,1.0175625524075427,2.6105573404150655,0.05596594038241485,2.554591400032651
2023-01-03 00:00:00-06:00,4.234346919899999,4.234346919899999,30.10466168642896,30.10466168642896,-25.870314766528956,-25.870314766528956,25.870314766528956,0.0,2.8457346243181854,0.0,2.8457346243181854
2023-01-04 00:00:00-06:00,2.6630677664999998,2.6630677664999998,24.603854993342043,24.603854993342043,-21.94078722684204,-21.94078722684204,22.260726336173622,0.3199391093315786,2.4486798969790984,0.017596651013236823,2.4310832459658616
2023-01-05 00:00:00-06:00,7.827246623699999,7.827246623699999,28.615427110437945,28.615427110437945,-20.788180486737946,-20.788180486737946,22.052984483927403,1.2648039971894578,2.4258282932320143,0.06956421984542017,2.356264073386594
2023-01-06 00:00:00-06:00,7.864104938624999,7.864104938624999,25.50218127509304,25.50218127509304,-17.638076336468043,-17.638076336468043,19.119471064881257,1.4813947284132136,2.103141817136938,0.08147671006272675,2.0216651070742113
2023-01-07 00:00:00-06:00,6.8551386344999985,6.8551386344999985,28.572331059797293,28.572331059797293,-21.71719242529729,-21.71719242529729,22.814222941206726,1.0970305159094322,2.50956452353274,0.06033667837501877,2.449227845157721
2023-01-08 00:00:00-06:00,5.932883142225,5.932883142225,27.68808012049156,27.68808012049156,-21.755196978266557,-21.755196978266557,22.97101252767942,1.2158155494128633,2.5268113780447363,0.06686985521770748,2.459941522827029
2023-01-09 00:00:00-06:00,7.426578365999999,7.426578365999999,25.573325276685033,25.573325276685033,-18.14674691068503,-18.14674691068503,19.550946879845107,1.4041999691600748,2.1506041567829617,0.07723099830380412,2.0733731584791575
2023-01-10 00:00:00-06:00,2.015512307999999,2.015512307999999,26.60754393416046,26.60754393416046,-24.59203162616046,-24.59203162616046,24.59203162616046,0.0,2.7051234788776504,0.0,2.7051234788776504
2023-01-11 00:00:00-06:00,7.655026338,7.655026338,28.41767970140297,28.41767970140297,-20.762653363402972,-20.762653363402972,21.955006929126135,1.1923535657231659,2.415050762203875,0.06557944611477412,2.349471316089101
2023-01-12 00:00:00-06:00,7.812920507399999,7.812920507399999,27.78193187982336,27.78193187982336,-19.969011372423363,-19.969011372423363,21.372110018229048,1.4030986458056867,2.350932102005195,0.07717042551931276,2.2737616764858823
2023-01-13 00:00:00-06:00,3.3046763129999994,3.3046763129999994,28.64177528731118,28.64177528731118,-25.337098974311182,-25.337098974311182,25.933440996239742,0.5963420219285631,2.852678509586372,0.03279881120607097,2.819879698380301
2023-01-14 00:00:00-06:00,3.9426082667999993,3.9426082667999993,32.5552592991586,32.5552592991586,-28.6126510323586,-28.6126510323586,29.09341373391995,0.4807627015613519,3.200275510731194,0.026441948585874356,3.1738335621453198
2023-01-15 00:00:00-06:00,2.1630912920999994,2.1630912920999994,31.417042080400712,31.417042080400712,-29.253950788300713,-29.253950788300713,29.253950788300713,0.0,3.2179345867130786,0.0,3.2179345867130786
2023-01-16 00:00:00-06:00,1.0011746069999996,1.0011746069999996,26.179771218125445,26.179771218125445,-25.178596611125446,-25.178596611125446,25.178596611125446,0.0,2.7696456272237993,0.0,2.7696456272237993
2023-01-17 00:00:00-06:00,1.9474239617999995,1.9474239617999995,28.349743602965617,28.349743602965617,-26.40231964116562,-26.40231964116562,26.40231964116562,0.0,2.904255160528218,0.0,2.904255160528218
2023-01-18 00:00:00-06:00,2.331817235099999,2.331817235099999,26.192925207996126,26.192925207996126,-23.86110797289613,-23.86110797289613,23.86110797289613,0.0,2.6247218770185743,0.0,2.6247218770185743
2023-01-19 00:00:00-06:00,8.2177989588,8.2177989588,25.55084542720038,25.55084542720038,-17.33304646840038,-17.33304646840038,19.070177902401372,1.7371314340009927,2.097719569264151,0.0955422288700546,2.0021773403940966
2023-01-20 00:00:00-06:00,8.148685174199999,8.148685174199999,27.644432115356143,27.644432115356143,-19.495746941156142,-19.495746941156142,20.895315502516844,1.399568561360701,2.2984847052768527,0.07697627087483855,2.221508434402014
2023-01-21 00:00:00-06:00,8.3697693579,8.3697693579,30.485838477069432,30.485838477069432,-22.11606911916943,-22.11606911916943,23.485055034022967,1.368985914853536,2.583356053742526,0.07529422531694448,2.5080618284255816
2023-01-22 00:00:00-06:00,7.277521299299999,7.277521299299999,29.989701211323265,29.989701211323265,-22.712179912023267,-22.712179912023267,23.23405574540134,0.5218758333780736,2.5557461319941472,0.02870317083579405,2.527042961158353
2023-01-23 00:00:00-06:00,8.4728083293,8.4728083293,29.9736421754037,29.9736421754037,-21.500833846103703,-21.500833846103703,22.96410159018085,1.4632677440771455,2.5260511749198935,0.080479725924243,2.4455714489956506
2023-01-24 00:00:00-06:00,2.0673242738999993,2.0673242738999993,25.16794957322489,25.16794957322489,-23.100625299324893,-23.100625299324893,23.100625299324893,0.0,2.541068782925738,0.0,2.541068782925738
2023-01-25 00:00:00-06:00,1.9358264546999993,1.9358264546999993,25.836659455887318,25.836659455887318,-23.90083300118732,-23.90083300118732,23.90083300118732,0.0,2.6290916301306053,0.0,2.6290916301306053
2023-01-26 00:00:00-06:00,2.0244280859999995,2.0244280859999995,28.603289908505594,28.603289908505594,-26.578861822505594,-26.578861822505594,27.027067759367636,0.44820593686204135,2.97297745353044,0.024651326527412275,2.948326127003028
2023-01-27 00:00:00-06:00,1.7195104520999995,1.7195104520999995,27.003483448701143,27.003483448701143,-25.283972996601143,-25.283972996601143,25.283972996601143,0.0,2.781237029626126,0.0,2.781237029626126
2023-01-28 00:00:00-06:00,2.4486760646999994,2.4486760646999994,29.669558604752446,29.669558604752446,-27.220882540052447,-27.220882540052447,27.220882540052447,0.0,2.994297079405769,0.0,2.994297079405769
2023-01-29 00:00:00-06:00,9.0809315973,9.0809315973,31.614909256947765,31.614909256947765,-22.533977659647768,-22.533977659647768,24.05953524506238,1.525557585414615,2.646548876956862,0.08390566719780383,2.562643209759058
2023-01-30 00:00:00-06:00,8.7849372366,8.7849372366,25.6417500227012,25.6417500227012,-16.8568127861012,-16.8568127861012,19.076301038802114,2.219488252700912,2.0983931142682324,0.12207185389855016,1.9763212603696823
2023-01-31 00:00:00-06:00,4.898415302999999,4.898415302999999,29.508833155547226,29.508833155547226,-24.61041785254723,-24.61041785254723,25.644554271758246,1.0341364192110172,2.820900969893407,0.056877503056605945,2.764023466836801
2023-02-01 00:00:00-06:00,8.666127246599999,8.666127246599999,29.48568329026122,29.48568329026122,-20.819556043661223,-20.819556043661223,22.427666155986675,1.608110112325452,2.467043277158534,0.08844605617789986,2.3785972209806343
2023-02-02 00:00:00-06:00,7.665899993999998,7.665899993999998,26.339748310792714,26.339748310792714,-18.673848316792714,-18.673848316792714,20.36442206449042,1.690573747697703,2.2400864270939462,0.09298155612337367,2.1471048709705727
2023-02-03 00:00:00-06:00,6.4222592471999995,6.4222592471999995,24.591975815363707,24.591975815363707,-18.169716568163707,-18.169716568163707,19.73714082741258,1.5674242592488727,2.171085491015384,0.086208334258688,2.084877156756696
2023-02-04 00:00:00-06:00,8.4708006552,8.4708006552,32.03678547946291,32.03678547946291,-23.56598482426291,-23.56598482426291,25.027422175244347,1.461437350981436,2.753016439276878,0.08037905430397899,2.6726373849728993
2023-02-05 00:00:00-06:00,7.3979158221,7.3979158221,31.504158342357297,31.504158342357297,-24.106242520257297,-24.106242520257297,25.003893295137836,0.8976507748805405,2.750428262465162,0.04937079261842973,2.7010574698467322
2023-02-06 00:00:00-06:00,7.3828568718,7.3828568718,25.717822594850727,25.717822594850727,-18.334965723050725,-18.334965723050725,20.190222167746885,1.8552564446961588,2.2209244384521574,0.10203910445828873,2.1188853339938687
2023-02-07 00:00:00-06:00,6.681825656099999,6.681825656099999,28.706746826339398,28.706746826339398,-22.0249211702394,-22.0249211702394,22.36838784481312,0.34346667457372254,2.4605226629294434,0.01889066710155474,2.4416319958278887
2023-02-08 00:00:00-06:00,4.962067441199999,4.962067441199999,28.794296521023774,28.794296521023774,-23.832229079823776,-23.832229079823776,25.225396393434494,1.3931673136107203,2.7747936032777942,0.07662420224858962,2.6981694010292046
2023-02-09 00:00:00-06:00,9.433343613599998,9.433343613599998,25.86311169270122,25.86311169270122,-16.429768079101223,-16.429768079101223,18.891754295799426,2.4619862166982047,2.078092972537937,0.13540924191840126,1.942683730619536
2023-02-10 00:00:00-06:00,8.679640965299999,8.679640965299999,24.943571367302262,24.943571367302262,-16.263930402002263,-16.263930402002263,18.38664643657648,2.1227160345742186,2.0225311080234127,0.11674938190158203,1.9057817261218306
2023-02-11 00:00:00-06:00,5.1692831559,5.1692831559,28.629271492245387,28.629271492245387,-23.459988336345386,-23.459988336345386,23.845383253454706,0.3853949171093181,2.6229921578800175,0.021196720441012496,2.601795437439005
2023-02-12 00:00:00-06:00,9.012499614,9.012499614,29.306899325095472,29.306899325095472,-20.294399711095473,-20.294399711095473,22.234677689535552,1.9402779784400777,2.445814545848911,0.10671528881420426,2.3390992570347064
2023-02-13 00:00:00-06:00,8.6258646414,8.6258646414,29.643757341288858,29.643757341288858,-21.017892699888858,-21.017892699888858,22.753389725969008,1.7354970260801512,2.5028728698565907,0.09545233643440831,2.4074205334221825
2023-02-14 00:00:00-06:00,1.1592141740999995,1.1592141740999995,29.115569539350176,29.115569539350176,-27.95635536525018,-27.95635536525018,27.95635536525018,0.0,3.0751990901775197,0.0,3.0751990901775197
2023-02-15 00:00:00-06:00,9.2191244823,9.2191244823,27.36336647937242,27.36336647937242,-18.14424199707242,-18.14424199707242,20.49455355538728,2.3503115583148624,2.254400891092601,0.12926713570731743,2.1251337553852836
2023-02-16 00:00:00-06:00,9.566906411024998,9.566906411024998,29.783763063135385,29.783763063135385,-20.216856652110387,-20.216856652110387,22.42649865525097,2.2096420031405835,2.4669148520776067,0.1215303101727321,2.3453845419048744
2023-02-17 00:00:00-06:00,6.705176637824999,6.705176637824999,26.597329010811926,26.597329010811926,-19.892152372986928,-19.892152372986928,21.83510901006007,1.9429566370731437,2.4018619911066077,0.1068626150390229,2.294999376067585
2023-02-18 00:00:00-06:00,5.581146015899999,5.581146015899999,32.175547705881044,32.175547705881044,-26.594401689981048,-26.594401689981048,27.49285811027916,0.8984564202981111,3.0242143921307076,0.04941510311639611,2.9747992890143116
2023-02-19 00:00:00-06:00,5.555142194399999,5.555142194399999,29.544390498417478,29.544390498417478,-23.98924830401748,-23.98924830401748,24.650380714233307,0.6611324102158276,2.7115418785656638,0.03636228256187052,2.6751795960037934
2023-02-20 00:00:00-06:00,7.833590975024999,7.833590975024999,25.029789451807478,25.029789451807478,-17.196198476782477,-17.196198476782477,19.044529812702258,1.8483313359197815,2.0948982793972486,0.10165822347558798,1.9932400559216605
2023-02-21 00:00:00-06:00,1.7748264995999994,1.7748264995999994,26.065931761840275,26.065931761840275,-24.291105262240276,-24.291105262240276,24.291105262240276,0.0,2.6720215788464303,0.0,2.6720215788464303
2023-02-22 00:00:00-06:00,1.599379821899999,1.599379821899999,29.817201104603413,29.817201104603413,-28.21782128270341,-28.21782128270341,28.21782128270341,0.0,3.1039603410973755,0.0,3.1039603410973755
2023-02-23 00:00:00-06:00,6.403828185225,6.403828185225,28.4250672664974,28.4250672664974,-22.021239081272398,-22.021239081272398,23.098749932603667,1.077510851331267,2.5408624925864034,0.05926309682321969,2.4815993957631837
2023-02-24 00:00:00-06:00,8.938963652624999,8.938963652624999,26.757464236145818,26.757464236145818,-17.81850058352082,-17.81850058352082,19.9522557287289,2.1337551452080796,2.1947481301601792,0.11735653298644438,2.077391597173735
2023-02-25 00:00:00-06:00,8.848895668199999,8.848895668199999,32.211003109667324,32.211003109667324,-23.362107441467327,-23.362107441467327,25.1562605418377,1.794153100370376,2.767188659602147,0.09867842052037068,2.6685102390817765
2023-02-26 00:00:00-06:00,8.0828432901,8.0828432901,27.46219954456428,27.46219954456428,-19.379356254464284,-19.379356254464284,21.318328547481503,1.9389722930172215,2.3450161402229655,0.10664347611594718,2.2383726641070183
2023-02-27 00:00:00-06:00,9.682347646124999,9.682347646124999,26.73347383592737,26.73347383592737,-17.05112618980237,-17.05112618980237,19.559701375637303,2.508575185834932,2.1515671513201036,0.13797163522092126,2.0135955160991825
2023-02-28 00:00:00-06:00,1.9324935281249995,1.9324935281249995,29.225398594133097,29.225398594133097,-27.292905066008096,-27.292905066008096,27.292905066008096,0.0,3.0022195572608905,0.0,3.0022195572608905
2023-03-01 00:00:00-06:00,6.263014661324999,6.263014661324999,25.289118289999717,25.289118289999717,-19.02610362867472,-19.02610362867472,20.483428891195906,1.4573252625211897,2.25317717803155,0.08015288943866543,2.1730242885928845
2023-03-02 00:00:00-06:00,5.633741278124999,5.633741278124999,27.530759506853308,27.530759506853308,-21.897018228728307,-21.897018228728307,22.35633059188024,0.4593123631519318,2.4591963651068265,0.02526217997335625,2.43393418513347
2023-03-03 00:00:00-06:00,9.539576703225,9.539576703225,27.219281016624986,27.219281016624986,-17.679704313399988,-17.679704313399988,20.028270550688347,2.3485662372883596,2.2031097605757184,0.12917114305085978,2.0739386175248584
2023-03-04 00:00:00-06:00,10.277595694799999,10.277595694799999,29.026025428411632,29.026025428411632,-18.748429733611633,-18.748429733611633,21.400451088312224,2.6520213547005893,2.3540496197143446,0.14586117450853242,2.208188445205812
2023-03-05 00:00:00-06:00,0.7047614567249991,0.7047614567249991,31.061664760544968,31.061664760544968,-30.35690330381997,-30.35690330381997,30.35690330381997,0.0,3.339259363420197,0.0,3.339259363420197
2023-03-06 00:00:00-06:00,3.3216894476999994,3.3216894476999994,25.642612248426154,25.642612248426154,-22.32092280072615,-22.32092280072615,22.58123666377276,0.26031386304660886,2.4839360330150035,0.014317262467563487,2.46961877054744
2023-03-07 00:00:00-06:00,3.9091375028249993,3.9091375028249993,26.41989334233922,26.41989334233922,-22.510755839514218,-22.510755839514218,23.036378677091488,0.5256228375772687,2.534001654480064,0.028909256066749777,2.505092398413314
2023-03-08 00:00:00-06:00,3.212183654324999,3.212183654324999,29.21043761619428,29.21043761619428,-25.99825396186928,-25.99825396186928,26.258600202240302,0.2603462403710237,2.888446022246433,0.014319043220406304,2.874126979026027
2023-03-09 00:00:00-06:00,3.1245067838249994,3.1245067838249994,25.33777663385467,25.33777663385467,-22.21326985002967,-22.21326985002967,22.21326985002967,0.0,2.4434596835032636,0.0,2.4434596835032636
2023-03-10 00:00:00-06:00,2.6521035167249996,2.6521035167249996,28.113079352270244,28.113079352270244,-25.460975835545245,-25.460975835545245,25.460975835545245,0.0,2.800707341909977,0.0,2.800707341909977
2023-03-11 00:00:00-06:00,4.753798320824999,4.753798320824999,29.584120703833097,29.584120703833097,-24.830322383008095,-24.830322383008095,24.957392798467456,0.12707041545936004,2.7453132078314204,0.006988872850264802,2.7383243349811557
2023-03-12 00:00:00-06:00,10.9662112575,10.9662112575,31.819001271905186,31.819001271905186,-20.852790014405187,-20.852790014405187,24.29312589475673,3.4403358803515447,2.6722438484232405,0.18921847341933495,2.4830253750039057
2023-03-13 00:00:00-05:00,10.820462984099999,10.820462984099999,27.40423626032087,27.40423626032087,-16.58377327622087,-16.58377327622087,20.601698742247194,4.0179254660263215,2.266186861647191,0.22098590063144768,2.0452009610157433
2023-03-14 00:00:00-05:00,9.294841559699998,9.294841559699998,26.178943957495914,26.178943957495914,-16.884102397795914,-16.884102397795914,19.640679987864665,2.7565775900687512,2.1604747986651134,0.15161176745378133,2.008863031211332
2023-03-15 00:00:00-05:00,4.6097190153,4.6097190153,28.182478491351546,28.182478491351546,-23.572759476051548,-23.572759476051548,23.830119137350636,0.2573596612990876,2.62131310510857,0.014154781371449819,2.6071583237371203
2023-03-16 00:00:00-05:00,7.4417072456249995,7.4417072456249995,29.62207223934144,29.62207223934144,-22.180364993716438,-22.180364993716438,24.304614564872853,2.1242495711564136,2.673507602136014,0.11683372641360275,2.556673875722411
2023-03-17 00:00:00-05:00,11.3246730261,11.3246730261,28.48276279096872,28.48276279096872,-17.15808976486872,-17.15808976486872,21.095466400338037,3.9373766354693176,2.320501304037184,0.21655571495081247,2.1039455890863716
2023-03-18 00:00:00-05:00,11.877658138125,11.877658138125,30.00074037454657,30.00074037454657,-18.12308223642157,-18.12308223642157,22.148452347788474,4.025370111366903,2.4363297582567323,0.22139535612517966,2.2149344021315525
2023-03-19 00:00:00-05:00,8.3468278062,8.3468278062,29.831230084566126,29.831230084566126,-21.484402278366126,-21.484402278366126,24.47470768783908,2.9903054094729504,2.6922178456622987,0.1644667975210123,2.5277510481412864
2023-03-20 00:00:00-05:00,5.4592265682,5.4592265682,26.089075063342356,26.089075063342356,-20.629848495142358,-20.629848495142358,20.99085972970124,0.3610112345588787,2.3089945702671364,0.019855617900738327,2.289138952366398
2023-03-21 00:00:00-05:00,2.5559652863249993,2.5559652863249993,28.807099800312457,28.807099800312457,-26.251134513987456,-26.251134513987456,26.251134513987456,0.0,2.88762479653862,0.0,2.88762479653862
2023-03-22 00:00:00-05:00,11.680287957225,11.680287957225,28.45952481608063,28.45952481608063,-16.779236858855633,-16.779236858855633,20.79653903195876,4.017302173103126,2.2876192935154633,0.22095161952067197,2.0666676739947913
2023-03-23 00:00:00-05:00,11.4237114804,11.4237114804,27.176540507359036,27.176540507359036,-15.752829026959036,-15.752829026959036,19.74220304461216,3.989374017653126,2.1716423349073377,0.21941557097092193,1.9522267639364157
2023-03-24 00:00:00-05:00,11.140613477325,11.140613477325,28.473270329941712,28.473270329941712,-17.332656852616715,-17.332656852616715,20.98205554839139,3.649398695774676,2.308026110323053,0.20071692826760718,2.1073091820554457
2023-03-25 00:00:00-05:00,5.065666198199999,5.065666198199999,31.190890291921917,31.190890291921917,-26.12522409372192,-26.12522409372192,26.391675870691873,0.26645177696995337,2.903084345776106,0.014654847733347435,2.888429498042759
2023-03-26 00:00:00-05:00,5.599077965324999,5.599077965324999,29.691564422186257,29.691564422186257,-24.09248645686126,-24.09248645686126,24.613467053675947,0.5209805968146879,2.7074813759043543,0.028653932824807833,2.6788274430795465
2023-03-27 00:00:00-05:00,6.628560652799999,6.628560652799999,30.43966507285389,30.43966507285389,-23.81110442005389,-23.81110442005389,25.205815550832906,1.3947111307790157,2.7726397105916196,0.07670911219284586,2.695930598398774
2023-03-28 00:00:00-05:00,8.772053525099999,8.772053525099999,24.809999398412337,24.809999398412337,-16.03794587331234,-16.03794587331234,17.91877117493774,1.8808253016254,1.9710648292431512,0.103445391589397,1.8676194376537543
2023-03-29 00:00:00-05:00,11.8000489203,11.8000489203,29.607832954725428,29.607832954725428,-17.807784034425428,-17.807784034425428,21.764632365819537,3.9568483313941094,2.394109560240149,0.217626658226676,2.1764829020134733
2023-03-30 00:00:00-05:00,6.022628016299999,6.022628016299999,26.797389041036958,26.797389041036958,-20.77476102473696,-20.77476102473696,21.243661772837463,0.4689007481005004,2.336802795012121,0.025789541145527523,2.3110132538665935
2023-03-31 00:00:00-05:00,4.503059705699999,4.503059705699999,28.20603336660254,28.20603336660254,-23.70297366090254,-23.70297366090254,24.10345032367591,0.4004766627733714,2.65137953560435,0.022026216452535427,2.629353319151815
2023-04-01 00:00:00-05:00,8.9478337122,8.9478337122,31.38784406367946,31.38784406367946,-22.44001035147946,-22.44001035147946,24.162678043098904,1.7226676916194428,2.6578945847408795,0.09474672303906935,2.56314786170181
2023-04-02 00:00:00-05:00,11.337985435499998,11.337985435499998,29.579004962942165,29.579004962942165,-18.24101952744217,-18.24101952744217,21.7782499467424,3.5372304193002293,2.395607494141664,0.1945476730615126,2.2010598210801513
2023-04-03 00:00:00-05:00,5.550051494924999,5.550051494924999,27.639765200410864,27.639765200410864,-22.089713705485863,-22.089713705485863,22.587950891899197,0.49823718641333425,2.484674598108912,0.027403045252733384,2.4572715528561786
2023-04-04 00:00:00-05:00,2.565444737924999,2.565444737924999,25.843696665167165,25.843696665167165,-23.278251927242163,-23.278251927242163,23.278251927242163,0.0,2.560607711996638,0.0,2.560607711996638
2023-04-05 00:00:00-05:00,10.936991210175,10.936991210175,25.71049072785522,25.71049072785522,-14.773499517680222,-14.773499517680222,19.12172865886783,4.348229141187609,2.1033901524754612,0.2391526027653185,1.8642375497101427
2023-04-06 00:00:00-05:00,10.474643195325,10.474643195325,25.725122240858873,25.725122240858873,-15.250479045533872,-15.250479045533872,18.695508783859783,3.4450297383259096,2.056505966224576,0.18947663560792502,1.867029330616651
2023-04-07 00:00:00-05:00,11.070190268325,11.070190268325,27.53609354530939,27.53609354530939,-16.465903276984392,-16.465903276984392,20.114282477668088,3.6483792006836975,2.2125710725434895,0.20066085603760336,2.011910216505886
2023-04-08 00:00:00-05:00,7.484854233149999,7.484854233149999,31.45408857238671,31.45408857238671,-23.96923433923671,-23.96923433923671,24.758643744377604,0.7894094051408951,2.7234508118815364,0.04341751728274923,2.680033294598787
2023-04-09 00:00:00-05:00,7.753489477649999,7.753489477649999,27.22838228501823,27.22838228501823,-19.474892807368235,-19.474892807368235,21.842784405217653,2.3678915978494186,2.402706284573942,0.13023403788171803,2.272472246692224
2023-04-10 00:00:00-05:00,8.247871865925,8.247871865925,25.716189553263312,25.716189553263312,-17.468317687338313,-17.468317687338313,19.8748978415355,2.4065801541971865,2.186238762568905,0.13236190848084525,2.0538768540880596
2023-04-11 00:00:00-05:00,10.299998839499999,10.299998839499999,26.977225092602726,26.977225092602726,-16.677226253102727,-16.677226253102727,19.86345858772664,3.1862323346239143,2.1849804446499306,0.1752427784043153,2.0097376662456155
2023-04-12 00:00:00-05:00,4.770243739349999,4.770243739349999,29.074674875959087,29.074674875959087,-24.30443113660909,-24.30443113660909,24.498322667942634,0.19389153133354697,2.6948154934736896,0.010664034223345083,2.6841514592503444
2023-04-13 00:00:00-05:00,5.41331180865,5.41331180865,28.280878674435442,28.280878674435442,-22.86756686578544,-22.86756686578544,23.536414020461446,0.668847154676006,2.589005542250759,0.03678659350718033,2.5522189487435787
2023-04-14 00:00:00-05:00,2.925098068499999,2.925098068499999,29.803977537073884,29.803977537073884,-26.878879468573885,-26.878879468573885,26.911520110804513,0.03264064223063001,2.9602672121884965,0.0017952353226846508,2.958471976865812
2023-04-15 00:00:00-05:00,5.396031534599999,5.396031534599999,29.881156066834226,29.881156066834226,-24.485124532234227,-24.485124532234227,25.14059735045053,0.6554728182163037,2.7654657085495584,0.0360510050018967,2.7294147035476617
2023-04-16 00:00:00-05:00,11.3897748213,11.3897748213,30.2680300153446,30.2680300153446,-18.878255194044602,-18.878255194044602,22.345561641121503,3.4673064470769,2.4580117805233654,0.1907018545892295,2.267309925934136
2023-04-17 00:00:00-05:00,10.92429353205,10.92429353205,25.94756028931249,25.94756028931249,-15.023266757262494,-15.023266757262494,18.66457982344708,3.6413130661845896,2.0531037805791787,0.20027221864015243,1.8528315619390263
2023-04-18 00:00:00-05:00,3.686522391449999,3.686522391449999,28.45182533192369,28.45182533192369,-24.765302940473692,-24.765302940473692,24.822074730171664,0.05677178969797325,2.730428220318883,0.003122448433388529,2.7273057718854945
2023-04-19 00:00:00-05:00,5.8442732360999985,5.8442732360999985,26.88130462087964,26.88130462087964,-21.037031384779638,-21.037031384779638,22.891753589230163,1.8547222044505223,2.518092894815318,0.10200972124477872,2.4160831735705393
2023-04-20 00:00:00-05:00,5.197038169049999,5.197038169049999,26.208971574660467,26.208971574660467,-21.011933405610467,-21.011933405610467,21.607240412060566,0.5953070064500995,2.3767964453266623,0.03274188535475547,2.344054559971907
2023-04-21 00:00:00-05:00,7.479686543849999,7.479686543849999,27.201377117356515,27.201377117356515,-19.721690573506514,-19.721690573506514,22.16715082484722,2.4454602513407027,2.4383865907331943,0.13450031382373864,2.3038862769094557
2023-04-22 00:00:00-05:00,10.05261455925,10.05261455925,28.129340006474873,28.129340006474873,-18.076725447224874,-18.076725447224874,21.056746237900214,2.98002079067534,2.3162420861690234,0.1639011434871437,2.15234094268188
2023-04-23 00:00:00-05:00,11.6932181445,11.6932181445,27.662647039230173,27.662647039230173,-15.969428894730171,-15.969428894730171,19.890534034090315,3.921105139360144,2.1879587437499346,0.21566078266480793,1.9722979610851268
2023-04-24 00:00:00-05:00,11.30190522885,11.30190522885,27.52573549751013,27.52573549751013,-16.22383026866013,-16.22383026866013,19.895540545078095,3.671710276417964,2.1885094599585906,0.20194406520298802,1.9865653947556026
2023-04-25 00:00:00-05:00,9.760508403749999,9.760508403749999,26.18318353149685,26.18318353149685,-16.42267512774685,-16.42267512774685,19.855325366252988,3.4326502385061355,2.1840857902878286,0.18879576311783744,1.9952900271699912
2023-04-26 00:00:00-05:00,8.17070955345,8.17070955345,24.18316078913163,24.18316078913163,-16.012451235681628,-16.012451235681628,19.042907508871156,3.0304562731895266,2.0947198259758273,0.16667509502542396,1.9280447309504034
2023-04-27 00:00:00-05:00,3.783691429199999,3.783691429199999,25.29618392085368,25.29618392085368,-21.512492491653678,-21.512492491653678,21.548214089129484,0.03572159747580511,2.3703035498042433,0.001964687861169281,2.368338861943074
2023-04-28 00:00:00-05:00,7.652032447049999,7.652032447049999,24.724674943666194,24.724674943666194,-17.072642496616197,-17.072642496616197,19.98973721424583,2.9170947176296353,2.1988710935670417,0.16044020946962995,2.0384308840974117
2023-04-29 00:00:00-05:00,11.360627067149998,11.360627067149998,28.71395980578314,28.71395980578314,-17.353332738633142,-17.353332738633142,20.892874455993017,3.539541717359876,2.298216190159232,0.1946747944547932,2.103541395704439
2023-04-30 00:00:00-05:00,11.495549373299998,11.495549373299998,30.075531658393842,30.075531658393842,-18.579982285093845,-18.579982285093845,22.104045261648686,3.5240629765548395,2.4314449787813555,0.19382346371051618,2.237621515070839
2023-05-01 00:00:00-05:00,11.375814114899999,11.375814114899999,24.897362612237185,24.897362612237185,-13.521548497337188,-13.521548497337188,17.53928860988173,4.017740112544543,1.9293217470869903,0.22097570618994988,1.7083460408970406
2023-05-02 00:00:00-05:00,11.290540980149999,11.290540980149999,24.685405036299983,24.685405036299983,-13.394864056149984,-13.394864056149984,17.314342515243954,3.9194784590939693,1.904577676676835,0.21557131525016832,1.6890063614266666
2023-05-03 00:00:00-05:00,10.864853908199999,10.864853908199999,27.12026294094032,27.12026294094032,-16.25540903274032,-16.25540903274032,19.68308365945156,3.42767462671124,2.1651392025396716,0.18852210446911818,1.9766170980705535
2023-05-04 00:00:00-05:00,10.899012779999998,10.899012779999998,28.20507186081272,28.20507186081272,-17.30605908081272,-17.30605908081272,20.71017730994209,3.4041182291293697,2.2781195040936297,0.18722650260211535,2.0908930014915144
2023-05-05 00:00:00-05:00,8.932599900449999,8.932599900449999,28.087436286067184,28.087436286067184,-19.154836385617187,-19.154836385617187,21.332044629647832,2.1772082440306453,2.3465249092612614,0.1197464534216855,2.226778455839576
2023-05-06 00:00:00-05:00,2.946663470699999,2.946663470699999,31.84010329055324,31.84010329055324,-28.893439819853242,-28.893439819853242,28.893439819853242,0.0,3.1782783801838566,0.0,3.1782783801838566
2023-05-07 00:00:00-05:00,7.730671495499998,7.730671495499998,32.88623949076065,32.88623949076065,-25.155567995260654,-25.155567995260654,26.87885425379822,1.7232862585375675,2.9566739679178045,0.09478074421956621,2.8618932236982384
2023-05-08 00:00:00-05:00,6.263148467249999,6.263148467249999,25.7332269989237,25.7332269989237,-19.4700785316737,-19.4700785316737,21.03078316743296,1.5607046357592593,2.3133861484176257,0.08583875496675926,2.2275473934508665
2023-05-09 00:00:00-05:00,7.736426166149999,7.736426166149999,28.473757558038013,28.473757558038013,-20.737331391888013,-20.737331391888013,22.636868123110922,1.8995367312229083,2.4900554935422012,0.10447452021725996,2.385580973324941
2023-05-10 00:00:00-05:00,9.582503899949998,9.582503899949998,27.349641237160647,27.349641237160647,-17.76713733721065,-17.76713733721065,20.568723402965094,2.801586065754447,2.2625595743261604,0.1540872336164946,2.1084723407096657
2023-05-11 00:00:00-05:00,1.892672960849999,1.892672960849999,28.67149755707642,28.67149755707642,-26.77882459622642,-26.77882459622642,26.77882459622642,0.0,2.9456707055849063,0.0,2.9456707055849063
2023-05-12 00:00:00-05:00,2.376522119249999,2.376522119249999,29.40758218881924,29.40758218881924,-27.031060069569243,-27.031060069569243,27.031060069569243,0.0,2.973416607652617,0.0,2.973416607652617
2023-05-13 00:00:00-05:00,1.501131689999999,1.501131689999999,28.00600976516052,28.00600976516052,-26.504878075160523,-26.504878075160523,26.504878075160523,0.0,2.9155365882676576,0.0,2.9155365882676576
2023-05-14 00:00:00-05:00,9.523719640349999,9.523719640349999,32.872471370679975,32.872471370679975,-23.348751730329973,-23.348751730329973,24.87249841261806,1.5237466822880865,2.7359748253879865,0.08380606752584475,2.6521687578621416
2023-05-15 00:00:00-05:00,11.051203828499998,11.051203828499998,27.47284151861777,27.47284151861777,-16.42163769011777,-16.42163769011777,19.87471486797271,3.453077177854941,2.186218635476998,0.18991924478202174,1.9962993906949762
2023-05-16 00:00:00-05:00,10.87941465855,10.87941465855,26.20948197685247,26.20948197685247,-15.330067318302472,-15.330067318302472,18.816559146074663,3.486491827772193,2.069821506068213,0.1917570505274706,1.8780644555407422
2023-05-17 00:00:00-05:00,4.1653836994499995,4.1653836994499995,27.280088751395883,27.280088751395883,-23.114705051945883,-23.114705051945883,23.613723033476475,0.49901798153059207,2.597509533682412,0.027445988984182563,2.5700635446982294
2023-05-18 00:00:00-05:00,4.788628118999999,4.788628118999999,25.90149685484946,25.90149685484946,-21.11286873584946,-21.11286873584946,21.31787764343545,0.20500890758599122,2.3449665407778997,0.011275489917229518,2.3336910508606703
2023-05-19 00:00:00-05:00,11.296160337599998,11.296160337599998,27.73496728936404,27.73496728936404,-16.43880695176404,-16.43880695176404,19.96919803374352,3.530391081979481,2.1966117837117873,0.19417150950887144,2.002440274202916
2023-05-20 00:00:00-05:00,10.530984528,10.530984528,30.514776489660026,30.514776489660026,-19.983791961660028,-19.983791961660028,22.855614414682062,2.8718224530220353,2.514117585615027,0.15795023491621193,2.356167350698815
2023-05-21 00:00:00-05:00,8.057422703699999,8.057422703699999,29.704282501391013,29.704282501391013,-21.64685979769101,-21.64685979769101,23.133865345622766,1.4870055479317525,2.5447251880185044,0.08178530513624639,2.462939882882258
2023-05-22 00:00:00-05:00,9.816192697499998,9.816192697499998,25.332338634266087,25.332338634266087,-15.516145936766087,-15.516145936766087,18.525837508156183,3.0096915713900954,2.03784212589718,0.16553303642645525,1.8723090894707248
2023-05-23 00:00:00-05:00,9.479736665999997,9.479736665999997,25.185122885307685,25.185122885307685,-15.705386219307687,-15.705386219307687,18.52312726146915,2.817741042161462,2.0375439987616066,0.1549757573188804,1.8825682414427263
2023-05-24 00:00:00-05:00,9.3187680336,9.3187680336,24.68086809094287,24.68086809094287,-15.36210005734287,-15.36210005734287,18.226447233546082,2.8643471762032116,2.004909195690069,0.15753909469117663,1.8473701009988925
2023-05-25 00:00:00-05:00,9.120170440799999,9.120170440799999,25.615442579630415,25.615442579630415,-16.495272138830416,-16.495272138830416,19.22946949096933,2.7341973521389122,2.1152416440066264,0.15038085436764018,1.9648607896389862
2023-05-26 00:00:00-05:00,8.800646711399999,8.800646711399999,27.05134641080973,27.05134641080973,-18.250699699409733,-18.250699699409733,20.168532836321408,1.9178331369116728,2.218538611995355,0.105480822530142,2.113057789465213
2023-05-27 00:00:00-05:00,8.793848489399998,8.793848489399998,28.385139752142127,28.385139752142127,-19.59129126274213,-19.59129126274213,22.11838676104959,2.5270954983074616,2.4330225437154547,0.1389902524069104,2.2940322913085445
2023-05-28 00:00:00-05:00,2.827089585899999,2.827089585899999,28.083234679059295,28.083234679059295,-25.256145093159297,-25.256145093159297,25.256145093159297,0.0,2.778175960247523,0.0,2.778175960247523
2023-05-29 00:00:00-05:00,6.828227210699998,6.828227210699998,29.089210905671518,29.089210905671518,-22.26098369497152,-22.26098369497152,22.656199587990983,0.3952158930194637,2.4921819546790083,0.021736874116070504,2.470445080562938
2023-05-30 00:00:00-05:00,9.8275631724,9.8275631724,26.358252413915302,26.358252413915302,-16.5306892415153,-16.5306892415153,19.38981700949429,2.8591277679789906,2.132879871044372,0.1572520272388445,1.9756278438055277
2023-05-31 00:00:00-05:00,7.889692202099999,7.889692202099999,26.450635352455325,26.450635352455325,-18.560943150355328,-18.560943150355328,19.988503976146607,1.4275608257912802,2.198735437376127,0.07851584541852041,2.1202195919576066
2023-06-01 00:00:00-05:00,8.0615022012,8.0615022012,26.305446794190345,26.305446794190345,-18.243944592990346,-18.243944592990346,20.336745741894987,2.0928011489046416,2.2370420316084485,0.11510406318975529,2.121937968418693
2023-06-02 00:00:00-05:00,8.421922376999998,8.421922376999998,28.963507818067804,28.963507818067804,-20.541585441067806,-20.541585441067806,22.267327600885004,1.725742159817199,2.4494060360973506,0.09491581878994594,2.3544902173074047
2023-06-03 00:00:00-05:00,9.7902281961,9.7902281961,27.48441765293616,27.48441765293616,-17.69418945683616,-17.69418945683616,20.086254919013705,2.3920654621775452,2.2094880410915074,0.13156360041976498,2.0779244406717425
2023-06-04 00:00:00-05:00,6.6155395248,6.6155395248,30.84768258468983,30.84768258468983,-24.232143059889832,-24.232143059889832,24.320773048316816,0.08862998842698222,2.67528503531485,0.004874649363484022,2.670410385951366
2023-06-05 00:00:00-05:00,10.130021049599998,10.130021049599998,29.014286410053693,29.014286410053693,-18.884265360453696,-18.884265360453696,21.537859087156576,2.653593726702882,2.369164499587223,0.14594765496865852,2.2232168446185647
2023-06-06 00:00:00-05:00,10.3243580154,10.3243580154,28.767871668441778,28.767871668441778,-18.44351365304178,-18.44351365304178,21.259326388274904,2.8158127352331235,2.338525902710239,0.1548697004378218,2.1836562022724175
2023-06-07 00:00:00-05:00,9.398281921199999,9.398281921199999,26.364412771610567,26.364412771610567,-16.96613085041057,-16.96613085041057,19.566360105258816,2.6002292548482475,2.15229961157847,0.1430126090166536,2.009287002561816
2023-06-08 00:00:00-05:00,7.924457564099999,7.924457564099999,26.236103046412914,26.236103046412914,-18.311645482312915,-18.311645482312915,19.938131303598556,1.6264858212856417,2.193194443395841,0.0894567201707103,2.1037377232251306
2023-06-09 00:00:00-05:00,6.1788924036,6.1788924036,26.547944690181232,26.547944690181232,-20.369052286581233,-20.369052286581233,21.408233966865776,1.0391816802845437,2.3549057363552355,0.057154992415649905,2.2977507439395857
2023-06-10 00:00:00-05:00,9.3960994464,9.3960994464,28.92507308250472,28.92507308250472,-19.528973636104723,-19.528973636104723,21.503571411134978,1.9745977750302552,2.3653928552248478,0.10860287762666404,2.2567899775981837
2023-06-11 00:00:00-05:00,11.1057623505,11.1057623505,26.789598356499994,26.789598356499994,-15.683836005999996,-15.683836005999996,19.19888525294003,3.515049246940036,2.1118773778234035,0.19332770858170198,1.9185496692417014
2023-06-12 00:00:00-05:00,10.166018310899998,10.166018310899998,27.944057533334522,27.944057533334522,-17.778039222434526,-17.778039222434526,20.527740122014762,2.7497008995802386,2.258051413421624,0.15123354947691312,2.106817863944711
2023-06-13 00:00:00-05:00,9.262031697,9.262031697,27.73348186053052,27.73348186053052,-18.471450163530523,-18.471450163530523,20.63350946584921,2.1620593023186903,2.269686041243413,0.11891326162752797,2.150772779615885
2023-06-14 00:00:00-05:00,9.787183659899998,9.787183659899998,27.497944564664152,27.497944564664152,-17.710760904764154,-17.710760904764154,20.451902942215664,2.741142037451508,2.249709323643723,0.15076281205983294,2.09894651158389
2023-06-15 00:00:00-05:00,2.383546100399999,2.383546100399999,26.407734590770758,26.407734590770758,-24.024188490370758,-24.024188490370758,24.024188490370758,0.0,2.6426607339407835,0.0,2.6426607339407835
2023-06-16 00:00:00-05:00,8.071430552099999,8.071430552099999,26.531345506720797,26.531345506720797,-18.459914954620796,-18.459914954620796,20.811015952685946,2.3511009980651507,2.289211754795454,0.12931055489358328,2.1599011999018707
2023-06-17 00:00:00-05:00,10.645873370099999,10.645873370099999,29.281694723074082,29.281694723074082,-18.635821352974084,-18.635821352974084,21.509047455434768,2.8732261024606838,2.3659952200978247,0.1580274356353376,2.207967784462487
2023-06-18 00:00:00-05:00,8.925823044899998,8.925823044899998,32.03902596493139,32.03902596493139,-23.113202920031394,-23.113202920031394,24.774558364515883,1.661355444484491,2.7252014200967474,0.091374549446647,2.6338268706501005
2023-06-19 00:00:00-05:00,10.090430379899999,10.090430379899999,29.60264299773242,29.60264299773242,-19.51221261783242,-19.51221261783242,22.31940854967035,2.807195931837928,2.4551349404637386,0.15439577625108603,2.3007391642126525
2023-06-20 00:00:00-05:00,4.875666320699999,4.875666320699999,25.24361289268037,25.24361289268037,-20.367946571980372,-20.367946571980372,20.48240351184165,0.11445693986127792,2.2530643863025817,0.006295131692370286,2.246769254610211
2023-06-21 00:00:00-05:00,4.238062827299999,4.238062827299999,25.731304656901976,25.731304656901976,-21.493241829601978,-21.493241829601978,21.78825674734418,0.29501491774220256,2.39670824220786,0.01622582047582114,2.380482421732039
2023-06-22 00:00:00-05:00,6.3046072412999985,6.3046072412999985,27.422722250614317,27.422722250614317,-21.118115009314316,-21.118115009314316,22.664882885994977,1.5467678766806583,2.4931371174594474,0.0850722332174362,2.408064884242011
2023-06-23 00:00:00-05:00,3.459718083599999,3.459718083599999,27.835182523964487,27.835182523964487,-24.37546444036449,-24.37546444036449,24.407202041859396,0.03173760149490673,2.6847922246045335,0.0017455680822198703,2.6830466565223134
2023-06-24 00:00:00-05:00,3.618984117599999,3.618984117599999,29.513030098181343,29.513030098181343,-25.894045980581343,-25.894045980581343,25.90187802193777,0.007832041356425345,2.8492065824131547,0.000430762274603394,2.848775820138551
2023-06-25 00:00:00-05:00,10.5646651083,10.5646651083,27.59314722360945,27.59314722360945,-17.028482115309448,-17.028482115309448,20.19210341891659,3.1636213036071417,2.221131376080825,0.1739991716983928,2.0471322043824323
2023-06-26 00:00:00-05:00,9.256828030199998,9.256828030199998,26.436168628667417,26.436168628667417,-17.179340598467416,-17.179340598467416,19.939375212960428,2.760034614493009,2.193331273425647,0.1518019037971155,2.0415293696285315
2023-06-27 00:00:00-05:00,8.6005775781,8.6005775781,24.567319697941194,24.567319697941194,-15.966742119841197,-15.966742119841197,18.44334734807832,2.476605228237124,2.028768208288615,0.13621328755304182,1.8925549207355734
2023-06-28 00:00:00-05:00,10.002089776499998,10.002089776499998,29.48566328593675,29.48566328593675,-19.48357350943675,-19.48357350943675,21.92763149668715,2.4440579872504,2.4120394646355865,0.134423189298772,2.2776162753368143
2023-06-29 00:00:00-05:00,10.111643683199999,10.111643683199999,26.662560333310193,26.662560333310193,-16.550916650110192,-16.550916650110192,19.406994727373448,2.8560780772632537,2.134769420011079,0.15708429424947895,1.9776851257616002
2023-06-30 00:00:00-05:00,5.785365378599999,5.785365378599999,27.334798581695154,27.334798581695154,-21.549433203095155,-21.549433203095155,22.020783638980493,0.4713504358853372,2.4222862002878545,0.025924273973693547,2.396361926314161
2023-07-01 00:00:00-05:00,10.2575612385,10.2575612385,29.019384898662622,29.019384898662622,-18.76182366016262,-18.76182366016262,21.55411230432527,2.792288644162647,2.3709523534757797,0.15357587542894557,2.217376478046834
2023-07-02 00:00:00-05:00,10.514099591999999,10.514099591999999,29.071903626381115,29.071903626381115,-18.557804034381114,-18.557804034381114,21.583706297864506,3.02590226348339,2.3742076927650957,0.16642462449158646,2.207783068273509
2023-07-03 00:00:00-05:00,4.108382386199999,4.108382386199999,27.792381225873104,27.792381225873104,-23.683998839673105,-23.683998839673105,23.683998839673105,0.0,2.6052398723640415,0.0,2.6052398723640415
2023-07-04 00:00:00-05:00,4.833382805999999,4.833382805999999,25.437693979150378,25.437693979150378,-20.60431117315038,-20.60431117315038,21.081662751459174,0.4773515783087932,2.318982902660509,0.026254336806983625,2.2927285658535257
2023-07-05 00:00:00-05:00,10.95550299,10.95550299,27.733389195492187,27.733389195492187,-16.77788620549219,-16.77788620549219,20.12315141521186,3.345265209719674,2.2135466556733046,0.18398958653458208,2.0295570691387224
2023-07-06 00:00:00-05:00,8.669104809299998,8.669104809299998,28.88688242409408,28.88688242409408,-20.21777761479408,-20.21777761479408,21.944209961414586,1.7264323466205074,2.4138630957556044,0.0949537790641279,2.3189093166914767
2023-07-07 00:00:00-05:00,9.6936656283,9.6936656283,27.324772437544926,27.324772437544926,-17.631106809244926,-17.631106809244926,20.030558007078124,2.3994511978331965,2.2033613807785937,0.13196981588082582,2.071391564897768
2023-07-08 00:00:00-05:00,9.973423382399998,9.973423382399998,30.732012665555462,30.732012665555462,-20.758589283155466,-20.758589283155466,22.968178133674606,2.209588850519141,2.5264995947042066,0.12152738677855275,2.404972207925654
2023-07-09 00:00:00-05:00,10.1129814819,10.1129814819,27.563909694413514,27.563909694413514,-17.450928212513514,-17.450928212513514,20.140389485832632,2.689461273319118,2.2154428434415894,0.14792037003255148,2.067522473409038
2023-07-10 00:00:00-05:00,9.435528923399998,9.435528923399998,28.73982719369914,28.73982719369914,-19.30429827029914,-19.30429827029914,21.721383779073403,2.4170855087742633,2.389352215698074,0.13293970298258448,2.2564125127154897
2023-07-11 00:00:00-05:00,6.248985952049999,6.248985952049999,28.16586031370354,28.16586031370354,-21.916874361653537,-21.916874361653537,23.65554894028932,1.7386745786357838,2.6021103834318255,0.09562710182496811,2.5064832816068576
2023-07-12 00:00:00-05:00,10.053385978949999,10.053385978949999,29.142443386202075,29.142443386202075,-19.089057407252074,-19.089057407252074,21.92796408360323,2.838906676351152,2.4120760491963553,0.15613986719931336,2.255936181997042
2023-07-13 00:00:00-05:00,9.9632263572,9.9632263572,26.536085287814227,26.536085287814227,-16.57285893061423,-16.57285893061423,19.405300711128017,2.832441780513787,2.134583078224082,0.1557842979282583,1.9787987802958238
2023-07-14 00:00:00-05:00,6.739581734099999,6.739581734099999,28.188550004027203,28.188550004027203,-21.448968269927207,-21.448968269927207,22.370519850190362,0.9215515802631568,2.46075718352094,0.05068533691447362,2.410071846606466
2023-07-15 00:00:00-05:00,6.449959334249999,6.449959334249999,26.955201760325707,26.955201760325707,-20.505242426075707,-20.505242426075707,21.34210215432499,0.8368597282492836,2.347631236975749,0.0460272850537106,2.3016039519220386
2023-07-16 00:00:00-05:00,6.458571283949999,6.458571283949999,26.837721968176993,26.837721968176993,-20.379150684226996,-20.379150684226996,21.5289208083423,1.1497701241153033,2.368181288917653,0.06323735682634168,2.304943932091311
2023-07-17 00:00:00-05:00,8.547703316099998,8.547703316099998,25.22444213991718,25.22444213991718,-16.676738823817182,-16.676738823817182,18.866191653485945,2.1894528296687623,2.075281081883454,0.12041990563178193,1.9548611762516723
2023-07-18 00:00:00-05:00,9.911856903749998,9.911856903749998,24.29541014921654,24.29541014921654,-14.383553245466544,-14.383553245466544,17.659817519080015,3.2762642736134713,1.9425799270988016,0.18019453504874092,1.7623853920500607
2023-07-19 00:00:00-05:00,9.728809931249998,9.728809931249998,27.292419090332057,27.292419090332057,-17.56360915908206,-17.56360915908206,20.17844121810693,2.6148320590248693,2.219628533991762,0.1438157632463678,2.075812770745394
2023-07-20 00:00:00-05:00,9.251307730349998,9.251307730349998,27.678590512421277,27.678590512421277,-18.42728278207128,-18.42728278207128,20.60848724369635,2.1812044616250708,2.2669335968065982,0.11996624538937889,2.1469673514172194
2023-07-21 00:00:00-05:00,9.961543898099999,9.961543898099999,25.779507106178915,25.779507106178915,-15.817963208078917,-15.817963208078917,19.044439561040452,3.2264763529615355,2.0948883517144496,0.17745619941288446,1.9174321523015652
2023-07-22 00:00:00-05:00,9.254426481449999,9.254426481449999,28.30149492397085,28.30149492397085,-19.04706844252085,-19.04706844252085,21.883006246714967,2.8359378041941152,2.4071306871386464,0.15597657923067634,2.25115410790797
2023-07-23 00:00:00-05:00,10.175845259249998,10.175845259249998,28.75152277087944,28.75152277087944,-18.57567751162944,-18.57567751162944,21.465359310147168,2.889681798517725,2.3611895241161887,0.15893249891847488,2.2022570251977136
2023-07-24 00:00:00-05:00,8.565896364299999,8.565896364299999,27.53966668794605,27.53966668794605,-18.97377032364605,-18.97377032364605,20.766213099522513,1.792442775876463,2.2842834409474766,0.09858435267320546,2.185699088274271
2023-07-25 00:00:00-05:00,7.148948290199999,7.148948290199999,28.17269853818434,28.17269853818434,-21.02375024798434,-21.02375024798434,23.346469145274135,2.3227188972897954,2.568111605980155,0.12774953935093875,2.4403620666292163
2023-07-26 00:00:00-05:00,10.055090097449998,10.055090097449998,26.493381825069807,26.493381825069807,-16.43829172761981,-16.43829172761981,19.44866287336817,3.010371145748362,2.1393529160704987,0.1655704130161599,1.9737825030543388
2023-07-27 00:00:00-05:00,7.497854176949999,7.497854176949999,24.83311907966729,24.83311907966729,-17.33526490271729,-17.33526490271729,18.65489783860928,1.3196329358919872,2.0520387622470206,0.0725798114740593,1.9794589507729614
2023-07-28 00:00:00-05:00,9.899905211999998,9.899905211999998,24.73712597705759,24.73712597705759,-14.837220765057593,-14.837220765057593,18.04436784511809,3.2071470800604973,1.9848804629629897,0.17639308940332735,1.8084873735596623
2023-07-29 00:00:00-05:00,7.296603982649999,7.296603982649999,30.371503566631237,30.371503566631237,-23.07489958398124,-23.07489958398124,25.380411953770793,2.3055123697895543,2.791845314914787,0.1268031803384255,2.6650421345763617
2023-07-30 00:00:00-05:00,8.457626754449999,8.457626754449999,33.37401176001293,33.37401176001293,-24.916385005562926,-24.916385005562926,26.341080384586252,1.424695379023324,2.8975188423044878,0.07835824584628283,2.8191605964582047
2023-07-31 00:00:00-05:00,8.880180970499998,8.880180970499998,29.360264642890492,29.360264642890492,-20.480083672390496,-20.480083672390496,22.854009471525096,2.373925799134602,2.5139410418677604,0.1305659189524031,2.383375122915357
2023-08-01 00:00:00-05:00,9.871879958549998,9.871879958549998,25.227151999990745,25.227151999990745,-15.355272041440747,-15.355272041440747,18.375034118059492,3.0197620766187474,2.021253752986544,0.1660869142140311,1.8551668387725129
2023-08-02 00:00:00-05:00,6.935213888549999,6.935213888549999,27.652125952689843,27.652125952689843,-20.716912064139844,-20.716912064139844,21.59915450757371,0.8822424434338655,2.3759069958331085,0.0485233343888626,2.327383661444246
2023-08-03 00:00:00-05:00,4.4785257534,4.4785257534,27.821098931898653,27.821098931898653,-23.342573178498654,-23.342573178498654,23.48799877794048,0.1454255994418231,2.5836798655734525,0.007998407969300271,2.5756814576041522
2023-08-04 00:00:00-05:00,1.500276921299999,1.500276921299999,27.29320206218022,27.29320206218022,-25.792925140880225,-25.792925140880225,25.792925140880225,0.0,2.8372217654968246,0.0,2.8372217654968246
2023-08-05 00:00:00-05:00,2.005551589499999,2.005551589499999,27.958244021054238,27.958244021054238,-25.952692431554237,-25.952692431554237,25.952692431554237,0.0,2.854796167470966,0.0,2.854796167470966
2023-08-06 00:00:00-05:00,8.20595408445,8.20595408445,32.466146925513605,32.466146925513605,-24.260192841063603,-24.260192841063603,25.644829270495478,1.3846364294318756,2.8209312197545025,0.07615500361875316,2.744776216135749
2023-08-07 00:00:00-05:00,7.609160532149999,7.609160532149999,25.356798913623777,25.356798913623777,-17.747638381473777,-17.747638381473777,19.9429412272704,2.1953028457966215,2.193723534999744,0.12074165651881419,2.0729818784809297
2023-08-08 00:00:00-05:00,9.921626038349999,9.921626038349999,28.14885341238688,28.14885341238688,-18.227227374036882,-18.227227374036882,21.125500297598915,2.898272923562032,2.323805032735881,0.15940501079591177,2.164400021939969
2023-08-09 00:00:00-05:00,8.35121683305,8.35121683305,27.713516850113695,27.713516850113695,-19.362300017063696,-19.362300017063696,21.421309045540873,2.059009028477179,2.356343995009496,0.11324549656624484,2.243098498443251
2023-08-10 00:00:00-05:00,8.8456425327,8.8456425327,27.140076935577447,27.140076935577447,-18.294434402877446,-18.294434402877446,20.901408504558415,2.6069741016809687,2.299154935501426,0.14338357559245327,2.1557713599089725
2023-08-11 00:00:00-05:00,10.23147119655,10.23147119655,30.024087131203583,30.024087131203583,-19.792615934653586,-19.792615934653586,22.601921013375968,2.8093050787223834,2.4862113114713567,0.1545117793297311,2.3316995321416254
2023-08-12 00:00:00-05:00,7.739312911649999,7.739312911649999,28.947687836388173,28.947687836388173,-21.208374924738173,-21.208374924738173,22.76720332806854,1.5588284033303643,2.5043923660875396,0.08573556218317004,2.4186568039043697
2023-08-13 00:00:00-05:00,4.707307716749999,4.707307716749999,30.757006189979613,30.757006189979613,-26.049698473229615,-26.049698473229615,26.236206649568615,0.18650817633900074,2.8859827314525477,0.010257949698645042,2.8757247817539024
2023-08-14 00:00:00-05:00,10.388787501149999,10.388787501149999,28.084478624645907,28.084478624645907,-17.695691123495905,-17.695691123495905,20.749730625239348,3.054039501743441,2.282470368776328,0.16797217259588926,2.1144981961804388
2023-08-15 00:00:00-05:00,10.193414576399999,10.193414576399999,29.429283105158305,29.429283105158305,-19.235868528758306,-19.235868528758306,22.111967423208746,2.87609889445044,2.432316416552962,0.1581854391947742,2.2741309773581877
2023-08-16 00:00:00-05:00,9.430624394999997,9.430624394999997,28.56394709352609,28.56394709352609,-19.13332269852609,-19.13332269852609,21.650142057978716,2.516819359452626,2.381515626377659,0.1384250647698944,2.2430905616077643
2023-08-17 00:00:00-05:00,9.33659501175,9.33659501175,25.924826649515897,25.924826649515897,-16.588231637765894,-16.588231637765894,19.392856986838343,2.8046253490724484,2.1332142685522175,0.15425439419898465,1.9789598743532328
2023-08-18 00:00:00-05:00,7.125847788149999,7.125847788149999,28.06912926734755,28.06912926734755,-20.943281479197548,-20.943281479197548,21.341165353217757,0.3978838740202102,2.3475281888539534,0.02188361307111156,2.325644575782842
2023-08-19 00:00:00-05:00,9.168442261375242,9.168442261375242,26.946762293703525,26.946762293703525,-17.778320032328285,-17.778320032328285,20.28004383492604,2.501723802597755,2.2308048218418643,0.13759480914287653,2.0932100126989877
2023-08-20 00:00:00-05:00,2.351465905949999,2.351465905949999,27.156238642732873,27.156238642732873,-24.804772736782873,-24.804772736782873,24.804772736782873,0.0,2.728525001046116,0.0,2.728525001046116
2023-08-21 00:00:00-05:00,2.6430468952499986,2.6430468952499986,27.018167066922434,27.018167066922434,-24.375120171672435,-24.375120171672435,24.48709897978592,0.11197880811348526,2.6935808877764513,0.00615883444624169,2.68742205333021
2023-08-22 00:00:00-05:00,8.876237611049998,8.876237611049998,25.809963592310936,25.809963592310936,-16.933725981260938,-16.933725981260938,19.74690549689344,2.813179515632502,2.1721596046582783,0.1547248733597876,2.017434731298491
2023-08-23 00:00:00-05:00,9.73460729835,9.73460729835,25.106063214970707,25.106063214970707,-15.371455916620707,-15.371455916620707,18.458972714991067,3.08751679837036,2.0304869986490175,0.1698134239103698,1.8606735747386476
2023-08-24 00:00:00-05:00,6.5531322121499995,6.5531322121499995,26.7966950197572,26.7966950197572,-20.243562807607198,-20.243562807607198,21.540782585842702,1.297219778235504,2.3694860844426975,0.07134708780295272,2.2981389966397447
2023-08-25 00:00:00-05:00,10.292582883149999,10.292582883149999,28.010928767948187,28.010928767948187,-17.71834588479819,-17.71834588479819,20.743945001102404,3.025599116304213,2.2818339501212646,0.16640795139673173,2.115425998724533
2023-08-26 00:00:00-05:00,9.765610875899998,9.765610875899998,31.695304478837638,31.695304478837638,-21.92969360293764,-21.92969360293764,24.51016366896881,2.5804700660311712,2.696118003586569,0.14192585363171442,2.5541921499548548
2023-08-27 00:00:00-05:00,9.91582921665,9.91582921665,30.059584169229613,30.059584169229613,-20.143754952579613,-20.143754952579613,22.833100066535135,2.689345113955523,2.5116410073188646,0.14791398126755378,2.363727026051311
2023-08-28 00:00:00-05:00,8.844107575949998,8.844107575949998,27.800818381812253,27.800818381812253,-18.956710805862254,-18.956710805862254,21.41321353900067,2.456502733138416,2.3554534892900736,0.13510765032261288,2.220345838967461
2023-08-29 00:00:00-05:00,8.169734956049998,8.169734956049998,26.81308193865173,26.81308193865173,-18.643346982601734,-18.643346982601734,20.59374476776795,1.9503977851662193,2.265311924454475,0.10727187818414206,2.1580400462703326
2023-08-30 00:00:00-05:00,8.834081786099999,8.834081786099999,27.504372193026192,27.504372193026192,-18.670290406926192,-18.670290406926192,21.27614947551215,2.605859068585956,2.3403764423063365,0.1433222487722276,2.197054193534109
2023-08-31 00:00:00-05:00,8.969329108799998,8.969329108799998,24.672779162521273,24.672779162521273,-15.703450053721276,-15.703450053721276,18.180489097573012,2.477039043851736,1.9998538007330313,0.13623714741184548,1.8636166533211858
2023-09-01 00:00:00-05:00,6.523788444074999,6.523788444074999,29.552120801841426,29.552120801841426,-23.028332357766423,-23.028332357766423,23.979835730437646,0.9515033726712202,2.637781930348141,0.05233268549691711,2.585449244851224
2023-09-02 00:00:00-05:00,8.850731706,8.850731706,28.23322414867697,28.23322414867697,-19.382492442676973,-19.382492442676973,21.74560862720482,2.363116184527849,2.3920169489925303,0.1299713901490317,2.2620455588434987
2023-09-03 00:00:00-05:00,9.183729891374998,9.183729891374998,27.504992286534442,27.504992286534442,-18.321262395159444,-18.321262395159444,20.876511241720937,2.555248846561496,2.296416236589303,0.14053868656088228,2.155877550028421
2023-09-04 00:00:00-05:00,6.898133494574999,6.898133494574999,27.31490633114895,27.31490633114895,-20.41677283657395,-20.41677283657395,21.569694376203202,1.1529215396292511,2.372666381382352,0.06341068467960881,2.3092556967027433
2023-09-05 00:00:00-05:00,6.6028111814249995,6.6028111814249995,28.12517711019974,28.12517711019974,-21.52236592877474,-21.52236592877474,23.210968933145313,1.688603004370575,2.5532065826459847,0.09287316524038162,2.460333417405603
2023-09-06 00:00:00-05:00,8.799582762224999,8.799582762224999,29.21301092251085,29.21301092251085,-20.41342816028585,-20.41342816028585,22.878607957823494,2.4651797975376426,2.516646875360584,0.13558488886457035,2.3810619864960136
2023-09-07 00:00:00-05:00,9.40701816675,9.40701816675,29.3210451156227,29.3210451156227,-19.9140269488727,-19.9140269488727,22.48151154718208,2.567484598309382,2.472966270190029,0.141211652907016,2.331754617283013
2023-09-08 00:00:00-05:00,4.319453498399999,4.319453498399999,26.48922576915617,26.48922576915617,-22.16977227075617,-22.16977227075617,22.31477432071744,0.14500204996126742,2.4546251752789185,0.007975112747869708,2.4466500625310488
2023-09-09 00:00:00-05:00,4.844731683599999,4.844731683599999,32.26399587695536,32.26399587695536,-27.419264193355364,-27.419264193355364,27.658933152960554,0.2396689596051914,3.0424826468256607,0.013181792778285528,3.029300854047375
2023-09-10 00:00:00-05:00,7.4945971466999985,7.4945971466999985,30.959610906942377,30.959610906942377,-23.46501376024238,-23.46501376024238,25.24293396570192,1.777920205459539,2.776722736227211,0.09778561130027465,2.6789371249269363
2023-09-11 00:00:00-05:00,9.677318963625,9.677318963625,25.53698562071017,25.53698562071017,-15.85966665708517,-15.85966665708517,19.014265649897702,3.1545989928125304,2.091569221488747,0.17350294460468918,1.918066276884058
2023-09-12 00:00:00-05:00,9.025180301699999,9.025180301699999,24.423093007525186,24.423093007525186,-15.397912705825185,-15.397912705825185,18.22509761013758,2.8271849043123956,2.004760737115134,0.15549516973718175,1.8492655673779521
2023-09-13 00:00:00-05:00,9.231645099824998,9.231645099824998,25.99197245599464,25.99197245599464,-16.760327356169643,-16.760327356169643,19.633094650390685,2.8727672942210414,2.1596404115429753,0.15800220118215727,2.001638210360818
2023-09-14 00:00:00-05:00,7.098972918299999,7.098972918299999,29.545460047214977,29.545460047214977,-22.446487128914978,-22.446487128914978,23.284038090208853,0.8375509612938752,2.5612441899229736,0.04606530287116314,2.5151788870518104
2023-09-15 00:00:00-05:00,9.819546531524999,9.819546531524999,25.83568688056048,25.83568688056048,-16.01614034903548,-16.01614034903548,19.12894222870283,3.112801879667351,2.104183645157311,0.1712041033817043,1.9329795417756068
2023-09-16 00:00:00-05:00,9.823778630324998,9.823778630324998,32.197473900664235,32.197473900664235,-22.37369527033924,-22.37369527033924,25.066172493128974,2.6924772227897327,2.757278974244187,0.1480862472534353,2.6091927269907518
2023-09-17 00:00:00-05:00,9.5038033077,9.5038033077,27.68148196723452,27.68148196723452,-18.17767865953452,-18.17767865953452,20.980373357643934,2.8026946981094127,2.307841069340833,0.1541482083960177,2.1536928609448154
2023-09-18 00:00:00-05:00,9.053268971399998,9.053268971399998,28.306313989139195,28.306313989139195,-19.253045017739197,-19.253045017739197,21.660941924879214,2.4078969071400183,2.3827036117367135,0.132434329892701,2.2502692818440124
2023-09-19 00:00:00-05:00,9.025329879,9.025329879,28.13491384139554,28.13491384139554,-19.10958396239554,-19.10958396239554,21.668637726016218,2.559053763620678,2.383550149861784,0.14074795699913728,2.2428021928626465
2023-09-20 00:00:00-05:00,2.1254557949999993,2.1254557949999993,26.62514453161918,26.62514453161918,-24.499688736619184,-24.499688736619184,24.499688736619184,0.0,2.69496576102811,0.0,2.69496576102811
2023-09-21 00:00:00-05:00,2.7953471783249992,2.7953471783249992,27.908113264059484,27.908113264059484,-25.112766085734485,-25.112766085734485,25.112766085734485,0.0,2.7624042694307933,0.0,2.7624042694307933
2023-09-22 00:00:00-05:00,1.3821094712249995,1.3821094712249995,28.07441056088141,28.07441056088141,-26.69230108965641,-26.69230108965641,26.69230108965641,0.0,2.936153119862205,0.0,2.936153119862205
2023-09-23 00:00:00-05:00,2.6839709477999993,2.6839709477999993,28.409649071943374,28.409649071943374,-25.725678124143375,-25.725678124143375,25.725678124143375,0.0,2.829824593655771,0.0,2.829824593655771
2023-09-24 00:00:00-05:00,4.1968666484999995,4.1968666484999995,31.08959434889937,31.08959434889937,-26.892727700399373,-26.892727700399373,27.24553039680674,0.3528026964073664,2.997008343648741,0.019404148302405153,2.977604195346336
2023-09-25 00:00:00-05:00,9.010217797424998,9.010217797424998,27.126955291305016,27.126955291305016,-18.116737493880017,-18.116737493880017,20.7618817311385,2.6451442372584837,2.2838069904252354,0.1454829330492166,2.138324057376019
2023-09-26 00:00:00-05:00,8.561916629099999,8.561916629099999,26.245240307018605,26.245240307018605,-17.683323677918604,-17.683323677918604,20.346906846418356,2.663583168499751,2.2381597531060193,0.14649707426748632,2.091662678838533
2023-09-27 00:00:00-05:00,8.506693139625,8.506693139625,27.65618603922171,27.65618603922171,-19.14949289959671,-19.14949289959671,21.774675080105443,2.6251821805087348,2.3952142588115986,0.14438501992798042,2.250829238883618
2023-09-28 00:00:00-05:00,7.736859909,7.736859909,25.055676151135973,25.055676151135973,-17.318816242135973,-17.318816242135973,19.14024447209064,1.8214282299546645,2.1054268919299703,0.10017855264750655,2.005248339282464
2023-09-29 00:00:00-05:00,8.846078258024999,8.846078258024999,25.753811832787274,25.753811832787274,-16.907733574762275,-16.907733574762275,19.502271476983168,2.5945379022208934,2.1452498624681486,0.14269958462214913,2.0025502778459994
2023-09-30 00:00:00-05:00,8.471227513724997,8.471227513724997,31.8413605561833,31.8413605561833,-23.3701330424583,-23.3701330424583,25.31348777073521,1.9433547282769106,2.7844836547808733,0.10688451005523009,2.6775991447256433
2023-10-01 00:00:00-05:00,7.020167977124999,7.020167977124999,32.618282960510136,32.618282960510136,-25.598114983385138,-25.598114983385138,27.417425269721985,1.8193102863368487,3.015916779669418,0.10006206574852668,2.9158547139208917
2023-10-02 00:00:00-05:00,1.4140667900249995,1.4140667900249995,26.147458830182934,26.147458830182934,-24.733392040157938,-24.733392040157938,24.733392040157938,0.0,2.720673124417373,0.0,2.720673124417373
2023-10-03 00:00:00-05:00,4.4140915224,4.4140915224,27.61599649245917,27.61599649245917,-23.20190497005917,-23.20190497005917,23.53177790733265,0.3298729372734782,2.5884955698065917,0.0181430115500413,2.5703525582565505
2023-10-04 00:00:00-05:00,5.549168146724999,5.549168146724999,25.034738510170456,25.034738510170456,-19.485570363445454,-19.485570363445454,19.60979694462872,0.1242265811832643,2.1570776639091593,0.006832461965079536,2.1502452019440796
2023-10-05 00:00:00-05:00,8.516141411625,8.516141411625,28.540479287552277,28.540479287552277,-20.024337875927277,-20.024337875927277,22.25848434883362,2.2341464729063416,2.448433278371698,0.12287805600984879,2.3255552223618494
2023-10-06 00:00:00-05:00,9.78454810215,9.78454810215,27.800277922635253,27.800277922635253,-18.015729820485255,-18.015729820485255,20.911049366811596,2.895319546326342,2.3002154303492754,0.1592425750479488,2.1409728553013267
2023-10-07 00:00:00-05:00,8.9847162522,8.9847162522,32.29447915391615,32.29447915391615,-23.30976290171615,-23.30976290171615,25.36279402156721,2.0530311198510587,2.7899073423723935,0.11291671159180823,2.676990630780585
2023-10-08 00:00:00-05:00,9.161832053025,9.161832053025,28.571420636544577,28.571420636544577,-19.40958858351958,-19.40958858351958,21.784829745663053,2.3752411621434737,2.3963312720229357,0.13063826391789105,2.265693008105045
2023-10-09 00:00:00-05:00,9.222401007899999,9.222401007899999,26.10438516805699,26.10438516805699,-16.881984160156993,-16.881984160156993,19.55185352194514,2.6698693617881504,2.1507038874139655,0.14684281489834827,2.003861072515617
2023-10-10 00:00:00-05:00,9.140646592125,9.140646592125,25.34690003012464,25.34690003012464,-16.206253437999642,-16.206253437999642,18.89303156127505,2.6867781232754058,2.0782334717402553,0.14777279678014732,1.9304606749601079
2023-10-11 00:00:00-05:00,6.332780177999998,6.332780177999998,25.723615136267362,25.723615136267362,-19.390834958267366,-19.390834958267366,20.411908296456446,1.0210733381890809,2.245309912610209,0.05615903360039945,2.1891508790098095
2023-10-12 00:00:00-05:00,1.3567854287249992,1.3567854287249992,29.705697893395055,29.705697893395055,-28.348912464670054,-28.348912464670054,28.348912464670054,0.0,3.118380371113706,0.0,3.118380371113706
2023-10-13 00:00:00-05:00,2.3243440205249994,2.3243440205249994,26.087364424532492,26.087364424532492,-23.76302040400749,-23.76302040400749,23.76302040400749,0.0,2.613932244440824,0.0,2.613932244440824
2023-10-14 00:00:00-05:00,2.4956103833999994,2.4956103833999994,30.164952122673668,30.164952122673668,-27.66934173927367,-27.66934173927367,27.66934173927367,0.0,3.0436275913201034,0.0,3.0436275913201034
2023-10-15 00:00:00-05:00,7.671348537299999,7.671348537299999,28.931283611665584,28.931283611665584,-21.259935074365586,-21.259935074365586,23.19637057155454,1.9364354971889544,2.5516007628709994,0.10650395234539249,2.445096810525607
2023-10-16 00:00:00-05:00,8.401864776299998,8.401864776299998,28.14152864799698,28.14152864799698,-19.739663871696983,-19.739663871696983,21.79151813447304,2.051854262776059,2.3970669947920347,0.11285198445268325,2.2842150103393513
2023-10-17 00:00:00-05:00,3.8888333684999994,3.8888333684999994,28.291135123115794,28.291135123115794,-24.402301754615795,-24.402301754615795,25.276205303933224,0.8739035493174313,2.7803825834326545,0.04806469521245872,2.7323178882201957
2023-10-18 00:00:00-05:00,1.3443417071999995,1.3443417071999995,27.537712654903874,27.537712654903874,-26.193370947703873,-26.193370947703873,26.193370947703873,0.0,2.881270804247426,0.0,2.881270804247426
2023-10-19 00:00:00-05:00,8.4485962683,8.4485962683,28.880259112499978,28.880259112499978,-20.431662844199977,-20.431662844199977,22.572144391240297,2.140481547040318,2.4829358830364328,0.11772648508721748,2.3652093979492155
2023-10-20 00:00:00-05:00,8.444498138099998,8.444498138099998,28.08674842123603,28.08674842123603,-19.642250283136033,-19.642250283136033,21.79830351647293,2.1560532333368982,2.3978133868120226,0.1185829278335294,2.279230458978493
2023-10-21 00:00:00-05:00,8.413047336599998,8.413047336599998,28.795499589804013,28.795499589804013,-20.382452253204015,-20.382452253204015,22.4033625095801,2.020910256376084,2.464369876053811,0.11115006410068463,2.3532198119531262
2023-10-22 00:00:00-05:00,8.374859635499998,8.374859635499998,28.340167096136486,28.340167096136486,-19.965307460636488,-19.965307460636488,21.9041740289909,1.938866568354414,2.4094591431889993,0.10663766125949277,2.3028214819295068
2023-10-23 00:00:00-05:00,0.7510375349999995,0.7510375349999995,26.63962017365547,26.63962017365547,-25.88858263865547,-25.88858263865547,25.88858263865547,0.0,2.847744090252102,0.0,2.847744090252102
2023-10-24 00:00:00-05:00,0.8280475937999995,0.8280475937999995,29.38806675180901,29.38806675180901,-28.56001915800901,-28.56001915800901,28.56001915800901,0.0,3.141602107380991,0.0,3.141602107380991
2023-10-25 00:00:00-05:00,0.3604499918999994,0.3604499918999994,26.17757352720534,26.17757352720534,-25.817123535305342,-25.817123535305342,25.817123535305342,0.0,2.8398835888835876,0.0,2.8398835888835876
2023-10-26 00:00:00-05:00,1.0477907414999994,1.0477907414999994,26.154796795377976,26.154796795377976,-25.107006053877978,-25.107006053877978,25.107006053877978,0.0,2.7617706659265777,0.0,2.7617706659265777
2023-10-27 00:00:00-05:00,8.770235291099999,8.770235291099999,28.064056820937548,28.064056820937548,-19.293821529837548,-19.293821529837548,21.680442296246333,2.386620766408785,2.3848486525870967,0.1312641421524832,2.2535845104346133
2023-10-28 00:00:00-05:00,9.5601098907,9.5601098907,26.40823860463116,26.40823860463116,-16.848128713931157,-16.848128713931157,19.606927150342052,2.7587984364108955,2.1567619865376257,0.15173391400259925,2.0050280725350267
2023-10-29 00:00:00-05:00,5.970914133299998,5.970914133299998,29.19215881894824,29.19215881894824,-23.22124468564824,-23.22124468564824,23.948128516951236,0.726883831302995,2.634294136864636,0.039978610721664726,2.5943155261429713
2023-10-30 00:00:00-05:00,9.0554930964,9.0554930964,28.863157737593195,28.863157737593195,-19.807664641193195,-19.807664641193195,22.082724577412446,2.2750599362192503,2.429099703515369,0.12512829649205875,2.3039714070233104
2023-10-31 00:00:00-05:00,4.687022518199999,4.687022518199999,29.22414624361084,29.22414624361084,-24.53712372541084,-24.53712372541084,25.28513042795728,0.7480067025464384,2.781364347075301,0.04114036864005411,2.740223978435247
2023-11-01 00:00:00-05:00,6.077383724699999,6.077383724699999,27.155735931496125,27.155735931496125,-21.078352206796126,-21.078352206796126,22.99239776857304,1.914045561776913,2.5291637545430343,0.10527250589773021,2.423891248645304
2023-11-02 00:00:00-05:00,4.6555950905999985,4.6555950905999985,26.109292230806258,26.109292230806258,-21.45369714020626,-21.45369714020626,21.505658254001272,0.0519611137950135,2.36562240794014,0.002857861258725743,2.3627645466814142
2023-11-03 00:00:00-05:00,2.8330788311999995,2.8330788311999995,25.95051042170165,25.95051042170165,-23.11743159050165,-23.11743159050165,23.391303347832796,0.2738717573311447,2.5730433682616076,0.01506294665321296,2.5579804216083946
2023-11-04 00:00:00-05:00,7.205735948399999,7.205735948399999,30.642871495106622,30.642871495106622,-23.43713554670662,-23.43713554670662,25.067035138658213,1.6298995919515908,2.7573738652524034,0.0896444775573375,2.667729387695066
2023-11-05 00:00:00-05:00,1.1511120059999995,1.1511120059999995,30.614788301749453,30.614788301749453,-29.46367629574945,-29.46367629574945,29.46367629574945,0.0,3.2410043925324397,0.0,3.2410043925324397
2023-11-06 00:00:00-06:00,5.7352884569999985,5.7352884569999985,25.582523852584597,25.582523852584597,-19.847235395584597,-19.847235395584597,20.172266847806274,0.32503145222167473,2.21894935325869,0.01787672987219211,2.201072623386498
2023-11-07 00:00:00-06:00,7.9254087741,7.9254087741,25.360740947557613,25.360740947557613,-17.435332173457613,-17.435332173457613,18.872665599656298,1.4373334261986845,2.0759932159621926,0.07905333844092766,1.9969398775212648
2023-11-08 00:00:00-06:00,8.273509109099999,8.273509109099999,25.96201051265856,25.96201051265856,-17.688501403558558,-17.688501403558558,19.072933781221614,1.384432377663057,2.0980227159343774,0.07614378077146813,2.0218789351629094
2023-11-09 00:00:00-06:00,1.1631335723999996,1.1631335723999996,27.61658935847519,27.61658935847519,-26.45345578607519,-26.45345578607519,26.45345578607519,0.0,2.9098801364682707,0.0,2.9098801364682707
2023-11-10 00:00:00-06:00,8.0542417986,8.0542417986,24.775848845448934,24.775848845448934,-16.721607046848934,-16.721607046848934,18.025453917531355,1.30384687068242,1.982799930928449,0.0717115778875331,1.911088353040916
2023-11-11 00:00:00-06:00,8.122903422299999,8.122903422299999,31.333551566550415,31.333551566550415,-23.210648144250417,-23.210648144250417,24.034348562782775,0.8237004185323582,2.6437783419061054,0.0453035230192797,2.598474818886826
2023-11-12 00:00:00-06:00,7.9796455749,7.9796455749,32.424913377857735,32.424913377857735,-24.445267802957737,-24.445267802957737,25.259303040788005,0.8140352378302689,2.7785233344866804,0.04477193808066479,2.733751396406016
2023-11-13 00:00:00-06:00,2.407619178899999,2.407619178899999,27.286559000540194,27.286559000540194,-24.878939821640195,-24.878939821640195,24.878939821640195,0.0,2.7366833803804216,0.0,2.7366833803804216
2023-11-14 00:00:00-06:00,7.6608096057,7.6608096057,28.143882240885254,28.143882240885254,-20.483072635185255,-20.483072635185255,21.36884863981202,0.8857760046267628,2.3505733503793222,0.04871768025447195,2.3018556701248505
2023-11-15 00:00:00-06:00,6.851515663799999,6.851515663799999,26.182014815187117,26.182014815187117,-19.33049915138712,-19.33049915138712,19.98832937943783,0.6578302280507091,2.198716231738161,0.036180662542789004,2.1625355691953723
2023-11-16 00:00:00-06:00,3.6063865142999996,3.6063865142999996,29.524644292421865,29.524644292421865,-25.918257778121863,-25.918257778121863,26.028385187556015,0.11012740943414973,2.8631223706311615,0.006057007518878235,2.8570653631122833
2023-11-17 00:00:00-06:00,7.6522111613999995,7.6522111613999995,26.412939491993164,26.412939491993164,-18.760728330593164,-18.760728330593164,19.729986714025443,0.9692583834322785,2.1702985385427986,0.05330921108877532,2.1169893274540232
2023-11-18 00:00:00-06:00,7.5914137386,7.5914137386,28.751073395242326,28.751073395242326,-21.159659656642326,-21.159659656642326,22.05270951501396,0.8930498583716322,2.4257980466515354,0.04911774221043977,2.376680304441096
2023-11-19 00:00:00-06:00,6.0281097803999995,6.0281097803999995,32.219012273509726,32.219012273509726,-26.19090249310973,-26.19090249310973,26.242200053165657,0.05129756005592867,2.8866420058482225,0.0028213658030760767,2.8838206400451463
2023-11-20 00:00:00-06:00,5.836202752499999,5.836202752499999,26.49185222264521,26.49185222264521,-20.655649470145214,-20.655649470145214,20.776569420175502,0.12091995003028777,2.2854226362193053,0.006650597251665827,2.2787720389676394
2023-11-21 00:00:00-06:00,6.962989429799999,6.962989429799999,25.112310837065102,25.112310837065102,-18.149321407265106,-18.149321407265106,19.05442746948086,0.905106062215757,2.0959870216428946,0.049780833421866635,2.046206188221028
2023-11-22 00:00:00-06:00,4.479577541099999,4.479577541099999,29.838641389795008,29.838641389795008,-25.35906384869501,-25.35906384869501,25.35906384869501,0.0,2.789497023356451,0.0,2.789497023356451
2023-11-23 00:00:00-06:00,6.719197049999999,6.719197049999999,25.738501120522194,25.738501120522194,-19.019304070522196,-19.019304070522196,20.27000915475361,1.2507050842314116,2.229701007022897,0.06878877963272764,2.160912227390169
2023-11-24 00:00:00-06:00,8.326189143899999,8.326189143899999,29.307404623993623,29.307404623993623,-20.981215480093624,-20.981215480093624,22.1648305965409,1.183615116447276,2.438131365619499,0.06509883140460017,2.373032534214899
2023-11-25 00:00:00-06:00,8.0554834476,8.0554834476,30.003890639478158,30.003890639478158,-21.948407191878157,-21.948407191878157,22.806359634811564,0.8579524429334047,2.508699559829272,0.04718738436133726,2.4615121754679348
2023-11-26 00:00:00-06:00,5.991929181,5.991929181,29.74888858098197,29.74888858098197,-23.75695939998197,-23.75695939998197,24.237803588011012,0.48084418802904405,2.6661583946812115,0.026446430341597424,2.639711964339614
2023-11-27 00:00:00-06:00,5.1140227634999995,5.1140227634999995,27.29083254831242,27.29083254831242,-22.17680978481242,-22.17680978481242,23.097447190689426,0.9206374058770064,2.5407191909758366,0.05063505732323535,2.4900841336526014
2023-11-28 00:00:00-06:00,7.198115367824999,7.198115367824999,25.518430504474352,25.518430504474352,-18.320315136649352,-18.320315136649352,19.48131460119029,1.1609994645409383,2.142944606130932,0.0638549705497516,2.0790896355811803
2023-11-29 00:00:00-06:00,7.385146979399999,7.385146979399999,29.52615326290581,29.52615326290581,-22.141006283505813,-22.141006283505813,23.012245591788286,0.8712393082824728,2.5313470150967117,0.047918161955536005,2.4834288531411755
2023-11-30 00:00:00-06:00,6.743692985625,6.743692985625,28.425868831538573,28.425868831538573,-21.682175845913573,-21.682175845913573,22.505567898614128,0.8233920527005537,2.475612468847554,0.045286562898530454,2.4303259059490236
2023-12-01 00:00:00-06:00,5.0025834414,5.0025834414,29.8460836444434,29.8460836444434,-24.8435002030434,-24.8435002030434,24.8435002030434,0.0,2.7327850223347743,0.0,2.7327850223347743
2023-12-02 00:00:00-06:00,7.051496133824999,7.051496133824999,27.872445669531864,27.872445669531864,-20.820949535706863,-20.820949535706863,21.64219109922723,0.821241563520366,2.3806410209149953,0.04516828599362013,2.335472734921375
2023-12-03 00:00:00-06:00,6.0854312151,6.0854312151,27.66020639844402,27.66020639844402,-21.57477518334402,-21.57477518334402,22.469559192257663,0.8947840089136436,2.471651511148343,0.0492131204902504,2.422438390658092
2023-12-04 00:00:00-06:00,3.2612144285249998,3.2612144285249998,25.064466254875786,25.064466254875786,-21.803251826350788,-21.803251826350788,21.873841500220607,0.07058967386982112,2.406122565024267,0.003882432062840162,2.4022401329614267
2023-12-05 00:00:00-06:00,1.8783663641999995,1.8783663641999995,26.931540911870336,26.931540911870336,-25.053174547670334,-25.053174547670334,25.053174547670334,0.0,2.7558492002437367,0.0,2.7558492002437367
2023-12-06 00:00:00-06:00,5.728405227525,5.728405227525,26.1874000938509,26.1874000938509,-20.4589948663259,-20.4589948663259,20.645159170745494,0.18616430441959353,2.2709675087820043,0.010239036743077645,2.2607284720389265
2023-12-07 00:00:00-06:00,2.4213735263249996,2.4213735263249996,26.93601776308393,26.93601776308393,-24.514644236758933,-24.514644236758933,24.514644236758933,0.0,2.6966108660434824,0.0,2.6966108660434824
2023-12-08 00:00:00-06:00,0.3112764707249996,0.3112764707249996,28.779654368038837,28.779654368038837,-28.468377897313836,-28.468377897313836,28.468377897313836,0.0,3.131521568704522,0.0,3.131521568704522
2023-12-09 00:00:00-06:00,7.2102914261999995,7.2102914261999995,27.774031172261907,27.774031172261907,-20.56373974606191,-20.56373974606191,21.51427939699434,0.9505396509324318,2.3665707336693775,0.05227968080128375,2.314291052868094
2023-12-10 00:00:00-06:00,3.719648247299999,3.719648247299999,29.651432826841894,29.651432826841894,-25.931784579541894,-25.931784579541894,26.480858771592718,0.5490741920508236,2.912894464875199,0.0301990805627953,2.8826953843124037
2023-12-11 00:00:00-06:00,2.8572401672999996,2.8572401672999996,24.59635047780802,24.59635047780802,-21.739110310508018,-21.739110310508018,22.36314164051296,0.6240313300049399,2.459945580456426,0.034321723150271696,2.4256238573061544
2023-12-12 00:00:00-06:00,6.543003082499999,6.543003082499999,27.958020791081903,27.958020791081903,-21.415017708581903,-21.415017708581903,22.255410245773234,0.8403925371913304,2.4480951270350557,0.046221589545523176,2.4018735374895326
2023-12-13 00:00:00-06:00,7.228875968999999,7.228875968999999,26.625719938040724,26.625719938040724,-19.396843969040727,-19.396843969040727,20.41030779416192,1.013463825121193,2.245133857357811,0.05574051038166561,2.1893933469761455
2023-12-14 00:00:00-06:00,3.5616082151249993,3.5616082151249993,28.835263565083988,28.835263565083988,-25.27365534995899,-25.27365534995899,25.27365534995899,0.0,2.780102088495489,0.0,2.780102088495489
2023-12-15 00:00:00-06:00,4.902838955325,4.902838955325,26.32235466593719,26.32235466593719,-21.419515710612192,-21.419515710612192,21.75011124705986,0.3305955364476663,2.3925122371765846,0.01818275450462165,2.3743294826719628
2023-12-16 00:00:00-06:00,5.360113342799999,5.360113342799999,32.68571081394538,32.68571081394538,-27.325597471145375,-27.325597471145375,27.758533659179708,0.43293618803433187,3.053438702509768,0.02381149034188825,3.02962721216788
2023-12-17 00:00:00-06:00,6.8459740623,6.8459740623,28.789549312385013,28.789549312385013,-21.94357525008501,-21.94357525008501,22.675503679613012,0.7319284295279975,2.4943054047574313,0.04025606362403986,2.4540493411333917
2023-12-18 00:00:00-06:00,6.105617484299999,6.105617484299999,24.884820839516685,24.884820839516685,-18.779203355216687,-18.779203355216687,19.21627228342858,0.4370689282118905,2.113789951177144,0.024038791051653977,2.08975116012549
2023-12-19 00:00:00-06:00,3.339677738699999,3.339677738699999,30.1530798183049,30.1530798183049,-26.8134020796049,-26.8134020796049,27.258480463315735,0.44507838371083597,2.998432850964731,0.02447931110409598,2.9739535398606347
2023-12-20 00:00:00-06:00,3.5791211339999993,3.5791211339999993,26.68825572541355,26.68825572541355,-23.10913459141355,-23.10913459141355,23.40776127264038,0.2986266812268273,2.574853739990442,0.0164244674674755,2.5584292725229663
2023-12-21 00:00:00-06:00,6.446555733824999,6.446555733824999,29.34600390884101,29.34600390884101,-22.899448175016012,-22.899448175016012,23.37577436953052,0.4763261945145101,2.5713351806483575,0.026197940698298054,2.5451372399500594
2023-12-22 00:00:00-06:00,6.6039975621,6.6039975621,25.807721382105317,25.807721382105317,-19.20372382000532,-19.20372382000532,20.086015387488573,0.8822915674832525,2.209461692623743,0.04852603621157889,2.160935656412164
2023-12-23 00:00:00-06:00,4.999780900124999,4.999780900124999,29.956136212101995,29.956136212101995,-24.956355311977,-24.956355311977,25.082556688137387,0.1262013761603883,2.7590812356951124,0.006941075688821356,2.752140160006291
2023-12-24 00:00:00-06:00,2.8449228287249997,2.8449228287249997,32.974308748707095,32.974308748707095,-30.12938591998209,-30.12938591998209,30.12938591998209,0.0,3.31423245119803,0.0,3.31423245119803
2023-12-25 00:00:00-06:00,3.1098881366999995,3.1098881366999995,25.717732762764143,25.717732762764143,-22.607844626064143,-22.607844626064143,22.607844626064143,0.0,2.4868629088670557,0.0,2.4868629088670557
2023-12-26 00:00:00-06:00,0.2018050193249993,0.2018050193249993,25.823770358990078,25.823770358990078,-25.621965339665078,-25.621965339665078,25.621965339665078,0.0,2.8184161873631584,0.0,2.8184161873631584
2023-12-27 00:00:00-06:00,7.1637495957,7.1637495957,25.99137646286232,25.99137646286232,-18.82762686716232,-18.82762686716232,20.06684053214535,1.2392136649830292,2.2073524585359885,0.0681567515740666,2.139195706961922
2023-12-28 00:00:00-06:00,7.265255444325,7.265255444325,27.767894307893457,27.767894307893457,-20.502638863568457,-20.502638863568457,21.423986765503155,0.9213479019346986,2.3566385442053472,0.050674134606408426,2.3059644095989387
2023-12-29 00:00:00-06:00,6.526227442499999,6.526227442499999,25.165782553097497,25.165782553097497,-18.6395551105975,-18.6395551105975,19.530547396448135,0.8909922858506394,2.148360213609295,0.04900457572178517,2.09935563788751
2023-12-30 00:00:00-06:00,7.425219641625,7.425219641625,30.754439036425154,30.754439036425154,-23.329219394800155,-23.329219394800155,24.299484145853928,0.9702647510537717,2.672943256043932,0.05336456130795745,2.6195786947359743
2023-12-31 00:00:00-06:00,5.749662700125,5.749662700125,28.55505312810613,28.55505312810613,-22.80539042798113,-22.80539042798113,23.910297096206204,1.1049066682250719,2.6301326805826823,0.060769866752378957,2.5693628138303035
2024-01-01 00:00:00-06:00,7.030084742324999,7.030084742324999,29.39320315987257,29.39320315987257,-22.36311841754757,-22.36311841754757,23.224973061906883,0.8618546443593127,2.5547470368097573,0.047402005439762196,2.507345031369995
2024-01-02 00:00:00-06:00,6.862303918799999,6.862303918799999,28.784216614715657,28.784216614715657,-21.92191269591566,-21.92191269591566,22.656530756712005,0.7346180607963452,2.4922183832383205,0.04040399334379898,2.4518143898945213
2024-01-03 00:00:00-06:00,0.9357085493999995,0.9357085493999995,28.070363954376624,28.070363954376624,-27.134655404976627,-27.134655404976627,27.134655404976627,0.0,2.984812094547429,0.0,2.984812094547429
2024-01-04 00:00:00-06:00,2.6820344673,2.6820344673,25.814735480195885,25.814735480195885,-23.132701012895886,-23.132701012895886,23.24221726932299,0.109516256427103,2.556643899625529,0.006023394103490665,2.5506205055220383
2024-01-05 00:00:00-06:00,1.5439741499249997,1.5439741499249997,27.05076128548517,27.05076128548517,-25.50678713556017,-25.50678713556017,25.50678713556017,0.0,2.8057465849116188,0.0,2.8057465849116188
2024-01-06 00:00:00-06:00,7.6833402957,7.6833402957,30.275619701277254,30.275619701277254,-22.59227940557725,-22.59227940557725,23.65183933677018,1.0595599311929282,2.6017023270447197,0.058275796215611055,2.543426530829109
2024-01-07 00:00:00-06:00,1.3944589985249995,1.3944589985249995,32.54593015547111,32.54593015547111,-31.151471156946112,-31.151471156946112,31.151471156946112,0.0,3.4266618272640725,0.0,3.4266618272640725
2024-01-08 00:00:00-06:00,4.306215605624999,4.306215605624999,26.21107060094334,26.21107060094334,-21.904854995318342,-21.904854995318342,22.35191511307627,0.44706011775792825,2.45871066243839,0.024588306476686052,2.434122355961704
2024-01-09 00:00:00-06:00,3.3626394080999997,3.3626394080999997,30.020737127616915,30.020737127616915,-26.658097719516913,-26.658097719516913,26.658097719516913,0.0,2.9323907491468604,0.0,2.9323907491468604
2024-01-10 00:00:00-06:00,8.0451903348,8.0451903348,25.539610536918353,25.539610536918353,-17.494420202118352,-17.494420202118352,18.96237032928565,1.4679501271672977,2.0858607362214214,0.08073725699420137,2.00512347922722
2024-01-11 00:00:00-06:00,8.176346123399998,8.176346123399998,24.81572543350104,24.81572543350104,-16.63937931010104,-16.63937931010104,18.199793066726993,1.5604137566259506,2.001977237339969,0.08582275661442729,1.9161544807255417
2024-01-12 00:00:00-06:00,1.2348329201999995,1.2348329201999995,26.868654797765462,26.868654797765462,-25.63382187756546,-25.63382187756546,25.63382187756546,0.0,2.8197204065322006,0.0,2.8197204065322006
2024-01-13 00:00:00-06:00,9.3161936268,9.3161936268,32.31931576771007,32.31931576771007,-23.003122140910076,-23.003122140910076,24.517458435577826,1.5143362946677505,2.696920427913561,0.08328849620672628,2.6136319317068346
2024-01-14 00:00:00-06:00,9.3018292758,9.3018292758,31.764043280083847,31.764043280083847,-22.462214004283847,-22.462214004283847,24.17288678700612,1.7106727827222727,2.659017546570673,0.094087003049725,2.564930543520948
2024-01-15 00:00:00-06:00,9.173451052799999,9.173451052799999,27.96870671558318,27.96870671558318,-18.79525566278318,-18.79525566278318,20.642405975977795,1.8471503131946125,2.2706646573575573,0.10159326722570369,2.1690713901318537
2024-01-16 00:00:00-06:00,7.167427495199999,7.167427495199999,27.943847290373395,27.943847290373395,-20.776419795173396,-20.776419795173396,21.40829787832009,0.6318780831466971,2.35491276661521,0.03475329457306834,2.3201594720421417
2024-01-17 00:00:00-06:00,2.5771748399999996,2.5771748399999996,25.196378000755224,25.196378000755224,-22.619203160755223,-22.619203160755223,22.74636790738203,0.127164746626806,2.5021004698120235,0.00699406106447433,2.495106408747549
2024-01-18 00:00:00-06:00,7.4242333188,7.4242333188,25.558338002104403,25.558338002104403,-18.134104683304404,-18.134104683304404,19.521186446908214,1.3870817636038104,2.1473305091599033,0.07628949699820957,2.0710410121616936
2024-01-19 00:00:00-06:00,9.065521830599998,9.065521830599998,25.980905825977416,25.980905825977416,-16.915383995377415,-16.915383995377415,18.95215543674051,2.036771441363096,2.0847370980414563,0.11202242927497029,1.972714668766486
2024-01-20 00:00:00-06:00,6.0524663508,6.0524663508,27.53191664749905,27.53191664749905,-21.47945029669905,-21.47945029669905,21.623171015670984,0.14372071897193506,2.378548811723808,0.007904639543456429,2.3706441721803517
2024-01-21 00:00:00-06:00,2.477792988899999,2.477792988899999,31.91110520648773,31.91110520648773,-29.43331221758773,-29.43331221758773,29.79656747818896,0.36325526060122915,3.2776224226007855,0.019979039333067602,3.257643383267718
2024-01-22 00:00:00-06:00,4.791572061299999,4.791572061299999,30.170307952526553,30.170307952526553,-25.378735891226555,-25.378735891226555,26.414733069496787,1.0359971782702302,2.9056206376446467,0.05697984480486266,2.848640792839784
2024-01-23 00:00:00-06:00,4.249950084899999,4.249950084899999,25.158764792100357,25.158764792100357,-20.90881470720036,-20.90881470720036,20.90881470720036,0.0,2.2999696177920397,0.0,2.2999696177920397
2024-01-24 00:00:00-06:00,4.7567164734,4.7567164734,27.70208281569761,27.70208281569761,-22.94536634229761,-22.94536634229761,24.10702620183016,1.1616598595325465,2.6517728822013176,0.06389129227429005,2.5878815899270275
2024-01-25 00:00:00-06:00,8.139326666399999,8.139326666399999,26.103747824328266,26.103747824328266,-17.964421157928268,-17.964421157928268,19.552073375889165,1.5876522179608972,2.150728071347808,0.08732087198784934,2.0634071993599585
2024-01-26 00:00:00-06:00,7.026883671599999,7.026883671599999,24.956034307852082,24.956034307852082,-17.929150636252086,-17.929150636252086,19.54048776452243,1.611337128270349,2.1494536540974676,0.08862354205486919,2.0608301120425985
2024-01-27 00:00:00-06:00,8.409175884899998,8.409175884899998,28.67961394732005,28.67961394732005,-20.27043806242005,-20.27043806242005,21.83834219267507,1.5679041302550225,2.402217641194258,0.08623472716402623,2.315982914030232
2024-01-28 00:00:00-06:00,8.1988742943,8.1988742943,30.220913489965913,30.220913489965913,-22.022039195665915,-22.022039195665915,23.309663175309385,1.2876239796434703,2.5640629492840326,0.07081931888039086,2.493243630403642
2024-01-29 00:00:00-06:00,8.2790908434,8.2790908434,28.57915794661392,28.57915794661392,-20.300067103213916,-20.300067103213916,21.66570984889795,1.3656427456840337,2.3832280833787745,0.07511035101262185,2.308117732366153
2024-01-30 00:00:00-06:00,8.0099477424,8.0099477424,25.927978679952815,25.927978679952815,-17.918030937552818,-17.918030937552818,19.47887366300626,1.5608427254534463,2.1426761029306887,0.08584634989993954,2.0568297530307493
2024-01-31 00:00:00-06:00,7.481822890499999,7.481822890499999,28.09074852309829,28.09074852309829,-20.608925632598293,-20.608925632598293,22.01686586634485,1.4079402337465607,2.421855245297934,0.07743671285606084,2.344418532441873
2024-02-01 00:00:00-06:00,7.399556603999999,7.399556603999999,26.41616065084613,26.41616065084613,-19.016604046846133,-19.016604046846133,20.842949062734363,1.826345015888229,2.29272439690078,0.1004489758738526,2.1922754210269275
2024-02-02 00:00:00-06:00,0.8839516931999996,0.8839516931999996,29.17195064264157,29.17195064264157,-28.28799894944157,-28.28799894944157,28.28799894944157,0.0,3.1116798844385727,0.0,3.1116798844385727
2024-02-03 00:00:00-06:00,1.2921503318999994,1.2921503318999994,29.21965759522738,29.21965759522738,-27.927507263327378,-27.927507263327378,27.927507263327378,0.0,3.0720257989660116,0.0,3.0720257989660116
2024-02-04 00:00:00-06:00,1.0295156051999992,1.0295156051999992,33.57392662590036,33.57392662590036,-32.54441102070036,-32.54441102070036,32.54441102070036,0.0,3.5798852122770395,0.0,3.5798852122770395
2024-02-05 00:00:00-06:00,7.1497673513999995,7.1497673513999995,28.887355774118117,28.887355774118117,-21.73758842271812,-21.73758842271812,22.79803503547753,1.0604466127594088,2.507783853902528,0.05832456370176748,2.449459290200761
2024-02-06 00:00:00-06:00,1.5099603956999994,1.5099603956999994,25.89259190566573,25.89259190566573,-24.38263150996573,-24.38263150996573,24.38263150996573,0.0,2.6820894660962304,0.0,2.6820894660962304
2024-02-07 00:00:00-06:00,0.6278424452999996,0.6278424452999996,26.53438787913422,26.53438787913422,-25.906545433834218,-25.906545433834218,25.906545433834218,0.0,2.8497199977217638,0.0,2.8497199977217638
2024-02-08 00:00:00-06:00,1.1048192369999994,1.1048192369999994,26.892624575741095,26.892624575741095,-25.787805338741098,-25.787805338741098,25.787805338741098,0.0,2.8366585872615206,0.0,2.8366585872615206
2024-02-09 00:00:00-06:00,2.4524226170999994,2.4524226170999994,25.687745726081847,25.687745726081847,-23.23532310898185,-23.23532310898185,23.23532310898185,0.0,2.5558855419880033,0.0,2.5558855419880033
2024-02-10 00:00:00-06:00,4.276007261099999,4.276007261099999,27.415797025142574,27.415797025142574,-23.139789764042575,-23.139789764042575,23.71086241169349,0.5710726476509157,2.608194865286284,0.031408995620800365,2.5767858696654837
2024-02-11 00:00:00-06:00,5.594573423699999,5.594573423699999,30.57634015850502,30.57634015850502,-24.981766734805017,-24.981766734805017,26.099255289364102,1.1174885545590834,2.8709180818300513,0.06146187050074958,2.8094562113293016
2024-02-12 00:00:00-06:00,3.837825413999999,3.837825413999999,24.998507178592124,24.998507178592124,-21.160681764592123,-21.160681764592123,21.27285516635991,0.1121734017677874,2.34001406829959,0.006169537097228307,2.3338445312023617
2024-02-13 00:00:00-06:00,5.170909098599999,5.170909098599999,28.43721620667168,28.43721620667168,-23.26630710807168,-23.26630710807168,24.251030162396987,0.9847230543253074,2.6676133178636685,0.054159767987891905,2.6134535498757767
2024-02-14 00:00:00-06:00,3.9238037003249993,3.9238037003249993,28.951907700050082,28.951907700050082,-25.028103999725083,-25.028103999725083,25.29750512751772,0.269401127792638,2.7827255640269493,0.014817062028595089,2.7679085019983543
2024-02-15 00:00:00-06:00,2.9020472909999997,2.9020472909999997,29.190998526485867,29.190998526485867,-26.288951235485868,-26.288951235485868,26.288951235485868,0.0,2.8917846359034454,0.0,2.8917846359034454
2024-02-16 00:00:00-06:00,5.536174159124999,5.536174159124999,29.77283036435938,29.77283036435938,-24.23665620523438,-24.23665620523438,25.170503854224137,0.9338476489897571,2.768755423964655,0.051361620694436644,2.7173938032702183
2024-02-17 00:00:00-06:00,9.380581244999998,9.380581244999998,30.571319625605003,30.571319625605003,-21.190738380605005,-21.190738380605005,23.36152696973275,2.170788589127746,2.5697679666706024,0.11939337240202604,2.450374594268576
2024-02-18 00:00:00-06:00,8.543986147124999,8.543986147124999,26.492194252977427,26.492194252977427,-17.948208105852427,-17.948208105852427,19.767930506299866,1.8197224004474388,2.1744723556929855,0.10008473202460913,2.0743876236683763
2024-02-19 00:00:00-06:00,9.034009217999998,9.034009217999998,26.56641101411208,26.56641101411208,-17.532401796112083,-17.532401796112083,19.87439979158491,2.3419979954728287,2.1861839770743403,0.12880988975100557,2.0573740873233346
2024-02-20 00:00:00-06:00,7.5840014016,7.5840014016,26.208085587380296,26.208085587380296,-18.624084185780294,-18.624084185780294,20.75276734272187,2.1286831569415767,2.282804407699406,0.11707757363178672,2.1657268340676192
2024-02-21 00:00:00-06:00,9.035187038999998,9.035187038999998,23.801483699309077,23.801483699309077,-14.766296660309079,-14.766296660309079,17.249583386016475,2.483286725707397,1.8974541724618124,0.13658076991390683,1.7608734025479056
2024-02-22 00:00:00-06:00,9.233784925424999,9.233784925424999,28.03943135268688,28.03943135268688,-18.80564642726188,-18.80564642726188,20.77306869219688,1.9674222649349968,2.2850375561416567,0.10820822457142483,2.176829331570232
2024-02-23 00:00:00-06:00,9.1397896803,9.1397896803,25.66567332763731,25.66567332763731,-16.52588364733731,-16.52588364733731,18.870918832160626,2.3450351848233155,2.075801071537669,0.12897693516528236,1.9468241363723866
2024-02-24 00:00:00-06:00,6.2103634794,6.2103634794,31.755649230092004,31.755649230092004,-25.545285750692003,-25.545285750692003,25.841581176168763,0.2962954254767579,2.842573929378564,0.016296248401221684,2.826277680977342
2024-02-25 00:00:00-06:00,3.8553879764249994,3.8553879764249994,27.907348782964764,27.907348782964764,-24.051960806539764,-24.051960806539764,24.051960806539764,0.0,2.645715688719374,0.0,2.645715688719374
2024-02-26 00:00:00-06:00,6.829420480424999,6.829420480424999,28.716117775693963,28.716117775693963,-21.886697295268963,-21.886697295268963,22.82968927852592,0.9429919832569538,2.5112658206378513,0.051864559079132455,2.459401261558719
2024-02-27 00:00:00-06:00,6.292689406199999,6.292689406199999,26.696964438707198,26.696964438707198,-20.404275032507197,-20.404275032507197,21.533996512065986,1.1297214795587878,2.3687396163272587,0.06213468137573333,2.306604934951525
2024-02-28 00:00:00-06:00,9.777876808499999,9.777876808499999,29.898809571621875,29.898809571621875,-20.120932763121875,-20.120932763121875,22.374443995067033,2.2535112319451587,2.4611888394573738,0.12394311775698373,2.33724572170039
2024-02-29 00:00:00-06:00,9.3264871716,9.3264871716,24.687648976643604,24.687648976643604,-15.361161805043606,-15.361161805043606,17.95324210573035,2.5920803006867423,1.9748566316303384,0.14256441653777083,1.8322922150925676
2024-03-01 00:00:00-06:00,8.799570479924999,8.799570479924999,27.648076729348634,27.648076729348634,-18.848506249423636,-18.848506249423636,21.14869580240142,2.300189552977784,2.326356538264156,0.12651042541377813,2.199846112850378
2024-03-02 00:00:00-06:00,4.774533722099999,4.774533722099999,32.6244270832521,32.6244270832521,-27.849893361152105,-27.849893361152105,27.849893361152105,0.0,3.0634882697267316,0.0,3.0634882697267316
2024-03-03 00:00:00-06:00,3.208385022299999,3.208385022299999,31.333423401268732,31.333423401268732,-28.125038378968735,-28.125038378968735,28.125038378968735,0.0,3.093754221686561,0.0,3.093754221686561
2024-03-04 00:00:00-06:00,5.334575880825,5.334575880825,28.622734592269964,28.622734592269964,-23.288158711444964,-23.288158711444964,23.45600788848219,0.16784917703722513,2.5801608677330408,0.009231704737047382,2.570929162995993
2024-03-05 00:00:00-06:00,4.500877978125,4.500877978125,26.713117366455727,26.713117366455727,-22.212239388330726,-22.212239388330726,22.54678651361516,0.3345471252844347,2.4801465164976677,0.01840009189064391,2.461746424607024
2024-03-06 00:00:00-06:00,9.151698259124998,9.151698259124998,28.509450498809997,28.509450498809997,-19.357752239685,-19.357752239685,21.537919776737997,2.180167537052999,2.3691711754411795,0.11990921453791493,2.2492619609032647
2024-03-07 00:00:00-06:00,10.515683870324999,10.515683870324999,28.31485335044601,28.31485335044601,-17.799169480121012,-17.799169480121012,20.629207806959972,2.8300383268389613,2.269212858765597,0.15565210797614287,2.113560750789454
2024-03-08 00:00:00-06:00,10.281607624124998,10.281607624124998,29.447937986163378,29.447937986163378,-19.16633036203838,-19.16633036203838,21.707850244404163,2.541519882365784,2.387863526884458,0.13978359353011813,2.24807993335434
2024-03-09 00:00:00-06:00,9.8807298984,9.8807298984,27.276880496954927,27.276880496954927,-17.39615059855493,-17.39615059855493,19.855599771889946,2.459449173335015,2.184115974907894,0.13526970453342582,2.0488462703744683
2024-03-10 00:00:00-06:00,9.771244946325,9.771244946325,29.922201108805268,29.922201108805268,-20.15095616248027,-20.15095616248027,23.12279096132332,2.9718347988430525,2.5435070057455653,0.16345091393636788,2.3800560918091973
2024-03-11 00:00:00-05:00,8.470572772499999,8.470572772499999,28.58789676344815,28.58789676344815,-20.11732399094815,-20.11732399094815,22.965279524077854,2.8479555331297015,2.526180747648564,0.15663755432213358,2.3695431933264306
2024-03-12 00:00:00-05:00,5.403404558925,5.403404558925,27.221752255321515,27.221752255321515,-21.818347696396515,-21.818347696396515,22.45914766328197,0.6407999668854554,2.470506242961017,0.035243998178700046,2.435262244782317
2024-03-13 00:00:00-05:00,9.743506242525,9.743506242525,29.884717751035645,29.884717751035645,-20.141211508510644,-20.141211508510644,23.06572392195083,2.924512413440186,2.5372296314145912,0.16084818273921023,2.376381448675381
2024-03-14 00:00:00-05:00,1.6104421262249993,1.6104421262249993,24.600124482795767,24.600124482795767,-22.989682356570768,-22.989682356570768,22.989682356570768,0.0,2.5288650592227846,0.0,2.5288650592227846
2024-03-15 00:00:00-05:00,9.636117417225,9.636117417225,27.90250296303199,27.90250296303199,-18.266385545806987,-18.266385545806987,21.15251027144638,2.886124725639394,2.326776129859102,0.15873685991016667,2.168039269948935
2024-03-16 00:00:00-05:00,9.796010493825,9.796010493825,31.177950420884944,31.177950420884944,-21.381939927059943,-21.381939927059943,24.1246770411018,2.742737114041857,2.6537144745211982,0.15085054127230213,2.502863933248896
2024-03-17 00:00:00-05:00,9.614290428224999,9.614290428224999,28.92734923296728,28.92734923296728,-19.313058804742283,-19.313058804742283,22.961542122108334,3.6484833173660522,2.5257696334319166,0.20066658245513289,2.3251030509767836
2024-03-18 00:00:00-05:00,10.271723483699999,10.271723483699999,25.078215837829198,25.078215837829198,-14.806492354129198,-14.806492354129198,18.400951081456128,3.594458727326929,2.024104618960174,0.1976952300029811,1.826409388957193
2024-03-19 00:00:00-05:00,8.177249457,8.177249457,29.395958763118372,29.395958763118372,-21.218709306118374,-21.218709306118374,24.044573504399498,2.825864198281124,2.6449030854839446,0.15542253090546182,2.4894805545784826
2024-03-20 00:00:00-05:00,2.0422344104999994,2.0422344104999994,25.171647530712804,25.171647530712804,-23.129413120212803,-23.129413120212803,23.129413120212803,0.0,2.544235443223408,0.0,2.544235443223408
2024-03-21 00:00:00-05:00,0.9423111374999993,0.9423111374999993,30.19587304434632,30.19587304434632,-29.253561906846322,-29.253561906846322,29.253561906846322,0.0,3.2178918097530955,0.0,3.2178918097530955
2024-03-22 00:00:00-05:00,3.685951534499999,3.685951534499999,24.734474328135242,24.734474328135242,-21.048522793635243,-21.048522793635243,21.37941531182431,0.3308925181890673,2.351735684300674,0.0181990885003987,2.3335365958002754
2024-03-23 00:00:00-05:00,2.3719442111999993,2.3719442111999993,33.2463179133586,33.2463179133586,-30.874373702158604,-30.874373702158604,30.874373702158604,0.0,3.3961811072374464,0.0,3.3961811072374464
2024-03-24 00:00:00-05:00,1.035491449724999,1.035491449724999,27.66624063241927,27.66624063241927,-26.630749182694274,-26.630749182694274,26.630749182694274,0.0,2.92938241009637,0.0,2.92938241009637
2024-03-25 00:00:00-05:00,11.664181344825,11.664181344825,27.536657882853785,27.536657882853785,-15.872476538028787,-15.872476538028787,20.03211936010129,4.159642822072505,2.203533129611142,0.2287803552139878,1.9747527743971542
2024-03-26 00:00:00-05:00,12.156734725424998,12.156734725424998,25.304358049947854,25.304358049947854,-13.147623324522856,-13.147623324522856,17.901418466639598,4.753795142116741,1.9691560313303558,0.26145873281642074,1.707697298513935
2024-03-27 00:00:00-05:00,11.487445479899998,11.487445479899998,28.27122152902351,28.27122152902351,-16.78377604912351,-16.78377604912351,20.6053031471981,3.821527098074588,2.266583346191791,0.21018399039410235,2.0563993557976885
2024-03-28 00:00:00-05:00,3.908418501599999,3.908418501599999,29.43742325240925,29.43742325240925,-25.529004750809253,-25.529004750809253,25.587073010180646,0.05806825937139404,2.814578031119871,0.003193754265426672,2.8113842768544446
2024-03-29 00:00:00-05:00,9.855945572399998,9.855945572399998,25.984676921301286,25.984676921301286,-16.12873134890129,-16.12873134890129,19.725337138120796,3.5966057892195065,2.1697870851932874,0.19781331840707286,1.9719737667862145
2024-03-30 00:00:00-05:00,3.8769973865999985,3.8769973865999985,32.028577259682365,32.028577259682365,-28.151579873082362,-28.151579873082362,28.151579873082362,0.0,3.0966737860390596,0.0,3.0966737860390596
2024-03-31 00:00:00-05:00,2.2075599815999993,2.2075599815999993,32.5403820412685,32.5403820412685,-30.332822059668505,-30.332822059668505,30.332822059668505,0.0,3.3366104265635355,0.0,3.3366104265635355
2024-04-01 00:00:00-05:00,6.550448213699998,6.550448213699998,25.27262278455432,25.27262278455432,-18.72217457085432,-18.72217457085432,20.136967437450622,1.414792866596301,2.2150664181195685,0.07781360766279656,2.137252810456772
2024-04-02 00:00:00-05:00,10.970585556524998,10.970585556524998,24.719166768956345,24.719166768956345,-13.748581212431347,-13.748581212431347,17.75326397905827,4.004682766626924,1.95285903769641,0.22025755216448079,1.7326014855319292
2024-04-03 00:00:00-05:00,10.659185595224999,10.659185595224999,29.73473990677061,29.73473990677061,-19.07555431154561,-19.07555431154561,22.274807950304787,3.199253638759178,2.4502288745335266,0.1759589501317548,2.274269924401772
2024-04-04 00:00:00-05:00,7.209409019624999,7.209409019624999,25.243680828032453,25.243680828032453,-18.034271808407453,-18.034271808407453,19.592884665182574,1.5586128567751205,2.155217313170083,0.08572370712263162,2.0694936060474514
2024-04-05 00:00:00-05:00,4.8798821999249995,4.8798821999249995,25.861368901107895,25.861368901107895,-20.981486701182895,-20.981486701182895,21.25306607958508,0.2715793784021837,2.3378372687543587,0.014936865812120104,2.3229004029422384
2024-04-06 00:00:00-05:00,7.64352446625,7.64352446625,31.889958838059233,31.889958838059233,-24.246434371809233,-24.246434371809233,26.032115973549757,1.7856816017405253,2.863532757090473,0.09821248809572888,2.7653202689947443
2024-04-07 00:00:00-05:00,2.171426645699999,2.171426645699999,31.365654577669986,31.365654577669986,-29.194227931969987,-29.194227931969987,29.194227931969987,0.0,3.2113650725166987,0.0,3.2113650725166987
2024-04-08 00:00:00-05:00,5.3322087861,5.3322087861,25.986817429580622,25.986817429580622,-20.654608643480625,-20.654608643480625,22.221084389222845,1.5664757457422223,2.444319282814513,0.08615616601582222,2.3581631167986905
2024-04-09 00:00:00-05:00,9.255732682724998,9.255732682724998,28.073649199293772,28.073649199293772,-18.817916516568776,-18.817916516568776,20.891080645037366,2.073164128468592,2.2980188709541105,0.11402402706577255,2.183994843888338
2024-04-10 00:00:00-05:00,4.160918627099999,4.160918627099999,24.78609224115461,24.78609224115461,-20.62517361405461,-20.62517361405461,20.754680444783116,0.12950683072850494,2.283014848926143,0.007122875690067772,2.275891973236075
2024-04-11 00:00:00-05:00,11.332490984099998,11.332490984099998,26.070572261230804,26.070572261230804,-14.738081277130807,-14.738081277130807,18.654996095263627,3.916914818132819,2.052049570478999,0.21543031499730506,1.8366192554816938
2024-04-12 00:00:00-05:00,10.74436553745,10.74436553745,26.06571137139626,26.06571137139626,-15.32134583394626,-15.32134583394626,18.98328792573667,3.661942091790406,2.0881616718310334,0.20140681504847235,1.8867548567825612
2024-04-13 00:00:00-05:00,10.3470643404,10.3470643404,32.67565678686133,32.67565678686133,-22.32859244646133,-22.32859244646133,25.032583978975207,2.7039915325138777,2.753584237687273,0.14871953428826326,2.6048647033990098
2024-04-14 00:00:00-05:00,9.95152942935,9.95152942935,27.81778697750692,27.81778697750692,-17.866257548156923,-17.866257548156923,20.7719508278075,2.905693279650577,2.284914591058825,0.15981313038078174,2.125101460678043
2024-04-15 00:00:00-05:00,7.100324029349999,7.100324029349999,26.49651899933388,26.49651899933388,-19.396194969983878,-19.396194969983878,21.08706734380222,1.690872373818342,2.3195774078182443,0.09299798056000881,2.2265794272582355
2024-04-16 00:00:00-05:00,4.2053933915999995,4.2053933915999995,24.491936331367015,24.491936331367015,-20.286542939767013,-20.286542939767013,21.153455262705474,0.8669123229384614,2.3268800788976023,0.04768017776161538,2.279199901135987
2024-04-17 00:00:00-05:00,6.6029310864,6.6029310864,27.17457102811987,27.17457102811987,-20.571639941719873,-20.571639941719873,21.529279227649013,0.9576392859291414,2.3682207150413914,0.052670160726102776,2.315550554315289
2024-04-18 00:00:00-05:00,7.642232891549999,7.642232891549999,27.54445232356262,27.54445232356262,-19.902219432012622,-19.902219432012622,21.98665535837566,2.08443592636304,2.4185320894213227,0.11464397594996721,2.3038881134713556
2024-04-19 00:00:00-05:00,5.987298008699999,5.987298008699999,26.156433244519285,26.156433244519285,-20.169135235819287,-20.169135235819287,21.103278443486833,0.934143207667544,2.3213606287835518,0.05137787642171492,2.269982752361837
2024-04-20 00:00:00-05:00,11.729490881399999,11.729490881399999,32.524391742676805,32.524391742676805,-20.7949008612768,-20.7949008612768,24.20634206108633,3.411441199809527,2.662697626719496,0.18762926598952398,2.475068360729972
2024-04-21 00:00:00-05:00,10.323117567899999,10.323117567899999,29.962300538303193,29.962300538303193,-19.639182970403194,-19.639182970403194,22.561718729570085,2.9225357591668937,2.4817890602527095,0.16073946675417916,2.3210495934985302
2024-04-22 00:00:00-05:00,10.783145438999998,10.783145438999998,28.188430618807974,28.188430618807974,-17.405285179807976,-17.405285179807976,20.965876740933396,3.5605915611254217,2.3062464415026738,0.1958325358618982,2.1104139056407756
2024-04-23 00:00:00-05:00,11.293332969149999,11.293332969149999,27.362805005280148,27.362805005280148,-16.069472036130147,-16.069472036130147,19.901292283292822,3.8318202471626726,2.1891421511622102,0.210750113593947,1.9783920375682633
2024-04-24 00:00:00-05:00,10.7746118487,10.7746118487,29.012551764330645,29.012551764330645,-18.237939915630648,-18.237939915630648,21.471014786727764,3.233074871097118,2.361811626540054,0.1778191179103415,2.1839925086297125
2024-04-25 00:00:00-05:00,9.1793013777,9.1793013777,26.194474196178962,26.194474196178962,-17.015172818478963,-17.015172818478963,19.801028092646025,2.78585527416706,2.178113090191063,0.1532220400791883,2.0248910501118744
2024-04-26 00:00:00-05:00,2.6445668251499987,2.6445668251499987,27.771045769829065,27.771045769829065,-25.126478944679068,-25.126478944679068,25.126478944679068,0.0,2.7639126839146977,0.0,2.7639126839146977
2024-04-27 00:00:00-05:00,11.322700474949999,11.322700474949999,30.99806013864461,30.99806013864461,-19.675359663694614,-19.675359663694614,22.854002976738077,3.1786433130434637,2.5139403274411882,0.1748253822173905,2.339114945223798
2024-04-28 00:00:00-05:00,7.225544781899998,7.225544781899998,31.3606899432145,31.3606899432145,-24.135145161314497,-24.135145161314497,25.734010114983388,1.5988649536688901,2.8307411126481727,0.08793757245178896,2.742803540196384
2024-04-29 00:00:00-05:00,9.337463951399998,9.337463951399998,25.187319630421012,25.187319630421012,-15.849855679021013,-15.849855679021013,18.15059699316133,2.300741314140316,1.9965656692477463,0.12654077227771737,1.8700248969700288
2024-04-30 00:00:00-05:00,5.021911228049999,5.021911228049999,26.86975657878684,26.86975657878684,-21.847845350736844,-21.847845350736844,22.636350423733106,0.7885050729962628,2.4899985466106416,0.04336777901479445,2.446630767595847
2024-05-01 00:00:00-05:00,7.022881202399999,7.022881202399999,27.3811148547544,27.3811148547544,-20.3582336523544,-20.3582336523544,20.918512216380737,0.5602785640263349,2.301036343801881,0.03081532102144842,2.2702210227804325
2024-05-02 00:00:00-05:00,8.1588049389,8.1588049389,28.88170293921535,28.88170293921535,-20.722898000315354,-20.722898000315354,22.345528935308266,1.6226309349929129,2.4580081828839093,0.0892447014246102,2.368763481459299
2024-05-03 00:00:00-05:00,5.164953627599998,5.164953627599998,26.462289541708543,26.462289541708543,-21.297335914108544,-21.297335914108544,22.306054926010443,1.0087190119018996,2.453666041861149,0.05547954565460448,2.3981864962065442
2024-05-04 00:00:00-05:00,11.193439122449998,11.193439122449998,28.858188940817264,28.858188940817264,-17.664749818367266,-17.664749818367266,21.30692242773992,3.642172609372655,2.343761467051391,0.20031949351549602,2.143441973535895
2024-05-05 00:00:00-05:00,8.8661035647,8.8661035647,29.312677284995736,29.312677284995736,-20.446573720295735,-20.446573720295735,22.263035726243572,1.8164620059478365,2.448933929886793,0.099905410327131,2.349028519559662
2024-05-06 00:00:00-05:00,2.307019332149999,2.307019332149999,25.016614449872275,25.016614449872275,-22.709595117722277,-22.709595117722277,22.82179831829166,0.11220320056938116,2.5103978150120825,0.006171176031315963,2.5042266389807666
2024-05-07 00:00:00-05:00,2.6123315386499986,2.6123315386499986,26.356275789280378,26.356275789280378,-23.74394425063038,-23.74394425063038,23.77671374938484,0.03276949875445717,2.6154385124323323,0.0018023224314951444,2.613636190000837
2024-05-08 00:00:00-05:00,5.080145473349999,5.080145473349999,29.579624037524813,29.579624037524813,-24.49947856417481,-24.49947856417481,24.692028527659158,0.19254996348434783,2.7161231380425073,0.01059024799163913,2.705532890050868
2024-05-09 00:00:00-05:00,7.439469912899999,7.439469912899999,27.330274782989708,27.330274782989708,-19.89080487008971,-19.89080487008971,21.34108964941055,1.450284779320839,2.3475198614351602,0.07976566286264615,2.267754198572514
2024-05-10 00:00:00-05:00,10.860468276599997,10.860468276599997,24.848568731913804,24.848568731913804,-13.988100455313807,-13.988100455313807,17.607134473919455,3.6190340186056478,1.93678479213114,0.19904687102331062,1.7377379211078294
2024-05-11 00:00:00-05:00,10.219867073099998,10.219867073099998,30.731778489797517,30.731778489797517,-20.51191141669752,-20.51191141669752,23.015278147552447,2.50336673085493,2.5316805962307694,0.13768517019702115,2.393995426033748
2024-05-12 00:00:00-05:00,7.794263723399999,7.794263723399999,28.5586681576147,28.5586681576147,-20.7644044342147,-20.7644044342147,21.705929120310945,0.9415246860962428,2.387652203234204,0.05178385773529336,2.3358683454989104
2024-05-13 00:00:00-05:00,8.552948221349999,8.552948221349999,28.674786175196473,28.674786175196473,-20.121837953846477,-20.121837953846477,22.066094421927012,1.9442564680805374,2.4272703864119713,0.10693410574442956,2.320336280667542
2024-05-14 00:00:00-05:00,8.801607756149998,8.801607756149998,26.46206852448299,26.46206852448299,-17.660460768332992,-17.660460768332992,19.546575406235707,1.8861146379027147,2.150123294685928,0.10373630508464932,2.0463869896012787
2024-05-15 00:00:00-05:00,9.3249294795,9.3249294795,29.847013551310482,29.847013551310482,-20.522084071810482,-20.522084071810482,23.498895788652813,2.976811716842332,2.5848785367518095,0.16372464442632825,2.4211538923254814
2024-05-16 00:00:00-05:00,7.450780712399999,7.450780712399999,27.75392626813783,27.75392626813783,-20.303145555737828,-20.303145555737828,21.356967249776513,1.0538216940386846,2.3492663974754167,0.05796019317212765,2.291306204303289
2024-05-17 00:00:00-05:00,7.326146652299999,7.326146652299999,27.776656329604062,27.776656329604062,-20.450509677304062,-20.450509677304062,21.83870289237869,1.38819321507463,2.402257318161656,0.07635062682910465,2.3259066913325515
2024-05-18 00:00:00-05:00,10.077835349699999,10.077835349699999,29.58053282025992,29.58053282025992,-19.50269747055992,-19.50269747055992,22.083753418941225,2.5810559483813043,2.4292128760835348,0.14195807716097172,2.287254798922563
2024-05-19 00:00:00-05:00,8.195060522699999,8.195060522699999,30.826702957059474,30.826702957059474,-22.631642434359474,-22.631642434359474,24.9700884481399,2.338446013780427,2.746709729295389,0.12861453075792348,2.6180951985374654
2024-05-20 00:00:00-05:00,7.802626814099999,7.802626814099999,27.738330991719995,27.738330991719995,-19.935704177619993,-19.935704177619993,20.908438388729635,0.9727342111096404,2.29992822276026,0.053500381611030226,2.2464278411492296
2024-05-21 00:00:00-05:00,7.957415197799999,7.957415197799999,28.39006569099636,28.39006569099636,-20.43265049319636,-20.43265049319636,22.54531572072222,2.1126652275258615,2.479984729279444,0.11619658751392238,2.3637881417655215
2024-05-22 00:00:00-05:00,7.814422576799999,7.814422576799999,26.465078564737713,26.465078564737713,-18.650655987937714,-18.650655987937714,20.068091048325666,1.4174350603879522,2.2074900153158232,0.07795892832133737,2.129531086994486
2024-05-23 00:00:00-05:00,5.176275683399999,5.176275683399999,26.730421649231808,26.730421649231808,-21.554145965831808,-21.554145965831808,22.58134332351685,1.0271973576850435,2.4839477655868536,0.05649585467267739,2.427451910914176
2024-05-24 00:00:00-05:00,7.851786950699998,7.851786950699998,25.945567034796085,25.945567034796085,-18.093780084096085,-18.093780084096085,20.6736386666013,2.579858582505212,2.274100253326143,0.14189222203778665,2.1322080312883562
2024-05-25 00:00:00-05:00,10.034907145199998,10.034907145199998,30.57516700393936,30.57516700393936,-20.54025985873936,-20.54025985873936,22.78485354595616,2.2445936872168013,2.5063338900551777,0.12345265279692408,2.3828812372582537
2024-05-26 00:00:00-05:00,6.742275359399999,6.742275359399999,27.378784958616635,27.378784958616635,-20.636509599216637,-20.636509599216637,21.705267927885064,1.068758328668426,2.387579472067357,0.058781708076763424,2.3287977639905932
2024-05-27 00:00:00-05:00,8.7184378755,8.7184378755,25.8237695291928,25.8237695291928,-17.1053316536928,-17.1053316536928,19.36299542926655,2.2576637755737496,2.1299294972193206,0.12417150765655623,2.005757989562764
2024-05-28 00:00:00-05:00,10.9810084293,10.9810084293,29.82789513254399,29.82789513254399,-18.84688670324399,-18.84688670324399,22.004321763831395,3.1574350605874066,2.4204753940214534,0.17365892833230737,2.246816465689146
2024-05-29 00:00:00-05:00,9.627039502199999,9.627039502199999,29.128046981449494,29.128046981449494,-19.501007479249495,-19.501007479249495,22.31739433663776,2.8163868573882676,2.4549133770301537,0.1549012771563547,2.3000120998737987
2024-05-30 00:00:00-05:00,11.004674868899999,11.004674868899999,28.827434928477764,28.827434928477764,-17.822760059577764,-17.822760059577764,21.13408192583508,3.3113218662573156,2.324749011841859,0.18212270264415237,2.1426263091977065
2024-05-31 00:00:00-05:00,7.359831641699999,7.359831641699999,27.077804887948744,27.077804887948744,-19.717973246248746,-19.717973246248746,21.16669967586172,1.448726429612977,2.3283369643447895,0.07967995362871373,2.2486570107160757
2024-06-01 00:00:00-05:00,11.0551676526,11.0551676526,32.76139550381734,32.76139550381734,-21.706227851217342,-21.706227851217342,24.57770162177259,2.8714737705552493,2.703547178394985,0.15793105738053873,2.5456161210144463
2024-06-02 00:00:00-05:00,7.344451550699999,7.344451550699999,27.331334788199673,27.331334788199673,-19.986883237499672,-19.986883237499672,21.845945222440402,1.8590619849407304,2.4030539744684445,0.10224840917174018,2.300805565296704
2024-06-03 00:00:00-05:00,8.070251745599998,8.070251745599998,26.227287032346936,26.227287032346936,-18.15703528674694,-18.15703528674694,20.47534850315482,2.318313216407881,2.25228833534703,0.12750722690243343,2.124781108444597
2024-06-04 00:00:00-05:00,10.8441396756,10.8441396756,25.045918083317986,25.045918083317986,-14.201778407717988,-14.201778407717988,17.752161835353622,3.5503834276356336,1.9527378018888983,0.19527108851995986,1.7574667133689386
2024-06-05 00:00:00-05:00,10.750623164099999,10.750623164099999,28.693201857395696,28.693201857395696,-17.942578693295694,-17.942578693295694,21.042886918020134,3.100308224724439,2.314717560982215,0.17051695235984415,2.144200608622371
2024-06-06 00:00:00-05:00,10.987693070399999,10.987693070399999,28.80497441217655,28.80497441217655,-17.81728134177655,-17.81728134177655,21.063632186891645,3.2463508451150975,2.316999540558081,0.17854929648133036,2.1384502440767506
2024-06-07 00:00:00-05:00,9.373568642999999,9.373568642999999,28.296146985462094,28.296146985462094,-18.922578342462096,-18.922578342462096,21.043426478458237,2.12084813599614,2.314776912630406,0.11664664747978772,2.1981302651506183
2024-06-08 00:00:00-05:00,9.010311353099999,9.010311353099999,27.781753098685087,27.781753098685087,-18.77144174558509,-18.77144174558509,21.086140002228824,2.314698256643736,2.3194754002451705,0.12730840411540548,2.192166996129765
2024-06-09 00:00:00-05:00,10.2136453011,10.2136453011,32.09382559107446,32.09382559107446,-21.88018028997446,-21.88018028997446,24.30555481638729,2.4253745264128272,2.673611029802602,0.1333955989527055,2.5402154308498965
2024-06-10 00:00:00-05:00,3.493882104299999,3.493882104299999,30.03933410457958,30.03933410457958,-26.54545200027958,-26.54545200027958,26.54545200027958,0.0,2.919999720030754,0.0,2.919999720030754
2024-06-11 00:00:00-05:00,10.321540554599999,10.321540554599999,28.207898290798713,28.207898290798713,-17.88635773619871,-17.88635773619871,20.828320209965817,2.941962473767104,2.2911152230962397,0.1618079360571907,2.129307287039049
2024-06-12 00:00:00-05:00,10.670785587,10.670785587,25.786735402207466,25.786735402207466,-15.115949815207468,-15.115949815207468,18.49669695283551,3.38074713762804,2.0346366648119063,0.1859410925695422,1.8486955722423641
2024-06-13 00:00:00-05:00,11.002221243899998,11.002221243899998,24.711113414021746,24.711113414021746,-13.708892170121747,-13.708892170121747,17.349769879750255,3.6408777096285094,1.908474686772528,0.20024827402956802,1.70822641274296
2024-06-14 00:00:00-05:00,8.852024690099999,8.852024690099999,28.901293499073375,28.901293499073375,-20.049268808973377,-20.049268808973377,21.499009445746736,1.4497406367733596,2.364891039032141,0.07973573502253478,2.2851553040096064
2024-06-15 00:00:00-05:00,8.616839942699999,8.616839942699999,28.78909242102215,28.78909242102215,-20.17225247832215,-20.17225247832215,21.987538006411288,1.815285528089138,2.4186291807052416,0.0998407040449026,2.318788476660339
2024-06-16 00:00:00-05:00,10.798821344699999,10.798821344699999,29.25827468953183,29.25827468953183,-18.459453344831832,-18.459453344831832,21.528053886853087,3.068600542021254,2.3680859275538397,0.16877302981116898,2.199312897742671
2024-06-17 00:00:00-05:00,4.306016446199999,4.306016446199999,28.456073036628794,28.456073036628794,-24.150056590428797,-24.150056590428797,24.150056590428797,0.0,2.656506224947168,0.0,2.656506224947168
2024-06-18 00:00:00-05:00,4.674562847099999,4.674562847099999,28.39410485711236,28.39410485711236,-23.71954201001236,-23.71954201001236,24.12550343838207,0.40596142836970683,2.6538053782220277,0.022327878560333875,2.6314774996616936
2024-06-19 00:00:00-05:00,9.529707458699999,9.529707458699999,28.973911913020356,28.973911913020356,-19.444204454320356,-19.444204454320356,21.765083862149467,2.3208794078291106,2.3941592248364416,0.1276483674306011,2.2665108574058404
2024-06-20 00:00:00-05:00,4.046823088199999,4.046823088199999,24.602904781923037,24.602904781923037,-20.55608169372304,-20.55608169372304,20.735669495893685,0.17958780217064624,2.2809236445483054,0.009877329119385544,2.27104631542892
2024-06-21 00:00:00-05:00,3.375580076099999,3.375580076099999,27.166680341477505,27.166680341477505,-23.79110026537751,-23.79110026537751,24.16637556807546,0.3752753026979526,2.6583013124883004,0.020640141648387393,2.637661170839913
2024-06-22 00:00:00-05:00,9.3039729813,9.3039729813,31.796411832497206,31.796411832497206,-22.49243885119721,-22.49243885119721,25.015823839656417,2.523384988459206,2.7517406223622056,0.13878617436525634,2.612954447996949
2024-06-23 00:00:00-05:00,10.412139799799998,10.412139799799998,30.241762110950535,30.241762110950535,-19.829622311150537,-19.829622311150537,22.64179362588116,2.812171314730622,2.490597298846928,0.1546694223101842,2.3359278765367435
2024-06-24 00:00:00-05:00,10.4837559579,10.4837559579,29.489954333680146,29.489954333680146,-19.006198375780148,-19.006198375780148,21.886880552094844,2.8806821763146977,2.4075568607304327,0.15843751969730838,2.2491193410331243
2024-06-25 00:00:00-05:00,10.547269262099999,10.547269262099999,29.09495414142525,29.09495414142525,-18.54768487932525,-18.54768487932525,21.542262639442065,2.9945777601168126,2.369648890338627,0.1647017768064247,2.2049471135322025
2024-06-26 00:00:00-05:00,10.179666462599998,10.179666462599998,25.609360713421427,25.609360713421427,-15.42969425082143,-15.42969425082143,18.560417268463812,3.13072301764238,2.0416458995310194,0.17218976597033092,1.8694561335606885
2024-06-27 00:00:00-05:00,6.7861722375,6.7861722375,25.46764590458673,25.46764590458673,-18.68147366708673,-18.68147366708673,20.179649787634773,1.4981761205480413,2.219761476639825,0.08239968663014227,2.137361790009683
2024-06-28 00:00:00-05:00,7.433445753899998,7.433445753899998,25.679457430205343,25.679457430205343,-18.246011676305343,-18.246011676305343,19.125573712348515,0.8795620360431711,2.1038131083583367,0.04837591198237441,2.055437196375962
2024-06-29 00:00:00-05:00,6.524356358699999,6.524356358699999,31.96330222365934,31.96330222365934,-25.438945864959344,-25.438945864959344,26.682764566299916,1.2438187013405746,2.935104102292991,0.0684100285737316,2.8666940737192594
2024-06-30 00:00:00-05:00,9.207002214,9.207002214,28.590238502200208,28.590238502200208,-19.38323628820021,-19.38323628820021,21.186071101322376,1.8028348131221674,2.3304678211454615,0.09915591472171921,2.231311906423742
2024-07-01 00:00:00-05:00,3.3955164602999988,3.3955164602999988,28.71342548062649,28.71342548062649,-25.317909020326493,-25.317909020326493,25.317909020326493,0.0,2.784969992235914,0.0,2.784969992235914
2024-07-02 00:00:00-05:00,9.115685017199999,9.115685017199999,25.980813890091788,25.980813890091788,-16.865128872891788,-16.865128872891788,19.529480433933763,2.6643515610419746,2.148242847732714,0.1465393358573086,2.001703511875405
2024-07-03 00:00:00-05:00,6.250425558299999,6.250425558299999,27.023557585851783,27.023557585851783,-20.773132027551785,-20.773132027551785,21.258443964886936,0.48531193733515293,2.338428836137563,0.026692156553433412,2.3117366795841297
2024-07-04 00:00:00-05:00,6.9603707429999995,6.9603707429999995,26.234559131096905,26.234559131096905,-19.274188388096903,-19.274188388096903,20.853661359585637,1.5794729714887308,2.29390274955442,0.0868710134318802,2.2070317361225396
2024-07-05 00:00:00-05:00,7.820629320599998,7.820629320599998,29.119620724135615,29.119620724135615,-21.298991403535613,-21.298991403535613,23.064923999232818,1.7659325956972047,2.53714163991561,0.09712629276334626,2.4400153471522636
2024-07-06 00:00:00-05:00,9.822420487799999,9.822420487799999,28.06361175488635,28.06361175488635,-18.24119126708635,-18.24119126708635,20.899899267356382,2.658708000270032,2.298988919409202,0.14622894001485176,2.15275997939435
2024-07-07 00:00:00-05:00,7.962001131599999,7.962001131599999,31.45488467993279,31.45488467993279,-23.49288354833279,-23.49288354833279,24.931798594690207,1.4389150463574172,2.742497845415923,0.07914032754965794,2.663357517866265
2024-07-08 00:00:00-05:00,10.145280261599998,10.145280261599998,28.160967868290808,28.160967868290808,-18.015687606690808,-18.015687606690808,20.81690100463547,2.801213397944662,2.2898591105099015,0.1540667368869564,2.135792373622945
2024-07-09 00:00:00-05:00,10.364027903099998,10.364027903099998,26.994231447479166,26.994231447479166,-16.630203544379167,-16.630203544379167,19.632847172522776,3.0026436281436086,2.1596131889775054,0.16514539954789847,1.994467789429607
2024-07-10 00:00:00-05:00,10.283565096449998,10.283565096449998,27.46029919611852,27.46029919611852,-17.176734099668522,-17.176734099668522,20.19375891922703,3.0170248195585074,2.221313481114973,0.1659363650757179,2.055377116039255
2024-07-11 00:00:00-05:00,10.186180925399999,10.186180925399999,28.629165724690353,28.629165724690353,-18.442984799290354,-18.442984799290354,21.2565817950381,2.813596995747745,2.3382239974541914,0.154747834766126,2.1834761626880654
2024-07-12 00:00:00-05:00,9.512439427799999,9.512439427799999,28.449937347267078,28.449937347267078,-18.93749791946708,-18.93749791946708,21.688558533735844,2.7510606142687624,2.385741438710943,0.15130833378478192,2.234433104926161
2024-07-13 00:00:00-05:00,10.118278706399998,10.118278706399998,32.366569736876734,32.366569736876734,-22.248291030476732,-22.248291030476732,24.88712375874567,2.6388327282689374,2.7375836134620237,0.14513580005479157,2.592447813407232
2024-07-14 00:00:00-05:00,9.812596622849998,9.812596622849998,29.590696711365318,29.590696711365318,-19.77810008851532,-19.77810008851532,22.41548197749133,2.637381888976011,2.465703017524046,0.14505600389368062,2.3206470136303654
2024-07-15 00:00:00-05:00,10.36532521125,10.36532521125,25.481099786728592,25.481099786728592,-15.115774575478591,-15.115774575478591,18.39114991380205,3.2753753383234594,2.0230264905182254,0.18014564360779026,1.8428808469104352
2024-07-16 00:00:00-05:00,9.46096681275,9.46096681275,24.791255514394607,24.791255514394607,-15.330288701644607,-15.330288701644607,18.195459240017183,2.865170538372577,2.00150051640189,0.15758437961049174,1.8439161367913985
2024-07-17 00:00:00-05:00,10.43272471455,10.43272471455,29.338905325310133,29.338905325310133,-18.906180610760135,-18.906180610760135,21.733147468186377,2.826966857426242,2.3906462215005013,0.15548317715844331,2.235163044342058
2024-07-18 00:00:00-05:00,10.159077739499999,10.159077739499999,28.659049436205926,28.659049436205926,-18.499971696705927,-18.499971696705927,21.277202649103124,2.777230952397196,2.3404922914013437,0.1527477023818458,2.187744589019498
2024-07-19 00:00:00-05:00,8.004412784249999,8.004412784249999,28.9164300773256,28.9164300773256,-20.9120172930756,-20.9120172930756,23.2216303400656,2.3096130469900027,2.5543793374072163,0.12702871758445014,2.427350619822766
2024-07-20 00:00:00-05:00,7.052504786999999,7.052504786999999,31.917753284791683,31.917753284791683,-24.865248497791683,-24.865248497791683,25.603551615056514,0.7383031172648284,2.8163906776562166,0.04060667144956556,2.775784006206651
2024-07-21 00:00:00-05:00,7.883338761899998,7.883338761899998,28.41791727132589,28.41791727132589,-20.53457850942589,-20.53457850942589,22.078213722157795,1.5436352127319026,2.4286035094373575,0.08489993670025464,2.3437035727371027
2024-07-22 00:00:00-05:00,8.1166342977,8.1166342977,26.954735261591534,26.954735261591534,-18.838100963891534,-18.838100963891534,20.534472523013015,1.6963715591214794,2.258791977531432,0.09330043575168137,2.1654915417797502
2024-07-23 00:00:00-05:00,8.597305645199999,8.597305645199999,27.350468823035033,27.350468823035033,-18.75316317783503,-18.75316317783503,20.999285344907356,2.2461221670723233,2.3099213879398093,0.12353671918897778,2.1863846687508315
2024-07-24 00:00:00-05:00,9.154093599899998,9.154093599899998,25.49954960293037,25.49954960293037,-16.34545600303037,-16.34545600303037,18.93367063479222,2.588214631761851,2.0827037698271442,0.14235180474690182,1.9403519650802423
2024-07-25 00:00:00-05:00,9.058559817149998,9.058559817149998,28.792054958994754,28.792054958994754,-19.733495141844756,-19.733495141844756,21.84018430787465,2.106689166029895,2.4024202738662117,0.11586790413164423,2.2865523697345673
2024-07-26 00:00:00-05:00,3.8013179782499984,3.8013179782499984,25.81452528429159,25.81452528429159,-22.01320730604159,-22.01320730604159,22.23439260301923,0.2211852969776401,2.4457831863321156,0.012165191333770206,2.4336179949983454
2024-07-27 00:00:00-05:00,8.311467499199999,8.311467499199999,28.75432194793418,28.75432194793418,-20.44285444873418,-20.44285444873418,22.081204910932673,1.6383504621984915,2.428932540202594,0.09010927542091703,2.3388232647816767
2024-07-28 00:00:00-05:00,4.928661363149999,4.928661363149999,32.98207852736792,32.98207852736792,-28.053417164217922,-28.053417164217922,28.053417164217922,0.0,3.0858758880639714,0.0,3.0858758880639714
2024-07-29 00:00:00-05:00,6.224347976849999,6.224347976849999,25.198915709058728,25.198915709058728,-18.97456773220873,-18.97456773220873,19.921701636559245,0.9471339043505178,2.191387180021517,0.05209236473927848,2.1392948152822386
2024-07-30 00:00:00-05:00,6.639423404849999,6.639423404849999,25.38819531734154,25.38819531734154,-18.74877191249154,-18.74877191249154,19.967696964175044,1.2189250516835046,2.1964466660592548,0.06704087784259276,2.129405788216662
2024-07-31 00:00:00-05:00,8.173959860699998,8.173959860699998,26.11449618316471,26.11449618316471,-17.940536322464713,-17.940536322464713,20.33087442935424,2.390338106889529,2.236396187228966,0.1314685958789241,2.1049275913500423
2024-08-01 00:00:00-05:00,10.057367305799998,10.057367305799998,28.12547900578924,28.12547900578924,-18.068111699989245,-18.068111699989245,20.817017489903872,2.7489057899146276,2.289871923889426,0.15118981844530452,2.1386821054441216
2024-08-02 00:00:00-05:00,10.0191569949,10.0191569949,28.645767577953592,28.645767577953592,-18.626610583053594,-18.626610583053594,21.402910553033223,2.77629996997963,2.3543201608336544,0.15269649834887963,2.2016236624847747
2024-08-03 00:00:00-05:00,9.739256857649998,9.739256857649998,27.514922378032484,27.514922378032484,-17.775665520382482,-17.775665520382482,20.65537679650142,2.8797112761189387,2.2720914476151566,0.15838412018654163,2.113707327428615
2024-08-04 00:00:00-05:00,7.046005784399999,7.046005784399999,28.883053196341496,28.883053196341496,-21.837047411941498,-21.837047411941498,24.23202157103833,2.3949741590968308,2.6655223728142166,0.1317235787503257,2.533798794063891
2024-08-05 00:00:00-05:00,2.705024413799999,2.705024413799999,26.302333085197404,26.302333085197404,-23.597308671397403,-23.597308671397403,23.627341839741835,0.030033168344429206,2.5990076023716018,0.0016518242589436064,2.597355778112658
2024-08-06 00:00:00-05:00,8.049813215399999,8.049813215399999,28.53517986558613,28.53517986558613,-20.48536665018613,-20.48536665018613,23.184609277690903,2.699242627504772,2.5503070205459992,0.14845834451276246,2.4018486760332367
2024-08-07 00:00:00-05:00,3.461426019899999,3.461426019899999,25.20230815238141,25.20230815238141,-21.74088213248141,-21.74088213248141,21.74088213248141,0.0,2.391497034572955,0.0,2.391497034572955
2024-08-08 00:00:00-05:00,10.665057136049997,10.665057136049997,24.31861038211554,24.31861038211554,-13.653553246065544,-13.653553246065544,17.189821626785754,3.5362683807202107,1.890880378946433,0.1944947609396116,1.6963856180068215
2024-08-09 00:00:00-05:00,9.70117333875,9.70117333875,26.090585703209317,26.090585703209317,-16.389412364459318,-16.389412364459318,19.60995530217886,3.220542937719543,2.1570950832396747,0.17712986157457486,1.9799652216650998
2024-08-10 00:00:00-05:00,10.44359439885,10.44359439885,28.781378973201125,28.781378973201125,-18.337784574351126,-18.337784574351126,21.295812004630747,2.9580274302796195,2.342539320509382,0.16269150866537907,2.1798478118440032
2024-08-11 00:00:00-05:00,3.6978609469499992,3.6978609469499992,27.852340268611094,27.852340268611094,-24.154479321661096,-24.154479321661096,24.37587168242216,0.2213923607610665,2.681345885066438,0.012176579841858657,2.669169305224579
2024-08-12 00:00:00-05:00,8.635700680649999,8.635700680649999,28.790664780622752,28.790664780622752,-20.15496409997275,-20.15496409997275,22.447713012055306,2.2927489120825513,2.4692484313260836,0.12610119016454033,2.3431472411615433
2024-08-13 00:00:00-05:00,5.453315547299999,5.453315547299999,26.510436079096657,26.510436079096657,-21.05712053179666,-21.05712053179666,22.81667802560296,1.7595574938063034,2.5098345828163255,0.09677566215934669,2.413058920656979
2024-08-14 00:00:00-05:00,3.787565536349999,3.787565536349999,27.15635528643821,27.15635528643821,-23.36878975008821,-23.36878975008821,23.849036105769684,0.4802463556814749,2.6233939716346653,0.02641354956248112,2.596980422072184
2024-08-15 00:00:00-05:00,7.4242612786499995,7.4242612786499995,25.982575320681335,25.982575320681335,-18.558314042031334,-18.558314042031334,19.926887176025282,1.3685731339939498,2.191957589362781,0.07527152236966723,2.116686066993114
2024-08-16 00:00:00-05:00,9.050296607549999,9.050296607549999,28.56428447035141,28.56428447035141,-19.51398786280141,-19.51398786280141,21.84205689486016,2.3280690320587496,2.402626258434618,0.12804379676323122,2.2745824616713866
2024-08-17 00:00:00-05:00,9.243379579949998,9.243379579949998,28.730563381145554,28.730563381145554,-19.487183801195556,-19.487183801195556,21.980187385413736,2.493003584218177,2.417820612395511,0.13711519713199974,2.2807054152635113
2024-08-18 00:00:00-05:00,9.517043421899999,9.517043421899999,30.301286423159787,30.301286423159787,-20.78424300125979,-20.78424300125979,23.207068468623657,2.4228254673638707,2.5527775315486023,0.13325540070501288,2.4195221308435895
2024-08-19 00:00:00-05:00,7.056568920149999,7.056568920149999,28.855241202304278,28.855241202304278,-21.79867228215428,-21.79867228215428,22.89539601294013,1.0967237307858517,2.5184935614234143,0.060319805193221845,2.4581737562301926
2024-08-20 00:00:00-05:00,7.935595614899999,7.935595614899999,24.94465336444448,24.94465336444448,-17.009057749544482,-17.009057749544482,19.645229777381946,2.6361720278374667,2.160975275512014,0.14498946153106068,2.0159858139809534
2024-08-21 00:00:00-05:00,7.58970466155,7.58970466155,25.700828396215343,25.700828396215343,-18.111123734665345,-18.111123734665345,20.343591073598223,2.232467338932879,2.2377950180958046,0.12278570364130834,2.1150093144544964
2024-08-22 00:00:00-05:00,10.107476593649999,10.107476593649999,27.75644680554917,27.75644680554917,-17.648970211899172,-17.648970211899172,20.549589704896697,2.9006194929975213,2.2604548675386367,0.15953407211486367,2.100920795423773
2024-08-23 00:00:00-05:00,9.058165766999998,9.058165766999998,30.163809171408026,30.163809171408026,-21.105643404408028,-21.105643404408028,23.453565597052208,2.3479221926441776,2.5798922156757427,0.12913572059542977,2.450756495080313
2024-08-24 00:00:00-05:00,9.369732356099998,9.369732356099998,27.146400948161588,27.146400948161588,-17.77666859206159,-17.77666859206159,20.376138229447374,2.599469637385785,2.241375205239211,0.1429708300562182,2.098404375182993
2024-08-25 00:00:00-05:00,9.363979483649999,9.363979483649999,27.86430525167512,27.86430525167512,-18.50032576802512,-18.50032576802512,21.109064314009583,2.6087385459844614,2.3219970745410543,0.14348062002914538,2.178516454511909
2024-08-26 00:00:00-05:00,5.387059796399999,5.387059796399999,28.223004146348195,28.223004146348195,-22.835944349948196,-22.835944349948196,24.628709543512713,1.7927651935645141,2.7091580497863985,0.09860208564604828,2.6105559641403504
2024-08-27 00:00:00-05:00,10.183254578999998,10.183254578999998,28.773976825559977,28.773976825559977,-18.59072224655998,-18.59072224655998,21.699212577958978,3.108490331398997,2.3869133835754877,0.17096696822694482,2.215946415348543
2024-08-28 00:00:00-05:00,8.873649605699999,8.873649605699999,25.992136813939698,25.992136813939698,-17.118487208239696,-17.118487208239696,20.03541271609257,2.916925507852873,2.203895398770183,0.160430902931908,2.0434644958382746
2024-08-29 00:00:00-05:00,9.59705256645,9.59705256645,26.30598313843167,26.30598313843167,-16.70893057198167,-16.70893057198167,19.705851909796277,2.9969213378146042,2.1676437100775905,0.16483067357980324,2.002813036497787
2024-08-30 00:00:00-05:00,9.9208973421,9.9208973421,29.21674767693389,29.21674767693389,-19.29585033483389,-19.29585033483389,22.030978158279392,2.735127823445501,2.423407597410733,0.15043203028950256,2.2729755671212306
2024-08-31 00:00:00-05:00,9.7413031188,9.7413031188,27.963636214594853,27.963636214594853,-18.222333095794855,-18.222333095794855,21.053498654066352,2.831165558271497,2.315884851947299,0.15571410570493233,2.1601707462423665
2024-09-01 00:00:00-05:00,9.895386656024998,9.895386656024998,31.771284984626497,31.771284984626497,-21.8758983286015,-21.8758983286015,24.51421454507776,2.6383162164762597,2.6965635999585538,0.1451073919061943,2.5514562080523593
2024-09-02 00:00:00-05:00,8.528447171249999,8.528447171249999,29.87825523831428,29.87825523831428,-21.349808067064284,-21.349808067064284,23.65402129882996,2.3042132317656763,2.6019423428712956,0.1267317277471122,2.4752106151241833
2024-09-03 00:00:00-05:00,7.771522436774999,7.771522436774999,27.41438511218601,27.41438511218601,-19.64286267541101,-19.64286267541101,21.8067429812423,2.1638803058312917,2.398741727936653,0.11901341682072104,2.279728311115932
2024-09-04 00:00:00-05:00,6.25030738875,6.25030738875,25.3362292727201,25.3362292727201,-19.0859218839701,-19.0859218839701,20.935048942732816,1.8491270587627153,2.3028553837006096,0.10170198823194934,2.20115339546866
2024-09-05 00:00:00-05:00,9.875642843924998,9.875642843924998,26.314240443184598,26.314240443184598,-16.438597599259598,-16.438597599259598,19.623397653033056,3.1848000537734587,2.1585737418336364,0.17516400295754023,1.983409738876096
2024-09-06 00:00:00-05:00,10.178322826499999,10.178322826499999,26.059266366727314,26.059266366727314,-15.880943540227316,-15.880943540227316,19.240297224584882,3.3593536843575675,2.1164326947043373,0.1847644526396662,1.9316682420646711
2024-09-07 00:00:00-05:00,9.7828502139,9.7828502139,27.95751491676211,27.95751491676211,-18.174664702862113,-18.174664702862113,21.009866890216966,2.8352021873548527,2.3110853579238664,0.1559361203045169,2.1551492376193493
2024-09-08 00:00:00-05:00,9.5292404694,9.5292404694,27.973390611027135,27.973390611027135,-18.444150141627137,-18.444150141627137,21.166577601992522,2.7224274603653877,2.328323536219177,0.14973351032009632,2.178590025899081
2024-09-09 00:00:00-05:00,8.216950747724999,8.216950747724999,27.83307341284593,27.83307341284593,-19.616122665120933,-19.616122665120933,21.506778233477622,1.8906555683566904,2.3657456056825383,0.10398605625961797,2.2617595494229206
2024-09-10 00:00:00-05:00,7.249024211399999,7.249024211399999,29.662585368976234,29.662585368976234,-22.413561157576236,-22.413561157576236,23.789483601482964,1.3759224439067284,2.616843196163126,0.07567573441487006,2.541167461748256
2024-09-11 00:00:00-05:00,4.953163594499999,4.953163594499999,26.586406597597794,26.586406597597794,-21.633243003097792,-21.633243003097792,22.46002582140279,0.8267828183049959,2.470602840354307,0.045473055006774774,2.4251297853475324
2024-09-12 00:00:00-05:00,5.965774080524999,5.965774080524999,28.37427305850979,28.37427305850979,-22.40849897798479,-22.40849897798479,23.184640029986497,0.7761410520017072,2.5503104032985147,0.0426877578600939,2.507622645438421
2024-09-13 00:00:00-05:00,8.375656107825,8.375656107825,27.676430624383322,27.676430624383322,-19.300774516558324,-19.300774516558324,21.992678623932605,2.6919041073742815,2.4191946486325864,0.1480547259055855,2.271139922727001
2024-09-14 00:00:00-05:00,7.111562113124999,7.111562113124999,29.604453382547867,29.604453382547867,-22.492891269422866,-22.492891269422866,23.796308939127336,1.3034176697044706,2.617593983304007,0.07168797183374588,2.545906011470261
2024-09-15 00:00:00-05:00,9.385654441724999,9.385654441724999,28.820420958534548,28.820420958534548,-19.43476651680955,-19.43476651680955,21.91998630439889,2.485219787589341,2.411198493483878,0.13668708831741377,2.2745114051664643
2024-09-16 00:00:00-05:00,8.405080734824999,8.405080734824999,25.129665206028996,25.129665206028996,-16.724584471203997,-16.724584471203997,19.50050208570325,2.7759176144992557,2.1450552294273577,0.15267546879745905,1.9923797606298987
2024-09-17 00:00:00-05:00,7.908213370499999,7.908213370499999,28.180264488669167,28.180264488669167,-20.27205111816917,-20.27205111816917,22.02930921167815,1.7572580935089799,2.4232240132845964,0.09664919514299389,2.3265748181416024
2024-09-18 00:00:00-05:00,4.316209991099999,4.316209991099999,24.504843785812962,24.504843785812962,-20.188633794712963,-20.188633794712963,20.327700926212806,0.13906713149984495,2.2360471018834085,0.007648692232491473,2.228398409650917
2024-09-19 00:00:00-05:00,6.998009125724999,6.998009125724999,24.805255248839785,24.805255248839785,-17.807246123114787,-17.807246123114787,19.826715118408355,2.0194689952935683,2.1809386630249192,0.11107079474114626,2.069867868283773
2024-09-20 00:00:00-05:00,8.140150619999998,8.140150619999998,25.67608744493526,25.67608744493526,-17.53593682493526,-17.53593682493526,19.59570408556309,2.0597672606278303,2.15552744941194,0.11328719933453067,2.042240250077409
2024-09-21 00:00:00-05:00,7.348296661199999,7.348296661199999,32.04957080028283,32.04957080028283,-24.70127413908283,-24.70127413908283,25.718960908244128,1.017686769161299,2.829085699906854,0.055972772303871446,2.7731129276029822
2024-09-22 00:00:00-05:00,9.527130389025,9.527130389025,28.57165420452235,28.57165420452235,-19.04452381549735,-19.04452381549735,21.887904369626604,2.8433805541292543,2.4076694806589263,0.156385930477109,2.2512835501818174
2024-09-23 00:00:00-05:00,4.939825650524999,4.939825650524999,30.02576161034797,30.02576161034797,-25.08593595982297,-25.08593595982297,26.01508715966267,0.9291511998397005,2.861659587562894,0.05110331599118353,2.8105562715717105
2024-09-24 00:00:00-05:00,9.110909450924998,9.110909450924998,28.69047226445739,28.69047226445739,-19.57956281353239,-19.57956281353239,22.222382425608554,2.642819612076163,2.444462066816941,0.14535507866418895,2.299106988152752
2024-09-25 00:00:00-05:00,8.919142618499999,8.919142618499999,28.33115957423799,28.33115957423799,-19.41201695573799,-19.41201695573799,21.80832407895329,2.396307123215299,2.398915648684862,0.13179689177684145,2.2671187569080207
2024-09-26 00:00:00-05:00,8.7315064533,8.7315064533,28.47395927257997,28.47395927257997,-19.742452819279972,-19.742452819279972,22.127494368617988,2.385041549338015,2.434024380547979,0.13117728521359082,2.3028470953343882
2024-09-27 00:00:00-05:00,8.863999162425,8.863999162425,26.861250621386766,26.861250621386766,-17.997251458961767,-17.997251458961767,20.614987128615518,2.6177356696537486,2.267648584147707,0.14397546183095616,2.1236731223167506
2024-09-28 00:00:00-05:00,8.7459761475,8.7459761475,30.940652794661048,30.940652794661048,-22.19467664716105,-22.19467664716105,24.287879999595656,2.093203352434608,2.6716667999555224,0.11512618438390344,2.556540615571619
2024-09-29 00:00:00-05:00,7.904780185499999,7.904780185499999,27.624545004536035,27.624545004536035,-19.719764819036037,-19.719764819036037,21.40560499865474,1.6858401796187037,2.3546165498520217,0.09272120987902871,2.261895339972993
2024-09-30 00:00:00-05:00,10.0024313859,10.0024313859,25.15351132288676,25.15351132288676,-15.151079936986761,-15.151079936986761,18.226454410036762,3.075374473050001,2.0049099851040437,0.16914559601775006,1.8357643890862936
2024-10-01 00:00:00-05:00,7.841422622024999,7.841422622024999,29.153395890872368,29.153395890872368,-21.311973268847368,-21.311973268847368,23.25165456199213,1.9396812931447607,2.5576820018191344,0.10668247112296184,2.4509995306961727
2024-10-02 00:00:00-05:00,9.3668849145,9.3668849145,28.39120332712593,28.39120332712593,-19.02431841262593,-19.02431841262593,21.4919491382046,2.4676307255786702,2.364114405202506,0.13571968990682687,2.2283947152956793
2024-10-03 00:00:00-05:00,9.710359873425,9.710359873425,28.657697547578532,28.657697547578532,-18.947337674153534,-18.947337674153534,21.635626371093437,2.6882886969399036,2.379918900820278,0.1478558783316947,2.232063022488583
2024-10-04 00:00:00-05:00,9.394708818824999,9.394708818824999,25.776441707058687,25.776441707058687,-16.38173288823369,-16.38173288823369,19.11045387273849,2.7287209845048004,2.1021499260012337,0.15007965414776403,1.9520702718534697
2024-10-05 00:00:00-05:00,9.27451789425,9.27451789425,29.37106512979983,29.37106512979983,-20.096547235549835,-20.096547235549835,22.550004645369086,2.4534574098192525,2.4805005109905993,0.1349401575400589,2.3455603534505403
2024-10-06 00:00:00-05:00,9.20746975815,9.20746975815,29.171024981885036,29.171024981885036,-19.96355522373504,-19.96355522373504,22.39463928989678,2.431084066161741,2.4634103218886456,0.13370962363889577,2.32970069824975
2024-10-07 00:00:00-05:00,8.737885334924998,8.737885334924998,26.414604685550287,26.414604685550287,-17.676719350625287,-17.676719350625287,20.12210513615554,2.4453857855302528,2.2134315649771095,0.1344962182041639,2.0789353467729454
2024-10-08 00:00:00-05:00,8.676955142999999,8.676955142999999,26.761934716382044,26.761934716382044,-18.084979573382043,-18.084979573382043,20.433562723054134,2.3485831496720895,2.2476918995359547,0.12917207323196492,2.1185198263039897
2024-10-09 00:00:00-05:00,8.3737035225,8.3737035225,26.997988244420988,26.997988244420988,-18.62428472192099,-18.62428472192099,20.811199415978813,2.1869146940578252,2.2892319357576696,0.12028030817318039,2.168951627584489
2024-10-10 00:00:00-05:00,7.089606699299999,7.089606699299999,30.1078090266652,30.1078090266652,-23.018202327365202,-23.018202327365202,24.11379639887471,1.0955940715095096,2.6525176038762184,0.06025767393302303,2.592259929943195
2024-10-11 00:00:00-05:00,5.936016932324999,5.936016932324999,27.176064780622312,27.176064780622312,-21.240047848297312,-21.240047848297312,22.04533725651134,0.8052894082140285,2.4249870982162474,0.04429091745177157,2.3806961807644758
2024-10-12 00:00:00-05:00,8.8834933467,8.8834933467,28.626059695635288,28.626059695635288,-19.742566348935288,-19.742566348935288,22.118331651286937,2.375765302351648,2.433016481641563,0.13066709162934065,2.302349390012222
2024-10-13 00:00:00-05:00,9.2883495933,9.2883495933,29.119056091454496,29.119056091454496,-19.830706498154495,-19.830706498154495,22.30198522282835,2.471278724673855,2.4532183745111187,0.13592032985706204,2.3172980446540565
2024-10-14 00:00:00-05:00,8.861268472199999,8.861268472199999,29.62450920544029,29.62450920544029,-20.76324073324029,-20.76324073324029,22.994033283864198,2.230792550623905,2.5293436612250617,0.12269359028431477,2.406650070940747
2024-10-15 00:00:00-05:00,8.222159547899999,8.222159547899999,26.425365477340197,26.425365477340197,-18.203205929440198,-18.203205929440198,20.230398440793593,2.027192511353394,2.2253438284872953,0.11149558812443668,2.1138482403628585
2024-10-16 00:00:00-05:00,8.2068767757,8.2068767757,25.530921294374036,25.530921294374036,-17.324044518674036,-17.324044518674036,19.384251234999596,2.0602067163255575,2.1322676358499555,0.11331136939790566,2.01895626645205
2024-10-17 00:00:00-05:00,6.501950214299999,6.501950214299999,24.54950193029038,24.54950193029038,-18.04755171599038,-18.04755171599038,19.32861045849144,1.2810587425010596,2.1261471504340586,0.07045823083755827,2.0556889195965002
2024-10-18 00:00:00-05:00,2.6836428572999993,2.6836428572999993,25.400412035184996,25.400412035184996,-22.716769177884995,-22.716769177884995,22.887483096478945,0.17071391859395046,2.517623140612684,0.009389265522667275,2.508233875090017
2024-10-19 00:00:00-05:00,6.288585341399999,6.288585341399999,29.84657305955311,29.84657305955311,-23.55798771815311,-23.55798771815311,24.731770991909993,1.1737832737568827,2.7204948091100993,0.06455808005662855,2.6559367290534706
2024-10-20 00:00:00-05:00,8.243169182099999,8.243169182099999,30.646523874078433,30.646523874078433,-22.403354691978432,-22.403354691978432,24.220151863292845,1.8167971713144118,2.6642167049622127,0.09992384442229264,2.5642928605399202
2024-10-21 00:00:00-05:00,7.9738090038,7.9738090038,28.22535678935505,28.22535678935505,-20.25154778555505,-20.25154778555505,22.144388553934817,1.892840768379767,2.43588274093283,0.10410624226088719,2.331776498671943
2024-10-22 00:00:00-05:00,3.5356418999999994,3.5356418999999994,29.155880587325854,29.155880587325854,-25.620238687325852,-25.620238687325852,26.408488180938487,0.788249493612633,2.904933699903234,0.04335372214869481,2.861579977754539
2024-10-23 00:00:00-05:00,7.829694945899998,7.829694945899998,29.30242431783674,29.30242431783674,-21.47272937193674,-21.47272937193674,23.016621940606985,1.5438925686702456,2.5318284134667683,0.08491409127686352,2.446914322189905
2024-10-24 00:00:00-05:00,6.233199987599999,6.233199987599999,29.555731361666393,29.555731361666393,-23.322531374066394,-23.322531374066394,25.369033338369157,2.046501964302762,2.790593667220607,0.11255760803665192,2.678036059183955
2024-10-25 00:00:00-05:00,8.382503583899998,8.382503583899998,29.60517297773414,29.60517297773414,-21.22266939383414,-21.22266939383414,23.078899672466886,1.8562302786327467,2.5386789639713574,0.10209266532480107,2.4365862986465565
2024-10-26 00:00:00-05:00,8.063069832,8.063069832,29.055706378984983,29.055706378984983,-20.992636546984983,-20.992636546984983,22.95378993338121,1.9611533863962265,2.524916892671933,0.10786343625179245,2.4170534564201405
2024-10-27 00:00:00-05:00,5.198616846899999,5.198616846899999,32.319845365145625,32.319845365145625,-27.12122851824563,-27.12122851824563,27.292829069528608,0.17160055128297869,3.0022111976481467,0.009438030320563827,2.992773167327583
2024-10-28 00:00:00-05:00,7.682882426999998,7.682882426999998,25.337461590090925,25.337461590090925,-17.65457916309093,-17.65457916309093,19.479394218928984,1.8248150558380574,2.142733364082188,0.10036482807109316,2.042368536011095
2024-10-29 00:00:00-05:00,0.9374391467999994,0.9374391467999994,25.9723133103895,25.9723133103895,-25.0348741635895,-25.0348741635895,25.0348741635895,0.0,2.753836157994845,0.0,2.753836157994845
2024-10-30 00:00:00-05:00,8.397572715899999,8.397572715899999,29.53468040818263,29.53468040818263,-21.137107692282633,-21.137107692282633,23.218898440336744,2.081790748054113,2.5540788284370417,0.11449849114297622,2.4395803372940654
2024-10-31 00:00:00-05:00,4.101200275499999,4.101200275499999,27.12125228231686,27.12125228231686,-23.02005200681686,-23.02005200681686,23.710626826946655,0.6905748201297911,2.608168950964132,0.03798161510713851,2.5701873358569935
2024-11-01 00:00:00-05:00,8.300827188,8.300827188,28.169660895375657,28.169660895375657,-19.868833707375657,-19.868833707375657,21.83661084595778,1.9677771385821201,2.4020271930553556,0.1082277426220166,2.293799450433339
2024-11-02 00:00:00-05:00,7.1547092234999985,7.1547092234999985,27.735741508721006,27.735741508721006,-20.581032285221006,-20.581032285221006,21.966780438600566,1.3857481533795593,2.416345848246062,0.07621614843587576,2.3401296998101864
2024-11-03 00:00:00-05:00,2.034008123399999,2.034008123399999,27.58269842017319,27.58269842017319,-25.54869029677319,-25.54869029677319,25.54869029677319,0.0,2.810355932645051,0.0,2.810355932645051
2024-11-04 00:00:00-06:00,8.1404716689,8.1404716689,25.529194736735533,25.529194736735533,-17.38872306783553,-17.38872306783553,18.931364475709884,1.5426414078743507,2.082450092328087,0.08484527743308928,1.9976048148949979
2024-11-05 00:00:00-06:00,1.1214463823999992,1.1214463823999992,28.674031028668082,28.674031028668082,-27.552584646268084,-27.552584646268084,27.552584646268084,0.0,3.0307843110894894,0.0,3.0307843110894894
2024-11-06 00:00:00-06:00,1.2678213419999995,1.2678213419999995,25.564394432321794,25.564394432321794,-24.296573090321797,-24.296573090321797,24.296573090321797,0.0,2.672623039935398,0.0,2.672623039935398
2024-11-07 00:00:00-06:00,8.1856192221,8.1856192221,30.277705038169824,30.277705038169824,-22.092085816069826,-22.092085816069826,23.006711121622743,0.9146253055529193,2.530738223378502,0.05030439180541056,2.4804338315730914
2024-11-08 00:00:00-06:00,7.698630131099999,7.698630131099999,27.414959723211588,27.414959723211588,-19.71632959211159,-19.71632959211159,20.767758550496357,1.051428958384767,2.284453440554599,0.05782859271116218,2.226624847843437
2024-11-09 00:00:00-06:00,4.631960986199999,4.631960986199999,29.32280393424769,29.32280393424769,-24.690842948047692,-24.690842948047692,24.789441744928382,0.0985987968806924,2.726838591942122,0.005422933828438082,2.721415658113684
2024-11-10 00:00:00-06:00,7.366276676699999,7.366276676699999,27.42522456037241,27.42522456037241,-20.05894788367241,-20.05894788367241,20.894553268273032,0.8356053846006215,2.2984008595100334,0.045958296153034185,2.252442563356999
2024-11-11 00:00:00-06:00,6.607591974899999,6.607591974899999,28.97412986882471,28.97412986882471,-22.36653789392471,-22.36653789392471,23.165767941605072,0.7992300476803613,2.548234473576558,0.04395765262241987,2.504276820954138
2024-11-12 00:00:00-06:00,5.081639762699999,5.081639762699999,28.298041607379172,28.298041607379172,-23.216401844679172,-23.216401844679172,23.57688685056545,0.36048500588627785,2.5934575535621995,0.019826675323745283,2.573630878238454
2024-11-13 00:00:00-06:00,8.206202809799999,8.206202809799999,27.55030122342215,27.55030122342215,-19.34409841362215,-19.34409841362215,20.447259557821553,1.1031611441994045,2.249198551360371,0.06067386293096725,2.188524688429404
2024-11-14 00:00:00-06:00,7.802712431099999,7.802712431099999,27.85654623443852,27.85654623443852,-20.053833803338524,-20.053833803338524,20.95696183398563,0.9031280306471061,2.3052658017384196,0.049672041685590834,2.255593760052829
2024-11-15 00:00:00-06:00,3.0364544330999994,3.0364544330999994,26.98536824103686,26.98536824103686,-23.94891380793686,-23.94891380793686,23.94891380793686,0.0,2.634380518873055,0.0,2.634380518873055
2024-11-16 00:00:00-06:00,0.8634127796999996,0.8634127796999996,30.094953097787677,30.094953097787677,-29.231540318087678,-29.231540318087678,29.231540318087678,0.0,3.2154694349896444,0.0,3.2154694349896444
2024-11-17 00:00:00-06:00,7.6765806215999985,7.6765806215999985,28.15198167707362,28.15198167707362,-20.475401055473622,-20.475401055473622,21.390758259600947,0.9153572041273268,2.352983408556104,0.05034464622700297,2.302638762329101
2024-11-18 00:00:00-06:00,2.4168919346999997,2.4168919346999997,27.731246589349187,27.731246589349187,-25.314354654649186,-25.314354654649186,25.314354654649186,0.0,2.7845790120114104,0.0,2.7845790120114104
2024-11-19 00:00:00-06:00,1.4775915401999995,1.4775915401999995,24.76293904353053,24.76293904353053,-23.28534750333053,-23.28534750333053,23.28534750333053,0.0,2.5613882253663585,0.0,2.5613882253663585
2024-11-20 00:00:00-06:00,8.2894052079,8.2894052079,27.483642656148195,27.483642656148195,-19.194237448248195,-19.194237448248195,20.454142807851845,1.2599053596036507,2.2499557088637028,0.06929479477820079,2.180660914085502
2024-11-21 00:00:00-06:00,4.991384251799999,4.991384251799999,27.464936105832674,27.464936105832674,-22.473551854032674,-22.473551854032674,22.51879834190669,0.04524648787401753,2.4770678176097363,0.002488556833070964,2.4745792607766655
2024-11-22 00:00:00-06:00,2.9145914477999995,2.9145914477999995,25.06332523020225,25.06332523020225,-22.14873378240225,-22.14873378240225,22.25509172715057,0.10635794474832283,2.448060089986563,0.005849686961157756,2.4422104030254053
2024-11-23 00:00:00-06:00,1.3428581786999993,1.3428581786999993,29.49525694408583,29.49525694408583,-28.152398765385833,-28.152398765385833,28.152398765385833,0.0,3.0967638641924418,0.0,3.0967638641924418
2024-11-24 00:00:00-06:00,1.9417517180999995,1.9417517180999995,33.01994984857022,33.01994984857022,-31.07819813047022,-31.07819813047022,31.07819813047022,0.0,3.418601794351724,0.0,3.418601794351724
2024-11-25 00:00:00-06:00,7.884268050599999,7.884268050599999,25.64405182064358,25.64405182064358,-17.75978377004358,-17.75978377004358,18.69634622029975,0.936562450256168,2.0565980842329723,0.051510934764089245,2.005087149468883
2024-11-26 00:00:00-06:00,4.133562148799999,4.133562148799999,26.79065866181089,26.79065866181089,-22.65709651301089,-22.65709651301089,22.65709651301089,0.0,2.492280616431198,0.0,2.492280616431198
2024-11-27 00:00:00-06:00,1.411308251999999,1.411308251999999,25.696328895478043,25.696328895478043,-24.285020643478042,-24.285020643478042,24.285020643478042,0.0,2.6713522707825845,0.0,2.6713522707825845
2024-11-28 00:00:00-06:00,4.2079889529,4.2079889529,25.65899729453645,25.65899729453645,-21.45100834163645,-21.45100834163645,22.10449792725983,0.6534895856233773,2.4314947719985813,0.035941927209285754,2.3955528447892958
2024-11-29 00:00:00-06:00,3.6912589346249995,3.6912589346249995,28.35903701159005,28.35903701159005,-24.667778076965053,-24.667778076965053,25.052839335988306,0.38506125902325306,2.7558123269587136,0.02117836924627892,2.734633957712435
2024-11-30 00:00:00-06:00,2.6330199443999995,2.6330199443999995,27.325507694557807,27.325507694557807,-24.69248775015781,-24.69248775015781,24.69248775015781,0.0,2.716173652517359,0.0,2.716173652517359
2024-12-01 00:00:00-06:00,3.234690711225,3.234690711225,29.372009062517954,29.372009062517954,-26.137318351292954,-26.137318351292954,26.572989923053616,0.4356715717606643,2.9230288915358975,0.023961936446836536,2.899066955089061
2024-12-02 00:00:00-06:00,2.3573217422249995,2.3573217422249995,27.900218434946147,27.900218434946147,-25.542896692721147,-25.542896692721147,25.709547119439836,0.16665042671868835,2.828050183138382,0.00916577346952786,2.818884409668854
2024-12-03 00:00:00-06:00,6.550294686299999,6.550294686299999,25.968925383648664,25.968925383648664,-19.41863069734866,-19.41863069734866,20.095462119787996,0.676831422439333,2.21050083317668,0.03722572823416332,2.1732751049425163
2024-12-04 00:00:00-06:00,7.3865392641,7.3865392641,24.730364872612686,24.730364872612686,-17.343825608512685,-17.343825608512685,18.671051208751724,1.3272256002390381,2.0538156329626895,0.0729974080131471,1.9808182249495425
2024-12-05 00:00:00-06:00,7.141578272325,7.141578272325,28.749178075093337,28.749178075093337,-21.607599802768338,-21.607599802768338,22.436788183585964,0.8291883808176249,2.468046700194456,0.04560536094496937,2.4224413392494863
2024-12-06 00:00:00-06:00,6.485768012024999,6.485768012024999,27.949481841861065,27.949481841861065,-21.463713829836063,-21.463713829836063,22.22193728472708,0.7582234548910146,2.4444131013199786,0.04170229001900581,2.402710811300973
2024-12-07 00:00:00-06:00,5.7087631332,5.7087631332,26.818846218813437,26.818846218813437,-21.110083085613436,-21.110083085613436,21.798770022644806,0.6886869370313672,2.3978647024909288,0.0378777815367252,2.3599869209542037
2024-12-08 00:00:00-06:00,6.603672600225,6.603672600225,30.08115284607185,30.08115284607185,-23.47748024584685,-23.47748024584685,24.119876349783304,0.6423961039364551,2.6531863984761634,0.035331785716505026,2.6178546127596585
2024-12-09 00:00:00-06:00,1.3548200177249998,1.3548200177249998,28.987527761541717,28.987527761541717,-27.632707743816717,-27.632707743816717,27.632707743816717,0.0,3.0395978518198388,0.0,3.0395978518198388
2024-12-10 00:00:00-06:00,2.1590296355249996,2.1590296355249996,28.45216333689424,28.45216333689424,-26.29313370136924,-26.29313370136924,26.29313370136924,0.0,2.8922447071506165,0.0,2.8922447071506165
2024-12-11 00:00:00-06:00,2.4785167670999995,2.4785167670999995,24.916535241371747,24.916535241371747,-22.438018474271747,-22.438018474271747,22.438018474271747,0.0,2.468182032169892,0.0,2.468182032169892
2024-12-12 00:00:00-06:00,6.795327286125,6.795327286125,24.641327439317738,24.641327439317738,-17.846000153192737,-17.846000153192737,18.97965703453001,1.1336568813372738,2.087762273798301,0.06235112847355006,2.025411145324751
2024-12-13 00:00:00-06:00,3.3969477863249997,3.3969477863249997,26.110804343349127,26.110804343349127,-22.713856557024126,-22.713856557024126,23.156037953776405,0.44218139675228096,2.5471641749154044,0.024319976821375454,2.522844198094029
2024-12-14 00:00:00-06:00,5.277511950524999,5.277511950524999,26.65238370927167,26.65238370927167,-21.374871758746675,-21.374871758746675,21.4648277421964,0.0899559834497285,2.361131051641604,0.004947579089735067,2.3561834725518693
2024-12-15 00:00:00-06:00,0.7119729764999992,0.7119729764999992,27.613618415063883,27.613618415063883,-26.901645438563886,-26.901645438563886,26.901645438563886,0.0,2.9591809982420276,0.0,2.9591809982420276
2024-12-16 00:00:00-06:00,6.5335810113,6.5335810113,29.590777794936482,29.590777794936482,-23.05719678363648,-23.05719678363648,23.679201010706148,0.6220042270696662,2.604712111177676,0.03421023248883164,2.5705018786888445
2024-12-17 00:00:00-06:00,2.0414305388249994,2.0414305388249994,28.331047045498636,28.331047045498636,-26.289616506673635,-26.289616506673635,26.289616506673635,0.0,2.8918578157340997,0.0,2.8918578157340997
2024-12-18 00:00:00-06:00,2.057354002125,2.057354002125,24.962320378745666,24.962320378745666,-22.904966376620667,-22.904966376620667,22.988713040150298,0.08374666352963128,2.528758434416533,0.0046060664941297205,2.524152367922403
2024-12-19 00:00:00-06:00,7.5372966126,7.5372966126,26.25121664537248,26.25121664537248,-18.71392003277248,-18.71392003277248,20.057189762580045,1.343269729807565,2.206290873883805,0.07387983513941608,2.132411038744389
2024-12-20 00:00:00-06:00,2.6046540353249994,2.6046540353249994,29.834855580116308,29.834855580116308,-27.23020154479131,-27.23020154479131,27.23020154479131,0.0,2.9953221699270443,0.0,2.9953221699270443
2024-12-21 00:00:00-06:00,6.801160204124999,6.801160204124999,32.04698814111563,32.04698814111563,-25.245827936990626,-25.245827936990626,25.78177372468051,0.5359457876898815,2.835995109714856,0.029477018322943485,2.8065180913919123
2024-12-22 00:00:00-06:00,3.4377525332563628,3.4377525332563628,30.368580933652947,30.368580933652947,-26.930828400396585,-26.930828400396585,26.95342268385868,0.022594283462097464,2.9648764952244546,0.0012426855904153606,2.963633809634039
2024-12-23 00:00:00-06:00,7.009892250299999,7.009892250299999,24.93800592917797,24.93800592917797,-17.928113678877967,-17.928113678877967,18.941456033402144,1.0133423545241766,2.083560163674236,0.05573382949882972,2.027826334175406
2024-12-24 00:00:00-06:00,6.914290293899999,6.914290293899999,29.609998797748226,29.609998797748226,-22.695708503848227,-22.695708503848227,23.36947778338531,0.6737692795370844,2.570642556172384,0.037057310374539645,2.5335852457978443
2024-12-25 00:00:00-06:00,1.3321252439999998,1.3321252439999998,26.904165036263734,26.904165036263734,-25.572039792263734,-25.572039792263734,25.572039792263734,0.0,2.812924377149011,0.0,2.812924377149011
2024-12-26 00:00:00-06:00,6.096357002024999,6.096357002024999,25.289134188670648,25.289134188670648,-19.19277718664565,-19.19277718664565,20.158446479412532,0.9656692927668826,2.2174291127353785,0.053111811102178545,2.1643173016332
2024-12-27 00:00:00-06:00,5.985382588199999,5.985382588199999,26.26613926637898,26.26613926637898,-20.280756678178978,-20.280756678178978,20.74325418442663,0.4624975062476491,2.2817579602869293,0.025437362843620703,2.2563205974433087
2024-12-28 00:00:00-06:00,4.718052816299999,4.718052816299999,32.37379302883536,32.37379302883536,-27.655740212535363,-27.655740212535363,28.11535619888983,0.45961598635446776,3.092689181877881,0.025278879249495727,3.0674103026283857
2024-12-29 00:00:00-06:00,6.325957263825,6.325957263825,29.315264047994273,29.315264047994273,-22.989306784169273,-22.989306784169273,23.270658995545148,0.28135221137587474,2.559772489509966,0.015474371625673111,2.544298117884293
2024-12-30 00:00:00-06:00,1.1580207416999997,1.1580207416999997,27.722849536864235,27.722849536864235,-26.564828795164235,-26.564828795164235,26.564828795164235,0.0,2.922131167468066,0.0,2.922131167468066
2024-12-31 00:00:00-06:00,1.2527683451999996,1.2527683451999996,26.822947655970992,26.822947655970992,-25.570179310770992,-25.570179310770992,25.570179310770992,0.0,2.812719724184809,0.0,2.812719724184809
2025-01-01 00:00:00-06:00,1.0279636127999996,1.0279636127999996,27.771544934612233,27.771544934612233,-26.743581321812233,-26.743581321812233,26.743581321812233,0.0,2.9417939453993456,0.0,2.9417939453993456
2025-01-02 00:00:00-06:00,4.7330457644249995,4.7330457644249995,28.216269644780223,28.216269644780223,-23.483223880355226,-23.483223880355226,23.483223880355226,0.0,2.583154626839075,0.0,2.583154626839075
2025-01-03 00:00:00-06:00,7.0849201959,7.0849201959,27.01843553710628,27.01843553710628,-19.93351534120628,-19.93351534120628,21.16264526824024,1.2291299270339602,2.3278909795064266,0.06760214598686781,2.260288833519559
2025-01-04 00:00:00-06:00,1.1606583122999994,1.1606583122999994,30.56495957813533,30.56495957813533,-29.40430126583533,-29.40430126583533,29.40430126583533,0.0,3.2344731392418864,0.0,3.2344731392418864
2025-01-05 00:00:00-06:00,1.4834764946249999,1.4834764946249999,27.156421101418537,27.156421101418537,-25.67294460679354,-25.67294460679354,25.67294460679354,0.0,2.824023906747289,0.0,2.824023906747289
2025-01-06 00:00:00-06:00,1.6158504455999994,1.6158504455999994,26.533692147024393,26.533692147024393,-24.917841701424393,-24.917841701424393,24.917841701424393,0.0,2.7409625871566834,0.0,2.7409625871566834
2025-01-07 00:00:00-06:00,8.175244995224999,8.175244995224999,25.07499423278386,25.07499423278386,-16.89974923755886,-16.89974923755886,18.70339953397669,1.803650296417826,2.057373948737436,0.09920076630298043,1.9581731824344555
2025-01-08 00:00:00-06:00,1.5756669902249998,1.5756669902249998,27.470645973929862,27.470645973929862,-25.894978983704863,-25.894978983704863,25.894978983704863,0.0,2.848447688207535,0.0,2.848447688207535
2025-01-09 00:00:00-06:00,7.730124683399999,7.730124683399999,27.501055449690664,27.501055449690664,-19.770930766290665,-19.770930766290665,21.05863960654739,1.2877088402567265,2.316450356720213,0.07082398621411996,2.245626370506093
2025-01-10 00:00:00-06:00,1.7529708149999994,1.7529708149999994,27.114533428782877,27.114533428782877,-25.36156261378288,-25.36156261378288,25.36156261378288,0.0,2.7897718875161166,0.0,2.7897718875161166
2025-01-11 00:00:00-06:00,0.6207366311999993,0.6207366311999993,30.508808338370535,30.508808338370535,-29.888071707170536,-29.888071707170536,29.888071707170536,0.0,3.287687887788759,0.0,3.287687887788759
2025-01-12 00:00:00-06:00,8.7499288881,8.7499288881,30.016446764333573,30.016446764333573,-21.26651787623357,-21.26651787623357,22.866924014369893,1.6004061381363215,2.515361641580688,0.08802233759749768,2.4273393039831905
2025-01-13 00:00:00-06:00,1.2291952040999994,1.2291952040999994,24.437741381880883,24.437741381880883,-23.20854617778088,-23.20854617778088,23.20854617778088,0.0,2.552940079555897,0.0,2.552940079555897
2025-01-14 00:00:00-06:00,2.6464458023999997,2.6464458023999997,25.358425739165195,25.358425739165195,-22.711979936765193,-22.711979936765193,22.828876047601774,0.1168961108365782,2.5111763652361954,0.0064292860960118,2.5047470791401834
2025-01-15 00:00:00-06:00,4.1513741055,4.1513741055,25.538809990046857,25.538809990046857,-21.387435884546857,-21.387435884546857,21.876556159577557,0.4891202750307003,2.4064211775535314,0.026901615126688518,2.379519562426843
2025-01-16 00:00:00-06:00,5.257671597899999,5.257671597899999,26.934963590610536,26.934963590610536,-21.677291992710536,-21.677291992710536,22.862505972413906,1.1852139797033685,2.5148756569655295,0.06518676888368527,2.449688888081844
2025-01-17 00:00:00-06:00,2.9636785007999995,2.9636785007999995,26.037329467315043,26.037329467315043,-23.073650966515043,-23.073650966515043,23.073650966515043,0.0,2.538101606316655,0.0,2.538101606316655
2025-01-18 00:00:00-06:00,9.056931075899998,9.056931075899998,31.90494363209039,31.90494363209039,-22.84801255619039,-22.84801255619039,24.50504898598103,1.6570364297906393,2.6955553884579135,0.09113700363848516,2.6044183848194282
2025-01-19 00:00:00-06:00,9.474282495899999,9.474282495899999,28.975670058541898,28.975670058541898,-19.5013875626419,-19.5013875626419,21.58973443398347,2.08834687134157,2.374870787738182,0.11485907792378636,2.2600117098143953
2025-01-20 00:00:00-06:00,9.707765409,9.707765409,27.402990842000683,27.402990842000683,-17.69522543300068,-17.69522543300068,19.961377171106076,2.2661517381053957,2.1957514888216685,0.12463834559579677,2.0711131432258716
2025-01-21 00:00:00-06:00,1.6079943635999994,1.6079943635999994,27.013344535642645,27.013344535642645,-25.40535017204265,-25.40535017204265,25.40535017204265,0.0,2.7945885189246913,0.0,2.7945885189246913
2025-01-22 00:00:00-06:00,2.0652439049999995,2.0652439049999995,26.80926047490015,26.80926047490015,-24.74401656990015,-24.74401656990015,24.74401656990015,0.0,2.7218418226890164,0.0,2.7218418226890164
2025-01-23 00:00:00-06:00,6.0224896737,6.0224896737,25.949629510028327,25.949629510028327,-19.927139836328326,-19.927139836328326,21.472069277386154,1.5449294410578287,2.361927620512477,0.08497111925818059,2.2769565012542965
2025-01-24 00:00:00-06:00,6.2604388377,6.2604388377,28.611398587012108,28.611398587012108,-22.350959749312107,-22.350959749312107,23.788599982038228,1.4376402327261224,2.616745998024205,0.07907021279993673,2.5376757852242684
2025-01-25 00:00:00-06:00,8.971181036099999,8.971181036099999,32.059353673937096,32.059353673937096,-23.0881726378371,-23.0881726378371,24.814269439706518,1.7260968018694178,2.729569638367717,0.09493532410281798,2.634634314264899
2025-01-26 00:00:00-06:00,8.8898011812,8.8898011812,33.08432277483503,33.08432277483503,-24.19452159363503,-24.19452159363503,25.57195133078361,1.3774297371485793,2.812914646386197,0.07575863554317186,2.7371560108430253
2025-01-27 00:00:00-06:00,8.324161317,8.324161317,28.362008838740962,28.362008838740962,-20.03784752174096,-20.03784752174096,21.48169394360496,1.4438464218639986,2.3629863337965458,0.07941155320251993,2.2835747805940256
2025-01-28 00:00:00-06:00,8.417795275799998,8.417795275799998,29.186925531572964,29.186925531572964,-20.769130255772964,-20.769130255772964,22.211145337406283,1.4420150816333148,2.4432259871146913,0.07931082948983231,2.363915157624859
2025-01-29 00:00:00-06:00,8.5345068339,8.5345068339,26.08319608290659,26.08319608290659,-17.54868924900659,-17.54868924900659,19.355364947501887,1.806675698495296,2.1290901442252075,0.09936716341724129,2.029722980807966
2025-01-30 00:00:00-06:00,8.2519972884,8.2519972884,26.79894177376124,26.79894177376124,-18.54694448536124,-18.54694448536124,20.30216260360077,1.755218118239532,2.233237886396085,0.09653699650317427,2.1367008898929107
2025-01-31 00:00:00-06:00,2.2207582403999995,2.2207582403999995,28.800954910218252,28.800954910218252,-26.580196669818253,-26.580196669818253,26.580196669818253,0.0,2.923821633680008,0.0,2.923821633680008
2025-02-01 00:00:00-06:00,5.7315122045999995,5.7315122045999995,27.796491322862668,27.796491322862668,-22.06497911826267,-22.06497911826267,23.665510240236785,1.6005311219741172,2.603206126426046,0.08802921170857644,2.5151769147174696
2025-02-02 00:00:00-06:00,1.7827306874999993,1.7827306874999993,28.839609978665155,28.839609978665155,-27.056879291165156,-27.056879291165156,27.056879291165156,0.0,2.9762567220281673,0.0,2.9762567220281673
2025-02-03 00:00:00-06:00,3.1599007523999996,3.1599007523999996,25.700445408205056,25.700445408205056,-22.540544655805057,-22.540544655805057,22.59215330052348,0.05160864471842452,2.485136863057583,0.002838475459513349,2.4822983875980698
2025-02-04 00:00:00-06:00,2.1131348282999993,2.1131348282999993,26.69846108181809,26.69846108181809,-24.585326253518087,-24.585326253518087,24.585326253518087,0.0,2.7043858878869895,0.0,2.7043858878869895
2025-02-05 00:00:00-06:00,2.6442998693999993,2.6442998693999993,24.858490924467745,24.858490924467745,-22.214191055067747,-22.214191055067747,22.214191055067747,0.0,2.443561016057452,0.0,2.443561016057452
2025-02-06 00:00:00-06:00,5.3005605147,5.3005605147,27.72388936003585,27.72388936003585,-22.423328845335853,-22.423328845335853,23.508835494448977,1.0855066491131264,2.5859719043893876,0.059702865701221956,2.5262690386881657
2025-02-07 00:00:00-06:00,0.9615337847999994,0.9615337847999994,28.91204519228267,28.91204519228267,-27.95051140748267,-27.95051140748267,27.95051140748267,0.0,3.0745562548230936,0.0,3.0745562548230936
2025-02-08 00:00:00-06:00,6.810204640499999,6.810204640499999,30.664732839199768,30.664732839199768,-23.854528198699768,-23.854528198699768,25.08582335974249,1.2312951610427236,2.759440569571674,0.0677212338573498,2.6917193357143243
2025-02-09 00:00:00-06:00,6.085124522099999,6.085124522099999,29.582361767541723,29.582361767541723,-23.49723724544172,-23.49723724544172,24.600859239957263,1.103621994515541,2.7060945163952987,0.06069920969835475,2.645395306696944
2025-02-10 00:00:00-06:00,5.601441224699999,5.601441224699999,28.91805112690937,28.91805112690937,-23.31660990220937,-23.31660990220937,24.498004155220254,1.1813942530108856,2.694780457074228,0.06497668391559872,2.6298037731586295
2025-02-11 00:00:00-06:00,6.4894846274999995,6.4894846274999995,24.2371079136398,24.2371079136398,-17.747623286139802,-17.747623286139802,19.53088252595414,1.7832592398143376,2.1483970778549555,0.09807925818978858,2.050317819665167
2025-02-12 00:00:00-06:00,6.5223722448,6.5223722448,24.130366168408344,24.130366168408344,-17.607993923608344,-17.607993923608344,19.381743405005913,1.7737494813975683,2.1319917745506505,0.09755622147686625,2.0344355530737843
2025-02-13 00:00:00-06:00,7.455941607824999,7.455941607824999,29.60184555924579,29.60184555924579,-22.145903951420788,-22.145903951420788,23.679163914476476,1.533259963055686,2.604708030592412,0.08432929796806272,2.5203787326243496
2025-02-14 00:00:00-06:00,5.3980301043,5.3980301043,28.668222860477552,28.668222860477552,-23.270192756177554,-23.270192756177554,24.172120400650517,0.9019276444729615,2.658933244071557,0.04960602044601288,2.6093272236255443
2025-02-15 00:00:00-06:00,2.3585106662999995,2.3585106662999995,28.641206548232486,28.641206548232486,-26.282695881932487,-26.282695881932487,26.282695881932487,0.0,2.8910965470125736,0.0,2.8910965470125736
2025-02-16 00:00:00-06:00,10.437721748324998,10.437721748324998,31.824189536463,31.824189536463,-21.386467788138,-21.386467788138,23.893822009134798,2.5073542209967976,2.628320421004828,0.13790448215482387,2.490415938850004
2025-02-17 00:00:00-06:00,7.5568116213,7.5568116213,29.123291206533967,29.123291206533967,-21.566479585233967,-21.566479585233967,22.769077426757807,1.2025978415238396,2.504598516943359,0.06614288128381118,2.4384556356595475
2025-02-18 00:00:00-06:00,10.8301835079,10.8301835079,26.252267617394093,26.252267617394093,-15.422084109494094,-15.422084109494094,18.814708729016328,3.3926246195222354,2.069617960191796,0.18659435407372293,1.883023606118073
2025-02-19 00:00:00-06:00,10.884926490525,10.884926490525,26.62640630616441,26.62640630616441,-15.74147981563941,-15.74147981563941,19.016437071492433,3.2749572558530233,2.0918080778641674,0.18012264907191627,1.9116854287922511
2025-02-20 00:00:00-06:00,10.693006484399998,10.693006484399998,25.87353392030433,25.87353392030433,-15.180527435904331,-15.180527435904331,18.378071193188568,3.197543757284238,2.0215878312507423,0.1758649066506331,1.8457229246001092
2025-02-21 00:00:00-06:00,9.715332050325,9.715332050325,27.942739971915152,27.942739971915152,-18.227407921590153,-18.227407921590153,20.67940507835954,2.4519971567693886,2.2747345586195493,0.13485984362231637,2.139874714997233
2025-02-22 00:00:00-06:00,3.5175503583,3.5175503583,33.107131089885165,33.107131089885165,-29.58958073158517,-29.58958073158517,29.58958073158517,0.0,3.2548538804743687,0.0,3.2548538804743687
2025-02-23 00:00:00-06:00,7.265312846325,7.265312846325,29.092505598058498,29.092505598058498,-21.8271927517335,-21.8271927517335,23.332033820994848,1.5048410692613496,2.566523720309433,0.08276625880937423,2.483757461500059
2025-02-24 00:00:00-06:00,9.039028660424998,9.039028660424998,25.420920359589385,25.420920359589385,-16.381891699164385,-16.381891699164385,18.768360839921364,2.3864691407569785,2.0645196923913502,0.13125580274163381,1.9332638896497165
2025-02-25 00:00:00-06:00,4.058915486399999,4.058915486399999,26.19011115550711,26.19011115550711,-22.13119566910711,-22.13119566910711,22.39171217338506,0.26051650427794876,2.4630883390723564,0.014328407735287181,2.448759931337069
2025-02-26 00:00:00-06:00,8.625968410499999,8.625968410499999,25.01219992037703,25.01219992037703,-16.38623150987703,-16.38623150987703,18.36499605740733,1.9787645475302962,2.020149566314806,0.10883205011416629,1.91131751620064
2025-02-27 00:00:00-06:00,5.993664589799999,5.993664589799999,30.115147389483027,30.115147389483027,-24.121482799683026,-24.121482799683026,24.209581720928153,0.0880989212451243,2.663053989302097,0.004845440668481837,2.658208548633615
2025-02-28 00:00:00-06:00,9.205007210324998,9.205007210324998,25.24729771491312,25.24729771491312,-16.04229050458812,-16.04229050458812,18.326089934322543,2.2837994297344197,2.0158698927754797,0.1256089686353931,1.8902609241400865
2025-03-01 00:00:00-06:00,7.5285477857249985,7.5285477857249985,29.86230878998848,29.86230878998848,-22.33376100426348,-22.33376100426348,24.280335781472328,1.946574777208848,2.670836935961956,0.10706161274648664,2.563775323215469
2025-03-02 00:00:00-06:00,9.461791274625,9.461791274625,31.187588380204307,31.187588380204307,-21.725797105579307,-21.725797105579307,23.79640179991018,2.07060469433087,2.6176041979901195,0.11388325818819785,2.5037209398019216
2025-03-03 00:00:00-06:00,8.572121634824999,8.572121634824999,25.926605031661065,25.926605031661065,-17.354483396836066,-17.354483396836066,19.23904715819625,1.8845637613601824,2.1162951874015876,0.10365100687481003,2.0126441805267774
2025-03-04 00:00:00-06:00,2.9587853630249996,2.9587853630249996,28.676093369304326,28.676093369304326,-25.717308006279325,-25.717308006279325,25.717308006279325,0.0,2.8289038806907256,0.0,2.8289038806907256
2025-03-05 00:00:00-06:00,4.333112668799999,4.333112668799999,28.394903402349993,28.394903402349993,-24.06179073354999,-24.06179073354999,24.60878619389251,0.5469954603425162,2.706966481328176,0.030084750318838394,2.6768817310093374
2025-03-06 00:00:00-06:00,7.997566619699999,7.997566619699999,30.37003431054793,30.37003431054793,-22.37246769084793,-22.37246769084793,23.777590367187102,1.4051226763391735,2.615534940390581,0.07728174719865455,2.5382531931919265
2025-03-07 00:00:00-06:00,10.209028246425,10.209028246425,29.24848989661364,29.24848989661364,-19.039461650188645,-19.039461650188645,21.616643548556077,2.577181898367433,2.3778307903411684,0.14174500441020882,2.2360857859309595
2025-03-08 00:00:00-06:00,9.1799734239,9.1799734239,30.895462845342927,30.895462845342927,-21.71548942144293,-21.71548942144293,23.826381982621445,2.1108925611785154,2.620902018088359,0.11609909086481834,2.5048029272235404
2025-03-09 00:00:00-06:00,7.8091023591,7.8091023591,30.24194721813707,30.24194721813707,-22.432844859037072,-22.432844859037072,25.09819197185612,2.665347112819048,2.7608011169041733,0.14659409120504766,2.6142070256991254
2025-03-10 00:00:00-05:00,6.794631682424999,6.794631682424999,26.69073270244622,26.69073270244622,-19.89610102002122,-19.89610102002122,21.686097364967928,1.7899963449467087,2.385470710146472,0.09844979897206897,2.287020911174403
2025-03-11 00:00:00-05:00,5.663955917024999,5.663955917024999,28.530527385584417,28.530527385584417,-22.866571468559417,-22.866571468559417,24.78438913236052,1.917817663801101,2.726282804559657,0.10547997150906056,2.6208028330505964
2025-03-12 00:00:00-05:00,7.753584369824999,7.753584369824999,27.753078701738286,27.753078701738286,-19.999494331913287,-19.999494331913287,22.63940566767757,2.6399113357642845,2.4903346234445327,0.14519512346703564,2.3451394999774973
2025-03-13 00:00:00-05:00,5.787593698724999,5.787593698724999,29.205664573623867,29.205664573623867,-23.418070874898866,-23.418070874898866,24.383887572387206,0.9658166974883382,2.6822276329625927,0.0531199183618586,2.629107714600734
2025-03-14 00:00:00-05:00,1.9768134995999995,1.9768134995999995,29.822394404293703,29.822394404293703,-27.845580904693705,-27.845580904693705,27.845580904693705,0.0,3.0630138995163074,0.0,3.0630138995163074
2025-03-15 00:00:00-05:00,10.692101362724998,10.692101362724998,29.794092674131342,29.794092674131342,-19.101991311406344,-19.101991311406344,22.60461610575555,3.502624794349208,2.4865077716331103,0.19264436368920645,2.293863407943904
2025-03-16 00:00:00-05:00,7.937042244524999,7.937042244524999,29.465090499784953,29.465090499784953,-21.528048255259954,-21.528048255259954,23.33462626983207,1.8065780145721182,2.566808889681528,0.0993617908014665,2.4674470988800614
2025-03-17 00:00:00-05:00,6.237891191024999,6.237891191024999,27.456592399846155,27.456592399846155,-21.21870120882116,-21.21870120882116,23.128988379838702,1.9102871710175457,2.544188721782257,0.10506579440596502,2.439122927376292
2025-03-18 00:00:00-05:00,4.5260191503,4.5260191503,25.19339738868063,25.19339738868063,-20.66737823838063,-20.66737823838063,20.807702774314322,0.14032453593369132,2.2888473051745755,0.007717849476353023,2.2811294556982222
2025-03-19 00:00:00-05:00,10.200835309724999,10.200835309724999,29.042865622602186,29.042865622602186,-18.842030312877185,-18.842030312877185,22.227812873585926,3.3857825607087375,2.445059416094452,0.18621804083898055,2.2588413752554715
2025-03-20 00:00:00-05:00,9.9840420045,9.9840420045,25.04499395504379,25.04499395504379,-15.060951950543789,-15.060951950543789,18.58816314044434,3.5272111899005516,2.0446979454488776,0.19399661544453034,1.8507013300043473
2025-03-21 00:00:00-05:00,7.853142104324999,7.853142104324999,26.11996580574037,26.11996580574037,-18.26682370141537,-18.26682370141537,21.38115974141394,3.1143360399985696,2.3519275715555334,0.17128848219992132,2.180639089355612
2025-03-22 00:00:00-05:00,6.111883476899999,6.111883476899999,31.04144701058834,31.04144701058834,-24.929563533688338,-24.929563533688338,25.286258240420985,0.3566947067326459,2.781488406446308,0.019618208870295525,2.7618701975760125
2025-03-23 00:00:00-05:00,8.3769633162,8.3769633162,30.29378544630438,30.29378544630438,-21.91682213010438,-21.91682213010438,24.26159454750707,2.344772417402692,2.6687754002257775,0.12896248295714804,2.5398129172686295
2025-03-24 00:00:00-05:00,6.410284271999999,6.410284271999999,29.103037076433164,29.103037076433164,-22.692752804433166,-22.692752804433166,24.580757036581204,1.888004232148039,2.7038832740239322,0.10384023276814215,2.60004304125579
2025-03-25 00:00:00-05:00,10.1908557594,10.1908557594,26.99485732979851,26.99485732979851,-16.80400157039851,-16.80400157039851,20.193866412706484,3.389864842307972,2.221325305397713,0.18644256632693845,2.034882739070775
2025-03-26 00:00:00-05:00,8.902883255625,8.902883255625,26.61609876501164,26.61609876501164,-17.71321550938664,-17.71321550938664,20.974847064176032,3.261631554789391,2.3072331770593637,0.1793897355134165,2.1278434415459473
2025-03-27 00:00:00-05:00,10.2702381111,10.2702381111,26.66799078660192,26.66799078660192,-16.39775267550192,-16.39775267550192,19.689551353319104,3.2917986778171864,2.1658506488651015,0.18104892727994526,1.984801721585156
2025-03-28 00:00:00-05:00,4.132108360799999,4.132108360799999,26.652413760300895,26.652413760300895,-22.520305399500895,-22.520305399500895,23.467775881299808,0.9474704817989119,2.581455346942979,0.052110876498940154,2.529344470444039
2025-03-29 00:00:00-05:00,2.422116688499999,2.422116688499999,28.82347440534069,28.82347440534069,-26.40135771684069,-26.40135771684069,26.40135771684069,0.0,2.9041493488524757,0.0,2.9041493488524757
2025-03-30 00:00:00-05:00,4.472045064899999,4.472045064899999,28.304599666361053,28.304599666361053,-23.832554601461055,-23.832554601461055,23.86861694704902,0.03606234558796817,2.625547864175392,0.0019834290073382495,2.623564435168054
2025-03-31 00:00:00-05:00,5.226591614399999,5.226591614399999,29.34802191143992,29.34802191143992,-24.12143029703992,-24.12143029703992,25.25407142590995,1.1326411288700298,2.7779478568500946,0.06229526208785164,2.715652594762243
2025-04-01 00:00:00-05:00,1.9930585976999993,1.9930585976999993,25.59421273324299,25.59421273324299,-23.60115413554299,-23.60115413554299,23.60115413554299,0.0,2.596126954909729,0.0,2.596126954909729
2025-04-02 00:00:00-05:00,3.287919845024999,3.287919845024999,25.843123254700195,25.843123254700195,-22.555203409675197,-22.555203409675197,22.73972392088555,0.18452051121035357,2.5013696312974103,0.010148628116569447,2.491221003180841
2025-04-03 00:00:00-05:00,4.907681935199999,4.907681935199999,26.795328091127224,26.795328091127224,-21.887646155927225,-21.887646155927225,22.363993399812745,0.47634724388552135,2.460039273979402,0.026199098413703676,2.4338401755656984
2025-04-04 00:00:00-05:00,8.3351135997,8.3351135997,25.19447950914722,25.19447950914722,-16.85936590944722,-16.85936590944722,18.312101736243154,1.4527358267959325,2.0143311909867467,0.07990047047377628,1.9344307205129705
2025-04-05 00:00:00-05:00,11.126872307924998,11.126872307924998,27.606124475933434,27.606124475933434,-16.479252168008436,-16.479252168008436,20.166095242577644,3.6868430745692056,2.2182704766835406,0.2027763691013063,2.015494107582234
2025-04-06 00:00:00-05:00,10.5256120356,10.5256120356,28.322876666468357,28.322876666468357,-17.797264630868355,-17.797264630868355,21.146468240595503,3.349203609727146,2.3261115064655056,0.184206198534993,2.1419053079305126
2025-04-07 00:00:00-05:00,10.964714104799999,10.964714104799999,25.93893212284109,25.93893212284109,-14.974218018041093,-14.974218018041093,18.86040680505579,3.886188787014697,2.074644748556137,0.21374038328580836,1.8609043652703283
2025-04-08 00:00:00-05:00,6.344011391624999,6.344011391624999,28.89199754705248,28.89199754705248,-22.54798615542748,-22.54798615542748,23.273529777367106,0.7255436219396274,2.5600882755103815,0.03990489920667951,2.520183376303702
2025-04-09 00:00:00-05:00,9.515522592224999,9.515522592224999,28.57264340030223,28.57264340030223,-19.05712080807723,-19.05712080807723,21.583448343691373,2.5263275356141426,2.374179317806051,0.13894801445877783,2.2352313033472733
2025-04-10 00:00:00-05:00,10.220587030799999,10.220587030799999,28.309353020122284,28.309353020122284,-18.088765989322287,-18.088765989322287,21.159841052716512,3.0710750633942254,2.327582515798816,0.1689091284866824,2.1586733873121338
2025-04-11 00:00:00-05:00,9.83773174095,9.83773174095,25.61568083586091,25.61568083586091,-15.77794909491091,-15.77794909491091,18.72403347890306,2.9460843839921496,2.0596436826793365,0.16203464111956822,1.8976090415597682
2025-04-12 00:00:00-05:00,6.475307486399998,6.475307486399998,27.124700055315323,27.124700055315323,-20.649392568915324,-20.649392568915324,21.515348736599364,0.8659561676840408,2.36668836102593,0.047627589222622245,2.319060771803308
2025-04-13 00:00:00-05:00,4.12702837965,4.12702837965,31.711393256911883,31.711393256911883,-27.584364877261883,-27.584364877261883,27.591336648613648,0.0069717713517677415,3.0350470313475015,0.0003834474243472258,3.0346635839231544
2025-04-14 00:00:00-05:00,9.570350983949998,9.570350983949998,27.040312999010773,27.040312999010773,-17.469962015060776,-17.469962015060776,20.41834247325347,2.9483804581926965,2.246017672057882,0.1621609252005983,2.0838567468572835
2025-04-15 00:00:00-05:00,11.001311002349999,11.001311002349999,26.213082864728634,26.213082864728634,-15.211771862378633,-15.211771862378633,18.87293057111444,3.6611587087358086,2.0760223628225885,0.20136372898046948,1.874658633842119
2025-04-16 00:00:00-05:00,7.649277307649999,7.649277307649999,29.408991349428252,29.408991349428252,-21.759714041778253,-21.759714041778253,23.301257632267426,1.5415435904891748,2.563138339549417,0.08478489747690461,2.478353442072512
2025-04-17 00:00:00-05:00,3.187045547999999,3.187045547999999,27.054462194916496,27.054462194916496,-23.8674166469165,-23.8674166469165,23.976498736199527,0.10908208928303009,2.637414860981948,0.005999514910566655,2.6314153460713814
2025-04-18 00:00:00-05:00,4.347879271199999,4.347879271199999,24.836390758023022,24.836390758023022,-20.488511486823022,-20.488511486823022,20.802422229026902,0.31391074220388,2.288266445192959,0.0172650908212134,2.2710013543717458
2025-04-19 00:00:00-05:00,11.372043763349998,11.372043763349998,27.086091196038378,27.086091196038378,-15.714047432688378,-15.714047432688378,19.434340186225572,3.720292753537196,2.137777420484813,0.20461610144454578,1.9331613190402672
2025-04-20 00:00:00-05:00,6.924752644049999,6.924752644049999,27.31488232437204,27.31488232437204,-20.390129680322037,-20.390129680322037,20.834106813861347,0.4439771335393077,2.291751749524748,0.02441874234466192,2.267333007180086
2025-04-21 00:00:00-05:00,3.856145819849999,3.856145819849999,29.668020433835775,29.668020433835775,-25.811874613985776,-25.811874613985776,25.87953147822858,0.06765686424280182,2.846748462605144,0.0037211275333541,2.8430273350717896
2025-04-22 00:00:00-05:00,10.39166501265,10.39166501265,28.20261086479319,28.20261086479319,-17.810945852143192,-17.810945852143192,20.770861250266172,2.9599153981229795,2.2847947375292788,0.16279534689676387,2.121999390632515
2025-04-23 00:00:00-05:00,9.882945434699998,9.882945434699998,26.094245552801144,26.094245552801144,-16.211300118101146,-16.211300118101146,19.244229469727166,3.032929351626018,2.1168652416699882,0.166811114339431,1.9500541273305572
2025-04-24 00:00:00-05:00,3.178731771449999,3.178731771449999,27.24572635723394,27.24572635723394,-24.06699458578394,-24.06699458578394,24.083268513305267,0.016273927521325615,2.6491595364635794,0.0008950660136729089,2.6482644704499063
2025-04-25 00:00:00-05:00,8.59689455535,8.59689455535,28.032516845655994,28.032516845655994,-19.435622290305997,-19.435622290305997,21.661443657533,2.2258213672270015,2.3827588023286297,0.12242017519748509,2.2603386271311448
2025-04-26 00:00:00-05:00,2.108870224199999,2.108870224199999,28.16943764606697,28.16943764606697,-26.060567421866974,-26.060567421866974,26.060567421866974,0.0,2.8666624164053673,0.0,2.8666624164053673
2025-04-27 00:00:00-05:00,6.132613361399999,6.132613361399999,31.12343035653911,31.12343035653911,-24.99081699513911,-24.99081699513911,26.566462046073198,1.5756450509340874,2.9223108250680516,0.0866604778013748,2.835650347266677
2025-04-28 00:00:00-05:00,2.710417198049999,2.710417198049999,26.68404049124364,26.68404049124364,-23.97362329319364,-23.97362329319364,23.97362329319364,0.0,2.6370985622513006,0.0,2.6370985622513006
2025-04-29 00:00:00-05:00,9.321940217699998,9.321940217699998,28.20478252069444,28.20478252069444,-18.882842302994444,-18.882842302994444,21.546608936818156,2.6637666338237125,2.3701269830499974,0.14650716486030418,2.223619818189693
2025-04-30 00:00:00-05:00,3.6726336967499993,3.6726336967499993,25.9822978558986,25.9822978558986,-22.3096641591486,-22.3096641591486,22.450021277188252,0.1403571180396525,2.469502340490708,0.007719641492180888,2.461782698998527
2025-05-01 00:00:00-05:00,7.523973773099998,7.523973773099998,28.482958779268813,28.482958779268813,-20.958985006168813,-20.958985006168813,22.820697482454737,1.861712476285923,2.510276723070021,0.10239418619572577,2.407882536874295
2025-05-02 00:00:00-05:00,11.220712722899998,11.220712722899998,27.554401947444596,27.554401947444596,-16.333689224544596,-16.333689224544596,20.012665641761366,3.6789764172167696,2.2013932205937503,0.20234370294692233,1.999049517646828
2025-05-03 00:00:00-05:00,10.83085234515,10.83085234515,31.679081506883755,31.679081506883755,-20.848229161733755,-20.848229161733755,23.841690076550154,2.9934609148163975,2.622585908420517,0.16464035031490187,2.457945558105615
2025-05-04 00:00:00-05:00,10.537929841949998,10.537929841949998,29.066729622863722,29.066729622863722,-18.528799780913722,-18.528799780913722,21.55494514065974,3.0261453597460166,2.3710439654725715,0.1664379947860309,2.2046059706865404
2025-05-05 00:00:00-05:00,10.312380159299998,10.312380159299998,26.856617374219958,26.856617374219958,-16.54423721491996,-16.54423721491996,19.620221274599185,3.0759840596792247,2.1582243402059103,0.16917912328235737,1.9890452169235529
2025-05-06 00:00:00-05:00,8.091419938649999,8.091419938649999,25.88632245325448,25.88632245325448,-17.79490251460448,-17.79490251460448,19.579626896014243,1.7847243814097642,2.153758958561567,0.09815984097753704,2.05559911758403
2025-05-07 00:00:00-05:00,10.820049542549999,10.820049542549999,25.981002255321542,25.981002255321542,-15.160952712771543,-15.160952712771543,18.646500466614466,3.485547753842921,2.0511150513275913,0.19170512646136065,1.8594099248662306
2025-05-08 00:00:00-05:00,10.556308521899998,10.556308521899998,29.03437928323423,29.03437928323423,-18.47807076133423,-18.47807076133423,21.509998538940575,3.0319277776063425,2.3660998392834633,0.16675602776834883,2.1993438115151145
2025-05-09 00:00:00-05:00,10.599813023849999,10.599813023849999,28.673132626054255,28.673132626054255,-18.073319602204254,-18.073319602204254,21.002051296910103,2.9287316947058493,2.3102256426601113,0.16108024320882172,2.1491453994512897
2025-05-10 00:00:00-05:00,9.88166476665,9.88166476665,31.510059658908244,31.510059658908244,-21.628394892258246,-21.628394892258246,24.11713587534065,2.488740983082404,2.6528849462874717,0.1368807540695322,2.5160041922179395
2025-05-11 00:00:00-05:00,10.073600561699998,10.073600561699998,30.01672637686981,30.01672637686981,-19.94312581516981,-19.94312581516981,22.678227460117334,2.7351016449475214,2.494605020612907,0.15043059047211368,2.3441744301407934
2025-05-12 00:00:00-05:00,10.0065358368,10.0065358368,27.081917420910873,27.081917420910873,-17.075381584110872,-17.075381584110872,19.869008805122867,2.793627221011995,2.1855909685635155,0.1536494971556597,2.0319414714078556
2025-05-13 00:00:00-05:00,9.801325876499998,9.801325876499998,25.17449072016184,25.17449072016184,-15.373164843661844,-15.373164843661844,18.443569219070095,3.0704043754082524,2.0287926140977106,0.16887224064745388,1.8599203734502567
2025-05-14 00:00:00-05:00,1.873726584299999,1.873726584299999,27.546225458219947,27.546225458219947,-25.67249887391995,-25.67249887391995,25.67249887391995,0.0,2.8239748761311945,0.0,2.8239748761311945
2025-05-15 00:00:00-05:00,2.6281855538999994,2.6281855538999994,28.473635858068693,28.473635858068693,-25.845450304168693,-25.845450304168693,25.870437477840557,0.024987173671863205,2.8457481225624615,0.0013742945519524762,2.844373828010509
2025-05-16 00:00:00-05:00,2.9874444880499995,2.9874444880499995,29.41562050565723,29.41562050565723,-26.42817601760723,-26.42817601760723,26.42817601760723,0.0,2.9070993619367953,0.0,2.9070993619367953
2025-05-17 00:00:00-05:00,10.1753586261,10.1753586261,29.031553169517306,29.031553169517306,-18.856194543417306,-18.856194543417306,21.32088539765132,2.4646908542340147,2.3452973937416455,0.1355579969828708,2.2097393967587746
2025-05-18 00:00:00-05:00,2.1335781118499995,2.1335781118499995,30.01971037140695,30.01971037140695,-27.886132259556952,-27.886132259556952,27.886132259556952,0.0,3.0674745485512647,0.0,3.0674745485512647
2025-05-19 00:00:00-05:00,2.4101705114999987,2.4101705114999987,26.840889435667027,26.840889435667027,-24.430718924167028,-24.430718924167028,24.430718924167028,0.0,2.687379081658373,0.0,2.687379081658373
2025-05-20 00:00:00-05:00,3.2625218636999995,3.2625218636999995,25.96835278581372,25.96835278581372,-22.705830922113723,-22.705830922113723,22.835599965699032,0.1297690435853076,2.5119159962268935,0.007137297397191918,2.5047786988297016
2025-05-21 00:00:00-05:00,4.892907478499999,4.892907478499999,25.887312733670733,25.887312733670733,-20.994405255170737,-20.994405255170737,21.594500475278217,0.600095220107483,2.375395052280604,0.033005237105911564,2.3423898151746925
2025-05-22 00:00:00-05:00,11.268822305699999,11.268822305699999,28.146691146336185,28.146691146336185,-16.877868840636186,-16.877868840636186,20.36621210502945,3.488343264393266,2.2402833315532398,0.19185887954162964,2.04842445201161
2025-05-23 00:00:00-05:00,2.9979821411999987,2.9979821411999987,25.768226814420633,25.768226814420633,-22.770244673220635,-22.770244673220635,22.770244673220635,0.0,2.50472691405427,0.0,2.50472691405427
2025-05-24 00:00:00-05:00,3.9199213115999987,3.9199213115999987,28.247784047216687,28.247784047216687,-24.32786273561669,-24.32786273561669,24.606255083864188,0.2783923482474993,2.7066880592250606,0.015311579153612462,2.6913764800714484
2025-05-25 00:00:00-05:00,8.626240921499999,8.626240921499999,28.322523125998586,28.322523125998586,-19.696282204498587,-19.696282204498587,21.34308374574503,1.6468015412464432,2.347739212031953,0.09057408476855437,2.2571651272633986
2025-05-26 00:00:00-05:00,7.648699433399999,7.648699433399999,27.935321926278032,27.935321926278032,-20.28662249287803,-20.28662249287803,21.783994626407832,1.4973721335298018,2.3962394089048615,0.0823554673441391,2.3138839415607224
2025-05-27 00:00:00-05:00,6.302548121399999,6.302548121399999,27.431836260152117,27.431836260152117,-21.129288138752116,-21.129288138752116,22.561326370995978,1.4320382322438634,2.4817459008095577,0.07876210277341249,2.402983798036145
2025-05-28 00:00:00-05:00,9.374288905799999,9.374288905799999,27.33319820551953,27.33319820551953,-17.95890929971953,-17.95890929971953,20.510760391989436,2.5518510922699074,2.256183643118838,0.1403518100748449,2.115831833043993
2025-05-29 00:00:00-05:00,10.454192621099999,10.454192621099999,28.167735990105836,28.167735990105836,-17.713543369005837,-17.713543369005837,20.891185587409556,3.1776422184037183,2.298030414615051,0.17477032201220452,2.1232600926028464
2025-05-30 00:00:00-05:00,10.419609095999999,10.419609095999999,29.1905196129495,29.1905196129495,-18.770910516949503,-18.770910516949503,21.532145651313556,2.7612351343640538,2.3685360216444913,0.15186793239002297,2.216668089254468
2025-05-31 00:00:00-05:00,9.2556827037,9.2556827037,29.820078386702605,29.820078386702605,-20.564395683002605,-20.564395683002605,22.810611100826637,2.2462154178240334,2.50916722109093,0.12354184798032183,2.3856253731106083
2025-06-01 00:00:00-05:00,10.532257345799998,10.532257345799998,30.594286711270133,30.594286711270133,-20.062029365470135,-20.062029365470135,22.68046067952322,2.6184313140530877,2.4948506747475543,0.14401372227291984,2.3508369524746344
2025-06-02 00:00:00-05:00,3.448421132399999,3.448421132399999,26.174746729991476,26.174746729991476,-22.72632559759148,-22.72632559759148,22.943721255941913,0.21739565835043612,2.5238093381536104,0.011956761209273987,2.5118525769443365
2025-06-03 00:00:00-05:00,10.0978772229,10.0978772229,25.32407399561843,25.32407399561843,-15.226196772718433,-15.226196772718433,18.178503201454248,2.9523064287358136,1.9996353521599672,0.16237685358046974,1.8372584985794975
2025-06-04 00:00:00-05:00,6.534345891599999,6.534345891599999,28.44332720251875,28.44332720251875,-21.90898131091875,-21.90898131091875,22.114097130716186,0.2051158197974376,2.4325506843787803,0.011281370088859068,2.4212693142899213
2025-06-05 00:00:00-05:00,9.446857567199999,9.446857567199999,27.66555573668149,27.66555573668149,-18.218698169481492,-18.218698169481492,21.126736597096127,2.9080384276146347,2.323941025680574,0.1599421135188049,2.163998912161769
2025-06-06 00:00:00-05:00,10.988449464599999,10.988449464599999,28.93053602612942,28.93053602612942,-17.94208656152942,-17.94208656152942,21.1638974036473,3.2218108421178835,2.3280287144012033,0.1771995963164836,2.1508291180847197
2025-06-07 00:00:00-05:00,7.7062124817,7.7062124817,30.879980987622755,30.879980987622755,-23.17376850592276,-23.17376850592276,24.495733167341385,1.3219646614186278,2.6945306484075524,0.07270805637802454,2.621822592029528
2025-06-08 00:00:00-05:00,11.047517958599999,11.047517958599999,31.11478107882408,31.11478107882408,-20.067263120224084,-20.067263120224084,23.153983059248937,3.0867199390248548,2.546938136517383,0.169769596646367,2.377168539871016
2025-06-09 00:00:00-05:00,10.957122223199999,10.957122223199999,29.02367467627143,29.02367467627143,-18.06655245307143,-18.06655245307143,21.226040072270756,3.1594876191993277,2.3348644079497833,0.17377181905596303,2.1610925888938204
2025-06-10 00:00:00-05:00,9.969745779899998,9.969745779899998,28.779840763274205,28.779840763274205,-18.810094983374206,-18.810094983374206,21.444095383667182,2.6340004002929764,2.35885049220339,0.1448700220161137,2.213980470187276
2025-06-11 00:00:00-05:00,8.965720315799999,8.965720315799999,30.040420387265556,30.040420387265556,-21.074700071465557,-21.074700071465557,23.66819946719705,2.593499395731489,2.6035019413916753,0.1426424667652319,2.4608594746264436
2025-06-12 00:00:00-05:00,2.2498856999999988,2.2498856999999988,27.28111073636876,27.28111073636876,-25.03122503636876,-25.03122503636876,25.03122503636876,0.0,2.7534347540005637,0.0,2.7534347540005637
2025-06-13 00:00:00-05:00,3.085438886099999,3.085438886099999,28.37858638480658,28.37858638480658,-25.293147498706585,-25.293147498706585,25.293147498706585,0.0,2.782246224857724,0.0,2.782246224857724
2025-06-14 00:00:00-05:00,10.041491697299998,10.041491697299998,31.18300574568261,31.18300574568261,-21.141514048382614,-21.141514048382614,23.85632464163261,2.7148105932499975,2.624195710579587,0.14931458262874986,2.4748811279508374
2025-06-15 00:00:00-05:00,9.453616425899998,9.453616425899998,27.545141149903408,27.545141149903408,-18.091524724003406,-18.091524724003406,21.10864279057932,3.0171180665759114,2.3219507069637255,0.16594149366167513,2.1560092133020503
2025-06-16 00:00:00-05:00,9.603865124099999,9.603865124099999,27.698070580118166,27.698070580118166,-18.09420545601817,-18.09420545601817,20.919810506975075,2.825605050956907,2.3011791557672585,0.1554082778026299,2.1457708779646287
2025-06-17 00:00:00-05:00,9.639130896,9.639130896,28.40851438335604,28.40851438335604,-18.76938348735604,-18.76938348735604,21.19471299272609,2.4253295053700494,2.3314184291998696,0.13339312279535273,2.1980253064045168
2025-06-18 00:00:00-05:00,10.0662446277,10.0662446277,27.35156331031685,27.35156331031685,-17.28531868261685,-17.28531868261685,20.392255588773263,3.106936906156413,2.243148114765059,0.17088152983860272,2.072266584926456
2025-06-19 00:00:00-05:00,10.251256441499999,10.251256441499999,29.720133756863977,29.720133756863977,-19.468877315363976,-19.468877315363976,22.17011651712522,2.7012392017612425,2.438712816883774,0.14856815609686835,2.290144660786906
2025-06-20 00:00:00-05:00,9.068591574,9.068591574,28.022594174983908,28.022594174983908,-18.954002600983912,-18.954002600983912,21.686813912227624,2.732811311243714,2.3855495303450387,0.15030462211840426,2.2352449082266346
2025-06-21 00:00:00-05:00,8.801856300599999,8.801856300599999,28.660644179954758,28.660644179954758,-19.858787879354757,-19.858787879354757,22.40407409267907,2.5452862133243137,2.464448150194698,0.13999074173283726,2.3244574084618606
2025-06-22 00:00:00-05:00,2.466829320299999,2.466829320299999,29.13635687518224,29.13635687518224,-26.669527554882244,-26.669527554882244,26.669527554882244,0.0,2.933648031037047,0.0,2.933648031037047
2025-06-23 00:00:00-05:00,10.6334561781,10.6334561781,25.76275962430644,25.76275962430644,-15.129303446206443,-15.129303446206443,18.349508898848654,3.2202054526422095,2.018445978873352,0.1771112998953215,1.8413346789780305
2025-06-24 00:00:00-05:00,9.490720808699999,9.490720808699999,25.164317521910984,25.164317521910984,-15.673596713210987,-15.673596713210987,18.34027769772243,2.666680984511444,2.0174305467494675,0.1466674541481294,1.870763092601338
2025-06-25 00:00:00-05:00,7.753992461999999,7.753992461999999,25.8821726665503,25.8821726665503,-18.1281802045503,-18.1281802045503,20.715584566844285,2.5874043622939813,2.2787143023528715,0.14230723992616898,2.1364070624267026
2025-06-26 00:00:00-05:00,8.903690448299999,8.903690448299999,27.32446620238744,27.32446620238744,-18.420775754087444,-18.420775754087444,21.595358476201813,3.17458272211437,2.3754894323821993,0.17460204971629037,2.200887382665909
2025-06-27 00:00:00-05:00,10.149923905199998,10.149923905199998,26.429448013247463,26.429448013247463,-16.279524108047465,-16.279524108047465,19.33478943897588,3.0552653309284126,2.1268268382873465,0.16803959320106268,1.9587872450862838
2025-06-28 00:00:00-05:00,7.906865749199999,7.906865749199999,32.276591995974485,32.276591995974485,-24.369726246774487,-24.369726246774487,25.770413636155492,1.4006873893810032,2.834745499977104,0.07703780641595517,2.757707693561149
2025-06-29 00:00:00-05:00,10.205151111899998,10.205151111899998,29.971350378834334,29.971350378834334,-19.766199266934336,-19.766199266934336,22.553829874192385,2.7876306072580483,2.4809212861611623,0.15331968339919266,2.3276016027619697
2025-06-30 00:00:00-05:00,10.783384569899999,10.783384569899999,27.16579048091446,27.16579048091446,-16.38240591101446,-16.38240591101446,19.618548390338013,3.2361424793235516,2.1580403229371816,0.17798783636279533,1.9800524865743863
2025-07-01 00:00:00-05:00,10.415511454499999,10.415511454499999,24.828181557451632,24.828181557451632,-14.412670102951633,-14.412670102951633,17.676246618173728,3.263576515222094,1.94438712799911,0.17949670833721518,1.7648904196618949
2025-07-02 00:00:00-05:00,10.423393037999999,10.423393037999999,29.134182621314192,29.134182621314192,-18.710789583314195,-18.710789583314195,21.441709042453127,2.7309194591389327,2.358587994669844,0.1502005702526413,2.2083874244172024
2025-07-03 00:00:00-05:00,8.975913833699998,8.975913833699998,28.396392725147024,28.396392725147024,-19.420478891447026,-19.420478891447026,21.72333333372498,2.302854442277957,2.3895666667097477,0.12665699432528763,2.26290967238446
2025-07-04 00:00:00-05:00,2.876568260399999,2.876568260399999,27.20495803524042,27.20495803524042,-24.32838977484042,-24.32838977484042,24.32838977484042,0.0,2.6761228752324464,0.0,2.6761228752324464
2025-07-05 00:00:00-05:00,9.3585426354,9.3585426354,29.408479845670588,29.408479845670588,-20.04993721027059,-20.04993721027059,23.024098074704042,2.9741608644334567,2.5326507882174445,0.1635788475438401,2.3690719406736043
2025-07-06 00:00:00-05:00,10.125335518199998,10.125335518199998,29.344235187030225,29.344235187030225,-19.218899668830225,-19.218899668830225,21.73777503021356,2.518875361383332,2.3911552533234914,0.13853814487608326,2.2526171084474083
2025-07-07 00:00:00-05:00,10.618830648,10.618830648,27.54833374876684,27.54833374876684,-16.92950310076684,-16.92950310076684,20.196975916487034,3.267472815720194,2.221667350813574,0.1797110048646107,2.041956345948963
2025-07-08 00:00:00-05:00,10.2983463315,10.2983463315,26.625782393973477,26.625782393973477,-16.327436062473478,-16.327436062473478,19.469531206861262,3.142095144387784,2.1416484327547387,0.1728152329413281,1.9688331998134105
2025-07-09 00:00:00-05:00,10.151729230499999,10.151729230499999,24.70236839876616,24.70236839876616,-14.55063916826616,-14.55063916826616,17.91930109944711,3.3686619311809514,1.9711231209391822,0.18527640621495234,1.7858467147242298
2025-07-10 00:00:00-05:00,10.341636581699998,10.341636581699998,28.67845320243598,28.67845320243598,-18.336816620735977,-18.336816620735977,21.15939076769871,2.822574146962731,2.327532984446858,0.1552415780829502,2.172291406363908
2025-07-11 00:00:00-05:00,7.77208601925,7.77208601925,26.54082935674457,26.54082935674457,-18.76874333749457,-18.76874333749457,20.899323074598982,2.1305797371044126,2.298925538205888,0.1171818855407427,2.1817436526651455
2025-07-12 00:00:00-05:00,9.217348438499998,9.217348438499998,28.641895874742257,28.641895874742257,-19.42454743624226,-19.42454743624226,21.470505279590366,2.045957843348107,2.36175558075494,0.11252768138414589,2.249227899370794
2025-07-13 00:00:00-05:00,10.43316444465,10.43316444465,30.26623924429061,30.26623924429061,-19.833074799640613,-19.833074799640613,22.58094947610824,2.74787467646763,2.4839044423719066,0.15113310720571965,2.332771335166187
2025-07-14 00:00:00-05:00,9.998756233649999,9.998756233649999,28.093213169017364,28.093213169017364,-18.094456935367365,-18.094456935367365,20.889165728364237,2.7947087929968712,2.297808230120066,0.15370898361482793,2.144099246505238
2025-07-15 00:00:00-05:00,2.0969852170499985,2.0969852170499985,29.05609101928348,29.05609101928348,-26.95910580223348,-26.95910580223348,26.95910580223348,0.0,2.9655016382456827,0.0,2.9655016382456827
2025-07-16 00:00:00-05:00,6.218651107799999,6.218651107799999,25.806614774274497,25.806614774274497,-19.587963666474497,-19.587963666474497,21.177876595001578,1.5899129285270819,2.3295664254501736,0.0874452110689895,2.242121214381184
2025-07-17 00:00:00-05:00,6.075658508399999,6.075658508399999,24.872529335852864,24.872529335852864,-18.796870827452864,-18.796870827452864,20.475651476588222,1.6787806491353583,2.2523216624247047,0.0923329357024447,2.15998872672226
2025-07-18 00:00:00-05:00,9.729022718249999,9.729022718249999,26.188999224143696,26.188999224143696,-16.459976505893696,-16.459976505893696,19.23733721102483,2.7773607051311338,2.1161070932127313,0.15275483878221235,1.9633522544305189
2025-07-19 00:00:00-05:00,6.803576017649999,6.803576017649999,29.347316362333224,29.347316362333224,-22.543740344683226,-22.543740344683226,24.5401183995806,1.9963780548973737,2.699413023953866,0.10980079301935555,2.5896122309345104
2025-07-20 00:00:00-05:00,8.212910543999998,8.212910543999998,27.903117851158125,27.903117851158125,-19.690207307158126,-19.690207307158126,21.78001472722965,2.089807420071522,2.3958016199952614,0.11493940810393372,2.2808622118913275
2025-07-21 00:00:00-05:00,10.014883799399998,10.014883799399998,27.85665688971756,27.85665688971756,-17.84177309031756,-17.84177309031756,20.74430047273333,2.9025273824157667,2.281873052000666,0.15963900603286718,2.122234045967799
2025-07-22 00:00:00-05:00,4.5628444961999985,4.5628444961999985,29.57715179281119,29.57715179281119,-25.014307296611193,-25.014307296611193,25.14304288543447,0.12873558882327496,2.7657347173977915,0.007080457385280123,2.7586542600125115
2025-07-23 00:00:00-05:00,6.346264670549999,6.346264670549999,25.88181594889646,25.88181594889646,-19.53555127834646,-19.53555127834646,20.88882529284851,1.3532740145020505,2.297770782213336,0.07443007079761278,2.2233407114157235
2025-07-24 00:00:00-05:00,10.2406595031,10.2406595031,24.720963781262874,24.720963781262874,-14.480304278162874,-14.480304278162874,17.70225290693225,3.221948628769377,1.9472478197625478,0.17720717458231572,1.7700406451802322
2025-07-25 00:00:00-05:00,7.518742172099999,7.518742172099999,25.66274691291182,25.66274691291182,-18.144004740811823,-18.144004740811823,19.892704974213284,1.7487002334014616,2.1881975471634614,0.09617851283708038,2.092019034326381
2025-07-26 00:00:00-05:00,8.503006286249999,8.503006286249999,26.730200874205284,26.730200874205284,-18.227194587955285,-18.227194587955285,20.10719550231165,1.8800009143563634,2.211791505254282,0.10340005028959999,2.1083914549646816
2025-07-27 00:00:00-05:00,9.946817223299998,9.946817223299998,32.44206680598511,32.44206680598511,-22.495249582685105,-22.495249582685105,24.99439709598202,2.499147513296913,2.7493836805580223,0.13745311323133022,2.611930567326692
2025-07-28 00:00:00-05:00,7.857854636399998,7.857854636399998,30.045825728088012,30.045825728088012,-22.187971091688013,-22.187971091688013,24.778945691839866,2.5909746001518528,2.7256840261023854,0.1425036030083519,2.5831804230940336
2025-07-29 00:00:00-05:00,7.794514319849998,7.794514319849998,25.910954802308577,25.910954802308577,-18.11644048245858,-18.11644048245858,20.173663933739263,2.0572234512806844,2.219103032711319,0.11314728982043765,2.1059557428908815
2025-07-30 00:00:00-05:00,7.295518631249998,7.295518631249998,27.259223896591525,27.259223896591525,-19.963705265341524,-19.963705265341524,21.19203599852525,1.2283307331837252,2.3311239598377775,0.06755819032510489,2.2635657695126725
2025-07-31 00:00:00-05:00,7.815196684349999,7.815196684349999,26.751489396172687,26.751489396172687,-18.936292711822688,-18.936292711822688,20.866555695931726,1.930262984109038,2.2953211265524898,0.10616446412599709,2.189156662426493
2025-08-01 00:00:00-05:00,4.0932019520999985,4.0932019520999985,27.356008352996998,27.356008352996998,-23.262806400897,-23.262806400897,23.379103927133237,0.11629752623623996,2.571701431984656,0.006396363942993198,2.565305068041663
2025-08-02 00:00:00-05:00,9.3565911294,9.3565911294,28.870062061447108,28.870062061447108,-19.51347093204711,-19.51347093204711,21.728861207769018,2.21539027572191,2.390174732854592,0.12184646516470504,2.268328267689887
2025-08-03 00:00:00-05:00,9.351496408949998,9.351496408949998,31.801635758504396,31.801635758504396,-22.450139349554398,-22.450139349554398,24.35362694491586,1.903487595361463,2.678898963940745,0.10469181774488047,2.574207146195864
2025-08-04 00:00:00-05:00,9.8284355208,9.8284355208,29.03623575974411,29.03623575974411,-19.20780023894411,-19.20780023894411,21.87040263682395,2.6626023978798403,2.4057442900506345,0.14644313188339123,2.259301158167243
2025-08-05 00:00:00-05:00,9.11927653155,9.11927653155,29.23933457473469,29.23933457473469,-20.12005804318469,-20.12005804318469,22.60454372483273,2.4844856816480374,2.4864998097316002,0.13664671249064206,2.3498530972409584
2025-08-06 00:00:00-05:00,10.130003102699998,10.130003102699998,28.504496154230115,28.504496154230115,-18.374493051530116,-18.374493051530116,21.153639470482798,2.7791464189526844,2.326900341753108,0.15285305304239766,2.1740472887107103
2025-08-07 00:00:00-05:00,7.21555091415,7.21555091415,25.476846970460127,25.476846970460127,-18.261296056310126,-18.261296056310126,19.69298098209489,1.431684925784764,2.166227908030438,0.07874267091816202,2.087485237112276
2025-08-08 00:00:00-05:00,6.204570210899998,6.204570210899998,28.489297326397836,28.489297326397836,-22.284727115497837,-22.284727115497837,23.76045034367521,1.4757232281773711,2.6136495378042732,0.08116477754975542,2.5324847602545177
2025-08-09 00:00:00-05:00,5.449843039499999,5.449843039499999,31.755767264155953,31.755767264155953,-26.305924224655953,-26.305924224655953,26.97691025072884,0.6709860260728855,2.967460127580172,0.0369042314340087,2.9305558961461635
2025-08-10 00:00:00-05:00,7.527189593249999,7.527189593249999,29.002952681354053,29.002952681354053,-21.475763088104053,-21.475763088104053,22.924682219223484,1.4489191311194305,2.5217150441145835,0.07969055221156868,2.4420244919030147
2025-08-11 00:00:00-05:00,8.189370268649999,8.189370268649999,26.23019921712751,26.23019921712751,-18.040828948477515,-18.040828948477515,20.806405894047465,2.7655769455699515,2.288704648345221,0.15210673200634733,2.1365979163388737
2025-08-12 00:00:00-05:00,10.173449830049998,10.173449830049998,29.706091591893326,29.706091591893326,-19.532641761843326,-19.532641761843326,22.28494233979621,2.7523005779528846,2.451343657377583,0.15137653178740865,2.2999671255901744
2025-08-13 00:00:00-05:00,10.037742870149998,10.037742870149998,25.983589476637682,25.983589476637682,-15.945846606487686,-15.945846606487686,19.097100092520783,3.1512534860330974,2.1006810101772864,0.17331894173182036,1.927362068445466
2025-08-14 00:00:00-05:00,8.786639836349998,8.786639836349998,27.336578045911054,27.336578045911054,-18.549938209561056,-18.549938209561056,21.393694603556188,2.8437563939951342,2.3533064063911806,0.1564066016697324,2.1968998047214483
2025-08-15 00:00:00-05:00,8.1228943341,8.1228943341,28.763231432609135,28.763231432609135,-20.640337098509136,-20.640337098509136,21.98527372016985,1.3449366216607173,2.4183801092186834,0.07397151419133945,2.344408595027344
2025-08-16 00:00:00-05:00,5.6281316939999995,5.6281316939999995,29.07275592459461,29.07275592459461,-23.44462423059461,-23.44462423059461,23.67836408119072,0.23373985059610697,2.604620048930979,0.012855691782785884,2.591764357148193
2025-08-17 00:00:00-05:00,8.6713055685,8.6713055685,27.47333076297227,27.47333076297227,-18.802025194472268,-18.802025194472268,21.006440931174573,2.204415736702304,2.310708502429203,0.12124286551862673,2.1894656369105765
2025-08-18 00:00:00-05:00,8.90538703785,8.90538703785,25.092152856743475,25.092152856743475,-16.186765818893477,-16.186765818893477,19.136972427736445,2.9502066088429686,2.105066967051009,0.16226136348636327,1.9428056035646457
2025-08-19 00:00:00-05:00,9.663982406099999,9.663982406099999,28.000883756650772,28.000883756650772,-18.33690135055077,-18.33690135055077,21.065902558434793,2.729001207884021,2.317249281427827,0.15009506643362114,2.167154214994206
2025-08-20 00:00:00-05:00,9.688066817849998,9.688066817849998,27.39538260153133,27.39538260153133,-17.70731578368133,-17.70731578368133,20.496567733718578,2.7892519500372472,2.2546224507090438,0.15340885725204859,2.101213593456995
2025-08-21 00:00:00-05:00,5.371154262449998,5.371154262449998,26.933218379870222,26.933218379870222,-21.56206411742022,-21.56206411742022,22.263016708470115,0.7009525910498915,2.448931837931713,0.03855239250774403,2.4103794454239686
2025-08-22 00:00:00-05:00,10.023701786099998,10.023701786099998,27.71266675931628,27.71266675931628,-17.688964973216283,-17.688964973216283,20.659371211240572,2.970406238024286,2.272530833236463,0.16337234309133575,2.1091584901451275
2025-08-23 00:00:00-05:00,10.271758202999997,10.271758202999997,32.29918435605304,32.29918435605304,-22.027426153053046,-22.027426153053046,24.66898547868309,2.6415593256300482,2.71358840265514,0.14528576290965264,2.5683026397454873
2025-08-24 00:00:00-05:00,10.112261840099999,10.112261840099999,28.04912414720312,28.04912414720312,-17.93686230710312,-17.93686230710312,21.24860615344868,3.3117438463455615,2.337346676879355,0.1821459115490059,2.155200765330349
2025-08-25 00:00:00-05:00,9.9919769076,9.9919769076,29.29675812615803,29.29675812615803,-19.304781218558027,-19.304781218558027,22.124616744262756,2.8198355257047294,2.433707841868903,0.15509095391376013,2.278616887955143
2025-08-26 00:00:00-05:00,9.47025161595,9.47025161595,25.3445910118283,25.3445910118283,-15.874339395878302,-15.874339395878302,18.641135174268104,2.7667957783898025,2.0505248691694913,0.15217376781143913,1.898351101358052
2025-08-27 00:00:00-05:00,9.999921360599998,9.999921360599998,25.848749360913985,25.848749360913985,-15.848828000313985,-15.848828000313985,19.0388593867501,3.1900313864361154,2.094274532542511,0.17545172625398633,1.9188228062885246
2025-08-28 00:00:00-05:00,8.46463690485,8.46463690485,28.529285485553768,28.529285485553768,-20.064648580703768,-20.064648580703768,21.753607494009024,1.6889589133052532,2.3928968243409927,0.09289274023178892,2.300004084109204
2025-08-29 00:00:00-05:00,4.128104787299999,4.128104787299999,28.00378972431452,28.00378972431452,-23.87568493701452,-23.87568493701452,23.87568493701452,0.0,2.626325343071597,0.0,2.626325343071597
2025-08-30 00:00:00-05:00,2.469686426549999,2.469686426549999,29.2489839367641,29.2489839367641,-26.7792975102141,-26.7792975102141,26.7792975102141,0.0,2.945722726123551,0.0,2.945722726123551
2025-08-31 00:00:00-05:00,4.672217862675,4.672217862675,27.81282670085632,27.81282670085632,-23.14060883818132,-23.14060883818132,23.302961674644834,0.16235283646351512,2.5633257842109316,0.00892940600549333,2.554396378205438
2025-09-01 00:00:00-05:00,8.546486731875,8.546486731875,29.555870985504942,29.555870985504942,-21.009384253629946,-21.009384253629946,22.598802483634653,1.5894182300047075,2.485868273199812,0.08741800265025891,2.398450270549553
2025-09-02 00:00:00-05:00,6.988160319524999,6.988160319524999,30.053426805068636,30.053426805068636,-23.06526648554364,-23.06526648554364,24.21455577847288,1.1492892929292458,2.663601135632017,0.06321091111110852,2.6003902245209085
2025-09-03 00:00:00-05:00,8.579428327575,8.579428327575,28.381908283998463,28.381908283998463,-19.80247995642346,-19.80247995642346,22.121579116309825,2.3190991598863606,2.4333737027940807,0.12755045379374982,2.3058232490003308
2025-09-04 00:00:00-05:00,8.13912341715,8.13912341715,28.997272684030133,28.997272684030133,-20.858149266880133,-20.858149266880133,23.356294651134057,2.498145384253924,2.5691924116247464,0.1373979961339658,2.4317944154907805
2025-09-05 00:00:00-05:00,4.984110077174999,4.984110077174999,27.400234817795905,27.400234817795905,-22.416124740620905,-22.416124740620905,22.997244597331424,0.5811198567105195,2.5296969057064564,0.03196159211907857,2.497735313587378
2025-09-06 00:00:00-05:00,10.50333526035,10.50333526035,27.36110586531884,27.36110586531884,-16.85777060496884,-16.85777060496884,20.137756161158865,3.279985556190026,2.2151531777274753,0.18039920559045142,2.034753972137024
2025-09-07 00:00:00-05:00,9.719807206499999,9.719807206499999,27.27634463346514,27.27634463346514,-17.556537426965143,-17.556537426965143,20.508943493570055,2.952406066604915,2.255983784292706,0.16238233366327032,2.0936014506294356
2025-09-08 00:00:00-05:00,6.73671290715,6.73671290715,25.264296084113038,25.264296084113038,-18.527583176963038,-18.527583176963038,19.93923879388238,1.4116556169193426,2.193316267327062,0.07764105893056385,2.1156752083964983
2025-09-09 00:00:00-05:00,8.96712546735,8.96712546735,26.53450488852231,26.53450488852231,-17.567379421172312,-17.567379421172312,20.2034367665246,2.636057345352288,2.222378044317706,0.14498315399437586,2.07739489032333
2025-09-10 00:00:00-05:00,7.869999241125,7.869999241125,28.712238844523682,28.712238844523682,-20.84223960339868,-20.84223960339868,22.822411695505266,1.9801720921065844,2.510465286505579,0.10890946506586215,2.4015558214397172
2025-09-11 00:00:00-05:00,7.823252751299999,7.823252751299999,25.875117552119637,25.875117552119637,-18.05186480081964,-18.05186480081964,20.507680987992156,2.455816187172518,2.255844908679137,0.1350698902944885,2.1207750183846485
2025-09-12 00:00:00-05:00,6.8812299299249995,6.8812299299249995,28.448461243778798,28.448461243778798,-21.5672313138538,-21.5672313138538,23.20483617025242,1.637604856398622,2.552531978727766,0.09006826710192421,2.462463711625842
2025-09-13 00:00:00-05:00,5.8479030891,5.8479030891,31.404057824381262,31.404057824381262,-25.55615473528126,-25.55615473528126,26.434217491591703,0.8780627563104417,2.907763924075087,0.048293451597074294,2.859470472478013
2025-09-14 00:00:00-05:00,2.470969677824999,2.470969677824999,28.685314668614552,28.685314668614552,-26.214344990789556,-26.214344990789556,26.225760102554165,0.011415111764610852,2.8848336112809583,0.0006278311470535969,2.8842057801339047
2025-09-15 00:00:00-05:00,8.472290411925,8.472290411925,25.03423803792612,25.03423803792612,-16.56194762600112,-16.56194762600112,19.197779955772795,2.635832329771675,2.1117557951350077,0.14497077813744214,1.9667850169975656
2025-09-16 00:00:00-05:00,8.090740530224998,8.090740530224998,25.159587423223428,25.159587423223428,-17.06884689299843,-17.06884689299843,19.267610327048722,2.1987634340502935,2.1194371359753594,0.12093198887276614,1.9985051471025932
2025-09-17 00:00:00-05:00,4.754197372725,4.754197372725,25.303318955912303,25.303318955912303,-20.549121583187304,-20.549121583187304,22.052843530463903,1.5037219472765995,2.4258127883510294,0.08270470710021297,2.3431080812508163
2025-09-18 00:00:00-05:00,2.488685334299999,2.488685334299999,26.77067214854634,26.77067214854634,-24.28198681424634,-24.28198681424634,24.294492230535415,0.012505416289071758,2.6723941453588957,0.0006877978958989467,2.671706347462997
2025-09-19 00:00:00-05:00,6.347947179599998,6.347947179599998,29.062439063841616,29.062439063841616,-22.71449188424162,-22.71449188424162,24.80388272377658,2.089390839534963,2.728427099615424,0.11491649617442297,2.613510603441001
2025-09-20 00:00:00-05:00,9.272293059825,9.272293059825,30.879229276281816,30.879229276281816,-21.606936216456816,-21.606936216456816,23.84339623016071,2.2364600137038937,2.6227735853176783,0.12300530075371416,2.4997682845639644
2025-09-21 00:00:00-05:00,9.195708705299998,9.195708705299998,32.72231714832683,32.72231714832683,-23.52660844302683,-23.52660844302683,25.678464912110094,2.1518564690832624,2.8246311403321105,0.11835210579957943,2.706279034532531
2025-09-22 00:00:00-05:00,8.731475408025,8.731475408025,27.03937018317695,27.03937018317695,-18.30789477515195,-18.30789477515195,20.68396622046174,2.3760714453097895,2.2752362842507914,0.13068392949203841,2.144552354758753
2025-09-23 00:00:00-05:00,9.187148844,9.187148844,27.20965526309468,27.20965526309468,-18.022506419094682,-18.022506419094682,20.726746085549017,2.7042396664543316,2.279942069410392,0.14873318165498825,2.1312088877554034
2025-09-24 00:00:00-05:00,9.108681109199999,9.108681109199999,26.438557677708072,26.438557677708072,-17.329876568508073,-17.329876568508073,20.111324805962962,2.7814482374548892,2.2122457286559256,0.1529796530600189,2.059266075595907
2025-09-25 00:00:00-05:00,9.252694753424999,9.252694753424999,25.147581659634344,25.147581659634344,-15.894886906209344,-15.894886906209344,18.788989180468864,2.894102274259521,2.066788809851575,0.15917562508427366,1.9076131847673012
2025-09-26 00:00:00-05:00,8.832883272299998,8.832883272299998,28.334386323187772,28.334386323187772,-19.501503050887774,-19.501503050887774,21.804683927862307,2.3031808769745337,2.3985152320648537,0.12667494823359934,2.2718402838312546
2025-09-27 00:00:00-05:00,8.9505155574,8.9505155574,28.927997424489313,28.927997424489313,-19.977481867089313,-19.977481867089313,22.414789875869356,2.4373080087800427,2.465626886345629,0.13405194048290234,2.331574945862727
2025-09-28 00:00:00-05:00,8.145110039399999,8.145110039399999,28.764238247208425,28.764238247208425,-20.619128207808426,-20.619128207808426,22.349118154904424,1.729989947095997,2.4584029970394865,0.09514944709027984,2.3632535499492064
2025-09-29 00:00:00-05:00,7.687232688599999,7.687232688599999,24.598742025543878,24.598742025543878,-16.91150933694388,-16.91150933694388,18.87255357809337,1.9610442411494926,2.0759808935902706,0.1078574332632221,1.9681234603270485
2025-09-30 00:00:00-05:00,8.084668683490571,8.084668683490571,26.94184017661093,26.94184017661093,-18.85717149312036,-18.85717149312036,20.906129132396465,2.0489576392761055,2.2996742045636114,0.1126926701601858,2.186981534403426
2025-10-01 00:00:00-05:00,8.852914803573507,8.852914803573507,28.591979531418534,28.591979531418534,-19.739064727845026,-19.739064727845026,21.87699698794934,2.137932260104314,2.4064696686744274,0.11758627430573726,2.28888339436869
2025-10-02 00:00:00-05:00,8.68504528657606,8.68504528657606,26.780683011764012,26.780683011764012,-18.095637725187952,-18.095637725187952,20.302023683479185,2.2063859582912317,2.23322260518271,0.12135122770601775,2.1118713774766924
2025-10-03 00:00:00-05:00,8.641980539972806,8.641980539972806,29.980886874664673,29.980886874664673,-21.338906334691867,-21.338906334691867,23.386890834966188,2.0479845002743193,2.572557991846281,0.11263914751508756,2.4599188443311935
2025-10-04 00:00:00-05:00,8.730994793121601,8.730994793121601,29.32874941994884,29.32874941994884,-20.597754626827236,-20.597754626827236,22.614015599818668,2.0162609729914305,2.4875417159800537,0.11089435351452867,2.376647362465525
2025-10-05 00:00:00-05:00,8.370100360828475,8.370100360828475,29.742177831508428,29.742177831508428,-21.37207747067995,-21.37207747067995,23.316950194672806,1.9448727239928556,2.564864521414009,0.10696799981960706,2.4578965215944018
2025-10-06 00:00:00-05:00,8.47588899812147,8.47588899812147,26.97178104409217,26.97178104409217,-18.495892045970702,-18.495892045970702,20.74219913809569,2.2463070921249852,2.2816419051905257,0.1235468900668742,2.1580950151236515
2025-10-07 00:00:00-05:00,8.223581295853274,8.223581295853274,25.15600135487016,25.15600135487016,-16.932420059016888,-16.932420059016888,19.13931039258607,2.206890333569182,2.1053241431844674,0.12137896834630502,1.9839451748381625
2025-10-08 00:00:00-05:00,8.004989874873646,8.004989874873646,27.716274749388234,27.716274749388234,-19.71128487451459,-19.71128487451459,21.605343610952712,1.8940587364381227,2.3765877972047984,0.10417323050409676,2.272414566700702
2025-10-09 00:00:00-05:00,7.897822884066461,7.897822884066461,27.02619044006078,27.02619044006078,-19.12836755599432,-19.12836755599432,21.01885024396407,1.8904826879697505,2.312073526836048,0.10397654783833628,2.2080969789977116
2025-10-10 00:00:00-05:00,7.838375692551247,7.838375692551247,25.269184074261855,25.269184074261855,-17.430808381710605,-17.430808381710605,19.52413585859831,2.0933274768877013,2.147654944445814,0.11513301122882356,2.032521933216991
2025-10-11 00:00:00-05:00,7.929847454877303,7.929847454877303,31.277258371972106,31.277258371972106,-23.347410917094802,-23.347410917094802,24.977055619577378,1.6296447024825755,2.7474761181535117,0.08963045863654165,2.65784565951697
2025-10-12 00:00:00-05:00,8.131081761136091,8.131081761136091,27.62571217079124,27.62571217079124,-19.49463040965515,-19.49463040965515,21.48553766315624,1.9909072535010892,2.3634091429471864,0.1094998989425599,2.2539092440046264
2025-10-13 00:00:00-05:00,7.9459619808808215,7.9459619808808215,28.31499301629248,28.31499301629248,-20.36903103541166,-20.36903103541166,22.231083388133833,1.8620523527221735,2.4454191726947214,0.10241287939971955,2.343006293295002
2025-10-14 00:00:00-05:00,8.036859796066226,8.036859796066226,26.699429901966102,26.699429901966102,-18.662570105899874,-18.662570105899874,20.628231125795065,1.9656610198951894,2.2691054238374573,0.10811135609423542,2.160994067743222
2025-10-15 00:00:00-05:00,7.750984267659362,7.750984267659362,28.179994544345547,28.179994544345547,-20.429010276686185,-20.429010276686185,22.17459232222691,1.7455820455407287,2.4392051554449603,0.09600701250474009,2.34319814294022
2025-10-16 00:00:00-05:00,7.6068167603542935,7.6068167603542935,29.70219413129659,29.70219413129659,-22.0953773709423,-22.0953773709423,23.7734624878518,1.6780851169095,2.6150808736636977,0.0922946814300225,2.522786192233675
2025-10-17 00:00:00-05:00,7.451114882435789,7.451114882435789,29.486402827157555,29.486402827157555,-22.035287944721766,-22.035287944721766,23.59656000520178,1.561272060480012,2.595621600572196,0.08586996332640066,2.5097516372457953
2025-10-18 00:00:00-05:00,7.586647769647763,7.586647769647763,31.369351054293475,31.369351054293475,-23.782703284645713,-23.782703284645713,25.206745610659347,1.4240423260136328,2.7727420171725283,0.07832232793074981,2.6944196892417787
2025-10-19 00:00:00-05:00,7.520757511527566,7.520757511527566,29.125835285608193,29.125835285608193,-21.605077774080627,-21.605077774080627,23.246439999535006,1.6413622254543796,2.557108399948851,0.09027492239999088,2.46683347754886
2025-10-20 00:00:00-05:00,7.346176294821025,7.346176294821025,28.280709103317218,28.280709103317218,-20.934532808496193,-20.934532808496193,22.374903170376783,1.44037036188059,2.461239348741446,0.07922036990343245,2.3820189788380133
2025-10-21 00:00:00-05:00,7.283296331662267,7.283296331662267,24.700560170457567,24.700560170457567,-17.4172638387953,-17.4172638387953,19.2913234628269,1.8740596240315972,2.122045580910959,0.10307327932173785,2.018972301589221
2025-10-22 00:00:00-05:00,7.11834921556041,7.11834921556041,29.41193318846716,29.41193318846716,-22.29358397290675,-22.29358397290675,23.67152089451046,1.3779369216037116,2.6038672983961506,0.07578653068820414,2.5280807677079467
2025-10-23 00:00:00-05:00,7.5550843754036086,7.5550843754036086,28.40445731555861,28.40445731555861,-20.849372940155,-20.849372940155,22.619925035339634,1.7705520951846352,2.4881917538873597,0.09738036523515493,2.390811388652205
2025-10-24 00:00:00-05:00,7.3889566370086435,7.3889566370086435,24.663450598161035,24.663450598161035,-17.27449396115239,-17.27449396115239,19.22877845924132,1.9542844980889287,2.115165630516545,0.10748564739489108,2.007679983121654
2025-10-25 00:00:00-05:00,7.386675857015939,7.386675857015939,28.878067263415062,28.878067263415062,-21.491391406399124,-21.491391406399124,22.960207377302954,1.4688159709038289,2.525622811503325,0.08078487839971059,2.444837933103614
2025-10-26 00:00:00-05:00,7.485241671057205,7.485241671057205,30.686709160018708,30.686709160018708,-23.2014674889615,-23.2014674889615,24.716334641872336,1.514867152910835,2.7187968106059572,0.08331769341009593,2.635479117195861
2025-10-27 00:00:00-05:00,7.314890623801287,7.314890623801287,26.67203750869842,26.67203750869842,-19.357146884897134,-19.357146884897134,21.142243939824237,1.7850970549271035,2.325646833380666,0.09818033802099069,2.2274664953596757
2025-10-28 00:00:00-05:00,7.130237673232421,7.130237673232421,26.379290918852412,26.379290918852412,-19.24905324561999,-19.24905324561999,21.003257972644334,1.7542047270243455,2.3103583769908766,0.096481259986339,2.2138771170045377
2025-10-29 00:00:00-05:00,7.253551387179448,7.253551387179448,28.291901865780808,28.291901865780808,-21.038350478601362,-21.038350478601362,22.61769140136595,1.5793409227645867,2.4879460541502545,0.08686375075205227,2.4010823033982023
2025-10-30 00:00:00-05:00,7.218135663368825,7.218135663368825,24.413355022705066,24.413355022705066,-17.195219359336242,-17.195219359336242,19.0808297534406,1.8856103941043574,2.098891272878466,0.10370857167573966,1.9951827012027263
2025-10-31 00:00:00-05:00,7.201519018530658,7.201519018530658,26.982715090413144,26.982715090413144,-19.781196071882487,-19.781196071882487,21.466595261822555,1.6853991899400678,2.361325478800481,0.09269695544670373,2.2686285233537773
2025-11-01 00:00:00-05:00,7.075657783991579,7.075657783991579,29.67446286837118,29.67446286837118,-22.5988050843796,-22.5988050843796,24.02835967683802,1.4295545924584192,2.643119564452182,0.07862550258521306,2.5644940618669687
2025-11-02 00:00:00-05:00,7.202449577646251,7.202449577646251,29.70655278463507,29.70655278463507,-22.504103206988816,-22.504103206988816,23.372441617120767,0.868338410131949,2.5709685778832845,0.0477586125572572,2.523209965326027
2025-11-03 00:00:00-06:00,7.239612838979985,7.239612838979985,28.76104605567556,28.76104605567556,-21.521433216695577,-21.521433216695577,22.38051575578611,0.8590825390905326,2.461856733136472,0.04724953964997929,2.4146071934864928
2025-11-04 00:00:00-06:00,7.121599810125495,7.121599810125495,29.952446549562765,29.952446549562765,-22.83084673943727,-22.83084673943727,23.504252963250824,0.6734062238135541,2.5854678259575907,0.03703734230974547,2.548430483647845
2025-11-05 00:00:00-06:00,7.238046288320968,7.238046288320968,29.25438775136077,29.25438775136077,-22.016341463039804,-22.016341463039804,22.699794464976218,0.683453001936414,2.496977391147384,0.03758991510650277,2.4593874760408814
2025-11-06 00:00:00-06:00,7.357687774876639,7.357687774876639,27.44909155096301,27.44909155096301,-20.091403776086374,-20.091403776086374,20.862343916349428,0.7709401402630562,2.294857830798437,0.04240170771446809,2.252456123083969
2025-11-07 00:00:00-06:00,7.298364813779513,7.298364813779513,27.5454100078408,27.5454100078408,-20.247045194061286,-20.247045194061286,21.01876364026758,0.7717184462062925,2.3120640004294337,0.04244451454134609,2.2696194858880876
2025-11-08 00:00:00-06:00,7.149061348305099,7.149061348305099,28.632804734720082,28.632804734720082,-21.483743386414982,-21.483743386414982,22.123862064177004,0.6401186777620216,2.4336248270594703,0.03520652727691119,2.398418299782559
2025-11-09 00:00:00-06:00,7.04508304385842,7.04508304385842,31.86523321492991,31.86523321492991,-24.82015017107149,-24.82015017107149,25.11220329588817,0.29205312481667767,2.7623423625476984,0.01606292186491727,2.7462794406827813
2025-11-10 00:00:00-06:00,6.860900429364995,6.860900429364995,24.318952729628386,24.318952729628386,-17.45805230026339,-17.45805230026339,18.24308346554581,0.7850311652824198,2.006739181210039,0.043176714090533086,1.963562467119506
2025-11-11 00:00:00-06:00,6.778724672443349,6.778724672443349,29.18194600588267,29.18194600588267,-22.40322133343932,-22.40322133343932,22.776652533584635,0.37343120014531694,2.5054317786943097,0.02053871600799243,2.484893062686317
2025-11-12 00:00:00-06:00,6.775451514214496,6.775451514214496,29.091757004107528,29.091757004107528,-22.316305489893033,-22.316305489893033,22.71061027097278,0.39430478107974587,2.4981671298070056,0.021686762959386024,2.4764803668476194
2025-11-13 00:00:00-06:00,6.614112581294382,6.614112581294382,26.738053542477584,26.738053542477584,-20.1239409611832,-20.1239409611832,20.66490848134904,0.540967520165839,2.2731399329483946,0.029753213609121146,2.2433867193392736
2025-11-14 00:00:00-06:00,6.5894353837695805,6.5894353837695805,25.506037543798648,25.506037543798648,-18.916602160029065,-18.916602160029065,19.506115062177848,0.5895129021487806,2.1456726568395634,0.03242320961818294,2.1132494472213805
2025-11-15 00:00:00-06:00,6.477115911846092,6.477115911846092,31.50886894541783,31.50886894541783,-25.03175303357174,-25.03175303357174,25.259357280417017,0.22760424684527802,2.778529300845872,0.012518233576490291,2.766011067269382
2025-11-16 00:00:00-06:00,6.652820175364257,6.652820175364257,30.10330485203706,30.10330485203706,-23.4504846766728,-23.4504846766728,23.807687284348564,0.35720260767576006,2.618845601278342,0.019646143422166803,2.5991994578561752
2025-11-17 00:00:00-06:00,6.672040190025577,6.672040190025577,26.592432450311133,26.592432450311133,-19.920392260285556,-19.920392260285556,20.59710707283575,0.6767148125501934,2.2656817780119325,0.03721931469026064,2.2284624633216716
2025-11-18 00:00:00-06:00,6.546374694198906,6.546374694198906,24.484720920079397,24.484720920079397,-17.93834622588049,-17.93834622588049,18.604020925029335,0.6656746991488451,2.0464423017532267,0.036612108453186486,2.0098301933000404
2025-11-19 00:00:00-06:00,6.5669668202638505,6.5669668202638505,29.238573131411247,29.238573131411247,-22.671606311147396,-22.671606311147396,23.014680857800368,0.3430745466529729,2.5316148943580403,0.018869100065913507,2.512745794292127
2025-11-20 00:00:00-06:00,6.658658505177589,6.658658505177589,27.036969887626288,27.036969887626288,-20.3783113824487,-20.3783113824487,20.992288975294127,0.613977592845428,2.309151787282354,0.03376876760649854,2.2753830196758553
2025-11-21 00:00:00-06:00,6.589476952001405,6.589476952001405,28.928259145216984,28.928259145216984,-22.33878219321558,-22.33878219321558,22.706612570553936,0.3678303773383599,2.497727382760933,0.020230670753609795,2.4774967120073232
2025-11-22 00:00:00-06:00,6.509441082512108,6.509441082512108,31.185470581119326,31.185470581119326,-24.676029498607218,-24.676029498607218,24.88236434489534,0.20633484628812138,2.7370600779384873,0.011348416545846675,2.7257116613926407
2025-11-23 00:00:00-06:00,6.526800497120509,6.526800497120509,30.954414721303237,30.954414721303237,-24.42761422418273,-24.42761422418273,24.75390476823203,0.32629054404930147,2.722929524505523,0.01794597992271158,2.7049835445828116
2025-11-24 00:00:00-06:00,6.667687906792747,6.667687906792747,27.089139430500925,27.089139430500925,-20.42145152370818,-20.42145152370818,20.938773658506964,0.5173221347987862,2.303265102435766,0.02845271741393324,2.274812385021833
2025-11-25 00:00:00-06:00,6.579344136367521,6.579344136367521,25.70363576121035,25.70363576121035,-19.12429162484283,-19.12429162484283,19.776787542203525,0.6524959173606955,2.175446629642388,0.035887275454838254,2.1395593541875497
2025-11-26 00:00:00-06:00,6.595098047013518,6.595098047013518,26.032720694401785,26.032720694401785,-19.43762264738827,-19.43762264738827,20.052437643829638,0.61481499644137,2.2057681408212604,0.033814824804275355,2.171953316016985
2025-11-27 00:00:00-06:00,6.368714608801042,6.368714608801042,29.846450018787962,29.846450018787962,-23.47773540998692,-23.47773540998692,23.92274639655374,0.44501098656682014,2.6315021036209116,0.024475604261175107,2.6070264993597365
2025-11-28 00:00:00-06:00,6.213311003980235,6.213311003980235,28.03880829398626,28.03880829398626,-21.825497290006027,-21.825497290006027,22.208068488168443,0.38257119816241847,2.4428875336985287,0.021041415898933016,2.421846117799596
2025-11-29 00:00:00-06:00,6.232309148718441,6.232309148718441,31.838204295051316,31.838204295051316,-25.605895146332877,-25.605895146332877,25.949516133744428,0.34362098741155267,2.854446774711887,0.018899154307635398,2.8355476204042516
2025-11-30 00:00:00-06:00,6.248965882221201,6.248965882221201,29.701851508928204,29.701851508928204,-23.452885626707,-23.452885626707,23.790279097759427,0.337393471052423,2.616930700753537,0.018556640907883264,2.5983740598456535
2025-12-01 00:00:00-06:00,6.115952159445488,6.115952159445488,29.2784232556925,29.2784232556925,-23.16247109624701,-23.16247109624701,23.79271449221062,0.63024339596361,2.617198594143168,0.03466338677799855,2.5825352073651695
2025-12-02 00:00:00-06:00,5.974934347588773,5.974934347588773,28.631330800794178,28.631330800794178,-22.656396453205407,-22.656396453205407,23.151985177625697,0.49558872442029256,2.546718369538827,0.027257379843116093,2.5194609896957108
2025-12-03 00:00:00-06:00,6.160191199278686,6.160191199278686,28.1514817481445,28.1514817481445,-21.991290548865813,-21.991290548865813,22.5910677216281,0.599777172762287,2.485017449379091,0.032987744501925785,2.452029704877165
2025-12-04 00:00:00-06:00,5.893676889507498,5.893676889507498,25.554383819868207,25.554383819868207,-19.660706930360707,-19.660706930360707,20.21656560326474,0.5558586729040327,2.2238222163591215,0.030572227009721797,2.1932499893493995
2025-12-05 00:00:00-06:00,5.98707556719795,5.98707556719795,28.629823577569365,28.629823577569365,-22.642748010371413,-22.642748010371413,23.033671724671002,0.39092371429958794,2.53370388971381,0.021500804286477337,2.5122030854273327
2025-12-06 00:00:00-06:00,5.725159993584478,5.725159993584478,27.447422785869012,27.447422785869012,-21.722262792284535,-21.722262792284535,22.192484688000555,0.47022189571602,2.4411733156800612,0.0258622042643811,2.4153111114156802
2025-12-07 00:00:00-06:00,5.664423518811141,5.664423518811141,30.532819170706496,30.532819170706496,-24.868395651895355,-24.868395651895355,25.195284921720148,0.3268892698247927,2.7714813413892165,0.0179789098403636,2.7535024315488528
2025-12-08 00:00:00-06:00,5.722566148174303,5.722566148174303,30.162887592789527,30.162887592789527,-24.440321444615225,-24.440321444615225,24.783825982298268,0.34350453768304334,2.7262208580528093,0.018892749572567383,2.707328108480242
2025-12-09 00:00:00-06:00,5.6447547039712616,5.6447547039712616,28.13339041052422,28.13339041052422,-22.48863570655296,-22.48863570655296,22.894352089512886,0.40571638295992685,2.5183787298464173,0.022314401062795978,2.4960643287836213
2025-12-10 00:00:00-06:00,5.707421491866438,5.707421491866438,29.188176306991657,29.188176306991657,-23.48075481512522,-23.48075481512522,23.85295757421881,0.3722027590935909,2.623825333164069,0.0204711517501475,2.603354181413921
2025-12-11 00:00:00-06:00,5.732947540942317,5.732947540942317,24.843251233732982,24.843251233732982,-19.110303692790662,-19.110303692790662,19.633980583106702,0.5236768903160379,2.159737864141737,0.028802228967382087,2.130935635174355
2025-12-12 00:00:00-06:00,5.971712443027619,5.971712443027619,25.80207319427207,25.80207319427207,-19.83036075124445,-19.83036075124445,20.51618251930418,0.6858217680597299,2.25678007712346,0.037720197243285146,2.219059879880175
2025-12-13 00:00:00-06:00,5.831972469907818,5.831972469907818,32.24238337228746,32.24238337228746,-26.410410902379645,-26.410410902379645,26.739019430329588,0.32860852794994455,2.9412921373362546,0.01807346903724695,2.9232186682990076
2025-12-14 00:00:00-06:00,5.8210543570562745,5.8210543570562745,28.05427032710532,28.05427032710532,-22.23321597004905,-22.23321597004905,22.808599665862943,0.5753836958138947,2.5089459632449236,0.031646103269764206,2.4772998599751594
2025-12-15 00:00:00-06:00,5.865014341166826,5.865014341166826,26.668168331843297,26.668168331843297,-20.803153990676474,-20.803153990676474,21.27726343030709,0.4741094396306187,2.34049897733378,0.026076019179684027,2.314422958154096
2025-12-16 00:00:00-06:00,5.524051178232684,5.524051178232684,26.174785947996796,26.174785947996796,-20.650734769764114,-20.650734769764114,21.092584926912153,0.4418501571480385,2.3201843419603367,0.024301758643142116,2.2958825833171947
2025-12-17 00:00:00-06:00,5.577301753936585,5.577301753936585,26.868419159019886,26.868419159019886,-21.291117405083302,-21.291117405083302,21.7239838846443,0.43286647956100177,2.3896382273108734,0.023807656375855097,2.3658305709350183
2025-12-18 00:00:00-06:00,5.663097994339373,5.663097994339373,26.959608045962028,26.959608045962028,-21.296510051622654,-21.296510051622654,21.765467453265757,0.46895740164310346,2.3942014198592334,0.02579265709037069,2.368408762768863
2025-12-19 00:00:00-06:00,5.733994080178018,5.733994080178018,27.71802297691339,27.71802297691339,-21.98402889673537,-21.98402889673537,22.37867489874836,0.39464600201299027,2.46165423886232,0.021705530110714466,2.4399487087516056
