timestamp_local,PV_P_kW,PV_E_kWh,Load_kW,Load_E_kWh,Net_P_kW,Net_E_kWh,Import_kWh,Export_kWh,Buy_$,Sell_$,NetBill_$
2022-12-31 00:00:00-05:00,0.0,0.0,3.621965917648477,3.621965917648477,-3.621965917648477,-3.621965917648477,3.621965917648477,0.0,0.47085556929430206,0.0,0.47085556929430206
2023-01-01 00:00:00-05:00,4.374974805299999,4.374974805299999,25.267503585297877,25.267503585297877,-20.89252877999788,-20.89252877999788,21.833208282358033,0.9406795023601566,2.838317076706544,0.061144167653410186,2.777172909053134
2023-01-02 00:00:00-05:00,1.8669624147,1.8669624147,23.8865528501848,23.8865528501848,-22.0195904354848,-22.0195904354848,22.0195904354848,0.0,2.8625467566130243,0.0,2.8625467566130243
2023-01-03 00:00:00-05:00,3.530049257699999,3.530049257699999,22.86941563254216,22.86941563254216,-19.339366374842164,-19.339366374842164,19.340659570762465,0.0012931959203020815,2.5142857441991207,8.40577348196353e-05,2.514201686464301
2023-01-04 00:00:00-05:00,0.8333822456999996,0.8333822456999996,25.128537866276265,25.128537866276265,-24.295155620576264,-24.295155620576264,24.295155620576264,0.0,3.1583702306749144,0.0,3.1583702306749144
2023-01-05 00:00:00-05:00,7.911102284099999,7.911102284099999,26.237458450820256,26.237458450820256,-18.326356166720256,-18.326356166720256,19.477023540099566,1.150667373379308,2.5320130602129436,0.07479337926965503,2.4572196809432887
2023-01-06 00:00:00-05:00,8.3960301573,8.3960301573,23.550170965548638,23.550170965548638,-15.154140808248638,-15.154140808248638,16.844320165368497,1.6901793571198604,2.1897616214979045,0.10986165821279094,2.0798999632851136
2023-01-07 00:00:00-05:00,3.4763784956999992,3.4763784956999992,28.740547066361646,28.740547066361646,-25.26416857066165,-25.26416857066165,25.26416857066165,0.0,3.2843419141860144,0.0,3.2843419141860144
2023-01-08 00:00:00-05:00,0.7480709774999996,0.7480709774999996,25.57596094495328,25.57596094495328,-24.82788996745328,-24.82788996745328,24.82788996745328,0.0,3.2276256957689267,0.0,3.2276256957689267
2023-01-09 00:00:00-05:00,8.778370958099998,8.778370958099998,25.6294089224313,25.6294089224313,-16.8510379643313,-16.8510379643313,18.589099530288774,1.7380615659574736,2.4165829389375406,0.1129740017872358,2.303608937150305
2023-01-10 00:00:00-05:00,6.902287287299999,6.902287287299999,26.63652647305367,26.63652647305367,-19.734239185753673,-19.734239185753673,20.629385530919002,0.8951463451653299,2.6818201190194704,0.05818451243574645,2.623635606583724
2023-01-11 00:00:00-05:00,7.325411690699999,7.325411690699999,22.501734107899964,22.501734107899964,-15.176322417199962,-15.176322417199962,16.70013085213417,1.5238084349342078,2.171017010777442,0.09904754827072351,2.0719694625067184
2023-01-12 00:00:00-05:00,1.4363935874999993,1.4363935874999993,24.082566530857964,24.082566530857964,-22.646172943357964,-22.646172943357964,22.646172943357964,0.0,2.9440024826365354,0.0,2.9440024826365354
2023-01-13 00:00:00-05:00,8.1147638916,8.1147638916,25.69057822883527,25.69057822883527,-17.575814337235272,-17.575814337235272,18.78454648768777,1.2087321504525,2.44199104339941,0.0785675897794125,2.3634234536199976
2023-01-14 00:00:00-05:00,2.744640711899999,2.744640711899999,27.257483265722012,27.257483265722012,-24.512842553822015,-24.512842553822015,24.512842553822015,0.0,3.186669531996862,0.0,3.186669531996862
2023-01-15 00:00:00-05:00,9.409717398599998,9.409717398599998,24.320237714987094,24.320237714987094,-14.910520316387096,-14.910520316387096,17.218337910584196,2.307817594197102,2.2383839283759457,0.15000814362281165,2.088375784753134
2023-01-16 00:00:00-05:00,7.892202591899999,7.892202591899999,25.259243207249426,25.259243207249426,-17.367040615349428,-17.367040615349428,18.431141510644608,1.0641008952951785,2.396048396383799,0.0691665581941866,2.3268818381896126
2023-01-17 00:00:00-05:00,0.7079452541999993,0.7079452541999993,26.73263841156836,26.73263841156836,-26.02469315736836,-26.02469315736836,26.02469315736836,0.0,3.383210110457887,0.0,3.383210110457887
2023-01-18 00:00:00-05:00,6.114716630099999,6.114716630099999,23.224497234450016,23.224497234450016,-17.109780604350018,-17.109780604350018,17.46267963362459,0.3528990292745721,2.2701483523711965,0.02293843690284719,2.2472099154683494
2023-01-19 00:00:00-05:00,3.614504968799999,3.614504968799999,25.40594326514431,25.40594326514431,-21.791438296344307,-21.791438296344307,21.80993867582175,0.018500379477443707,2.835292027856828,0.001202524666033841,2.834089503190794
2023-01-20 00:00:00-05:00,9.0258906933,9.0258906933,23.596288093421563,23.596288093421563,-14.570397400121564,-14.570397400121564,16.70669341031487,2.136296010193305,2.171870143340933,0.13885924066256483,2.0330109026783685
2023-01-21 00:00:00-05:00,8.974588147199999,8.974588147199999,27.479038331456714,27.479038331456714,-18.50445018425671,-18.50445018425671,19.749650787291312,1.245200603034598,2.567454602347871,0.08093803919724886,2.486516563150622
2023-01-22 00:00:00-05:00,0.6110090981999992,0.6110090981999992,25.930529024117195,25.930529024117195,-25.319519925917195,-25.319519925917195,25.319519925917195,0.0,3.2915375903692357,0.0,3.2915375903692357
2023-01-23 00:00:00-05:00,4.903276620599999,4.903276620599999,23.226525563425433,23.226525563425433,-18.323248942825437,-18.323248942825437,18.883428883385143,0.5601799405597081,2.454845754840069,0.036411696136381025,2.4184340587036877
2023-01-24 00:00:00-05:00,9.6342283521,9.6342283521,26.87172400842213,26.87172400842213,-17.23749565632213,-17.23749565632213,19.255462268717487,2.017966612395354,2.5032100949332734,0.13116782980569802,2.3720422651275754
2023-01-25 00:00:00-05:00,0.49427414459999947,0.49427414459999947,25.26295477765513,25.26295477765513,-24.768680633055126,-24.768680633055126,24.768680633055126,0.0,3.2199284822971665,0.0,3.2199284822971665
2023-01-26 00:00:00-05:00,8.7503342445,8.7503342445,26.81796903539651,26.81796903539651,-18.06763479089651,-18.06763479089651,19.489551577880714,1.4219167869842035,2.533641705124493,0.09242459115397324,2.4412171139705197
2023-01-27 00:00:00-05:00,9.691979521499999,9.691979521499999,24.62135039114348,24.62135039114348,-14.929370869643483,-14.929370869643483,17.269013466810755,2.3396425971672734,2.2449717506853983,0.1520767688158728,2.0928949818695255
2023-01-28 00:00:00-05:00,9.330245207099999,9.330245207099999,27.99885925423805,27.99885925423805,-18.66861404713805,-18.66861404713805,20.18597371869314,1.517359671555091,2.6241765834301085,0.09862837865108091,2.5255482047790276
2023-01-29 00:00:00-05:00,3.6058504643999996,3.6058504643999996,24.79928813725921,24.79928813725921,-21.19343767285921,-21.19343767285921,21.19343767285921,0.0,2.7551468974716977,0.0,2.7551468974716977
2023-01-30 00:00:00-05:00,6.3995020623,6.3995020623,23.844162930677893,23.844162930677893,-17.44466086837789,-17.44466086837789,18.824368074534455,1.379707206156562,2.447167849689479,0.08968096840017653,2.3574868812893026
2023-01-31 00:00:00-05:00,0.5813118143999996,0.5813118143999996,22.197114442944464,22.197114442944464,-21.615802628544465,-21.615802628544465,21.615802628544465,0.0,2.8100543417107806,0.0,2.8100543417107806
2023-02-01 00:00:00-05:00,0.5953862609999994,0.5953862609999994,24.561356683018733,24.561356683018733,-23.965970422018735,-23.965970422018735,23.965970422018735,0.0,3.1155761548624357,0.0,3.1155761548624357
2023-02-02 00:00:00-05:00,0.7488332846999992,0.7488332846999992,26.19622357186912,26.19622357186912,-25.44739028716912,-25.44739028716912,25.44739028716912,0.0,3.3081607373319857,0.0,3.3081607373319857
2023-02-03 00:00:00-05:00,7.919101779299999,7.919101779299999,25.037339926766048,25.037339926766048,-17.118238147466048,-17.118238147466048,18.959746167299535,1.8415080198334879,2.46476700174894,0.11969802128917671,2.345068980459763
2023-02-04 00:00:00-05:00,9.889659729899998,9.889659729899998,25.37994800683104,25.37994800683104,-15.49028827693104,-15.49028827693104,17.774348307632845,2.2840600307018044,2.31066527999227,0.1484639019956173,2.1622013779966527
2023-02-05 00:00:00-05:00,2.9170615832999998,2.9170615832999998,27.735315257236486,27.735315257236486,-24.81825367393649,-24.81825367393649,24.866962299613608,0.04870862567712042,3.232705098949769,0.0031660606690128274,3.2295390382807563
2023-02-06 00:00:00-05:00,9.31657896,9.31657896,23.67311961909499,23.67311961909499,-14.35654065909499,-14.35654065909499,16.658706320336627,2.302165661241636,2.165631821643762,0.14964076798070636,2.0159910536630554
2023-02-07 00:00:00-05:00,9.0976734657,9.0976734657,24.81639102930047,24.81639102930047,-15.71871756360047,-15.71871756360047,17.564228057801316,1.8455104942008467,2.283349647514171,0.11995818212305503,2.163391465391116
2023-02-08 00:00:00-05:00,8.475370415999999,8.475370415999999,22.24678785431606,22.24678785431606,-13.771417438316062,-13.771417438316062,15.7156788034476,1.9442613651315381,2.043038244448188,0.12637698873355,1.916661255714638
2023-02-09 00:00:00-05:00,4.8439314414,4.8439314414,22.74395766439761,22.74395766439761,-17.90002622299761,-17.90002622299761,18.18670736095049,0.286681137952879,2.3642719569235635,0.018634273966937134,2.3456376829566263
2023-02-10 00:00:00-05:00,7.540650163799999,7.540650163799999,24.43749239311614,24.43749239311614,-16.896842229316142,-16.896842229316142,18.004270710175323,1.1074284808591797,2.340555192322792,0.07198285125584668,2.2685723410669456
2023-02-11 00:00:00-05:00,4.011339250799999,4.011339250799999,26.665230403611655,26.665230403611655,-22.653891152811656,-22.653891152811656,22.653891152811656,0.0,2.9450058498655154,0.0,2.9450058498655154
2023-02-12 00:00:00-05:00,1.0608902963999995,1.0608902963999995,29.503149258523273,29.503149258523273,-28.442258962123272,-28.442258962123272,28.442258962123272,0.0,3.6974936650760255,0.0,3.6974936650760255
2023-02-13 00:00:00-05:00,10.1374561152,10.1374561152,23.803558378841807,23.803558378841807,-13.666102263641807,-13.666102263641807,16.444303706549295,2.7782014429074895,2.1377594818514085,0.18058309378898682,1.9571763880624218
2023-02-14 00:00:00-05:00,9.93032082,9.93032082,25.02100748721956,25.02100748721956,-15.090686667219561,-15.090686667219561,17.334923131069402,2.2442364638498398,2.2535400070390224,0.1458753701502396,2.107664636888783
2023-02-15 00:00:00-05:00,6.662264771699999,6.662264771699999,25.035402282998948,25.035402282998948,-18.37313751129895,-18.37313751129895,19.52162354598509,1.1484860346861407,2.5378110609780618,0.07465159225459915,2.463159468723463
2023-02-16 00:00:00-05:00,4.963267045799999,4.963267045799999,25.851315268887298,25.851315268887298,-20.888048223087296,-20.888048223087296,21.320725091519424,0.4326768684321258,2.771694261897525,0.02812399644808818,2.7435702654494367
2023-02-17 00:00:00-05:00,1.5023457584999993,1.5023457584999993,22.79405200072426,22.79405200072426,-21.29170624222426,-21.29170624222426,21.34220105625413,0.05049481402986511,2.774486137313037,0.003282162911941232,2.7712039744010957
2023-02-18 00:00:00-05:00,10.9183471371,10.9183471371,25.62519993018966,25.62519993018966,-14.70685279308966,-14.70685279308966,17.400286129471564,2.6934333363819034,2.2620371968313036,0.17507316686482371,2.08696402996648
2023-02-19 00:00:00-05:00,4.559514491699999,4.559514491699999,27.36408417884023,27.36408417884023,-22.80456968714023,-22.80456968714023,23.19810379712248,0.39353410998224947,3.0157534936259225,0.025579717148846215,2.9901737764770764
2023-02-20 00:00:00-05:00,2.0140639199999995,2.0140639199999995,24.09692635702312,24.09692635702312,-22.08286243702312,-22.08286243702312,22.08286243702312,0.0,2.8707721168130056,0.0,2.8707721168130056
2023-02-21 00:00:00-05:00,7.5596211927,7.5596211927,24.697949180934916,24.697949180934916,-17.138327988234916,-17.138327988234916,18.43600973638012,1.2976817481452023,2.396681265729416,0.08434931362943815,2.312331952099978
2023-02-22 00:00:00-05:00,8.381928145725,8.381928145725,24.061641247221395,24.061641247221395,-15.679713101496395,-15.679713101496395,17.64434436597665,1.9646312644802566,2.2937647675769646,0.12770103219121667,2.1660637353857477
2023-02-23 00:00:00-05:00,7.745628469499999,7.745628469499999,22.06088298757861,22.06088298757861,-14.31525451807861,-14.31525451807861,15.830413600381855,1.515159082303243,2.057953768049641,0.0984853403497108,1.9594684276999303
2023-02-24 00:00:00-05:00,9.386832116925,9.386832116925,24.999531778963345,24.999531778963345,-15.612699662038343,-15.612699662038343,17.66681697905255,2.054117317014207,2.296686207276832,0.13351762560592345,2.1631685816709085
2023-02-25 00:00:00-05:00,0.6294465098999995,0.6294465098999995,28.923561132209592,28.923561132209592,-28.294114622309593,-28.294114622309593,28.294114622309593,0.0,3.678234900900247,0.0,3.678234900900247
2023-02-26 00:00:00-05:00,1.8708299345249992,1.8708299345249992,25.026979071333184,25.026979071333184,-23.156149136808185,-23.156149136808185,23.156149136808185,0.0,3.0102993877850643,0.0,3.0102993877850643
2023-02-27 00:00:00-05:00,5.354918509725,5.354918509725,22.30750715507679,22.30750715507679,-16.952588645351792,-16.952588645351792,17.44282513874709,0.49023649339529635,2.2675672680371215,0.031865372070694266,2.2357018959664274
2023-02-28 00:00:00-05:00,9.210552211125,9.210552211125,21.631849332272708,21.631849332272708,-12.42129712114771,-12.42129712114771,14.760299797821077,2.339002676673367,1.91883897371674,0.15203517398376887,1.766803799732971
2023-03-01 00:00:00-05:00,6.106741061625,6.106741061625,22.523563908346002,22.523563908346002,-16.416822846721,-16.416822846721,16.69114873086367,0.27432588414266773,2.169849335012277,0.017831182469273402,2.1520181525430035
2023-03-02 00:00:00-05:00,1.4105193221249996,1.4105193221249996,22.649991531816045,22.649991531816045,-21.239472209691044,-21.239472209691044,21.239472209691044,0.0,2.761131387259836,0.0,2.761131387259836
2023-03-03 00:00:00-05:00,3.6662347696499995,3.6662347696499995,22.684753980797556,22.684753980797556,-19.018519211147556,-19.018519211147556,19.549055175174143,0.5305359640265869,2.5413771727726386,0.03448483766172815,2.5068923351109107
2023-03-04 00:00:00-05:00,10.28881792485,10.28881792485,26.13179724876888,26.13179724876888,-15.842979323918879,-15.842979323918879,18.23298747866215,2.39000815474327,2.3702883722260797,0.15535053005831256,2.214937842167767
2023-03-05 00:00:00-05:00,10.3643348364,10.3643348364,26.913727351590715,26.913727351590715,-16.549392515190714,-16.549392515190714,18.91584589070105,2.366453375510335,2.4590599657911367,0.1538194694081718,2.305240496382965
2023-03-06 00:00:00-05:00,9.475452637424999,9.475452637424999,24.12961930427021,24.12961930427021,-14.654166666845212,-14.654166666845212,16.80031057058371,2.146143903738499,2.1840403741758827,0.13949935374300243,2.0445410204328804
2023-03-07 00:00:00-05:00,9.949934799224998,9.949934799224998,25.560844418884468,25.560844418884468,-15.610909619659468,-15.610909619659468,17.87543436760451,2.2645247479450417,2.3238064677885863,0.1471941086164277,2.1766123591721587
2023-03-08 00:00:00-05:00,10.441612124325,10.441612124325,25.416858850230966,25.416858850230966,-14.975246725905969,-14.975246725905969,17.667895637940045,2.6926489120340746,2.296826432932206,0.17502217928221486,2.121804253649991
2023-03-09 00:00:00-05:00,9.986528787525,9.986528787525,22.230836378800976,22.230836378800976,-12.244307591275977,-12.244307591275977,15.21390719074694,2.969599599470963,1.9778079347971023,0.1930239739656126,1.7847839608314897
2023-03-10 00:00:00-05:00,1.2760418207249993,1.2760418207249993,24.96208918739075,24.96208918739075,-23.686047366665747,-23.686047366665747,23.686047366665747,0.0,3.0791861576665474,0.0,3.0791861576665474
2023-03-11 00:00:00-05:00,10.3327290846,10.3327290846,28.017212869758563,28.017212869758563,-17.684483785158562,-17.684483785158562,20.00746990659133,2.322986121432764,2.600971087856873,0.15099409789312968,2.4499769899637434
2023-03-12 00:00:00-05:00,0.842637726224999,0.842637726224999,24.805815664334258,24.805815664334258,-23.96317793810926,-23.96317793810926,23.96317793810926,0.0,3.1152131319542042,0.0,3.1152131319542042
2023-03-13 00:00:00-04:00,6.615857659724998,6.615857659724998,26.432176213348615,26.432176213348615,-19.816318553623617,-19.816318553623617,20.98138008994841,1.1650615363247911,2.727579411693293,0.07572899986111142,2.6518504118321817
2023-03-14 00:00:00-04:00,10.382288906924998,10.382288906924998,25.51783075906341,25.51783075906341,-15.135541852138411,-15.135541852138411,18.7360633457923,3.6005214936538876,2.435688234952999,0.2340338970875027,2.2016543378654965
2023-03-15 00:00:00-04:00,10.467670134825,10.467670134825,27.029999338978353,27.029999338978353,-16.562329204153354,-16.562329204153354,20.12621843911952,3.5638892349661657,2.6164083970855376,0.23165280027280077,2.3847555968127367
2023-03-16 00:00:00-04:00,9.575872987499999,9.575872987499999,22.489314272405068,22.489314272405068,-12.913441284905069,-12.913441284905069,16.281539546171153,3.368098261266083,2.11660014100225,0.21892638698229538,1.8976737540199546
2023-03-17 00:00:00-04:00,2.6195834531249993,2.6195834531249993,24.61269560161144,24.61269560161144,-21.99311214848644,-21.99311214848644,22.047819139404563,0.05470699091812298,2.866216488122593,0.003555954409677994,2.862660533712915
2023-03-18 00:00:00-04:00,8.831939276699998,8.831939276699998,25.268493301143707,25.268493301143707,-16.43655402444371,-16.43655402444371,19.5484219267157,3.111867902271995,2.541294850473041,0.2022714136476797,2.3390234368253613
2023-03-19 00:00:00-04:00,10.596169718099999,10.596169718099999,27.970201122660413,27.970201122660413,-17.374031404560412,-17.374031404560412,20.744211066001228,3.370179661440815,2.6967474385801595,0.21906167799365298,2.4776857605865064
2023-03-20 00:00:00-04:00,10.5448148514,10.5448148514,24.26715944785283,24.26715944785283,-13.722344596452832,-13.722344596452832,17.44218427623774,3.719839679784907,2.2674839559109063,0.24178957918601895,2.0256943767248874
2023-03-21 00:00:00-04:00,10.125714521249998,10.125714521249998,25.145349160725875,25.145349160725875,-15.019634639475877,-15.019634639475877,18.22034797472335,3.2007133352474715,2.3686452367140354,0.20804636679108565,2.16059886992295
2023-03-22 00:00:00-04:00,2.7124145783999993,2.7124145783999993,25.49477106733618,25.49477106733618,-22.78235648893618,-22.78235648893618,22.78235648893618,0.0,2.9617063435617035,0.0,2.9617063435617035
2023-03-23 00:00:00-04:00,8.502318712349998,8.502318712349998,23.14845825966351,23.14845825966351,-14.64613954731351,-14.64613954731351,17.4548364713312,2.808696924017688,2.2691287412730556,0.18256530006114974,2.086563441211906
2023-03-24 00:00:00-04:00,9.092387268,9.092387268,24.437656111770735,24.437656111770735,-15.345268843770738,-15.345268843770738,18.01446098216135,2.669192138390612,2.3418799276809756,0.1734974889953898,2.168382438685586
2023-03-25 00:00:00-04:00,4.760105197499999,4.760105197499999,27.747814930904205,27.747814930904205,-22.987709733404206,-22.987709733404206,24.10919285102379,1.1214831176195803,3.1341950706330928,0.07289640264527272,3.06129866798782
2023-03-26 00:00:00-04:00,2.868076359449999,2.868076359449999,24.901783126886833,24.901783126886833,-22.033706767436833,-22.033706767436833,22.53558122064904,0.5018744532122075,2.9296255586843754,0.03262183945879349,2.897003719225582
2023-03-27 00:00:00-04:00,5.002741414349999,5.002741414349999,22.78880420825602,22.78880420825602,-17.786062793906023,-17.786062793906023,19.412896538027393,1.62683374412137,2.5236765499435614,0.10574419336788905,2.4179323565756725
2023-03-28 00:00:00-04:00,6.0401406969,6.0401406969,25.635531778367113,25.635531778367113,-19.595391081467113,-19.595391081467113,20.323869261276187,0.7284781798090729,2.642103003965904,0.04735108168758974,2.594751922278314
2023-03-29 00:00:00-04:00,8.306324442,8.306324442,24.84276956835891,24.84276956835891,-16.536445126358913,-16.536445126358913,19.065943527876843,2.52949840151793,2.47857265862399,0.16441739609866543,2.3141552625253246
2023-03-30 00:00:00-04:00,10.14208695,10.14208695,25.61812617733839,25.61812617733839,-15.47603922733839,-15.47603922733839,18.700097925013818,3.2240586976754284,2.4310127302517963,0.20956381534890287,2.2214489149028935
2023-03-31 00:00:00-04:00,2.532008556899999,2.532008556899999,23.956507896854628,23.956507896854628,-21.42449933995463,-21.42449933995463,21.42449933995463,0.0,2.785184914194102,0.0,2.785184914194102
2023-04-01 00:00:00-04:00,4.773102412949999,4.773102412949999,28.970758739693913,28.970758739693913,-24.197656326743914,-24.197656326743914,25.713277391396115,1.5156210646522,3.3427260608814953,0.098515369202393,3.2442106916791023
2023-04-02 00:00:00-04:00,10.3237981326,10.3237981326,24.956567037046305,24.956567037046305,-14.632768904446307,-14.632768904446307,18.056270311603217,3.4235014071569103,2.3473151405084183,0.22252759146519918,2.1247875490432193
2023-04-03 00:00:00-04:00,6.2535687929999995,6.2535687929999995,24.738326280926206,24.738326280926206,-18.484757487926206,-18.484757487926206,19.55864641589426,1.0738889279680528,2.542624034066254,0.06980278031792343,2.4728212537483305
2023-04-04 00:00:00-04:00,9.757624246199999,9.757624246199999,25.432934739374808,25.432934739374808,-15.675310493174809,-15.675310493174809,18.61860959881038,2.94329910563557,2.4204192478453495,0.19131444186631208,2.2291048059790373
2023-04-05 00:00:00-04:00,7.828523585999999,7.828523585999999,26.35593542336452,26.35593542336452,-18.52741183736452,-18.52741183736452,20.390834530221234,1.8634226928567137,2.6508084889287606,0.12112247503568639,2.529686013893074
2023-04-06 00:00:00-04:00,6.051987724499999,6.051987724499999,25.501571840907012,25.501571840907012,-19.449584116407014,-19.449584116407014,20.710467645299886,1.2608835288928704,2.692360793888985,0.08195742937803657,2.6104033645109483
2023-04-07 00:00:00-04:00,0.5151922811999992,0.5151922811999992,22.37193931457282,22.37193931457282,-21.856747033372823,-21.856747033372823,21.856747033372823,0.0,2.841377114338467,0.0,2.841377114338467
2023-04-08 00:00:00-04:00,0.9895032224999992,0.9895032224999992,29.1635958782829,29.1635958782829,-28.1740926557829,-28.1740926557829,28.1740926557829,0.0,3.6626320452517773,0.0,3.6626320452517773
2023-04-09 00:00:00-04:00,10.6613491302,10.6613491302,28.988220755166747,28.988220755166747,-18.32687162496675,-18.32687162496675,21.332183507133042,3.005311882166296,2.7731838559272957,0.19534527234080923,2.5778385835864865
2023-04-10 00:00:00-04:00,10.711224591299999,10.711224591299999,26.72407918116838,26.72407918116838,-16.012854589868383,-16.012854589868383,19.362662730891714,3.349808141023334,2.5171461550159226,0.2177375291665167,2.2994086258494058
2023-04-11 00:00:00-04:00,10.397806612199998,10.397806612199998,24.237629053752507,24.237629053752507,-13.839822441552508,-13.839822441552508,17.329744635375476,3.4899221938229683,2.252866802598812,0.22684494259849294,2.026021860000319
2023-04-12 00:00:00-04:00,9.697485725999998,9.697485725999998,22.798781328608282,22.798781328608282,-13.101295602608282,-13.101295602608282,16.37428557260748,3.272989969999199,2.1286571244389725,0.21274434804994796,1.9159127763890245
2023-04-13 00:00:00-04:00,9.692939412,9.692939412,23.46814797217938,23.46814797217938,-13.775208560179383,-13.775208560179383,16.96368082195654,3.1884722617771586,2.2052785068543503,0.20725069701551532,1.998027809838835
2023-04-14 00:00:00-04:00,4.588892345249999,4.588892345249999,22.41405102778396,22.41405102778396,-17.82515868253396,-17.82515868253396,18.801049824481403,0.9758911419474432,2.4441364771825826,0.06343292422658381,2.380703552955999
2023-04-15 00:00:00-04:00,7.2196703594999985,7.2196703594999985,26.636260919532816,26.636260919532816,-19.41659056003282,-19.41659056003282,20.35533243379484,0.9387418737620218,2.6461932163933293,0.06101822179453142,2.585174994598798
2023-04-16 00:00:00-04:00,4.449215946599999,4.449215946599999,23.933398683150997,23.933398683150997,-19.484182736551,-19.484182736551,19.717221158999234,0.23303842244823442,2.5632387506699006,0.015147497459135238,2.5480912532107656
2023-04-17 00:00:00-04:00,10.004105047049999,10.004105047049999,25.480080193148076,25.480080193148076,-15.475975146098076,-15.475975146098076,18.772221486651947,3.2962463405538704,2.4403887932647534,0.2142560121360016,2.2261327811287517
2023-04-18 00:00:00-04:00,9.809863982549999,9.809863982549999,25.230754126154878,25.230754126154878,-15.420890143604879,-15.420890143604879,18.513377736196908,3.0924875925920303,2.406739105705598,0.20101169351848197,2.205727412187116
2023-04-19 00:00:00-04:00,9.428369732999998,9.428369732999998,22.64411328459456,22.64411328459456,-13.215743551594562,-13.215743551594562,16.50902840513126,3.293284853536701,2.146173692667064,0.21406351547988559,1.9321101771871783
2023-04-20 00:00:00-04:00,9.202173203249998,9.202173203249998,23.441476036626167,23.441476036626167,-14.239302833376167,-14.239302833376167,17.211907338128892,2.9726045047527254,2.237547953956756,0.19321929280892716,2.0443286611478286
2023-04-21 00:00:00-04:00,9.342716732549999,9.342716732549999,22.2148952184633,22.2148952184633,-12.872178485913302,-12.872178485913302,15.987935094566254,3.1157566086529527,2.078431562293613,0.20252417956244192,1.8759073827311712
2023-04-22 00:00:00-04:00,3.2783573906999988,3.2783573906999988,27.51402881176801,27.51402881176801,-24.235671421068012,-24.235671421068012,24.235671421068012,0.0,3.1506372847388415,0.0,3.1506372847388415
2023-04-23 00:00:00-04:00,9.845628702299999,9.845628702299999,28.95899731655586,28.95899731655586,-19.113368614255858,-19.113368614255858,21.5928471846499,2.479478570394043,2.8070701340044875,0.1611661070756128,2.6459040269288745
2023-04-24 00:00:00-04:00,10.23537720285,10.23537720285,26.429694339478548,26.429694339478548,-16.194317136628552,-16.194317136628552,19.28455669185418,3.090239555225632,2.5069923699410435,0.2008655710896661,2.3061267988513774
2023-04-25 00:00:00-04:00,7.267402004399998,7.267402004399998,23.28770135486552,23.28770135486552,-16.020299350465518,-16.020299350465518,17.68986836008787,1.669569009622351,2.299682886811423,0.10852198562545282,2.1911609011859703
2023-04-26 00:00:00-04:00,5.048083566,5.048083566,25.028926189497376,25.028926189497376,-19.980842623497377,-19.980842623497377,20.27362896192127,0.2927863384238908,2.635571765049765,0.0190311119975529,2.616540653052212
2023-04-27 00:00:00-04:00,1.6130238601499989,1.6130238601499989,23.55080939936416,23.55080939936416,-21.937785539214158,-21.937785539214158,21.937785539214158,0.0,2.8519121200978406,0.0,2.8519121200978406
2023-04-28 00:00:00-04:00,6.289158038399999,6.289158038399999,25.080264150782515,25.080264150782515,-18.791106112382515,-18.791106112382515,20.18358849142823,1.3924823790457173,2.62386650388567,0.09051135463797162,2.5333551492476984
2023-04-29 00:00:00-04:00,8.113972123349999,8.113972123349999,27.65531483309511,27.65531483309511,-19.541342709745113,-19.541342709745113,21.37797251230521,1.8366298025600973,2.779136426599677,0.11938093716640633,2.659755489433271
2023-04-30 00:00:00-04:00,2.2518771835499987,2.2518771835499987,26.50224891405305,26.50224891405305,-24.250371730503055,-24.250371730503055,24.25726497170855,0.006893241205497613,3.1534444463221116,0.00044806067835734487,3.152996385643754
2023-05-01 00:00:00-04:00,8.73509090985,8.73509090985,26.059509707632003,26.059509707632003,-17.324418797782005,-17.324418797782005,19.348375252920185,2.023956455138181,2.515288782879624,0.13155716958398178,2.3837316132956423
2023-05-02 00:00:00-04:00,9.3773694519,9.3773694519,26.095477628465783,26.095477628465783,-16.718108176565785,-16.718108176565785,19.176454667158175,2.4583464905923904,2.492939106730563,0.15979252188850537,2.3331465848420576
2023-05-03 00:00:00-04:00,8.1151386894,8.1151386894,25.434570225537538,25.434570225537538,-17.31943153613754,-17.31943153613754,19.498200816175224,2.1787692800376823,2.5347661061027793,0.14162000320244936,2.39314610290033
2023-05-04 00:00:00-04:00,10.100220020999998,10.100220020999998,25.451236813538404,25.451236813538404,-15.351016792538404,-15.351016792538404,18.375853667128993,3.0248368745905876,2.388860976726769,0.1966143968483882,2.192246579878381
2023-05-05 00:00:00-04:00,9.7498641168,9.7498641168,26.54514163260511,26.54514163260511,-16.79527751580511,-16.79527751580511,19.495473520215292,2.700196004410181,2.534411557627988,0.17551274028666178,2.3588988173413266
2023-05-06 00:00:00-04:00,9.121164623999999,9.121164623999999,26.575250069460534,26.575250069460534,-17.454085445460535,-17.454085445460535,19.888141124942447,2.4340556794819093,2.5854583462425182,0.15821361916632412,2.4272447270761943
2023-05-07 00:00:00-04:00,8.1240253668,8.1240253668,26.542107509335743,26.542107509335743,-18.418082142535745,-18.418082142535745,19.969923072202064,1.5518409296663203,2.5960899993862685,0.10086966042831082,2.4952203389579575
2023-05-08 00:00:00-04:00,7.614412790849999,7.614412790849999,25.286655722294178,25.286655722294178,-17.672242931444178,-17.672242931444178,19.825881138137994,2.1536382066938167,2.5773645479579392,0.1399864834350981,2.437378064522841
2023-05-09 00:00:00-04:00,8.288458263899999,8.288458263899999,22.665209188094835,22.665209188094835,-14.376750924194834,-14.376750924194834,17.07148550040637,2.6947345762115367,2.2192931150528286,0.1751577474537499,2.0441353675990785
2023-05-10 00:00:00-04:00,9.9155879946,9.9155879946,24.33024565923519,24.33024565923519,-14.414657664635191,-14.414657664635191,17.512589211090663,3.097931546455472,2.276636597441786,0.2013655505196057,2.0752710469221807
2023-05-11 00:00:00-04:00,9.5010658641,9.5010658641,25.362274867389793,25.362274867389793,-15.861209003289794,-15.861209003289794,18.505007030279483,2.6437980269896877,2.405650913936333,0.1718468717543297,2.2338040421820033
2023-05-12 00:00:00-04:00,9.22196344725,9.22196344725,23.3077164835019,23.3077164835019,-14.0857530362519,-14.0857530362519,16.898538735232744,2.812785698980847,2.1968100355802567,0.18283107043375504,2.0139789651465017
2023-05-13 00:00:00-04:00,6.5863406501999995,6.5863406501999995,27.756268854408255,27.756268854408255,-21.169928204208254,-21.169928204208254,22.219933938794572,1.0500057345863163,2.8885914120432945,0.06825037274811056,2.820341039295184
2023-05-14 00:00:00-04:00,6.467532636599999,6.467532636599999,24.771714688011055,24.771714688011055,-18.304182051411058,-18.304182051411058,19.546025682101995,1.2418436306909386,2.5409833386732594,0.08071983599491102,2.4602635026783486
2023-05-15 00:00:00-04:00,6.818575665149999,6.818575665149999,24.097302352093546,24.097302352093546,-17.27872668694355,-17.27872668694355,18.845440207734516,1.5667135207909684,2.4499072270054874,0.10183637885141295,2.3480708481540744
2023-05-16 00:00:00-04:00,7.44907053645,7.44907053645,26.651218065367022,26.651218065367022,-19.202147528917024,-19.202147528917024,20.706981976081817,1.5048344471647912,2.691907656890636,0.09781423906571143,2.594093417824925
2023-05-17 00:00:00-04:00,9.34191482715,9.34191482715,22.0189432665632,22.0189432665632,-12.677028439413197,-12.677028439413197,15.64002030716655,2.9629918677533515,2.0332026399316514,0.19259447140396785,1.8406081685276836
2023-05-18 00:00:00-04:00,6.51486434805,6.51486434805,23.534519032806184,23.534519032806184,-17.019654684756187,-17.019654684756187,18.091145126458272,1.0714904417020865,2.3518488664395756,0.06964687871063563,2.28220198772894
2023-05-19 00:00:00-04:00,2.678510339549999,2.678510339549999,22.840089568267608,22.840089568267608,-20.16157922871761,-20.16157922871761,20.213419902379886,0.05184067366227729,2.6277445873093854,0.0033696437880480243,2.6243749435213375
2023-05-20 00:00:00-04:00,6.421578998399999,6.421578998399999,25.78628586477593,25.78628586477593,-19.364706866375933,-19.364706866375933,20.06686836999712,0.7021615036211887,2.608692888099626,0.04564049773537727,2.5630523903642484
2023-05-21 00:00:00-04:00,5.124751931699999,5.124751931699999,26.69646699461138,26.69646699461138,-21.571715062911384,-21.571715062911384,22.733469878489284,1.1617548155778998,2.955351084203607,0.0755140630125635,2.8798370211910433
2023-05-22 00:00:00-04:00,8.921640333149998,8.921640333149998,25.93720977715038,25.93720977715038,-17.01556944400038,-17.01556944400038,19.318235560235046,2.3026661162346658,2.511370622830556,0.14967329755525327,2.3616973252753026
2023-05-23 00:00:00-04:00,8.433904782599999,8.433904782599999,24.431934311715896,24.431934311715896,-15.998029529115898,-15.998029529115898,18.34875485181142,2.3507253226955216,2.3853381307354846,0.1527971459752089,2.2325409847602757
2023-05-24 00:00:00-04:00,9.688744376099999,9.688744376099999,23.454658499800143,23.454658499800143,-13.765914123700144,-13.765914123700144,16.710098076116687,2.9441839524165414,2.1723127498951693,0.1913719569070752,1.9809407929880942
2023-05-25 00:00:00-04:00,5.700934318499999,5.700934318499999,22.897213121043492,22.897213121043492,-17.196278802543493,-17.196278802543493,17.991968367543212,0.7956895649997187,2.338955887780618,0.05171982172498171,2.287236066055636
2023-05-26 00:00:00-04:00,6.333005440349998,6.333005440349998,25.96330274438059,25.96330274438059,-19.63029730403059,-19.63029730403059,20.173333220300293,0.5430359162696992,2.622533318639038,0.035297334557530445,2.5872359840815076
2023-05-27 00:00:00-04:00,2.1107844985499993,2.1107844985499993,25.428791730451724,25.428791730451724,-23.318007231901724,-23.318007231901724,23.318007231901724,0.0,3.031340940147224,0.0,3.031340940147224
2023-05-28 00:00:00-04:00,2.368529058149999,2.368529058149999,25.10066713533108,25.10066713533108,-22.73213807718108,-22.73213807718108,22.73213807718108,0.0,2.9551779500335407,0.0,2.9551779500335407
2023-05-29 00:00:00-04:00,3.144559039199999,3.144559039199999,26.043426913569522,26.043426913569522,-22.89886787436952,-22.89886787436952,22.89886787436952,0.0,2.976852823668038,0.0,2.976852823668038
2023-05-30 00:00:00-04:00,6.605030295899999,6.605030295899999,26.12007687988631,26.12007687988631,-19.515046583986308,-19.515046583986308,20.986251699720746,1.4712051157344395,2.7282127209636973,0.09562833252273857,2.6325843884409585
2023-05-31 00:00:00-04:00,7.654863522599999,7.654863522599999,22.28547792312272,22.28547792312272,-14.630614400522722,-14.630614400522722,16.450717367595306,1.8201029670725852,2.13859325778739,0.11830669285971804,2.020286564927672
2023-06-01 00:00:00-04:00,5.9987456630999985,5.9987456630999985,25.39079678705976,25.39079678705976,-19.39205112395976,-19.39205112395976,20.037112340969287,0.6450612170095261,2.6048246043260073,0.0419289791056192,2.562895625220388
2023-06-02 00:00:00-04:00,8.4053742957,8.4053742957,26.55072386624146,26.55072386624146,-18.14534957054146,-18.14534957054146,19.706076081567293,1.5607265110258342,2.561789890603748,0.10144722321667922,2.460342667387069
2023-06-03 00:00:00-04:00,9.1051494525,9.1051494525,25.997350725581256,25.997350725581256,-16.89220127308126,-16.89220127308126,19.263242247542063,2.371040974460806,2.504221492180468,0.1541176633399524,2.3501038288405156
2023-06-04 00:00:00-04:00,5.1815556252,5.1815556252,25.106594338983367,25.106594338983367,-19.92503871378337,-19.92503871378337,21.06227278509745,1.1372340713140792,2.7380954620626685,0.07392021463541515,2.6641752474272535
2023-06-05 00:00:00-04:00,9.1830967596,9.1830967596,26.90317843636955,26.90317843636955,-17.72008167676955,-17.72008167676955,20.202861734234222,2.482780057464671,2.626372025450449,0.1613807037352036,2.464991321715245
2023-06-06 00:00:00-04:00,8.380405346399998,8.380405346399998,22.899817249149603,22.899817249149603,-14.519411902749605,-14.519411902749605,16.87009369935686,2.350681796607256,2.193112180916392,0.15279431677947164,2.04031786413692
2023-06-07 00:00:00-04:00,2.180451409199999,2.180451409199999,23.414382999892712,23.414382999892712,-21.233931590692713,-21.233931590692713,21.233931590692713,0.0,2.7604111067900527,0.0,2.7604111067900527
2023-06-08 00:00:00-04:00,9.037279347299998,9.037279347299998,22.44656326198537,22.44656326198537,-13.409283914685371,-13.409283914685371,15.956387525072358,2.547103610386986,2.0743303782594067,0.16556173467515412,1.9087686435842526
2023-06-09 00:00:00-04:00,9.482727185999998,9.482727185999998,23.72297388173741,23.72297388173741,-14.240246695737413,-14.240246695737413,17.073420505753788,2.8331738100163744,2.2195446657479927,0.18415629765106434,2.0353883680969282
2023-06-10 00:00:00-04:00,9.220045600799999,9.220045600799999,24.725138001560456,24.725138001560456,-15.505092400760455,-15.505092400760455,18.04825751831213,2.5431651175516734,2.346273477380577,0.16530573264085877,2.180967744739718
2023-06-11 00:00:00-04:00,7.484464689299999,7.484464689299999,24.5737577251812,24.5737577251812,-17.0892930358812,-17.0892930358812,18.79191204501959,1.7026190091383913,2.442948565852547,0.11067023559399544,2.3322783302585517
2023-06-12 00:00:00-04:00,6.612042752099999,6.612042752099999,23.630091992385672,23.630091992385672,-17.018049240285674,-17.018049240285674,18.51842001494843,1.5003707746627541,2.4073946019432957,0.09752410035307903,2.3098705015902166
2023-06-13 00:00:00-04:00,8.2059352695,8.2059352695,23.811396523939717,23.811396523939717,-15.605461254439716,-15.605461254439716,17.474111774653043,1.868650520213328,2.2716345307048957,0.12146228381386631,2.1501722468910294
2023-06-14 00:00:00-04:00,8.797567018499999,8.797567018499999,22.37020695711509,22.37020695711509,-13.572639938615094,-13.572639938615094,15.862441794186026,2.2898018555709325,2.0621174332441834,0.14883712061211063,1.9132803126320728
2023-06-15 00:00:00-04:00,7.646904681299999,7.646904681299999,26.56454571453137,26.56454571453137,-18.91764103323137,-18.91764103323137,20.099636158116112,1.1819951248847427,2.6129527005550948,0.07682968311750828,2.5361230174375864
2023-06-16 00:00:00-04:00,8.368264353599999,8.368264353599999,22.631879268515227,22.631879268515227,-14.263614914915228,-14.263614914915228,16.459406169329238,2.195791254414009,2.139722802012801,0.1427264315369106,1.9969963704758904
2023-06-17 00:00:00-04:00,9.350520827399999,9.350520827399999,25.865888753955183,25.865888753955183,-16.515367926555182,-16.515367926555182,19.03780936096895,2.522441434413766,2.4749152169259636,0.1639586932368948,2.310956523689069
2023-06-18 00:00:00-04:00,9.1746113967,9.1746113967,26.152388756512845,26.152388756512845,-16.977777359812848,-16.977777359812848,19.157485715737742,2.1797083559248946,2.4904731430459064,0.14168104313511815,2.348792099910788
2023-06-19 00:00:00-04:00,4.522669281899999,4.522669281899999,23.550661871911046,23.550661871911046,-19.02799259001105,-19.02799259001105,19.11032702733467,0.08233443732362189,2.484342513553507,0.005351738426035423,2.4789907751274716
2023-06-20 00:00:00-04:00,2.708417247299999,2.708417247299999,23.742955737276155,23.742955737276155,-21.034538489976157,-21.034538489976157,21.034538489976157,0.0,2.7344900036969007,0.0,2.7344900036969007
2023-06-21 00:00:00-04:00,3.457075218299999,3.457075218299999,24.858567021102505,24.858567021102505,-21.401491802802507,-21.401491802802507,21.401491802802507,0.0,2.782193934364326,0.0,2.782193934364326
2023-06-22 00:00:00-04:00,3.082661536499999,3.082661536499999,23.187947474745126,23.187947474745126,-20.105285938245125,-20.105285938245125,20.177872472299452,0.07258653405432597,2.6231234213989287,0.004718124713531188,2.6184052966853977
2023-06-23 00:00:00-04:00,6.454792781099999,6.454792781099999,23.008623954591496,23.008623954591496,-16.553831173491496,-16.553831173491496,18.085689112229336,1.5318579387378397,2.3511395845898138,0.09957076601795958,2.251568818571854
2023-06-24 00:00:00-04:00,7.3965354984,7.3965354984,29.10809768350094,29.10809768350094,-21.71156218510094,-21.71156218510094,23.232513445535602,1.5209512604346618,3.0202267479196285,0.09886183192825301,2.9213649159913757
2023-06-25 00:00:00-04:00,8.767369025099999,8.767369025099999,28.569232007886907,28.569232007886907,-19.801862982786908,-19.801862982786908,21.644450480268056,1.8425874974811491,2.8137785624348473,0.1197681873362747,2.6940103750985727
2023-06-26 00:00:00-04:00,8.538016917599998,8.538016917599998,24.521587275449974,24.521587275449974,-15.983570357849974,-15.983570357849974,18.48303636237479,2.499466004524815,2.4027947271087227,0.162465290294113,2.24032943681461
2023-06-27 00:00:00-04:00,7.815876413399999,7.815876413399999,23.674825106992806,23.674825106992806,-15.858948693592808,-15.858948693592808,17.209108460123343,1.3501597665305354,2.2371840998160346,0.0877603848244848,2.1494237149915496
2023-06-28 00:00:00-04:00,8.9387219439,8.9387219439,22.93457639377181,22.93457639377181,-13.99585444987181,-13.99585444987181,16.53367409305629,2.537819643184482,2.149377632097318,0.16495827680699132,1.9844193552903266
2023-06-29 00:00:00-04:00,8.4522372048,8.4522372048,24.169645470304832,24.169645470304832,-15.717408265504835,-15.717408265504835,17.839265201948866,2.121856936444029,2.3191044762533526,0.1379207008688619,2.1811837753844907
2023-06-30 00:00:00-04:00,6.690620312099999,6.690620312099999,24.74885559277323,24.74885559277323,-18.05823528067323,-18.05823528067323,19.780288529842885,1.7220532491696547,2.571437508879575,0.11193346119602757,2.4595040476835472
2023-07-01 00:00:00-04:00,5.679530800199999,5.679530800199999,25.026761467967194,25.026761467967194,-19.347230667767196,-19.347230667767196,20.342965065509684,0.9957343977424864,2.644585458516259,0.06472273585326162,2.5798627226629973
2023-07-02 00:00:00-04:00,8.608654009799999,8.608654009799999,24.159935163152625,24.159935163152625,-15.551281153352626,-15.551281153352626,17.827099069273874,2.275817915921249,2.3175228790056037,0.1479281645348812,2.1695947144707226
2023-07-03 00:00:00-04:00,6.522634079999999,6.522634079999999,24.66455010733823,24.66455010733823,-18.14191602733823,-18.14191602733823,18.83449959228629,0.6925835649480575,2.4484849469972176,0.04501793172162374,2.4034670152755937
2023-07-04 00:00:00-04:00,8.787322049399998,8.787322049399998,25.379752994230042,25.379752994230042,-16.592430944830042,-16.592430944830042,18.759628773944456,2.167197829114415,2.4387517406127794,0.140867858892437,2.2978838817203426
2023-07-05 00:00:00-04:00,6.2657866223999985,6.2657866223999985,24.193567166999028,24.193567166999028,-17.927780544599027,-17.927780544599027,18.45907163249604,0.5312910878970134,2.3996793122244853,0.034533920713305875,2.3651453915111795
2023-07-06 00:00:00-04:00,7.5968829827999995,7.5968829827999995,22.51713609733301,22.51713609733301,-14.920253114533013,-14.920253114533013,17.071914822821707,2.151661708288694,2.219348926966822,0.13985801103876513,2.079490915928057
2023-07-07 00:00:00-04:00,8.14002436665,8.14002436665,26.368639388638663,26.368639388638663,-18.228615021988663,-18.228615021988663,19.945315739758804,1.7167007177701412,2.5928910461686447,0.11158554665505918,2.4813054995135855
2023-07-08 00:00:00-04:00,5.128924291649999,5.128924291649999,29.042360832245144,29.042360832245144,-23.913436540595146,-23.913436540595146,24.12708673970661,0.21365019911146343,3.1365212761618593,0.013887262942245123,3.122634013219614
2023-07-09 00:00:00-04:00,5.125319162549999,5.125319162549999,25.29421660324103,25.29421660324103,-20.16889744069103,-20.16889744069103,20.96404380688838,0.7951463661973506,2.7253256948954894,0.05168451380282779,2.6736411810926617
2023-07-10 00:00:00-04:00,5.454363463199999,5.454363463199999,26.02073834827889,26.02073834827889,-20.566374885078893,-20.566374885078893,21.783159322203097,1.2167844371242063,2.8318107118864027,0.07909098841307341,2.752719723473329
2023-07-11 00:00:00-04:00,9.189870608699998,9.189870608699998,23.083241063867217,23.083241063867217,-13.893370455167219,-13.893370455167219,16.627983182325533,2.734612727158315,2.1616378137023196,0.17774982726529048,1.9838879864370291
2023-07-12 00:00:00-04:00,8.857622143799999,8.857622143799999,24.509030937519746,24.509030937519746,-15.65140879371975,-15.65140879371975,17.97591877732805,2.324509983608301,2.3368694410526465,0.15109314893453957,2.1857762921181068
2023-07-13 00:00:00-04:00,8.35202497275,8.35202497275,24.849541044282443,24.849541044282443,-16.497516071532445,-16.497516071532445,18.40265305774034,1.905136986207896,2.3923448975062445,0.12383390410351325,2.268510993402731
2023-07-14 00:00:00-04:00,5.834918413799999,5.834918413799999,25.82269765442714,25.82269765442714,-19.98777924062714,-19.98777924062714,20.407506370826397,0.41972713019925295,2.6529758282074316,0.027282263462951442,2.62569356474448
2023-07-15 00:00:00-04:00,7.4430769009499995,7.4430769009499995,28.607638119667957,28.607638119667957,-21.164561218717957,-21.164561218717957,22.29586301907937,1.131301800361413,2.8984621924803182,0.07353461702349184,2.8249275754568264
2023-07-16 00:00:00-04:00,7.851540944249999,7.851540944249999,25.19424821596098,25.19424821596098,-17.342707271710978,-17.342707271710978,19.194173168918404,1.8514658972074258,2.4952425119593924,0.12034528331848268,2.3748972286409096
2023-07-17 00:00:00-04:00,7.542487602899999,7.542487602899999,25.884494555355907,25.884494555355907,-18.34200695245591,-18.34200695245591,19.802865418418804,1.460858465962896,2.5743725043944448,0.09495580028758825,2.4794167041068564
2023-07-18 00:00:00-04:00,8.51604826365,8.51604826365,24.233966064717077,24.233966064717077,-15.71791780106708,-15.71791780106708,17.893020989441318,2.175103188374239,2.3260927286273714,0.14138170724432553,2.1847110213830456
2023-07-19 00:00:00-04:00,5.883032957849999,5.883032957849999,25.57720594179118,25.57720594179118,-19.694172983941183,-19.694172983941183,20.61293896946633,0.9187659855251469,2.6796820660306233,0.05971978905913455,2.619962276971489
2023-07-20 00:00:00-04:00,6.285590948249999,6.285590948249999,23.472290005688333,23.472290005688333,-17.186699057438332,-17.186699057438332,18.11759621311253,0.9308971556741978,2.355287507704629,0.06050831511882286,2.294779192585806
2023-07-21 00:00:00-04:00,8.787259224449999,8.787259224449999,25.177019781024303,25.177019781024303,-16.389760556574306,-16.389760556574306,18.79826936735611,2.4085088107818042,2.4437750177562942,0.15655307270081728,2.287221945055477
2023-07-22 00:00:00-04:00,4.321024082999998,4.321024082999998,25.16901446602094,25.16901446602094,-20.847990383020942,-20.847990383020942,20.922004153249063,0.07401377022811945,2.719860539922378,0.004810895064827765,2.7150496448575505
2023-07-23 00:00:00-04:00,8.160902366399998,8.160902366399998,27.46342793211656,27.46342793211656,-19.30252556571656,-19.30252556571656,21.151198448650753,1.8486728829341943,2.749655798324598,0.12016373739072263,2.6294920609338757
2023-07-24 00:00:00-04:00,7.524657849149999,7.524657849149999,25.635050243798922,25.635050243798922,-18.110392394648922,-18.110392394648922,20.170349720943943,2.059957326295022,2.622145463722713,0.13389722620917643,2.4882482375135364
2023-07-25 00:00:00-04:00,8.780734115549999,8.780734115549999,23.474719751359217,23.474719751359217,-14.693985635809218,-14.693985635809218,17.11400656329489,2.420020927485671,2.224820853228336,0.15730136028656863,2.0675194929417673
2023-07-26 00:00:00-04:00,9.010549700999999,9.010549700999999,25.724902830364034,25.724902830364034,-16.714353129364035,-16.714353129364035,19.174636750652535,2.4602836212885,2.49270277758483,0.15991843538375253,2.3327843422010774
2023-07-27 00:00:00-04:00,8.638388365949998,8.638388365949998,22.287014911423153,22.287014911423153,-13.648626545473153,-13.648626545473153,16.111602613118002,2.4629760676448496,2.0945083397053406,0.16009344439691522,1.9344148953084253
2023-07-28 00:00:00-04:00,8.685085765049998,8.685085765049998,25.563881831216506,25.563881831216506,-16.878796066166505,-16.878796066166505,19.04778437946383,2.1689883132973264,2.476211969330298,0.14098424036432622,2.3352277289659717
2023-07-29 00:00:00-04:00,6.189512683499999,6.189512683499999,27.81231190559307,27.81231190559307,-21.62279922209307,-21.62279922209307,22.370561705113154,0.7477624830200834,2.90817302166471,0.048604561396305423,2.8595684602684046
2023-07-30 00:00:00-04:00,6.4764710891999995,6.4764710891999995,24.700968860915943,24.700968860915943,-18.224497771715946,-18.224497771715946,19.02405590379561,0.7995581320796651,2.4731272674934295,0.051971278585178235,2.4211559889082515
2023-07-31 00:00:00-04:00,7.339119637949999,7.339119637949999,25.471832280979385,25.471832280979385,-18.132712643029386,-18.132712643029386,20.292428723938162,2.1597160809087743,2.638015734111961,0.14038154525907034,2.497634188852891
2023-08-01 00:00:00-04:00,8.73678986055,8.73678986055,22.182319825761347,22.182319825761347,-13.445529965211348,-13.445529965211348,16.09338313578922,2.647853170577875,2.092139807652599,0.17211045608756187,1.920029351565037
2023-08-02 00:00:00-04:00,8.423297545049998,8.423297545049998,22.21315952524537,22.21315952524537,-13.789861980195372,-13.789861980195372,16.2878542577742,2.4979922775788266,2.117421053510646,0.16236949804262374,1.9550515554680221
2023-08-03 00:00:00-04:00,2.224510804349999,2.224510804349999,22.19659671307032,22.19659671307032,-19.972085908720324,-19.972085908720324,19.972085908720324,0.0,2.596371168133642,0.0,2.596371168133642
2023-08-04 00:00:00-04:00,2.131355737799999,2.131355737799999,22.610053962666324,22.610053962666324,-20.478698224866324,-20.478698224866324,20.478698224866324,0.0,2.662230769232622,0.0,2.662230769232622
2023-08-05 00:00:00-04:00,8.7492744891,8.7492744891,26.308347152393928,26.308347152393928,-17.55907266329393,-17.55907266329393,19.627178626339873,2.068105963045943,2.5515332214241835,0.1344268875979863,2.4171063338261973
2023-08-06 00:00:00-04:00,8.6383327473,8.6383327473,24.655437989944883,24.655437989944883,-16.01710524264488,-16.01710524264488,18.404825370817484,2.387720128172601,2.392627298206273,0.15520180833121905,2.237425489875054
2023-08-07 00:00:00-04:00,4.778333461799999,4.778333461799999,26.291957597822133,26.291957597822133,-21.513624136022134,-21.513624136022134,22.66281390328667,1.1491897672645346,2.946165807427267,0.07469733487219475,2.871468472555072
2023-08-08 00:00:00-04:00,7.613398033649999,7.613398033649999,26.11804668412965,26.11804668412965,-18.504648650479652,-18.504648650479652,20.02601042819571,1.5213617777160615,2.6033813556654426,0.098888515551544,2.5044928401138984
2023-08-09 00:00:00-04:00,8.567007659999998,8.567007659999998,25.8918679746662,25.8918679746662,-17.324860314666203,-17.324860314666203,19.326472026042286,2.0016117113760825,2.512441363385497,0.13010476123944537,2.3823366021460517
2023-08-10 00:00:00-04:00,5.060507013899999,5.060507013899999,24.763205565985754,24.763205565985754,-19.702698552085756,-19.702698552085756,20.70797072432077,1.0052721722350138,2.6920361941617004,0.0653426911952759,2.6266935029664245
2023-08-11 00:00:00-04:00,6.8591634583499985,6.8591634583499985,22.617104234670446,22.617104234670446,-15.757940776320446,-15.757940776320446,16.93779557303487,1.179854796714423,2.201913424494533,0.0766905617864375,2.1252228627080956
2023-08-12 00:00:00-04:00,8.9576206992,8.9576206992,26.97683527840441,26.97683527840441,-18.01921457920441,-18.01921457920441,20.34025124821348,2.321036669009069,2.6442326622677523,0.15086738348558948,2.493365278782163
2023-08-13 00:00:00-04:00,9.105926500349998,9.105926500349998,24.79732741976249,24.79732741976249,-15.691400919412489,-15.691400919412489,18.257525349248535,2.566124429836045,2.3734782954023097,0.16679808793934292,2.206680207462967
2023-08-14 00:00:00-04:00,6.30183123225,6.30183123225,26.362559300136184,26.362559300136184,-20.060728067886185,-20.060728067886185,20.502809525731845,0.442081457845662,2.66536523834514,0.02873529475996803,2.636629943585172
2023-08-15 00:00:00-04:00,6.410883406049999,6.410883406049999,23.968077643587904,23.968077643587904,-17.557194237537903,-17.557194237537903,18.89452863376414,1.337334396226234,2.4562887223893384,0.08692673575470522,2.369361986634633
2023-08-16 00:00:00-04:00,8.791711019549998,8.791711019549998,25.025582647709754,25.025582647709754,-16.233871628159754,-16.233871628159754,18.749386449175788,2.515514821016033,2.4374202383928525,0.16350846336604216,2.2739117750268103
2023-08-17 00:00:00-04:00,6.142746052349999,6.142746052349999,24.987429662814904,24.987429662814904,-18.844683610464905,-18.844683610464905,19.833567568711842,0.9888839582469361,2.5783637839325397,0.06427745728605085,2.514086326646489
2023-08-18 00:00:00-04:00,8.4156651405,8.4156651405,24.316839097674425,24.316839097674425,-15.901173957174427,-15.901173957174427,18.238801309562668,2.337627352388241,2.371044170243147,0.15194577790523567,2.2190983923379113
2023-08-19 00:00:00-04:00,9.059423976449999,9.059423976449999,27.823597360615477,27.823597360615477,-18.764173384165474,-18.764173384165474,21.113541491854996,2.3493681076895188,2.7447603939411493,0.15270892699981872,2.5920514669413306
2023-08-20 00:00:00-04:00,8.646342402599998,8.646342402599998,27.086722467275727,27.086722467275727,-18.44038006467573,-18.44038006467573,20.652920262423237,2.212540197747508,2.684879634115021,0.14381511285358803,2.541064521261433
2023-08-21 00:00:00-04:00,7.546503850199999,7.546503850199999,25.30713482577793,25.30713482577793,-17.76063097557793,-17.76063097557793,19.411874123885664,1.6512431483077321,2.523543636105136,0.1073308046400026,2.4162128314651334
2023-08-22 00:00:00-04:00,7.105968831599999,7.105968831599999,24.339724411522685,24.339724411522685,-17.233755579922686,-17.233755579922686,18.604452092042155,1.3706965121194674,2.41857877196548,0.08909527328776538,2.329483498677715
2023-08-23 00:00:00-04:00,9.068054930099999,9.068054930099999,25.71565271787772,25.71565271787772,-16.64759778777772,-16.64759778777772,19.28406443826834,2.6364666504906196,2.5069283769748845,0.17137033228189028,2.335558044692994
2023-08-24 00:00:00-04:00,7.556882185799999,7.556882185799999,25.584695050381168,25.584695050381168,-18.027812864581165,-18.027812864581165,20.15512295767338,2.127310093092213,2.6201659844975396,0.13827515605099386,2.4818908284465455
2023-08-25 00:00:00-04:00,6.605622848699999,6.605622848699999,24.361875265944832,24.361875265944832,-17.75625241724483,-17.75625241724483,19.027992530509064,1.271740113264232,2.4736390289661783,0.0826631073621751,2.390975921604003
2023-08-26 00:00:00-04:00,7.900527823199999,7.900527823199999,25.941280130608053,25.941280130608053,-18.040752307408056,-18.040752307408056,20.075936640944175,2.03518433353612,2.609871763322743,0.13228698167984781,2.477584781642895
2023-08-27 00:00:00-04:00,5.6306173693499995,5.6306173693499995,29.268478227003428,29.268478227003428,-23.63786085765343,-23.63786085765343,24.03084820798391,0.39298735033048154,3.1240102670379084,0.0255441777714813,3.0984660892664273
2023-08-28 00:00:00-04:00,4.766833805399999,4.766833805399999,23.664053099519208,23.664053099519208,-18.89721929411921,-18.89721929411921,19.5252010761071,0.6279817819878903,2.538276139893923,0.04081881582921287,2.49745732406471
2023-08-29 00:00:00-04:00,5.172316389899999,5.172316389899999,24.365757189777067,24.365757189777067,-19.193440799877067,-19.193440799877067,20.644100392137172,1.450659592260104,2.6837330509778323,0.09429287349690677,2.5894401774809257
2023-08-30 00:00:00-04:00,2.945484750599999,2.945484750599999,26.81769561021082,26.81769561021082,-23.872210859610817,-23.872210859610817,23.872210859610817,0.0,3.1033874117494062,0.0,3.1033874117494062
2023-08-31 00:00:00-04:00,8.894281936499999,8.894281936499999,22.215801308738982,22.215801308738982,-13.321519372238983,-13.321519372238983,16.294296997222396,2.9727776249834146,2.1182586096389118,0.19323054562392195,1.92502806401499
2023-09-01 00:00:00-04:00,9.746078093099998,9.746078093099998,26.486809796847805,26.486809796847805,-16.74073170374781,-16.74073170374781,19.418684826982926,2.6779531232351186,2.5244290275077805,0.17406695301028272,2.350362074497498
2023-09-02 00:00:00-04:00,9.694059658199999,9.694059658199999,27.78626344379086,27.78626344379086,-18.092203785590865,-18.092203785590865,20.570787589615605,2.4785838040247405,2.6742023866500286,0.16110794726160815,2.5130944393884205
2023-09-03 00:00:00-04:00,9.192275347499999,9.192275347499999,28.77332471368041,28.77332471368041,-19.581049366180412,-19.581049366180412,21.75313143047354,2.172082064293131,2.8279070859615603,0.14118533417905352,2.686721751782507
2023-09-04 00:00:00-04:00,8.779351800599999,8.779351800599999,23.071011069632608,23.071011069632608,-14.291659269032609,-14.291659269032609,16.793525862878475,2.5018665938458664,2.183158362174202,0.16262132859998132,2.0205370335742208
2023-09-05 00:00:00-04:00,8.8604193978,8.8604193978,24.326911586998087,24.326911586998087,-15.466492189198089,-15.466492189198089,17.872653859211916,2.4061616700138284,2.323445001697549,0.15640050855089885,2.1670444931466504
2023-09-06 00:00:00-04:00,8.762115289499999,8.762115289499999,21.880969218284278,21.880969218284278,-13.11885392878428,-13.11885392878428,15.749150343598382,2.6302964148141017,2.04738954466779,0.17096926696291662,1.8764202777048733
2023-09-07 00:00:00-04:00,8.1967528152,8.1967528152,22.288163013883374,22.288163013883374,-14.091410198683375,-14.091410198683375,16.266771497804896,2.175361299121523,2.1146802947146366,0.14139848444289901,1.9732818102717375
2023-09-08 00:00:00-04:00,7.178112151199999,7.178112151199999,23.64308600374265,23.64308600374265,-16.464973852542652,-16.464973852542652,17.603214689566755,1.1382408370241044,2.288417909643678,0.07398565440656679,2.2144322552371114
2023-09-09 00:00:00-04:00,1.9877755670999993,1.9877755670999993,28.557211116756598,28.557211116756598,-26.5694355496566,-26.5694355496566,26.83070122045027,0.26126567079366925,3.4879911586585353,0.016982268601588503,3.4710088900569467
2023-09-10 00:00:00-04:00,7.1220640392,7.1220640392,27.890332941734766,27.890332941734766,-20.768268902534768,-20.768268902534768,22.29790117415091,1.5296322716161408,2.8987271526396183,0.09942609765504916,2.799301054984569
2023-09-11 00:00:00-04:00,9.1033923249,9.1033923249,23.04771500669575,23.04771500669575,-13.94432268179575,-13.94432268179575,16.626993536880306,2.6826708550845564,2.16150915979444,0.17437360558049617,1.987135554213944
2023-09-12 00:00:00-04:00,5.792817875399999,5.792817875399999,25.857398827482804,25.857398827482804,-20.064580952082803,-20.064580952082803,20.40102760201589,0.3364466499330861,2.652133588262066,0.021869032245650597,2.630264556016415
2023-09-13 00:00:00-04:00,6.9370028694,6.9370028694,23.60327014324764,23.60327014324764,-16.66626727384764,-16.66626727384764,18.40318988674752,1.736922612899878,2.3924146852771777,0.11289996983849207,2.2795147154386854
2023-09-14 00:00:00-04:00,8.758827329399999,8.758827329399999,24.37481714513911,24.37481714513911,-15.61598981573911,-15.61598981573911,17.676675145160424,2.0606853294213128,2.2979677688708553,0.13394454641238535,2.16402322245847
2023-09-15 00:00:00-04:00,10.3504784742,10.3504784742,22.866646672196094,22.866646672196094,-12.516168197996093,-12.516168197996093,15.702579744458305,3.1864115464622125,2.0413353667795797,0.20711675052004383,1.834218616259536
2023-09-16 00:00:00-04:00,10.085497158599999,10.085497158599999,28.20317234536934,28.20317234536934,-18.11767518676934,-18.11767518676934,20.50098243497691,2.3833072482075677,2.665127716546998,0.1549149711334919,2.510212745413506
2023-09-17 00:00:00-04:00,1.6980840661499992,1.6980840661499992,26.890989282572463,26.890989282572463,-25.192905216422464,-25.192905216422464,25.192905216422464,0.0,3.2750776781349202,0.0,3.2750776781349202
2023-09-18 00:00:00-04:00,9.419198613299999,9.419198613299999,22.096788204145057,22.096788204145057,-12.677589590845056,-12.677589590845056,15.424182207855223,2.746592617010168,2.005143687021179,0.17852852010566092,1.826615166915518
2023-09-19 00:00:00-04:00,9.4953961503,9.4953961503,25.230839983971602,25.230839983971602,-15.735443833671603,-15.735443833671603,18.142852468885927,2.4074086352143245,2.358570820955171,0.1564815612889311,2.2020892596662396
2023-09-20 00:00:00-04:00,8.8897069755,8.8897069755,23.238683048672925,23.238683048672925,-14.348976073172924,-14.348976073172924,16.57661477768382,2.2276387045108947,2.1549599210988966,0.14479651579320815,2.0101634053056885
2023-09-21 00:00:00-04:00,6.299298836099999,6.299298836099999,24.628468698466715,24.628468698466715,-18.329169862366715,-18.329169862366715,18.90624919019574,0.5770793278290254,2.457812394725446,0.03751015630888665,2.42030223841656
2023-09-22 00:00:00-04:00,2.3589400034249994,2.3589400034249994,23.799508302919346,23.799508302919346,-21.440568299494345,-21.440568299494345,21.440568299494345,0.0,2.787273878934265,0.0,2.787273878934265
2023-09-23 00:00:00-04:00,1.320428799449999,1.320428799449999,28.318671978560264,28.318671978560264,-26.998243179110265,-26.998243179110265,26.998243179110265,0.0,3.5097716132843346,0.0,3.5097716132843346
2023-09-24 00:00:00-04:00,7.737760249649999,7.737760249649999,25.602338887672676,25.602338887672676,-17.864578638022678,-17.864578638022678,19.06502386015738,1.200445222134701,2.478453101820459,0.07802893943875557,2.4004241623817038
2023-09-25 00:00:00-04:00,7.777516570424998,7.777516570424998,23.333792190975434,23.333792190975434,-15.556275620550434,-15.556275620550434,17.244539856645194,1.6882642360947593,2.2417901813638754,0.10973717534615936,2.132053006017716
2023-09-26 00:00:00-04:00,2.8354800734999994,2.8354800734999994,22.70523765210766,22.70523765210766,-19.869757578607658,-19.869757578607658,19.869757578607658,0.0,2.5830684852189956,0.0,2.5830684852189956
2023-09-27 00:00:00-04:00,1.9515668795999992,1.9515668795999992,24.233205098604312,24.233205098604312,-22.28163821900431,-22.28163821900431,22.28163821900431,0.0,2.8966129684705604,0.0,2.8966129684705604
2023-09-28 00:00:00-04:00,8.821752213149999,8.821752213149999,22.501219576535753,22.501219576535753,-13.679467363385754,-13.679467363385754,16.24558534010523,2.566117976719475,2.11192609421368,0.16679766848676586,1.9451284257269141
2023-09-29 00:00:00-04:00,3.1577480558999995,3.1577480558999995,24.65166160074364,24.65166160074364,-21.49391354484364,-21.49391354484364,21.733279717638172,0.23936617279453276,2.8253263632929624,0.01555880123164463,2.809767562061318
2023-09-30 00:00:00-04:00,3.6193678726499994,3.6193678726499994,25.366751820262344,25.366751820262344,-21.747383947612345,-21.747383947612345,22.29502360650763,0.5476396588952848,2.898353068845992,0.03559657782819351,2.8627564910177985
2023-10-01 00:00:00-04:00,7.889191522199999,7.889191522199999,29.625149452595853,29.625149452595853,-21.735957930395855,-21.735957930395855,22.99837304717002,1.2624151167741662,2.989788496132103,0.0820569825903208,2.907731513541782
2023-10-02 00:00:00-04:00,9.288010839824999,9.288010839824999,25.97536041755874,25.97536041755874,-16.68734957773374,-16.68734957773374,18.98935825925297,2.3020086815192293,2.4686165737028865,0.1496305642987499,2.3189860094041364
2023-10-03 00:00:00-04:00,7.985146745924999,7.985146745924999,23.39655907471373,23.39655907471373,-15.411412328788728,-15.411412328788728,17.249967122427208,1.8385547936384803,2.242495725915537,0.11950606158650122,2.122989664329036
2023-10-04 00:00:00-04:00,8.702366473125,8.702366473125,21.735315956105953,21.735315956105953,-13.032949482980953,-13.032949482980953,15.788053031987022,2.7551035490060674,2.052446894158313,0.17908173068539437,1.8733651634729185
2023-10-05 00:00:00-04:00,7.389619899299999,7.389619899299999,26.484816227832404,26.484816227832404,-19.095196328532403,-19.095196328532403,20.1488271721043,1.0536308435718977,2.6193475323735593,0.06848600483217336,2.550861527541386
2023-10-06 00:00:00-04:00,2.8120447181249992,2.8120447181249992,23.56691527135921,23.56691527135921,-20.754870553234213,-20.754870553234213,20.754870553234213,0.0,2.6981331719204475,0.0,2.6981331719204475
2023-10-07 00:00:00-04:00,8.556068882024999,8.556068882024999,29.465766419923,29.465766419923,-20.909697537898,-20.909697537898,23.033753137220724,2.124055599322725,2.994387907838694,0.13806361395597713,2.856324293882717
2023-10-08 00:00:00-04:00,10.169377713,10.169377713,29.021375401925113,29.021375401925113,-18.851997688925113,-18.851997688925113,21.302285362973457,2.4502876740483437,2.7692970971865494,0.15926869881314235,2.610028398373407
2023-10-09 00:00:00-04:00,9.151661750399999,9.151661750399999,26.414038283588955,26.414038283588955,-17.262376533188956,-17.262376533188956,19.486067320945562,2.2236907877566066,2.533188751722923,0.14453990120417942,2.3886488505187438
2023-10-10 00:00:00-04:00,6.5120245703999995,6.5120245703999995,25.901230134053634,25.901230134053634,-19.389205563653636,-19.389205563653636,20.025981131815733,0.6367755681620996,2.6033775471360454,0.041390411930536476,2.561987135205509
2023-10-11 00:00:00-04:00,3.7938219263999993,3.7938219263999993,25.631928070786767,25.631928070786767,-21.838106144386767,-21.838106144386767,21.941880885454996,0.1037747410682286,2.8524445151091498,0.006745358169434858,2.8456991569397148
2023-10-12 00:00:00-04:00,6.403075382699999,6.403075382699999,25.964353777618022,25.964353777618022,-19.561278394918023,-19.561278394918023,21.463491779517994,1.90221338459997,2.7902539313373396,0.12364386999899805,2.6666100613383414
2023-10-13 00:00:00-04:00,8.959926989925,8.959926989925,26.03256074099696,26.03256074099696,-17.072633751071958,-17.072633751071958,19.206515971946022,2.133882220874061,2.496847076352983,0.13870234435681397,2.358144731996169
2023-10-14 00:00:00-04:00,1.6981741637999994,1.6981741637999994,25.72969362945207,25.72969362945207,-24.03151946565207,-24.03151946565207,24.03151946565207,0.0,3.1240975305347694,0.0,3.1240975305347694
2023-10-15 00:00:00-04:00,4.088039114699999,4.088039114699999,25.244071081413455,25.244071081413455,-21.156031966713456,-21.156031966713456,21.156031966713456,0.0,2.7502841556727495,0.0,2.7502841556727495
2023-10-16 00:00:00-04:00,5.4846392354999995,5.4846392354999995,23.41292088054852,23.41292088054852,-17.928281645048518,-17.928281645048518,18.249661256707057,0.32137961165854034,2.3724559633719173,0.020889674757805125,2.351566288614112
2023-10-17 00:00:00-04:00,6.8521351490999995,6.8521351490999995,23.900795804289807,23.900795804289807,-17.04866065518981,-17.04866065518981,17.609576797562895,0.5609161423730862,2.2892449836831763,0.0364595492542506,2.2527854344289255
2023-10-18 00:00:00-04:00,7.002739580399999,7.002739580399999,25.368777493687322,25.368777493687322,-18.36603791328732,-18.36603791328732,19.1390033047139,0.7729653914265777,2.488070429612807,0.05024275044272755,2.4378276791700797
2023-10-19 00:00:00-04:00,8.839473010425,8.839473010425,22.809564970003237,22.809564970003237,-13.97009195957824,-13.97009195957824,16.37730654619907,2.40721458662083,2.129049851005879,0.15646894813035395,1.9725809028755248
2023-10-20 00:00:00-04:00,4.0279459889249996,4.0279459889249996,24.621297711609945,24.621297711609945,-20.593351722684943,-20.593351722684943,20.830626330321575,0.23727460763663272,2.707981422941805,0.015422849496381128,2.6925585734454236
2023-10-21 00:00:00-04:00,9.278294406525,9.278294406525,26.52327091473734,26.52327091473734,-17.24497650821234,-17.24497650821234,19.73561469065648,2.4906381824441386,2.5656299097853426,0.161891481858869,2.4037384279264735
2023-10-22 00:00:00-04:00,9.1068120828,9.1068120828,27.102291664743326,27.102291664743326,-17.99547958194333,-17.99547958194333,20.021856361061143,2.026376779117815,2.602841326937949,0.131714490642658,2.4711268362952907
2023-10-23 00:00:00-04:00,9.514941766199998,9.514941766199998,24.59805763598696,24.59805763598696,-15.083115869786964,-15.083115869786964,17.837538920460485,2.75442305067352,2.3188800596598633,0.17903749829377882,2.1398425613660845
2023-10-24 00:00:00-04:00,9.1718718876,9.1718718876,24.49519397483488,24.49519397483488,-15.32332208723488,-15.32332208723488,17.822887291276203,2.499565204041322,2.3169753478659065,0.16247173826268593,2.1545036096032204
2023-10-25 00:00:00-04:00,8.687779029225,8.687779029225,23.754579688136126,23.754579688136126,-15.066800658911127,-15.066800658911127,17.331371886709068,2.2645712277979406,2.2530783452721788,0.14719712980686614,2.105881215465313
2023-10-26 00:00:00-04:00,8.589951612,8.589951612,21.92239056810191,21.92239056810191,-13.332438956101912,-13.332438956101912,15.696565310785731,2.364126354683819,2.040553490402145,0.15366821305444825,1.886885277347697
2023-10-27 00:00:00-04:00,7.844585593724999,7.844585593724999,24.64289836323877,24.64289836323877,-16.79831276951377,-16.79831276951377,18.387030166547873,1.5887173970341009,2.3903139216512237,0.10326663080721656,2.287047290844007
2023-10-28 00:00:00-04:00,8.253823856624999,8.253823856624999,29.638451861656755,29.638451861656755,-21.384628005031754,-21.384628005031754,22.85896684845476,1.4743388434230047,2.971665690299119,0.09583202482249531,2.8758336654766237
2023-10-29 00:00:00-04:00,8.386679252024999,8.386679252024999,25.229830616600374,25.229830616600374,-16.843151364575377,-16.843151364575377,18.71637782891805,1.8732264643426715,2.4331291177593464,0.12175972018227366,2.3113693975770726
2023-10-30 00:00:00-04:00,8.266254610724998,8.266254610724998,22.898454831756872,22.898454831756872,-14.632200221031873,-14.632200221031873,16.729997186971108,2.097796965939237,2.174899634306244,0.1363568027860504,2.0385428315201937
2023-10-31 00:00:00-04:00,0.4020206984999992,0.4020206984999992,25.72570081156566,25.72570081156566,-25.32368011306566,-25.32368011306566,25.32368011306566,0.0,3.292078414698536,0.0,3.292078414698536
2023-11-01 00:00:00-04:00,9.763464573,9.763464573,22.33681561150332,22.33681561150332,-12.573351038503318,-12.573351038503318,15.588175193080346,3.0148241545770276,2.026462775100445,0.1959635700475068,1.8304992050529383
2023-11-02 00:00:00-04:00,9.501273866699998,9.501273866699998,26.926368987874547,26.926368987874547,-17.425095121174547,-17.425095121174547,19.898585668474308,2.4734905472997593,2.58681613690166,0.16077688557448436,2.426039251327176
2023-11-03 00:00:00-04:00,9.3236504814,9.3236504814,25.705091760317114,25.705091760317114,-16.381441278917116,-16.381441278917116,18.80077850808741,2.419337229170297,2.4441012060513634,0.15725691989606932,2.286844286155294
2023-11-04 00:00:00-04:00,9.069395201999999,9.069395201999999,25.818982122267027,25.818982122267027,-16.749586920267028,-16.749586920267028,18.954197446410078,2.20461052614305,2.46404566803331,0.14329968419929826,2.3207459838340116
2023-11-05 00:00:00-04:00,7.279222139999999,7.279222139999999,29.466859141814183,29.466859141814183,-22.187637001814185,-22.187637001814185,23.028157475435975,0.8405204736217916,2.993660471806677,0.054633830785416455,2.9390266410212607
2023-11-06 00:00:00-05:00,8.510990117399999,8.510990117399999,25.000062381490995,25.000062381490995,-16.489072264090996,-16.489072264090996,17.952290235030944,1.4632179709399473,2.3337977305540227,0.09510916811109658,2.2386885624429262
2023-11-07 00:00:00-05:00,8.1557103744,8.1557103744,25.82045960167045,25.82045960167045,-17.66474922727045,-17.66474922727045,18.868703739314007,1.203954512043556,2.452931486110821,0.07825704328283115,2.3746744428279896
2023-11-08 00:00:00-05:00,8.104778454599998,8.104778454599998,25.274563550601197,25.274563550601197,-17.1697850960012,-17.1697850960012,18.406413500209947,1.236628404208747,2.392833755027293,0.08038084627356856,2.3124529087537247
2023-11-09 00:00:00-05:00,7.483049613899999,7.483049613899999,23.309027062035703,23.309027062035703,-15.825977448135705,-15.825977448135705,16.773710922320625,0.9477334741849192,2.1805824199016812,0.061602675822019747,2.1189797440796614
2023-11-10 00:00:00-05:00,0.6818661134999993,0.6818661134999993,23.327222509388825,23.327222509388825,-22.645356395888825,-22.645356395888825,22.645356395888825,0.0,2.9438963314655475,0.0,2.9438963314655475
2023-11-11 00:00:00-05:00,1.0833311816999995,1.0833311816999995,26.95280284627107,26.95280284627107,-25.86947166457107,-25.86947166457107,25.86947166457107,0.0,3.363031316394239,0.0,3.363031316394239
2023-11-12 00:00:00-05:00,7.8149516526,7.8149516526,24.133087556602845,24.133087556602845,-16.318135904002844,-16.318135904002844,17.73019180436517,1.412055900362325,2.304924934567472,0.09178363352355112,2.2131413010439207
2023-11-13 00:00:00-05:00,8.668914402599999,8.668914402599999,26.399010515473446,26.399010515473446,-17.730096112873447,-17.730096112873447,19.176467026866536,1.4463709139930896,2.49294071349265,0.09401410940955082,2.398926604083099
2023-11-14 00:00:00-05:00,8.633506610699998,8.633506610699998,23.578553164806053,23.578553164806053,-14.945046554106053,-14.945046554106053,16.67968507593973,1.7346385218336762,2.168359059872165,0.11275150391918895,2.0556075559529763
2023-11-15 00:00:00-05:00,3.0395359916999998,3.0395359916999998,23.86446185710613,23.86446185710613,-20.82492586540613,-20.82492586540613,20.82492586540613,0.0,2.7072403625027968,0.0,2.7072403625027968
2023-11-16 00:00:00-05:00,8.3165247504,8.3165247504,25.171839470497343,25.171839470497343,-16.855314720097343,-16.855314720097343,18.18679079979551,1.3314760796981675,2.3642828039734165,0.08654594518038089,2.277736858793036
2023-11-17 00:00:00-05:00,4.324801355999999,4.324801355999999,25.500586994966064,25.500586994966064,-21.17578563896606,-21.17578563896606,21.499544108891374,0.32375846992531054,2.7949407341558787,0.021044300545145184,2.7738964336107337
2023-11-18 00:00:00-05:00,8.149974858899999,8.149974858899999,25.730626287981746,25.730626287981746,-17.580651429081747,-17.580651429081747,18.81595642644027,1.2353049973585217,2.446074335437235,0.08029482482830391,2.3657795106089314
2023-11-19 00:00:00-05:00,8.7641029701,8.7641029701,25.792651531099708,25.792651531099708,-17.02854856099971,-17.02854856099971,18.59057586029886,1.5620272992991504,2.4167748618388516,0.10153177445444478,2.315243087384407
2023-11-20 00:00:00-05:00,7.6501016243999995,7.6501016243999995,24.710404834610614,24.710404834610614,-17.060303210210613,-17.060303210210613,18.047271000447612,0.9869677902369965,2.3461452300581898,0.06415290636540477,2.281992323692785
2023-11-21 00:00:00-05:00,0.5526590903999993,0.5526590903999993,22.746377228043514,22.746377228043514,-22.193718137643515,-22.193718137643515,22.193718137643515,0.0,2.885183357893657,0.0,2.885183357893657
2023-11-22 00:00:00-05:00,1.9335958847999994,1.9335958847999994,23.87069228463824,23.87069228463824,-21.93709639983824,-21.93709639983824,21.93709639983824,0.0,2.8518225319789714,0.0,2.8518225319789714
2023-11-23 00:00:00-05:00,8.804017869299999,8.804017869299999,22.596701174742204,22.596701174742204,-13.792683305442207,-13.792683305442207,15.832409815986924,2.039726510544718,2.0582132760783,0.13258222318540666,1.9256310528928935
2023-11-24 00:00:00-05:00,3.9847625729999994,3.9847625729999994,25.034343387044412,25.034343387044412,-21.049580814044415,-21.049580814044415,21.249762189345606,0.2001813753011935,2.762469084614929,0.013011789394577578,2.7494572952203518
2023-11-25 00:00:00-05:00,8.534633769,8.534633769,26.24276338128897,26.24276338128897,-17.70812961228897,-17.70812961228897,18.95719880578695,1.2490691934979774,2.464435844752303,0.08118949757736853,2.3832463471749348
2023-11-26 00:00:00-05:00,1.9584091385999993,1.9584091385999993,24.31728083973297,24.31728083973297,-22.35887170113297,-22.35887170113297,22.35887170113297,0.0,2.906653321147286,0.0,2.906653321147286
2023-11-27 00:00:00-05:00,8.7663666015,8.7663666015,22.77632289840385,22.77632289840385,-14.009956296903852,-14.009956296903852,16.141928031802664,2.131971734898811,2.0984506441343465,0.13857816276842272,1.9598724813659238
2023-11-28 00:00:00-05:00,8.383188676499998,8.383188676499998,26.004560230272528,26.004560230272528,-17.62137155377253,-17.62137155377253,18.79832032026561,1.1769487664930793,2.4437816416345295,0.07650166982205016,2.3672799718124793
2023-11-29 00:00:00-05:00,9.136822409999999,9.136822409999999,23.0948208144447,23.0948208144447,-13.957998404444698,-13.957998404444698,16.088662822117445,2.1306644176727483,2.091526166875268,0.13849318714872863,1.953032979726539
2023-11-30 00:00:00-05:00,8.4875279355,8.4875279355,24.70427760713459,24.70427760713459,-16.21674967163459,-16.21674967163459,17.705663927480998,1.4889142558464064,2.30173631057253,0.09677942663001642,2.2049568839425135
2023-12-01 00:00:00-05:00,1.9909792331999994,1.9909792331999994,24.787544444816458,24.787544444816458,-22.796565211616457,-22.796565211616457,22.796565211616457,0.0,2.9635534775101395,0.0,2.9635534775101395
2023-12-02 00:00:00-05:00,0.8615440367999996,0.8615440367999996,28.87949807957191,28.87949807957191,-28.017954042771912,-28.017954042771912,28.017954042771912,0.0,3.6423340255603485,0.0,3.6423340255603485
2023-12-03 00:00:00-05:00,0.9811320506999995,0.9811320506999995,26.10877741861288,26.10877741861288,-25.12764536791288,-25.12764536791288,25.12764536791288,0.0,3.2665938978286744,0.0,3.2665938978286744
2023-12-04 00:00:00-05:00,7.7142555684,7.7142555684,22.907899054898653,22.907899054898653,-15.193643486498654,-15.193643486498654,16.392154576012697,1.1985110895140436,2.1309800948816506,0.07790322081841283,2.0530768740632377
2023-12-05 00:00:00-05:00,8.3300364441,8.3300364441,24.1154093441469,24.1154093441469,-15.785372900046902,-15.785372900046902,17.314754903508323,1.5293820034614212,2.250918137456082,0.09940983022499238,2.1515083072310897
2023-12-06 00:00:00-05:00,4.420285349399999,4.420285349399999,22.430585387522424,22.430585387522424,-18.010300038122423,-18.010300038122423,18.764533070907262,0.7542330327848406,2.439389299217944,0.049025147131014635,2.390364152086929
2023-12-07 00:00:00-05:00,8.438519252699999,8.438519252699999,25.627492902553932,25.627492902553932,-17.188973649853935,-17.188973649853935,18.463824580977732,1.274850931123797,2.4002971955271053,0.08286531052304681,2.3174318850040585
2023-12-08 00:00:00-05:00,7.177373134199999,7.177373134199999,26.888050777266944,26.888050777266944,-19.710677643066944,-19.710677643066944,20.543227514002854,0.8325498709359103,2.6706195768203713,0.05411574161083417,2.6165038352095373
2023-12-09 00:00:00-05:00,5.075250115499999,5.075250115499999,28.768362773415333,28.768362773415333,-23.693112657915336,-23.693112657915336,23.952140866167852,0.2590282082525193,3.113778312601821,0.016836833536413756,3.096941479065407
2023-12-10 00:00:00-05:00,0.47877083909999907,0.47877083909999907,28.709599501843662,28.709599501843662,-28.230828662743665,-28.230828662743665,28.230828662743665,0.0,3.6700077261566766,0.0,3.6700077261566766
2023-12-11 00:00:00-05:00,7.311094154999999,7.311094154999999,24.317613887752607,24.317613887752607,-17.006519732752608,-17.006519732752608,18.031017119155806,1.0244973864031974,2.344032225490255,0.06659233011620784,2.277439895374047
2023-12-12 00:00:00-05:00,8.8199682138,8.8199682138,22.67356326298649,22.67356326298649,-13.853595049186492,-13.853595049186492,15.921145758106169,2.067550708919678,2.069748948553802,0.13439079607977905,1.9353581524740229
2023-12-13 00:00:00-05:00,7.6316243417999985,7.6316243417999985,22.473040096035525,22.473040096035525,-14.841415754235529,-14.841415754235529,16.19822932578536,1.356813571549832,2.1057698123520967,0.08819288215073907,2.0175769302013578
2023-12-14 00:00:00-05:00,8.7097558608,8.7097558608,26.146820785524778,26.146820785524778,-17.437064924724776,-17.437064924724776,18.87582638401452,1.4387614592897437,2.4538574299218876,0.09351949485383335,2.3603379350680544
2023-12-15 00:00:00-05:00,8.467944381899999,8.467944381899999,23.17316827669424,23.17316827669424,-14.705223894794242,-14.705223894794242,16.499650134150627,1.7944262393563866,2.1449545174395817,0.11663770555816513,2.0283168118814165
2023-12-16 00:00:00-05:00,2.1606180515999993,2.1606180515999993,28.756019600026352,28.756019600026352,-26.595401548426356,-26.595401548426356,26.595401548426356,0.0,3.457402201295426,0.0,3.457402201295426
2023-12-17 00:00:00-05:00,0.3897699074999991,0.3897699074999991,29.27808019478277,29.27808019478277,-28.88831028728277,-28.88831028728277,28.88831028728277,0.0,3.7554803373467602,0.0,3.7554803373467602
2023-12-18 00:00:00-05:00,8.258621282099998,8.258621282099998,26.66130037841591,26.66130037841591,-18.402679096315907,-18.402679096315907,19.629734037642503,1.2270549413265937,2.5518654248935255,0.07975857118622859,2.472106853707297
2023-12-19 00:00:00-05:00,8.861622083099999,8.861622083099999,25.256672285587776,25.256672285587776,-16.395050202487774,-16.395050202487774,18.055468602935413,1.6604184004476392,2.3472109183816037,0.10792719602909655,2.239283722352507
2023-12-20 00:00:00-05:00,8.738005142699999,8.738005142699999,24.976050887968523,24.976050887968523,-16.238045745268522,-16.238045745268522,17.976037423596814,1.7379916783282905,2.336884865067586,0.11296945909133889,2.223915405976247
2023-12-21 00:00:00-05:00,8.009514530099999,8.009514530099999,25.768721212085595,25.768721212085595,-17.759206681985596,-17.759206681985596,19.136614704567187,1.3774080225815912,2.4877599115937343,0.08953152146780344,2.3982283901259307
2023-12-22 00:00:00-05:00,7.4426843196,7.4426843196,25.039250874571792,25.039250874571792,-17.59656655497179,-17.59656655497179,18.64667397044071,1.0501074154689165,2.4240676161572923,0.06825698200547957,2.355810634151813
2023-12-23 00:00:00-05:00,6.240243985199999,6.240243985199999,28.608695326619745,28.608695326619745,-22.368451341419746,-22.368451341419746,22.832262776672756,0.46381143525301244,2.9681941609674585,0.03014774329144581,2.938046417676013
2023-12-24 00:00:00-05:00,8.0454424095,8.0454424095,24.51142334883801,24.51142334883801,-16.46598093933801,-16.46598093933801,17.803441084315544,1.337460144977533,2.3144473409610207,0.08693490942353964,2.2275124315374812
2023-12-25 00:00:00-05:00,3.486074757299999,3.486074757299999,25.207879459874448,25.207879459874448,-21.72180470257445,-21.72180470257445,21.993586379599904,0.27178167702545686,2.859166229347988,0.017665809006654695,2.841500420341333
2023-12-26 00:00:00-05:00,1.2389913278999996,1.2389913278999996,25.60317492326004,25.60317492326004,-24.36418359536004,-24.36418359536004,24.36418359536004,0.0,3.1673438673968053,0.0,3.1673438673968053
2023-12-27 00:00:00-05:00,1.0545021827999994,1.0545021827999994,22.622036050617886,22.622036050617886,-21.56753386781789,-21.56753386781789,21.56753386781789,0.0,2.8037794028163256,0.0,2.8037794028163256
2023-12-28 00:00:00-05:00,4.978251835199999,4.978251835199999,22.149069273267507,22.149069273267507,-17.170817438067505,-17.170817438067505,18.176573434425038,1.005755996357531,2.362954546475255,0.06537413976323952,2.2975804067120156
2023-12-29 00:00:00-05:00,4.5669290292,4.5669290292,25.43345708570509,25.43345708570509,-20.86652805650509,-20.86652805650509,21.229672090450602,0.36314403394551414,2.7598573717585784,0.02360436220645842,2.73625300955212
2023-12-30 00:00:00-05:00,6.5061594521999995,6.5061594521999995,27.647912905224132,27.647912905224132,-21.141753453024133,-21.141753453024133,22.22869925995122,1.0869458069270888,2.8897309037936587,0.07065147745026078,2.819079426343398
2023-12-31 00:00:00-05:00,8.5472934102,8.5472934102,26.827032319473375,26.827032319473375,-18.279738909273377,-18.279738909273377,19.649887504643292,1.3701485953699148,2.554485375603628,0.08905965869904446,2.4654257169045835
2024-01-01 00:00:00-05:00,3.9933246725999996,3.9933246725999996,23.278118296035714,23.278118296035714,-19.284793623435714,-19.284793623435714,19.580118645503944,0.2953250220682303,2.5454154239155127,0.01919612643443497,2.5262192974810778
2024-01-02 00:00:00-05:00,8.755762764599998,8.755762764599998,26.051186798266418,26.051186798266418,-17.29542403366642,-17.29542403366642,18.889291683378346,1.593867649711924,2.4556079188391853,0.10360139723127507,2.35200652160791
2024-01-03 00:00:00-05:00,6.546425092199999,6.546425092199999,22.06615781767062,22.06615781767062,-15.519732725470622,-15.519732725470622,16.335003025577592,0.8152703001069703,2.123550393325087,0.05299256950695307,2.070557823818134
2024-01-04 00:00:00-05:00,8.7976288323,8.7976288323,24.50559176617947,24.50559176617947,-15.70796293387947,-15.70796293387947,17.453268179239252,1.74530524535978,2.2689248633011028,0.1134448409483857,2.155480022352717
2024-01-05 00:00:00-05:00,9.0903217977,9.0903217977,25.875132374808622,25.875132374808622,-16.784810577108622,-16.784810577108622,18.643590802857684,1.8587802257490633,2.423666804371499,0.12082071467368911,2.30284608969781
2024-01-06 00:00:00-05:00,0.6632794160999995,0.6632794160999995,26.451928314058776,26.451928314058776,-25.788648897958776,-25.788648897958776,25.788648897958776,0.0,3.3525243567346408,0.0,3.3525243567346408
2024-01-07 00:00:00-05:00,6.816093826499999,6.816093826499999,28.576086260372595,28.576086260372595,-21.759992433872597,-21.759992433872597,22.389602777403677,0.6296103435310801,2.9106483610624783,0.04092467232952021,2.8697236887329582
2024-01-08 00:00:00-05:00,8.703473795099999,8.703473795099999,25.360413044986423,25.360413044986423,-16.656939249886424,-16.656939249886424,18.271697207967737,1.6147579580813134,2.3753206370358058,0.10495926727528537,2.2703613697605203
2024-01-09 00:00:00-05:00,0.4571818469999991,0.4571818469999991,23.030496863280415,23.030496863280415,-22.573315016280418,-22.573315016280418,22.573315016280418,0.0,2.9345309521164546,0.0,2.9345309521164546
2024-01-10 00:00:00-05:00,8.2731905631,8.2731905631,25.387914259706992,25.387914259706992,-17.11472369660699,-17.11472369660699,18.53009896370092,1.4153752670939275,2.4089128652811196,0.09199939236110528,2.3169134729200143
2024-01-11 00:00:00-05:00,8.9608780953,8.9608780953,25.60892709525068,25.60892709525068,-16.64804899995068,-16.64804899995068,18.363318188575864,1.7152691886251827,2.387231364514862,0.11149249726063688,2.2757388672542254
2024-01-12 00:00:00-05:00,4.9451855967,4.9451855967,25.232377886551372,25.232377886551372,-20.287192289851372,-20.287192289851372,20.61989216831609,0.3326998784647162,2.6805859818810918,0.021625492100206554,2.658960489780885
2024-01-13 00:00:00-05:00,8.5193738307,8.5193738307,25.006335742543904,25.006335742543904,-16.486961911843906,-16.486961911843906,18.00846575959844,1.521503847754537,2.3411005487477974,0.09889775010404492,2.2422027986437523
2024-01-14 00:00:00-05:00,8.9455943781,8.9455943781,29.634301128741015,29.634301128741015,-20.688706750641014,-20.688706750641014,22.082556308191876,1.3938495575508618,2.870732320064944,0.09060022124080602,2.7801320988241383
2024-01-15 00:00:00-05:00,2.608809479099999,2.608809479099999,23.08935931424073,23.08935931424073,-20.48054983514073,-20.48054983514073,20.48054983514073,0.0,2.6624714785682952,0.0,2.6624714785682952
2024-01-16 00:00:00-05:00,0.7029591560999996,0.7029591560999996,25.204854747932703,25.204854747932703,-24.501895591832703,-24.501895591832703,24.501895591832703,0.0,3.1852464269382517,0.0,3.1852464269382517
2024-01-17 00:00:00-05:00,9.8884967886,9.8884967886,23.294587323873877,23.294587323873877,-13.406090535273878,-13.406090535273878,16.009412903497957,2.603322368224079,2.0812236774547346,0.16921595393456515,1.9120077235201693
2024-01-18 00:00:00-05:00,9.1675608921,9.1675608921,24.55060199810975,24.55060199810975,-15.383041106009754,-15.383041106009754,17.502807161512727,2.1197660555029754,2.2753649309966546,0.1377847936076934,2.1375801373889614
2024-01-19 00:00:00-05:00,6.393488508899999,6.393488508899999,23.873616347962116,23.873616347962116,-17.480127839062117,-17.480127839062117,18.586170004269498,1.1060421652073815,2.4162021005550347,0.0718927407384798,2.3443093598165547
2024-01-20 00:00:00-05:00,9.962041243499998,9.962041243499998,26.080401625662486,26.080401625662486,-16.118360382162486,-16.118360382162486,18.35736641949382,2.239006037331337,2.386457634534197,0.1455353924265369,2.24092224210766
2024-01-21 00:00:00-05:00,9.9499655286,9.9499655286,24.359698223851577,24.359698223851577,-14.409732695251575,-14.409732695251575,17.05776686254866,2.648034167297084,2.217509692131326,0.17212222087431048,2.045387471257016
2024-01-22 00:00:00-05:00,9.440149811399998,9.440149811399998,25.4827678809718,25.4827678809718,-16.0426180695718,-16.0426180695718,18.035922427937695,1.9933043583658958,2.3446699156319006,0.12956478329378324,2.2151051323381172
2024-01-23 00:00:00-05:00,1.5538473512999995,1.5538473512999995,23.59062067383626,23.59062067383626,-22.03677332253626,-22.03677332253626,22.03677332253626,0.0,2.8647805319297137,0.0,2.8647805319297137
2024-01-24 00:00:00-05:00,3.3111034334999996,3.3111034334999996,22.833649769022667,22.833649769022667,-19.52254633552267,-19.52254633552267,19.52254633552267,0.0,2.537931023617947,0.0,2.537931023617947
2024-01-25 00:00:00-05:00,0.6824998412999996,0.6824998412999996,25.160119200716846,25.160119200716846,-24.47761935941685,-24.47761935941685,24.47761935941685,0.0,3.1820905167241906,0.0,3.1820905167241906
2024-01-26 00:00:00-05:00,2.3582018916,2.3582018916,22.988142745343715,22.988142745343715,-20.629940853743715,-20.629940853743715,20.692155874850812,0.06221502110709831,2.6899802637306056,0.00404397637196139,2.6859362873586443
2024-01-27 00:00:00-05:00,2.8499785767,2.8499785767,27.04271271050714,27.04271271050714,-24.19273413380714,-24.19273413380714,24.445510895566155,0.25277676175901775,3.1779164164236002,0.016430489514336153,3.161485926909264
2024-01-28 00:00:00-05:00,3.7045372814999995,3.7045372814999995,28.79624254566778,28.79624254566778,-25.091705264167782,-25.091705264167782,25.102577602424272,0.010872338256489478,3.2633350883151557,0.0007067019866718161,3.2626283863284837
2024-01-29 00:00:00-05:00,8.927126261999998,8.927126261999998,24.12579399839866,24.12579399839866,-15.198667736398662,-15.198667736398662,17.12819367104873,1.9295259346500686,2.226665177236335,0.12541918575225447,2.1012459914840806
2024-01-30 00:00:00-05:00,9.5637567807,9.5637567807,25.85390367640908,25.85390367640908,-16.29014689570908,-16.29014689570908,18.279530271587053,1.9893833758779742,2.376338935306317,0.12930991943206832,2.2470290158742485
2024-01-31 00:00:00-05:00,1.5989290001999992,1.5989290001999992,24.410964541178007,24.410964541178007,-22.81203554097801,-22.81203554097801,22.81203554097801,0.0,2.9655646203271413,0.0,2.9655646203271413
2024-02-01 00:00:00-05:00,9.139662977399999,9.139662977399999,26.151540060444965,26.151540060444965,-17.01187708304497,-17.01187708304497,18.82262218397218,1.8107451009272102,2.4469408839163833,0.11769843156026867,2.3292424523561146
2024-02-02 00:00:00-05:00,7.970597364599999,7.970597364599999,26.55669585349554,26.55669585349554,-18.586098488895544,-18.586098488895544,19.92043613587651,1.334337646980966,2.5896566976639463,0.08673194705376279,2.5029247506101835
2024-02-03 00:00:00-05:00,9.46112535,9.46112535,29.07066860563963,29.07066860563963,-19.60954325563963,-19.60954325563963,21.482938811512415,1.8733955558727848,2.792782045496614,0.12177071113173102,2.671011334364883
2024-02-04 00:00:00-05:00,9.3333696687,9.3333696687,28.49696403178076,28.49696403178076,-19.16359436308076,-19.16359436308076,20.91502088963577,1.7514265265550093,2.7189527156526503,0.11384272422607561,2.6051099914265747
2024-02-05 00:00:00-05:00,9.3633461028,9.3633461028,24.776373764041832,24.776373764041832,-15.413027661241834,-15.413027661241834,17.401244354175336,1.9882166929335017,2.262161766042794,0.12923408504067763,2.1329276810021165
2024-02-06 00:00:00-05:00,9.682339338899999,9.682339338899999,23.543518601450998,23.543518601450998,-13.861179262550998,-13.861179262550998,16.324947969931227,2.46376870738023,2.1222432360910597,0.16014496597971495,1.9620982701113447
2024-02-07 00:00:00-05:00,9.6038775414,9.6038775414,25.29439219692265,25.29439219692265,-15.690514655522652,-15.690514655522652,17.978823271562952,2.2883086160402986,2.3372470253031836,0.14874006004261942,2.188506965260564
2024-02-08 00:00:00-05:00,8.574309548099999,8.574309548099999,25.002799875626508,25.002799875626508,-16.428490327526507,-16.428490327526507,18.299110449553346,1.8706201220268364,2.378884358441935,0.12159030793174437,2.2572940505101906
2024-02-09 00:00:00-05:00,1.4556356801999992,1.4556356801999992,25.143314944315417,25.143314944315417,-23.687679264115417,-23.687679264115417,23.687679264115417,0.0,3.079398304335004,0.0,3.079398304335004
2024-02-10 00:00:00-05:00,7.5135799503,7.5135799503,28.704505630627715,28.704505630627715,-21.190925680327712,-21.190925680327712,21.80862475844067,0.6176990781129552,2.835121218597287,0.040150440077342094,2.7949707785199447
2024-02-11 00:00:00-05:00,0.9765860309999996,0.9765860309999996,27.67596317838993,27.67596317838993,-26.699377147389935,-26.699377147389935,26.699377147389935,0.0,3.4709190291606915,0.0,3.4709190291606915
2024-02-12 00:00:00-05:00,0.8050309118999996,0.8050309118999996,22.70368758260928,22.70368758260928,-21.898656670709283,-21.898656670709283,21.898656670709283,0.0,2.846825367192207,0.0,2.846825367192207
2024-02-13 00:00:00-05:00,10.065705977699999,10.065705977699999,25.855135572937936,25.855135572937936,-15.789429595237937,-15.789429595237937,18.05809216721275,2.2686625719748124,2.3475519817376576,0.1474630671783628,2.2000889145592946
2024-02-14 00:00:00-05:00,9.9575661042,9.9575661042,26.563209103595838,26.563209103595838,-16.605642999395837,-16.605642999395837,18.75360822726197,2.1479652278661345,2.437969069544056,0.13961773981129874,2.2983513297327574
2024-02-15 00:00:00-05:00,9.8529884865,9.8529884865,26.611778859743602,26.611778859743602,-16.758790373243603,-16.758790373243603,18.815462376112638,2.056672002869037,2.446010108894643,0.1336836801864874,2.3123264287081553
2024-02-16 00:00:00-05:00,5.0565538736999995,5.0565538736999995,25.575508393982687,25.575508393982687,-20.51895452028269,-20.51895452028269,20.571838215299284,0.052883695016593735,2.674338967988907,0.003437440176078593,2.6709015278128283
2024-02-17 00:00:00-05:00,8.539650244799999,8.539650244799999,28.87315314031116,28.87315314031116,-20.333502895511163,-20.333502895511163,21.729027203960193,1.3955243084490312,2.824773536514825,0.09070908004918703,2.734064456465638
2024-02-18 00:00:00-05:00,6.296672532599999,6.296672532599999,29.561644443041427,29.561644443041427,-23.264971910441428,-23.264971910441428,23.342965268199304,0.07799335775787697,3.0345854848659095,0.005069568254262003,3.0295159166116474
2024-02-19 00:00:00-05:00,10.467815565599999,10.467815565599999,22.077529848682506,22.077529848682506,-11.609714283082509,-11.609714283082509,14.664334583678855,3.0546203005963446,1.9063634958782512,0.1985503195387624,1.7078131763394888
2024-02-20 00:00:00-05:00,10.250775416925,10.250775416925,22.399008417923987,22.399008417923987,-12.148233000998987,-12.148233000998987,15.19628231790643,3.048049316907444,1.975516701327836,0.19812320559898386,1.7773934957288522
2024-02-21 00:00:00-05:00,10.371359259,10.371359259,25.650607859221267,25.650607859221267,-15.279248600221269,-15.279248600221269,17.836241954833948,2.556993354612678,2.3187114541284135,0.1662045680498241,2.1525068860785894
2024-02-22 00:00:00-05:00,9.0461624985,9.0461624985,22.074416261321698,22.074416261321698,-13.0282537628217,-13.0282537628217,15.23097068575168,2.2027169229299814,1.9800261891477184,0.1431765999904488,1.8368495891572696
2024-02-23 00:00:00-05:00,1.1188435493249993,1.1188435493249993,24.29025292037194,24.29025292037194,-23.17140937104694,-23.17140937104694,23.17140937104694,0.0,3.0122832182361026,0.0,3.0122832182361026
2024-02-24 00:00:00-05:00,6.035529609225,6.035529609225,23.993109162119435,23.993109162119435,-17.957579552894433,-17.957579552894433,18.707837165006705,0.750257612112269,2.4320188314508715,0.04876674478729749,2.383252086663574
2024-02-25 00:00:00-05:00,10.546311366224998,10.546311366224998,28.06769553297523,28.06769553297523,-17.52138416675023,-17.52138416675023,19.801506975673146,2.2801228089229166,2.574195906837509,0.1482079825799896,2.4259879242575195
2024-02-26 00:00:00-05:00,7.420328381699999,7.420328381699999,23.668850679937773,23.668850679937773,-16.248522298237773,-16.248522298237773,17.876549188705276,1.6280268904675022,2.323951394531686,0.10582174788038765,2.2181296466512985
2024-02-27 00:00:00-05:00,1.3381862390999995,1.3381862390999995,25.34270092077969,25.34270092077969,-24.00451468167969,-24.00451468167969,24.00451468167969,0.0,3.12058690861836,0.0,3.12058690861836
2024-02-28 00:00:00-05:00,0.9987391820249996,0.9987391820249996,24.37266378460341,24.37266378460341,-23.37392460257841,-23.37392460257841,23.37392460257841,0.0,3.0386101983351934,0.0,3.0386101983351934
2024-02-29 00:00:00-05:00,9.708254696925,9.708254696925,25.532331081320276,25.532331081320276,-15.824076384395276,-15.824076384395276,18.079672188531546,2.2555958041362687,2.3503573845091013,0.14661372726885746,2.203743657240244
2024-03-01 00:00:00-05:00,2.0721496646249995,2.0721496646249995,25.948027260813426,25.948027260813426,-23.875877596188424,-23.875877596188424,23.875877596188424,0.0,3.1038640875044954,0.0,3.1038640875044954
2024-03-02 00:00:00-05:00,5.783533598699999,5.783533598699999,25.921637910842552,25.921637910842552,-20.138104312142552,-20.138104312142552,21.744837775693206,1.606733463550655,2.826828910840117,0.10443767513079258,2.7223912357093245
2024-03-03 00:00:00-05:00,5.819669704799999,5.819669704799999,28.12149770105377,28.12149770105377,-22.30182799625377,-22.30182799625377,22.86920473090809,0.5673767346543194,2.972996615018052,0.03687948775253076,2.936117127265521
2024-03-04 00:00:00-05:00,5.766709952699999,5.766709952699999,25.277696573403297,25.277696573403297,-19.510986620703296,-19.510986620703296,19.825922846608943,0.3149362259056483,2.577369970059163,0.02047085468386714,2.5568991153752956
2024-03-05 00:00:00-05:00,4.726581300224999,4.726581300224999,24.542905854045085,24.542905854045085,-19.816324553820085,-19.816324553820085,20.644235188957417,0.8279106351373327,2.6837505745644643,0.05381419128392662,2.629936383280538
2024-03-06 00:00:00-05:00,1.1772823310999991,1.1772823310999991,24.74480524840803,24.74480524840803,-23.567522917308033,-23.567522917308033,23.567522917308033,0.0,3.063777979250044,0.0,3.063777979250044
2024-03-07 00:00:00-05:00,7.230723568199999,7.230723568199999,23.30672209813802,23.30672209813802,-16.075998529938023,-16.075998529938023,17.86553416627157,1.7895356363335444,2.322519441615304,0.11631981636168039,2.206199625253624
2024-03-08 00:00:00-05:00,6.8995768760999985,6.8995768760999985,25.25223838690463,25.25223838690463,-18.35266151080463,-18.35266151080463,18.996031098398507,0.6433695875938776,2.469484042791806,0.04181902319360205,2.427665019598204
2024-03-09 00:00:00-05:00,0.9108969358499992,0.9108969358499992,29.18682068836366,29.18682068836366,-28.275923752513663,-28.275923752513663,28.275923752513663,0.0,3.6758700878267763,0.0,3.6758700878267763
2024-03-10 00:00:00-05:00,10.694610785924999,10.694610785924999,27.53322839501632,27.53322839501632,-16.83861760909132,-16.83861760909132,19.918012417023117,3.0793948079318,2.5893416142130055,0.200160662515567,2.3891809516974383
2024-03-11 00:00:00-04:00,10.168385607449999,10.168385607449999,26.826215037347122,26.826215037347122,-16.65782942989712,-16.65782942989712,19.95238806292059,3.2945586330234695,2.593810448179677,0.21414631114652552,2.3796641370331515
2024-03-12 00:00:00-04:00,9.846972885824998,9.846972885824998,25.431319625798125,25.431319625798125,-15.584346739973125,-15.584346739973125,18.889429114393746,3.305082374420622,2.455625784871187,0.21483035433734043,2.2407954305338467
2024-03-13 00:00:00-04:00,9.476465207624999,9.476465207624999,22.09404653110545,22.09404653110545,-12.61758132348045,-12.61758132348045,16.0021423033417,3.3845609798612486,2.080278499434421,0.21999646369098116,1.8602820357434395
2024-03-14 00:00:00-04:00,9.16961755905,9.16961755905,25.265738244847444,25.265738244847444,-16.096120685797445,-16.096120685797445,19.069180040309487,2.973059354512042,2.4789934052402334,0.19324885804328273,2.2857445471969506
2024-03-15 00:00:00-04:00,2.414015794799999,2.414015794799999,25.660704257253215,25.660704257253215,-23.246688462453218,-23.246688462453218,23.305570990347064,0.05888252789384674,3.0297242287451183,0.003827364313100038,3.0258968644320183
2024-03-16 00:00:00-04:00,8.817207795899998,8.817207795899998,28.77869849482103,28.77869849482103,-19.961490698921033,-19.961490698921033,22.25618853648072,2.2946978375596907,2.8933045097424936,0.1491553594413799,2.744149150301114
2024-03-17 00:00:00-04:00,6.145609980824998,6.145609980824998,25.820297797214625,25.820297797214625,-19.67468781638963,-19.67468781638963,21.38234985126462,1.707662034874993,2.779705480664401,0.11099803226687455,2.6687074483975266
2024-03-18 00:00:00-04:00,7.118492821424999,7.118492821424999,23.362318081757735,23.362318081757735,-16.243825260332734,-16.243825260332734,18.19253315215889,1.9487078918261547,2.365029309780656,0.12666601296870006,2.238363296811956
2024-03-19 00:00:00-04:00,10.3382346222,10.3382346222,23.68720770510612,23.68720770510612,-13.34897308290612,-13.34897308290612,17.03243974569572,3.6834666627895984,2.2142171669404433,0.2394253330813239,1.9747918338591195
2024-03-20 00:00:00-04:00,9.952399043999998,9.952399043999998,24.488057985865243,24.488057985865243,-14.535658941865245,-14.535658941865245,17.813469566382242,3.2778106245169965,2.3157510436296915,0.21305769059360477,2.102693353036087
2024-03-21 00:00:00-04:00,10.143320498999998,10.143320498999998,22.25656316303258,22.25656316303258,-12.113242664032583,-12.113242664032583,15.635116472302553,3.5218738082699703,2.0325651413993318,0.22892179753754807,1.8036433438617836
2024-03-22 00:00:00-04:00,4.868225228699999,4.868225228699999,25.916419731470093,25.916419731470093,-21.048194502770095,-21.048194502770095,21.313989340453936,0.2657948376838406,2.770818614259012,0.01727666444944964,2.7535419498095624
2024-03-23 00:00:00-04:00,4.965248123549999,4.965248123549999,28.898386786867096,28.898386786867096,-23.9331386633171,-23.9331386633171,24.768049852037922,0.834911188720826,3.21984648076493,0.054269227266853695,3.165577253498076
2024-03-24 00:00:00-04:00,10.6968544515,10.6968544515,25.382000784570216,25.382000784570216,-14.685146333070218,-14.685146333070218,18.324440912035016,3.6392945789647975,2.382177318564552,0.23655414763271185,2.1456231709318403
2024-03-25 00:00:00-04:00,9.9959269509,9.9959269509,23.359777618412817,23.359777618412817,-13.363850667512818,-13.363850667512818,16.679736783645595,3.3158861161327753,2.1683657818739275,0.2155325975486304,1.952833184325297
2024-03-26 00:00:00-04:00,5.154108098849999,5.154108098849999,24.81006592557546,24.81006592557546,-19.655957826725462,-19.655957826725462,20.499833608313672,0.8438757815882079,2.6649783690807776,0.05485192580323351,2.610126443277544
2024-03-27 00:00:00-04:00,0.9144661157999994,0.9144661157999994,22.933749468002123,22.933749468002123,-22.019283352202123,-22.019283352202123,22.019283352202123,0.0,2.862506835786276,0.0,2.862506835786276
2024-03-28 00:00:00-04:00,3.298820066999999,3.298820066999999,26.009328393588554,26.009328393588554,-22.710508326588556,-22.710508326588556,23.321769505785387,0.611261179196829,3.0318300357521,0.03973197664779388,2.9920980591043063
2024-03-29 00:00:00-04:00,9.53530761915,9.53530761915,22.874412247488287,22.874412247488287,-13.339104628338289,-13.339104628338289,16.331398068147724,2.9922934398094334,2.123081748859204,0.19449907358761317,1.9285826752715909
2024-03-30 00:00:00-04:00,9.575337788099999,9.575337788099999,29.135625939420922,29.135625939420922,-19.560288151320925,-19.560288151320925,22.15765936307697,2.5973712117560446,2.8804957172000063,0.1688291287641429,2.7116665884358633
2024-03-31 00:00:00-04:00,9.352570401449999,9.352570401449999,25.823440298372944,25.823440298372944,-16.470869896922945,-16.470869896922945,19.062412062214126,2.5915421652911803,2.4781135680878363,0.16845024074392673,2.3096633273439098
2024-04-01 00:00:00-04:00,6.7967426159999995,6.7967426159999995,24.521666676775514,24.521666676775514,-17.724924060775514,-17.724924060775514,19.65582196731806,1.9308979065425467,2.555256855751348,0.12550836392526554,2.4297484918260825
2024-04-02 00:00:00-04:00,8.118402649199998,8.118402649199998,22.294516172318378,22.294516172318378,-14.17611352311838,-14.17611352311838,16.321858914501533,2.1457453913831532,2.121841658885199,0.13947345043990497,1.9823682084452943
2024-04-03 00:00:00-04:00,5.154019502399999,5.154019502399999,23.705149290632978,23.705149290632978,-18.551129788232977,-18.551129788232977,19.895758904385563,1.3446291161525867,2.586448657570123,0.08740089254991815,2.499047765020205
2024-04-04 00:00:00-04:00,5.1465652208999995,5.1465652208999995,25.994419694376198,25.994419694376198,-20.847854473476197,-20.847854473476197,21.27625728704512,0.4284028135689224,2.7659134473158655,0.02784618288197996,2.7380672644338855
2024-04-05 00:00:00-04:00,9.5185610406,9.5185610406,22.555467892849773,22.555467892849773,-13.036906852249775,-13.036906852249775,15.810246941975237,2.7733400897254614,2.0553321024567808,0.180267105832155,1.8750649966246258
2024-04-06 00:00:00-04:00,10.663249878899999,10.663249878899999,27.840952340302525,27.840952340302525,-17.17770246140253,-17.17770246140253,20.316139916645646,3.138437455243121,2.6410981891639342,0.20399843459080289,2.4370997545731314
2024-04-07 00:00:00-04:00,10.470352199399999,10.470352199399999,27.394929689905968,27.394929689905968,-16.924577490505968,-16.924577490505968,19.894631701084545,2.970054210578575,2.586302121140991,0.1930535236876074,2.3932485974533835
2024-04-08 00:00:00-04:00,8.57770938,8.57770938,21.91096662822138,21.91096662822138,-13.333257248221381,-13.333257248221381,15.45593850849129,2.122681260269909,2.009272006103868,0.1379742819175441,1.8712977241863238
2024-04-09 00:00:00-04:00,2.692897876799999,2.692897876799999,22.46589140779673,22.46589140779673,-19.77299353099673,-19.77299353099673,19.795310547591757,0.022317016595028327,2.5733903711869286,0.0014506060786768414,2.571939765108252
2024-04-10 00:00:00-04:00,3.7558363688999994,3.7558363688999994,26.014956653936082,26.014956653936082,-22.259120285036083,-22.259120285036083,22.283345725019583,0.024225439983502906,2.896834944252546,0.001574653598927689,2.8952602906536185
2024-04-11 00:00:00-04:00,2.0319335837999994,2.0319335837999994,25.29822339279923,25.29822339279923,-23.26628980899923,-23.26628980899923,23.26628980899923,0.0,3.0246176751698997,0.0,3.0246176751698997
2024-04-12 00:00:00-04:00,8.560523645099998,8.560523645099998,22.50779489625615,22.50779489625615,-13.947271251156154,-13.947271251156154,16.554730996990607,2.6074597458344515,2.1521150296087788,0.16948488347923935,1.9826301461295395
2024-04-13 00:00:00-04:00,9.6682489785,9.6682489785,24.79469460538186,24.79469460538186,-15.12644562688186,-15.12644562688186,18.415224666138943,3.288779039257085,2.3939792065980625,0.21377063755171052,2.180208569046352
2024-04-14 00:00:00-04:00,9.48983287185,9.48983287185,26.510515155713883,26.510515155713883,-17.02068228386388,-17.02068228386388,19.807236945764277,2.7865546619003947,2.574940802949356,0.18112605302352566,2.3938147499258307
2024-04-15 00:00:00-04:00,9.205145139149998,9.205145139149998,26.275390325287518,26.275390325287518,-17.07024518613752,-17.07024518613752,19.660169986029718,2.589924799892198,2.5558220981838633,0.16834511199299287,2.3874769861908702
2024-04-16 00:00:00-04:00,8.22195852885,8.22195852885,22.164615298281117,22.164615298281117,-13.942656769431117,-13.942656769431117,16.106252044254497,2.1635952748233804,2.0938127657530847,0.14063369286351973,1.953179072889565
2024-04-17 00:00:00-04:00,3.487696496099999,3.487696496099999,25.227900728129587,25.227900728129587,-21.740204232029587,-21.740204232029587,21.740204232029587,0.0,2.8262265501638466,0.0,2.8262265501638466
2024-04-18 00:00:00-04:00,9.3500978724,9.3500978724,24.524171365717592,24.524171365717592,-15.174073493317593,-15.174073493317593,18.07894300884896,2.904869515531368,2.350262591150365,0.18881651850953893,2.161446072640826
2024-04-19 00:00:00-04:00,4.310959989599999,4.310959989599999,22.44692225023034,22.44692225023034,-18.13596226063034,-18.13596226063034,18.204884933357675,0.06892267272733466,2.366635041336498,0.004479973727276753,2.362155067609221
2024-04-20 00:00:00-04:00,6.4100171663999985,6.4100171663999985,26.796763788005826,26.796763788005826,-20.386746621605827,-20.386746621605827,21.516468977832822,1.1297223562269982,2.797140967118267,0.07343195315475488,2.723709013963512
2024-04-21 00:00:00-04:00,1.416037021305082,1.416037021305082,26.190678964663924,26.190678964663924,-24.77464194335884,-24.77464194335884,24.77464194335884,0.0,3.2207034526366494,0.0,3.2207034526366494
2024-04-22 00:00:00-04:00,10.12522281615,10.12522281615,25.104652841078035,25.104652841078035,-14.979430024928037,-14.979430024928037,18.12497475766777,3.1455447327397326,2.35624671849681,0.20446040762808262,2.1517863108687276
2024-04-23 00:00:00-04:00,10.22009207625,10.22009207625,26.362350593091882,26.362350593091882,-16.14225851684188,-16.14225851684188,19.13189841724697,2.989639900405086,2.487146794242106,0.19432659352633058,2.2928202007157754
2024-04-24 00:00:00-04:00,3.7541808976499995,3.7541808976499995,23.948057936699357,23.948057936699357,-20.193877039049358,-20.193877039049358,20.345789516454403,0.15191247740504565,2.6449526371390726,0.009874311031327968,2.6350783261077444
2024-04-25 00:00:00-04:00,9.527060633849999,9.527060633849999,22.58083502440107,22.58083502440107,-13.053774390551071,-13.053774390551071,16.110953079063364,3.057178688512295,2.094423900278237,0.1987166147532992,1.895707285524938
2024-04-26 00:00:00-04:00,8.8016881041,8.8016881041,26.311526506456154,26.311526506456154,-17.509838402356152,-17.509838402356152,19.84365264580168,2.333814243445526,2.5796748439542183,0.1516979258239592,2.427976918130259
2024-04-27 00:00:00-04:00,7.210723316849999,7.210723316849999,26.55655005051959,26.55655005051959,-19.34582673366959,-19.34582673366959,20.67009424183047,1.3242675081608775,2.687112251437961,0.08607738803045704,2.601034863407504
2024-04-28 00:00:00-04:00,7.782120887849999,7.782120887849999,27.312015220905668,27.312015220905668,-19.52989433305567,-19.52989433305567,21.197099078994345,1.667204745938675,2.755622880269265,0.10836830848601388,2.6472545717832507
2024-04-29 00:00:00-04:00,9.642739013999998,9.642739013999998,25.078478531802585,25.078478531802585,-15.435739517802586,-15.435739517802586,18.40893641168823,2.973196893885642,2.39316173351947,0.19325779810256674,2.1999039354169034
2024-04-30 00:00:00-04:00,7.951862477699999,7.951862477699999,23.875343604649995,23.875343604649995,-15.923481126949994,-15.923481126949994,17.764933065987048,1.8414519390370545,2.3094412985783164,0.11969437603740855,2.1897469225409076
2024-05-01 00:00:00-04:00,8.52258187485,8.52258187485,22.537578696196984,22.537578696196984,-14.014996821346987,-14.014996821346987,16.444194309478398,2.429197488131413,2.137745260232192,0.15789783672854185,1.9798474235036503
2024-05-02 00:00:00-04:00,9.413399861099998,9.413399861099998,22.594474557908192,22.594474557908192,-13.181074696808196,-13.181074696808196,16.13881327198565,2.9577385751774554,2.098045725358135,0.1922530073865346,1.9057927179716003
2024-05-03 00:00:00-04:00,8.03646312345,8.03646312345,26.192518000584727,26.192518000584727,-18.156054877134725,-18.156054877134725,19.69156664155013,1.535511764415402,2.5599036634015166,0.09980826468700113,2.4600953987145155
2024-05-04 00:00:00-04:00,2.879426581649999,2.879426581649999,27.67803706270667,27.67803706270667,-24.798610481056674,-24.798610481056674,24.798610481056674,0.0,3.223819362537368,0.0,3.223819362537368
2024-05-05 00:00:00-04:00,2.647210716449999,2.647210716449999,25.35154579787066,25.35154579787066,-22.70433508142066,-22.70433508142066,22.70433508142066,0.0,2.951563560584686,0.0,2.951563560584686
2024-05-06 00:00:00-04:00,3.8815909748999995,3.8815909748999995,23.72639689713049,23.72639689713049,-19.84480592223049,-19.84480592223049,20.08063416121015,0.23582823897965904,2.6104824409573193,0.015328835533677839,2.5951536054236413
2024-05-07 00:00:00-04:00,8.482018928399999,8.482018928399999,24.885933205309787,24.885933205309787,-16.403914276909788,-16.403914276909788,18.86072545709771,2.456811180187922,2.4518943094227024,0.15969272671221493,2.2922015827104874
2024-05-08 00:00:00-04:00,5.7995764532999985,5.7995764532999985,24.273149753284397,24.273149753284397,-18.4735732999844,-18.4735732999844,19.462538865003843,0.988965565019446,2.5301300524504997,0.06428276172626399,2.465847290724236
2024-05-09 00:00:00-04:00,6.3572999458499995,6.3572999458499995,26.541843951655995,26.541843951655995,-20.184544005805996,-20.184544005805996,21.30222437180585,1.1176803659998518,2.7692891683347605,0.07264922378999036,2.69663994454477
2024-05-10 00:00:00-04:00,6.799243956749999,6.799243956749999,26.242794744279138,26.242794744279138,-19.443550787529137,-19.443550787529137,20.877073686739777,1.4335228992106381,2.714019579276171,0.09317898844869148,2.6208405908274797
2024-05-11 00:00:00-04:00,8.9227209501,8.9227209501,23.823099225718327,23.823099225718327,-14.900378275618328,-14.900378275618328,17.35045403313757,2.4500757575192407,2.255559024307884,0.15925492423875065,2.0963041000691334
2024-05-12 00:00:00-04:00,9.588950951849998,9.588950951849998,27.447079189370676,27.447079189370676,-17.858128237520678,-17.858128237520678,20.5451028020631,2.6869745645424237,2.670863364268203,0.17465334669525753,2.4962100175729454
2024-05-13 00:00:00-04:00,5.733893479049999,5.733893479049999,26.72316641087592,26.72316641087592,-20.98927293182592,-20.98927293182592,21.58706675147688,0.597793819650958,2.806318677691994,0.03885659827731227,2.767462079414682
2024-05-14 00:00:00-04:00,1.230632173799999,1.230632173799999,25.299882590877104,25.299882590877104,-24.069250417077107,-24.069250417077107,24.069250417077107,0.0,3.129002554220024,0.0,3.129002554220024
2024-05-15 00:00:00-04:00,4.076389076399999,4.076389076399999,25.804286300179708,25.804286300179708,-21.72789722377971,-21.72789722377971,22.149856442676843,0.42195921889713245,2.8794813375479897,0.02742734922831361,2.852053988319676
2024-05-16 00:00:00-04:00,8.43718078845,8.43718078845,25.432135242811846,25.432135242811846,-16.994954454361846,-16.994954454361846,19.325087770807883,2.3301333164460374,2.5122614102050247,0.15145866556899243,2.3608027446360325
2024-05-17 00:00:00-04:00,4.1020683686999995,4.1020683686999995,23.692874957043877,23.692874957043877,-19.590806588343877,-19.590806588343877,20.11656460507147,0.525758016727595,2.615153398659291,0.03417427108729368,2.5809791275719975
2024-05-18 00:00:00-04:00,4.693418916749999,4.693418916749999,29.27495303347239,29.27495303347239,-24.581534116722388,-24.581534116722388,24.6736738867707,0.09213977004831303,3.207577605280191,0.005989085053140347,3.2015885202270504
2024-05-19 00:00:00-04:00,5.642837023949999,5.642837023949999,28.67489293950938,28.67489293950938,-23.032055915559383,-23.032055915559383,23.721214399810773,0.6891584842513915,3.0837578719754006,0.04479530147634045,3.03896257049906
2024-05-20 00:00:00-04:00,7.819682192999999,7.819682192999999,26.356259192515417,26.356259192515417,-18.536576999515418,-18.536576999515418,20.180481194724862,1.6439041952094455,2.6234625553142323,0.10685377268861396,2.5166087826256183
2024-05-21 00:00:00-04:00,9.266053954499998,9.266053954499998,24.067705126477527,24.067705126477527,-14.80165117197753,-14.80165117197753,17.526136620244,2.7244854482664684,2.27839776063172,0.17709155413732044,2.1013062064943995
2024-05-22 00:00:00-04:00,9.132689326949999,9.132689326949999,23.30407778430234,23.30407778430234,-14.171388457352341,-14.171388457352341,16.796811077655484,2.6254226203031426,2.183585440095213,0.17065247031970426,2.012932969775509
2024-05-23 00:00:00-04:00,8.491493653649998,8.491493653649998,24.440385627404265,24.440385627404265,-15.948891973754264,-15.948891973754264,18.08751749025888,2.138625516504614,2.3513772737336542,0.1390106585727999,2.2123666151608545
2024-05-24 00:00:00-04:00,6.633363935249999,6.633363935249999,26.136295082733344,26.136295082733344,-19.50293114748334,-19.50293114748334,20.570627655924817,1.0676965084414745,2.6741815952702264,0.06940027304869584,2.6047813222215304
2024-05-25 00:00:00-04:00,7.457553126449999,7.457553126449999,28.820272314574467,28.820272314574467,-21.362719188124466,-21.362719188124466,22.292274080260107,0.9295548921356407,2.897995630433814,0.06042106798881665,2.8375745624449973
2024-05-26 00:00:00-04:00,8.792618262749999,8.792618262749999,24.70981115762234,24.70981115762234,-15.917192894872342,-15.917192894872342,18.231227838958542,2.3140349440861994,2.3700596190646106,0.15041227136560295,2.2196473476990075
2024-05-27 00:00:00-04:00,6.213808412099999,6.213808412099999,23.536241587849926,23.536241587849926,-17.32243317574993,-17.32243317574993,19.00043014119423,1.6779969654443034,2.47005591835525,0.10906980275387973,2.3609861156013703
2024-05-28 00:00:00-04:00,8.946553227749998,8.946553227749998,22.669460397599604,22.669460397599604,-13.722907169849604,-13.722907169849604,16.4387715503652,2.7158643805155953,2.137040301547476,0.1765311847335137,1.9605091168139626
2024-05-29 00:00:00-04:00,8.6604467463,8.6604467463,23.769298346695205,23.769298346695205,-15.108851600395205,-15.108851600395205,17.236225732401522,2.1273741320063166,2.240709345212198,0.1382793185804106,2.102430026631787
2024-05-30 00:00:00-04:00,9.3932275752,9.3932275752,24.20441085471918,24.20441085471918,-14.81118327951918,-14.81118327951918,17.455960854480313,2.6447775749611324,2.269274911082441,0.1719105423724736,2.0973643687099672
2024-05-31 00:00:00-04:00,9.951437168999998,9.951437168999998,25.725283102778516,25.725283102778516,-15.773845933778517,-15.773845933778517,18.658538135927277,2.884692202148759,2.425609957670546,0.18750499313966934,2.238104964530877
2024-06-01 00:00:00-04:00,9.256830462899998,9.256830462899998,28.08202111700404,28.08202111700404,-18.82519065410404,-18.82519065410404,20.989491024894214,2.164300370790171,2.728633833236248,0.14067952410136111,2.587954309134887
2024-06-02 00:00:00-04:00,5.4467074133999995,5.4467074133999995,25.09613511729538,25.09613511729538,-19.64942770389538,-19.64942770389538,20.566219990862525,0.9167922869671433,2.673608598812128,0.05959149865286432,2.6140171001592636
2024-06-03 00:00:00-04:00,7.573208321699999,7.573208321699999,23.161419640982043,23.161419640982043,-15.588211319282044,-15.588211319282044,17.4010608089434,1.8128494896613534,2.262137905162642,0.11783521682798798,2.144302688334654
2024-06-04 00:00:00-04:00,8.6329303389,8.6329303389,22.327258542136647,22.327258542136647,-13.69432820323665,-13.69432820323665,16.203698709914605,2.5093705066779557,2.1064808322888986,0.16310908293406712,1.9433717493548315
2024-06-05 00:00:00-04:00,7.198622898299999,7.198622898299999,25.24758305057051,25.24758305057051,-18.04896015227051,-18.04896015227051,19.70342507680254,1.6544649245320295,2.56144525998433,0.10754022009458192,2.453905039889748
2024-06-06 00:00:00-04:00,7.038905381099999,7.038905381099999,22.60729441126937,22.60729441126937,-15.56838903016937,-15.56838903016937,17.33504110712567,1.7666520769562997,2.253555343926337,0.11483238500215948,2.138722958924178
2024-06-07 00:00:00-04:00,8.996806617299999,8.996806617299999,23.069581451088517,23.069581451088517,-14.07277483378852,-14.07277483378852,16.618200611337514,2.545425777548993,2.160366079473877,0.16545267554068455,1.9949134039331926
2024-06-08 00:00:00-04:00,9.448005069899999,9.448005069899999,28.50383908099368,28.50383908099368,-19.05583401109368,-19.05583401109368,21.349519010057403,2.2936849989637222,2.7754374713074625,0.14908952493264196,2.6263479463748207
2024-06-09 00:00:00-04:00,7.457367567599999,7.457367567599999,28.196448138730975,28.196448138730975,-20.739080571130977,-20.739080571130977,21.29678131187509,0.5577007407441137,2.7685815705437617,0.03625054814836739,2.7323310223953943
2024-06-10 00:00:00-04:00,8.9917364979,8.9917364979,24.308868784566616,24.308868784566616,-15.317132286666618,-15.317132286666618,17.767754278832538,2.450621992165918,2.30980805624823,0.15929042949078467,2.1505176267574453
2024-06-11 00:00:00-04:00,8.813652978599999,8.813652978599999,25.58105068378851,25.58105068378851,-16.76739770518851,-16.76739770518851,18.771693409668508,2.004295704479996,2.440320143256906,0.13027922079119975,2.3100409224657064
2024-06-12 00:00:00-04:00,8.266108149899999,8.266108149899999,25.849085510154953,25.849085510154953,-17.582977360254954,-17.582977360254954,19.40667783370145,1.8237004734464968,2.5228681183811887,0.1185405307740223,2.4043275876071664
2024-06-13 00:00:00-04:00,7.868923221599999,7.868923221599999,22.53854902044223,22.53854902044223,-14.66962579884223,-14.66962579884223,16.593564653741108,1.923938854898878,2.157163404986344,0.12505602556842707,2.032107379417917
2024-06-14 00:00:00-04:00,8.925734771099998,8.925734771099998,22.396069075010104,22.396069075010104,-13.470334303910105,-13.470334303910105,16.116245515419166,2.645911211509059,2.0951119170044916,0.17198422874808886,1.9231276882564028
2024-06-15 00:00:00-04:00,9.206990447399999,9.206990447399999,28.927465045278314,28.927465045278314,-19.720474597878315,-19.720474597878315,21.771204222816056,2.0507296249377425,2.8302565489660876,0.13329742562095326,2.696959123345134
2024-06-16 00:00:00-04:00,6.140061492299999,6.140061492299999,28.094167068575107,28.094167068575107,-21.954105576275108,-21.954105576275108,22.394222720688237,0.4401171444131306,2.911248953689471,0.02860761438685349,2.8826413393026176
2024-06-17 00:00:00-04:00,7.274697879599999,7.274697879599999,23.659786537619922,23.659786537619922,-16.38508865801992,-16.38508865801992,17.82854888719588,1.4434602291759573,2.3177113553354642,0.09382491489643723,2.223886440439027
2024-06-18 00:00:00-04:00,8.570938568399999,8.570938568399999,22.845159315273982,22.845159315273982,-14.274220746873983,-14.274220746873983,16.759875846837428,2.485655099963443,2.1787838600888656,0.1615675814976238,2.017216278591242
2024-06-19 00:00:00-04:00,8.0799794001,8.0799794001,24.655056525804778,24.655056525804778,-16.57507712570478,-16.57507712570478,18.40944732421859,1.8343701985138106,2.3932281521484167,0.11923406290339769,2.273994089245019
2024-06-20 00:00:00-04:00,7.601990842799999,7.601990842799999,22.30795624838663,22.30795624838663,-14.705965405586632,-14.705965405586632,16.407422128313925,1.7014567227272939,2.1329648766808105,0.1105946869772741,2.0223701897035364
2024-06-21 00:00:00-04:00,9.0452611197,9.0452611197,22.190941914815433,22.190941914815433,-13.145680795115432,-13.145680795115432,16.07706787934073,2.9313870842252974,2.090018824314295,0.19054016047464434,1.8994786638396508
2024-06-22 00:00:00-04:00,8.6053351212,8.6053351212,28.221064649585337,28.221064649585337,-19.615729528385337,-19.615729528385337,21.48172580889204,1.8659962805067034,2.7926243551559655,0.12128975823293572,2.67133459692303
2024-06-23 00:00:00-04:00,8.422833513599999,8.422833513599999,29.186790816490152,29.186790816490152,-20.76395730289015,-20.76395730289015,22.46437234336323,1.7004150404730767,2.92036840463722,0.11052697763074999,2.80984142700647
2024-06-24 00:00:00-04:00,6.9464137274999995,6.9464137274999995,22.88354037332444,22.88354037332444,-15.937126645824438,-15.937126645824438,18.08581759610414,2.148690950279699,2.3511562874935383,0.13966491176818044,2.211491375725358
2024-06-25 00:00:00-04:00,8.501366102399999,8.501366102399999,22.718219671434777,22.718219671434777,-14.216853569034779,-14.216853569034779,16.54757409038511,2.330720521350328,2.151184631750064,0.15149683388777133,1.9996877978622927
2024-06-26 00:00:00-04:00,8.3061381798,8.3061381798,23.56756416143116,23.56756416143116,-15.261425981631163,-15.261425981631163,17.184645378536736,1.9232193969055713,2.234003899209776,0.12500926079886213,2.108994638410914
2024-06-27 00:00:00-04:00,5.000730579899999,5.000730579899999,22.837290277332045,22.837290277332045,-17.836559697432047,-17.836559697432047,18.629476255974474,0.7929165585424278,2.421831913276682,0.05153957630525781,2.370292336971424
2024-06-28 00:00:00-04:00,8.829490905899998,8.829490905899998,23.975171569582884,23.975171569582884,-15.145680663682883,-15.145680663682883,17.36859779121039,2.222917127527506,2.257917712857351,0.14448961328928792,2.113428099568063
2024-06-29 00:00:00-04:00,7.994491268399999,7.994491268399999,24.975210396846396,24.975210396846396,-16.980719128446395,-16.980719128446395,18.69207494075274,1.7113558123063415,2.4299697422978563,0.1112381277999122,2.318731614497944
2024-06-30 00:00:00-04:00,4.930742138399999,4.930742138399999,25.300135051975644,25.300135051975644,-20.369392913575645,-20.369392913575645,20.872229407637427,0.5028364940617824,2.7133898229928657,0.03268437211401586,2.68070545087885
2024-07-01 00:00:00-04:00,9.205234680599998,9.205234680599998,23.981498779791032,23.981498779791032,-14.776264099191035,-14.776264099191035,17.599257199568548,2.822993100377513,2.287903435943911,0.18349455152453834,2.1044088844193727
2024-07-02 00:00:00-04:00,9.610918679699997,9.610918679699997,23.560631493037594,23.560631493037594,-13.949712813337596,-13.949712813337596,16.852107941040327,2.9023951277027287,2.1907740323352427,0.18865568330067736,2.0021183490345655
2024-07-03 00:00:00-04:00,8.849997168299998,8.849997168299998,23.29318068938176,23.29318068938176,-14.44318352108176,-14.44318352108176,16.81550459463868,2.372321073556919,2.186015597303028,0.15420086978119976,2.0318147275218283
2024-07-04 00:00:00-04:00,8.6982129855,8.6982129855,23.208524081726193,23.208524081726193,-14.510311096226193,-14.510311096226193,16.919837348829162,2.409526252602968,2.199578855347791,0.1566192064191929,2.042959648928598
2024-07-05 00:00:00-04:00,7.36452557415,7.36452557415,24.494271695401537,24.494271695401537,-17.129746121251536,-17.129746121251536,18.348448271510904,1.2187021502593671,2.385298275296418,0.07921563976685887,2.3060826355295587
2024-07-06 00:00:00-04:00,7.262384302799998,7.262384302799998,28.898493397649382,28.898493397649382,-21.636109094849385,-21.636109094849385,22.980749170341404,1.3446400754920225,2.9874973921443826,0.08740160490698147,2.900095787237401
2024-07-07 00:00:00-04:00,2.189115425699999,2.189115425699999,28.805419749581624,28.805419749581624,-26.616304323881625,-26.616304323881625,26.616304323881625,0.0,3.4601195621046115,0.0,3.4601195621046115
2024-07-08 00:00:00-04:00,7.960067158049998,7.960067158049998,24.46489483975422,24.46489483975422,-16.50482768170422,-16.50482768170422,18.521436853500852,2.0166091717966332,2.407786790955111,0.13107959616678116,2.27670719478833
2024-07-09 00:00:00-04:00,8.209597082399998,8.209597082399998,25.635556890071868,25.635556890071868,-17.425959807671866,-17.425959807671866,19.362866873425176,1.936907065753308,2.517172693545273,0.12589895927396502,2.391273734271308
2024-07-10 00:00:00-04:00,7.313677496099999,7.313677496099999,25.384204313943435,25.384204313943435,-18.070526817843437,-18.070526817843437,19.416918274562303,1.3463914567188666,2.5241993756930996,0.08751544468672633,2.4366839310063733
2024-07-11 00:00:00-04:00,7.339290408899999,7.339290408899999,26.57454482441462,26.57454482441462,-19.23525441551462,-19.23525441551462,20.52110549292136,1.2858510774067402,2.667743714079777,0.08358032003143812,2.5841633940483386
2024-07-12 00:00:00-04:00,1.356271651799999,1.356271651799999,24.19767979080524,24.19767979080524,-22.84140813900524,-22.84140813900524,22.84140813900524,0.0,2.9693830580706813,0.0,2.9693830580706813
2024-07-13 00:00:00-04:00,8.147640906,8.147640906,25.006727368160274,25.006727368160274,-16.859086462160274,-16.859086462160274,19.02774123567455,2.1686547735142767,2.473606360637692,0.140962560278428,2.3326438003592638
2024-07-14 00:00:00-04:00,8.8026230304,8.8026230304,27.377178149277555,27.377178149277555,-18.574555118877555,-18.574555118877555,20.620534224134115,2.045979105256558,2.680669449137435,0.13298864184167628,2.547680807295759
2024-07-15 00:00:00-04:00,8.15234676705,8.15234676705,22.90631009279692,22.90631009279692,-14.753963325746922,-14.753963325746922,16.721912980913473,1.9679496551665514,2.1738486875187517,0.12791672758582584,2.045931959932926
2024-07-16 00:00:00-04:00,7.846660672649999,7.846660672649999,26.199348790095584,26.199348790095584,-18.352688117445584,-18.352688117445584,20.149370053597476,1.796681936151892,2.619418106967672,0.11678432584987299,2.502633781117799
2024-07-17 00:00:00-04:00,8.210543063849999,8.210543063849999,23.711793781364346,23.711793781364346,-15.501250717514347,-15.501250717514347,17.61985542405981,2.1186047065454647,2.2905812051277756,0.13770930592545522,2.1528718992023204
2024-07-18 00:00:00-04:00,6.478158113999999,6.478158113999999,22.725259036676228,22.725259036676228,-16.24710092267623,-16.24710092267623,17.45902728714973,1.2119263644735012,2.269673547329465,0.07877521369077758,2.190898333638687
2024-07-19 00:00:00-04:00,4.061669124599999,4.061669124599999,24.816240899598085,24.816240899598085,-20.754571774998087,-20.754571774998087,20.754571774998087,0.0,2.6980943307497514,0.0,2.6980943307497514
2024-07-20 00:00:00-04:00,6.305210110799999,6.305210110799999,28.33048382014248,28.33048382014248,-22.02527370934248,-22.02527370934248,23.398812391162636,1.3735386818201545,3.041845610851143,0.08928001431831005,2.952565596532833
2024-07-21 00:00:00-04:00,7.9565609448,7.9565609448,26.14223588917638,26.14223588917638,-18.18567494437638,-18.18567494437638,20.098651916319717,1.9129769719433347,2.6128247491215633,0.12434350317631676,2.4884812459452466
2024-07-22 00:00:00-04:00,5.422140946349999,5.422140946349999,24.76505250443599,24.76505250443599,-19.34291155808599,-19.34291155808599,19.614530916480827,0.2716193583948384,2.549889019142508,0.017655258295664496,2.5322337608468435
2024-07-23 00:00:00-04:00,6.505481287799999,6.505481287799999,23.008430286810118,23.008430286810118,-16.50294899901012,-16.50294899901012,17.876156423844073,1.3732074248339523,2.3239003350997294,0.08925848261420691,2.2346418524855225
2024-07-24 00:00:00-04:00,7.270758929249999,7.270758929249999,24.693770423213884,24.693770423213884,-17.423011493963884,-17.423011493963884,19.270814362987267,1.847802869023383,2.505205867188345,0.1201071864865199,2.385098680701825
2024-07-25 00:00:00-04:00,2.4756264521999993,2.4756264521999993,23.982583397451116,23.982583397451116,-21.50695694525112,-21.50695694525112,21.50695694525112,0.0,2.7959044028826456,0.0,2.7959044028826456
2024-07-26 00:00:00-04:00,4.3989388064999995,4.3989388064999995,26.413649203332117,26.413649203332117,-22.014710396832115,-22.014710396832115,22.447809912318807,0.43309951548668935,2.918215288601445,0.02815146850663481,2.8900638200948103
2024-07-27 00:00:00-04:00,8.53054759845,8.53054759845,27.508895105774545,27.508895105774545,-18.978347507324546,-18.978347507324546,20.755775537529022,1.777428030204476,2.698250819878773,0.11553282196329094,2.5827179979154824
2024-07-28 00:00:00-04:00,9.041060917349999,9.041060917349999,29.03142524808711,29.03142524808711,-19.990364330737112,-19.990364330737112,21.951441331972706,1.9610770012355943,2.853687373156452,0.12747000508031364,2.726217368076138
2024-07-29 00:00:00-04:00,1.9033793626499989,1.9033793626499989,23.290422941899077,23.290422941899077,-21.387043579249077,-21.387043579249077,21.387043579249077,0.0,2.78031566530238,0.0,2.78031566530238
2024-07-30 00:00:00-04:00,7.9734373946999995,7.9734373946999995,23.77578541350411,23.77578541350411,-15.802348018804112,-15.802348018804112,17.70738147324034,1.9050334544362273,2.301959591521244,0.12382717453835478,2.1781324169828893
2024-07-31 00:00:00-04:00,8.314294524749998,8.314294524749998,23.3232094832555,23.3232094832555,-15.008914958505502,-15.008914958505502,17.17480645627115,2.165891497765648,2.2327248393152495,0.14078294735476712,2.091941891960482
2024-08-01 00:00:00-04:00,8.839168995149999,8.839168995149999,26.6022978311457,26.6022978311457,-17.763128835995705,-17.763128835995705,19.913258651255074,2.15012981525937,2.5887236246631598,0.13975843799185905,2.448965186671301
2024-08-02 00:00:00-04:00,6.8709672359999985,6.8709672359999985,22.91729414776082,22.91729414776082,-16.046326911760822,-16.046326911760822,17.608163017672858,1.5618361059120365,2.2890611922974715,0.10151934688428238,2.187541845413189
2024-08-03 00:00:00-04:00,5.359817209499999,5.359817209499999,26.55217973384258,26.55217973384258,-21.19236252434258,-21.19236252434258,21.42250876913259,0.23014624479001244,2.784926139987237,0.014959505911350809,2.769966634075886
2024-08-04 00:00:00-04:00,7.030279654649999,7.030279654649999,27.22354457872011,27.22354457872011,-20.19326492407011,-20.19326492407011,21.17673717852706,0.983472254456951,2.752975833208518,0.06392569653970182,2.689050136668816
2024-08-05 00:00:00-04:00,6.666472543499999,6.666472543499999,24.51027997449835,24.51027997449835,-17.84380743099835,-17.84380743099835,18.89691613047465,1.0531086994763017,2.4565990969617046,0.06845206546595961,2.388147031495745
2024-08-06 00:00:00-04:00,2.463752147849999,2.463752147849999,24.546165715014865,24.546165715014865,-22.082413567164867,-22.082413567164867,22.082413567164867,0.0,2.8707137637314326,0.0,2.8707137637314326
2024-08-07 00:00:00-04:00,3.550300017749999,3.550300017749999,25.580118809298657,25.580118809298657,-22.029818791548657,-22.029818791548657,22.15711157442737,0.12729278287871204,2.880424504675558,0.008274030887116283,2.872150473788442
2024-08-08 00:00:00-04:00,3.0197780234999994,3.0197780234999994,25.529424747567738,25.529424747567738,-22.50964672406774,-22.50964672406774,22.60090185493819,0.09125513087045267,2.9381172411419647,0.005931583506579424,2.9321856576353853
2024-08-09 00:00:00-04:00,6.975114053849999,6.975114053849999,22.688969893788578,22.688969893788578,-15.713855839938578,-15.713855839938578,17.782575635211344,2.0687197952727665,2.311734832577475,0.13446678669272982,2.177268045884745
2024-08-10 00:00:00-04:00,8.217422986499999,8.217422986499999,24.31831002008711,24.31831002008711,-16.100887033587114,-16.100887033587114,18.15079091177153,2.0499038781844163,2.359602818530299,0.13324375208198708,2.2263590664483117
2024-08-11 00:00:00-04:00,8.110389417749998,8.110389417749998,29.365088896456896,29.365088896456896,-21.2546994787069,-21.2546994787069,22.890874941761687,1.636175463054788,2.9758137424290196,0.10635140509856122,2.869462337330458
2024-08-12 00:00:00-04:00,5.806755828899999,5.806755828899999,23.661065152861532,23.661065152861532,-17.85430932396153,-17.85430932396153,19.203425079005758,1.3491157550442243,2.4964452602707485,0.08769252407787459,2.408752736192874
2024-08-13 00:00:00-04:00,2.407897705499999,2.407897705499999,25.839186010790396,25.839186010790396,-23.431288305290398,-23.431288305290398,23.431288305290398,0.0,3.0460674796877516,0.0,3.0460674796877516
2024-08-14 00:00:00-04:00,8.667625757399998,8.667625757399998,24.354902865768032,24.354902865768032,-15.687277108368034,-15.687277108368034,18.155622647255267,2.468345538887233,2.360230944143185,0.16044246002767015,2.1997884841155146
2024-08-15 00:00:00-04:00,8.311418911349998,8.311418911349998,24.491003575280196,24.491003575280196,-16.179584663930196,-16.179584663930196,18.362126940985778,2.182542277055579,2.387076502328151,0.14186524800861264,2.2452112543195386
2024-08-16 00:00:00-04:00,8.5112942832,8.5112942832,25.110254048502433,25.110254048502433,-16.598959765302432,-16.598959765302432,18.895041330664935,2.2960815653624995,2.4563553729864416,0.1492453017485625,2.307110071237879
2024-08-17 00:00:00-04:00,7.95966858,7.95966858,24.692339551021803,24.692339551021803,-16.7326709710218,-16.7326709710218,18.867132518072285,2.134461547050484,2.452727227349397,0.13874000055828145,2.3139872267911157
2024-08-18 00:00:00-04:00,8.1610399746,8.1610399746,25.346110160726347,25.346110160726347,-17.18507018612635,-17.18507018612635,19.19209300183111,2.00702281570476,2.4949720902380443,0.1304564830208094,2.364515607217235
2024-08-19 00:00:00-04:00,7.951786510499999,7.951786510499999,25.91434396719151,25.91434396719151,-17.96255745669151,-17.96255745669151,20.056241113741255,2.0936836570497444,2.607311344786363,0.1360894377082334,2.47122190707813
2024-08-20 00:00:00-04:00,6.780637680299999,6.780637680299999,22.15223213238211,22.15223213238211,-15.37159445208211,-15.37159445208211,16.86912704271889,1.4975325906367811,2.192986515553456,0.09733961839139077,2.095646897162065
2024-08-21 00:00:00-04:00,9.166734918899998,9.166734918899998,21.836913958331735,21.836913958331735,-12.670179039431739,-12.670179039431739,15.775304773526512,3.105125734094774,2.050789620558447,0.2018331727161603,1.8489564478422866
2024-08-22 00:00:00-04:00,9.181638712349997,9.181638712349997,23.51494306421368,23.51494306421368,-14.333304351863681,-14.333304351863681,17.0432012465293,2.70989689466562,2.215616162048809,0.1761432981532653,2.0394728638955435
2024-08-23 00:00:00-04:00,8.930441178899999,8.930441178899999,23.66321156118969,23.66321156118969,-14.73277038228969,-14.73277038228969,17.66863230714689,2.9358619248571993,2.296922199929096,0.19083102511571795,2.1060911748133777
2024-08-24 00:00:00-04:00,9.374342180849998,9.374342180849998,27.664904292649815,27.664904292649815,-18.29056211179982,-18.29056211179982,20.810764169853407,2.52020205805359,2.705399342080943,0.16381313377348336,2.54158620830746
2024-08-25 00:00:00-04:00,9.130012106849998,9.130012106849998,24.91493545347685,24.91493545347685,-15.78492334662685,-15.78492334662685,18.52367119319773,2.7387478465708783,2.4080772551157046,0.1780186100271071,2.2300586450885973
2024-08-26 00:00:00-04:00,8.7527211309,8.7527211309,24.721424399973245,24.721424399973245,-15.968703269073247,-15.968703269073247,18.527518941197407,2.5588156721241613,2.408577462355663,0.16632301868807048,2.2422544436675924
2024-08-27 00:00:00-04:00,8.3754623106,8.3754623106,25.74455619253005,25.74455619253005,-17.369093881930052,-17.369093881930052,19.569044966349125,2.199951084419073,2.5439758456253863,0.14299682048723975,2.4009790251381466
2024-08-28 00:00:00-04:00,8.524540018799998,8.524540018799998,24.53878881041758,24.53878881041758,-16.01424879161758,-16.01424879161758,18.399928507970216,2.3856797163526364,2.391990706036128,0.15506918156292138,2.236921524473207
2024-08-29 00:00:00-04:00,8.393488355699999,8.393488355699999,24.87687475686185,24.87687475686185,-16.48338640116185,-16.48338640116185,18.76456292965004,2.281176528488188,2.4393931808545055,0.14827647435173225,2.2911167065027733
2024-08-30 00:00:00-04:00,4.425968301299999,4.425968301299999,26.62641983319713,26.62641983319713,-22.20045153189713,-22.20045153189713,22.30302089568044,0.10256936378330977,2.899392716438457,0.006667008645915136,2.892725707792542
2024-08-31 00:00:00-04:00,7.940662116299999,7.940662116299999,25.24368810477191,25.24368810477191,-17.303025988471912,-17.303025988471912,19.223576214339552,1.9205502258676415,2.499064907864142,0.1248357646813967,2.374229143182745
2024-09-01 00:00:00-04:00,6.253270113599999,6.253270113599999,26.848821191009854,26.848821191009854,-20.595551077409855,-20.595551077409855,20.873351548298345,0.27780047088848964,2.713535701278785,0.018057030607751826,2.6954786706710334
2024-09-02 00:00:00-04:00,6.724204019099999,6.724204019099999,23.55528367244903,23.55528367244903,-16.83107965334903,-16.83107965334903,18.855336366625593,2.0242567132765625,2.451193727661327,0.13157668636297656,2.3196170412983506
2024-09-03 00:00:00-04:00,9.8330967738,9.8330967738,24.368581421556982,24.368581421556982,-14.53548464775698,-14.53548464775698,17.6130856752565,3.077601027499519,2.289701137783345,0.20004406678746875,2.0896570709958766
2024-09-04 00:00:00-04:00,6.816157082099999,6.816157082099999,24.055074818581396,24.055074818581396,-17.238917736481397,-17.238917736481397,18.58091982567671,1.342002089195312,2.4155195773379723,0.08723013579769529,2.328289441540277
2024-09-05 00:00:00-04:00,6.686019566099999,6.686019566099999,24.058078010061326,24.058078010061326,-17.37205844396133,-17.37205844396133,19.306932581585357,1.9348741376240297,2.5099012356060966,0.12576681894556194,2.3841344166605345
2024-09-06 00:00:00-04:00,8.2558319796,8.2558319796,23.06933170616027,23.06933170616027,-14.813499726560272,-14.813499726560272,16.902728678380864,2.0892289518205915,2.1973547281895125,0.13579988186833847,2.061554846321174
2024-09-07 00:00:00-04:00,6.022355165099999,6.022355165099999,27.131691847998788,27.131691847998788,-21.10933668289879,-21.10933668289879,22.08598158319529,0.9766449002965053,2.871177605815388,0.06348191851927285,2.807695687296115
2024-09-08 00:00:00-04:00,9.589595964299999,9.589595964299999,29.234421800818414,29.234421800818414,-19.644825836518415,-19.644825836518415,21.95367802105406,2.3088521845356453,2.8539781427370277,0.15007539199481695,2.703902750742211
2024-09-09 00:00:00-04:00,9.084761495999999,9.084761495999999,22.41047206901474,22.41047206901474,-13.325710573014742,-13.325710573014742,16.164297405295358,2.8385868322806154,2.1013586626883964,0.18450814409824,1.9168505185901563
2024-09-10 00:00:00-04:00,9.440757605699998,9.440757605699998,23.21031142519987,23.21031142519987,-13.76955381949987,-13.76955381949987,16.75513412684773,2.9855803073478557,2.1781674364902046,0.19406271997761063,1.984104716512594
2024-09-11 00:00:00-04:00,9.414425461499999,9.414425461499999,25.52768878519796,25.52768878519796,-16.11326332369796,-16.11326332369796,18.924007769020477,2.8107444453225154,2.4601210099726623,0.18269838894596352,2.2774226210266986
2024-09-12 00:00:00-04:00,7.419133404899998,7.419133404899998,22.85266195238638,22.85266195238638,-15.43352854748638,-15.43352854748638,17.00350449238838,1.5699759449019997,2.2104555840104894,0.10204843641862998,2.1084071475918593
2024-09-13 00:00:00-04:00,1.9972572596999993,1.9972572596999993,22.307580753317495,22.307580753317495,-20.310323493617496,-20.310323493617496,20.310323493617496,0.0,2.6403420541702745,0.0,2.6403420541702745
2024-09-14 00:00:00-04:00,6.0964297703999994,6.0964297703999994,24.15791887474269,24.15791887474269,-18.06148910434269,-18.06148910434269,18.523150219437404,0.4616611150947136,2.4080095285268626,0.030007972481156383,2.378001556045706
2024-09-15 00:00:00-04:00,3.9899633048999994,3.9899633048999994,28.574894789910157,28.574894789910157,-24.584931485010156,-24.584931485010156,24.634273135586348,0.04934165057619011,3.202455507626225,0.003207207287452357,3.199248300338773
2024-09-16 00:00:00-04:00,0.7051747706999991,0.7051747706999991,23.01258929258079,23.01258929258079,-22.30741452188079,-22.30741452188079,22.30741452188079,0.0,2.899963887844503,0.0,2.899963887844503
2024-09-17 00:00:00-04:00,2.8807127468999996,2.8807127468999996,26.031484961963773,26.031484961963773,-23.150772215063775,-23.150772215063775,23.25361730422933,0.10284508916555452,3.022970249549813,0.006684930795761043,3.0162853187540524
2024-09-18 00:00:00-04:00,8.084494807199999,8.084494807199999,24.440068377344996,24.440068377344996,-16.355573570144998,-16.355573570144998,18.3918833441537,2.0363097740087013,2.3909448347399813,0.1323601353105656,2.2585846994294156
2024-09-19 00:00:00-04:00,5.642272676699999,5.642272676699999,22.88097973950794,22.88097973950794,-17.23870706280794,-17.23870706280794,18.29515719723618,1.056450134428239,2.3783704356407034,0.06866925873783554,2.309701176902868
2024-09-20 00:00:00-04:00,7.644931311374999,7.644931311374999,24.676006832093663,24.676006832093663,-17.031075520718662,-17.031075520718662,19.110160038663984,2.0790845179453243,2.484320805026318,0.1351404936664461,2.3491803113598717
2024-09-21 00:00:00-04:00,8.756915506649998,8.756915506649998,24.995045026092892,24.995045026092892,-16.238129519442893,-16.238129519442893,18.414415419522,2.1762859000791055,2.39387400453786,0.14145858350514187,2.252415421032718
2024-09-22 00:00:00-04:00,8.570682011025,8.570682011025,26.40578320944751,26.40578320944751,-17.83510119842251,-17.83510119842251,19.828412976826904,1.9933117784043919,2.5776936869874976,0.12956526559628548,2.4481284213912122
2024-09-23 00:00:00-04:00,2.541210135299999,2.541210135299999,25.099894021150796,25.099894021150796,-22.558683885850797,-22.558683885850797,22.558683885850797,0.0,2.9326289051606036,0.0,2.9326289051606036
2024-09-24 00:00:00-04:00,2.514668440049999,2.514668440049999,22.540671915871844,22.540671915871844,-20.026003475821845,-20.026003475821845,20.026003475821845,0.0,2.60338045185684,0.0,2.60338045185684
2024-09-25 00:00:00-04:00,5.951834426699999,5.951834426699999,24.393953761590577,24.393953761590577,-18.442119334890577,-18.442119334890577,19.39076465933303,0.9486453244424531,2.520799405713294,0.06166194608875945,2.4591374596245346
2024-09-26 00:00:00-04:00,2.0396782948499994,2.0396782948499994,24.528463850471752,24.528463850471752,-22.488785555621753,-22.488785555621753,22.488785555621753,0.0,2.923542122230828,0.0,2.923542122230828
2024-09-27 00:00:00-04:00,3.5776016387999996,3.5776016387999996,26.03082369065197,26.03082369065197,-22.453222051851974,-22.453222051851974,22.642428025779875,0.18920597392790411,2.943515643351384,0.012298388305313768,2.9312172550460702
2024-09-28 00:00:00-04:00,9.113929725599998,9.113929725599998,27.54000692301525,27.54000692301525,-18.426077197415253,-18.426077197415253,20.44763755758525,2.0215603601699947,2.6581928824860825,0.13140142341104966,2.526791459075033
2024-09-29 00:00:00-04:00,6.060823343549999,6.060823343549999,24.551437719229472,24.551437719229472,-18.490614375679474,-18.490614375679474,19.311327799708916,0.8207134240294442,2.5104726139621594,0.05334637256191388,2.4571262414002453
2024-09-30 00:00:00-04:00,3.3022534754249993,3.3022534754249993,23.6316680075145,23.6316680075145,-20.3294145320895,-20.3294145320895,21.015558239606403,0.6861437075169019,2.7320225711488324,0.04459934098859863,2.687423230160234
2024-10-01 00:00:00-04:00,3.7496610584999996,3.7496610584999996,22.298413240762397,22.298413240762397,-18.548752182262398,-18.548752182262398,18.548752182262398,0.0,2.411337783694112,0.0,2.411337783694112
2024-10-02 00:00:00-04:00,5.687865964799999,5.687865964799999,24.386086471991423,24.386086471991423,-18.698220507191422,-18.698220507191422,19.22275936539156,0.5245388582001378,2.498958717500903,0.03409502578300896,2.4648636917178943
2024-10-03 00:00:00-04:00,7.161326755425,7.161326755425,22.23084729479661,22.23084729479661,-15.06952053937161,-15.06952053937161,16.759035975689105,1.689515436317497,2.178674676839584,0.1098185033606373,2.0688561734789466
2024-10-04 00:00:00-04:00,6.897348732825,6.897348732825,22.76662394877325,22.76662394877325,-15.869275215948253,-15.869275215948253,17.265786433836478,1.3965112178882253,2.244552236398742,0.09077322916273464,2.1537790072360075
2024-10-05 00:00:00-04:00,8.8952750208,8.8952750208,25.611749952340297,25.611749952340297,-16.716474931540297,-16.716474931540297,18.730371639065318,2.01389670752502,2.4349483130784915,0.1309032859891263,2.3040450270893653
2024-10-06 00:00:00-04:00,8.023303653524998,8.023303653524998,27.045568076716098,27.045568076716098,-19.0222644231911,-19.0222644231911,20.7260671260759,1.703802702884801,2.694388726389867,0.11074717568751208,2.583641550702355
2024-10-07 00:00:00-04:00,9.108568113525,9.108568113525,22.40664405351743,22.40664405351743,-13.298075939992431,-13.298075939992431,15.8403088160865,2.5422328760940687,2.0592401460912453,0.16524513694611448,1.8939950091451307
2024-10-08 00:00:00-04:00,9.367359401025,9.367359401025,26.84072325073666,26.84072325073666,-17.47336384971166,-17.47336384971166,19.88720646229337,2.4138426125817105,2.5853368400981385,0.1568997698178112,2.428437070280327
2024-10-09 00:00:00-04:00,7.7595530384249995,7.7595530384249995,23.423955401605028,23.423955401605028,-15.664402363180027,-15.664402363180027,17.08201986784941,1.4176175046693822,2.2206625828204234,0.09214513780350984,2.1285174450169135
2024-10-10 00:00:00-04:00,9.6507395973,9.6507395973,24.327666798257674,24.327666798257674,-14.676927200957673,-14.676927200957673,17.38605747461376,2.709130273656089,2.260187471699789,0.17609346778764579,2.0840940039121434
2024-10-11 00:00:00-04:00,9.654306194699998,9.654306194699998,23.351183850842347,23.351183850842347,-13.696877656142346,-13.696877656142346,16.631808885567818,2.9349312294254704,2.162135155123816,0.19077052991265558,1.9713646252111605
2024-10-12 00:00:00-04:00,9.311527429424999,9.311527429424999,25.67335752833011,25.67335752833011,-16.361830098905113,-16.361830098905113,18.75509561125288,2.3932655123477695,2.4381624294628743,0.15556225830260503,2.2826001711602695
2024-10-13 00:00:00-04:00,9.1640682531,9.1640682531,26.42161322485393,26.42161322485393,-17.257544971753934,-17.257544971753934,19.526031223930012,2.2684862521760785,2.5383840591109017,0.1474516063914451,2.3909324527194564
2024-10-14 00:00:00-04:00,9.297458852624999,9.297458852624999,23.514408606703746,23.514408606703746,-14.216949754078748,-14.216949754078748,16.764155130524042,2.5472053764452953,2.1793401669681254,0.1655683494689442,2.013771817499181
2024-10-15 00:00:00-04:00,7.321685007599998,7.321685007599998,26.272786197695176,26.272786197695176,-18.951101190095176,-18.951101190095176,19.83044585862833,0.8793446685331546,2.5779579616216832,0.05715740345465505,2.520800558167028
2024-10-16 00:00:00-04:00,6.191057423025,6.191057423025,25.98461053056728,25.98461053056728,-19.79355310754228,-19.79355310754228,20.136662520329338,0.3431094127870602,2.617766127642814,0.022302111831158912,2.5954640158116553
2024-10-17 00:00:00-04:00,9.387618589125,9.387618589125,25.063420889737163,25.063420889737163,-15.675802300612162,-15.675802300612162,18.300589027403543,2.624786726791381,2.3790765735624606,0.17061113724143978,2.208465436321021
2024-10-18 00:00:00-04:00,9.499158993824999,9.499158993824999,26.85882083686047,26.85882083686047,-17.35966184303547,-17.35966184303547,19.78812635265821,2.428464509622738,2.5724564258455676,0.157850193125478,2.4146062327200895
2024-10-19 00:00:00-04:00,9.314101078199998,9.314101078199998,27.603100973298115,27.603100973298115,-18.28899989509812,-18.28899989509812,20.481078465945814,2.1920785708476935,2.662540200572956,0.1424851071051001,2.520055093467856
2024-10-20 00:00:00-04:00,9.176934357899999,9.176934357899999,26.833145228208213,26.833145228208213,-17.656210870308215,-17.656210870308215,19.825516522213526,2.1693056519053098,2.5773171478877583,0.14100486737384513,2.436312280513913
2024-10-21 00:00:00-04:00,9.055312730324998,9.055312730324998,24.256521501938575,24.256521501938575,-15.201208771613578,-15.201208771613578,17.555910231365278,2.3547014597516984,2.2822683300774864,0.1530555948838604,2.129212735193626
2024-10-22 00:00:00-04:00,9.091967163525,9.091967163525,22.853271917770126,22.853271917770126,-13.761304754245126,-13.761304754245126,16.433161623737053,2.6718568694919256,2.136311011085817,0.17367069651697517,1.9626403145688416
2024-10-23 00:00:00-04:00,8.847844157925,8.847844157925,24.884670536144952,24.884670536144952,-16.036826378219953,-16.036826378219953,18.290585939616378,2.2537595613964245,2.377776172150129,0.1464943714907676,2.2312818006593615
2024-10-24 00:00:00-04:00,8.874008289899999,8.874008289899999,23.51621808465909,23.51621808465909,-14.64220979475909,-14.64220979475909,16.979780415236455,2.337570620477364,2.2073714539807394,0.15194209033102868,2.0554293636497105
2024-10-25 00:00:00-04:00,8.964615391425,8.964615391425,26.32813133366038,26.32813133366038,-17.36351594223538,-17.36351594223538,19.426054541054718,2.062538598819337,2.5253870903371136,0.13406500892325693,2.3913220814138567
2024-10-26 00:00:00-04:00,7.403329932299999,7.403329932299999,26.201547370271577,26.201547370271577,-18.798217437971577,-18.798217437971577,20.063003825216263,1.264786387244686,2.6081904972781143,0.0822111151709046,2.52597938210721
2024-10-27 00:00:00-04:00,2.7641124443249994,2.7641124443249994,24.35436202360624,24.35436202360624,-21.590249579281238,-21.590249579281238,21.590249579281238,0.0,2.806732445306561,0.0,2.806732445306561
2024-10-28 00:00:00-04:00,7.503165661499999,7.503165661499999,22.30439886512872,22.30439886512872,-14.80123320362872,-14.80123320362872,16.014443001771895,1.2132097981431722,2.0818775902303464,0.0788586368793062,2.0030189533510403
2024-10-29 00:00:00-04:00,7.288723145024999,7.288723145024999,22.78669493551533,22.78669493551533,-15.497971790490334,-15.497971790490334,17.385407658997792,1.8874358685074601,2.260102995669713,0.12268333145298492,2.1374196642167282
2024-10-30 00:00:00-04:00,7.888897829024999,7.888897829024999,24.73377109923807,24.73377109923807,-16.844873270213068,-16.844873270213068,18.549882636603304,1.7050093663902346,2.4114847427584296,0.11082560881536525,2.300659133943064
2024-10-31 00:00:00-04:00,8.109095176124999,8.109095176124999,24.25805727677867,24.25805727677867,-16.14896210065367,-16.14896210065367,18.20741067121069,2.0584485705570192,2.3669633872573894,0.13379915708620627,2.233164230171183
2024-11-01 00:00:00-04:00,4.4510318073,4.4510318073,23.20010115741274,23.20010115741274,-18.74906935011274,-18.74906935011274,18.920820714008208,0.17175136389546747,2.4597066928210674,0.011163838653205386,2.448542854167862
2024-11-02 00:00:00-04:00,4.896185980499999,4.896185980499999,24.173843243429,24.173843243429,-19.277657262929,-19.277657262929,20.192542644929738,0.9148853820007357,2.625030543840866,0.05946754983004782,2.565562994010818
2024-11-03 00:00:00-04:00,8.865226288799999,8.865226288799999,28.376593401114054,28.376593401114054,-19.511367112314055,-19.511367112314055,20.925669890158293,1.4143027778442374,2.720337085720578,0.09192968055987544,2.6284074051607025
2024-11-04 00:00:00-05:00,6.824352011399999,6.824352011399999,25.611961637603294,25.611961637603294,-18.787609626203295,-18.787609626203295,19.413763623683593,0.626153997480301,2.523789271078867,0.04070000983621957,2.4830892612426476
2024-11-05 00:00:00-05:00,6.3640758995999995,6.3640758995999995,23.35309831274878,23.35309831274878,-16.98902241314878,-16.98902241314878,17.524751365692207,0.5357289525434251,2.278217677539987,0.03482238191532264,2.2433952956246643
2024-11-06 00:00:00-05:00,5.717256393599999,5.717256393599999,23.354744690920462,23.354744690920462,-17.637488297320466,-17.637488297320466,18.01723447877628,0.37974618145581507,2.3422404822409164,0.02468350179462798,2.3175569804462883
2024-11-07 00:00:00-05:00,4.634608373999999,4.634608373999999,24.709066344946176,24.709066344946176,-20.074457970946174,-20.074457970946174,20.14819501353482,0.07373704258864394,2.619265351759527,0.004792907768261857,2.6144724439912648
2024-11-08 00:00:00-05:00,4.106692224,4.106692224,27.309345603335274,27.309345603335274,-23.202653379335274,-23.202653379335274,23.52672929649183,0.324075917156556,3.058474808543938,0.02106493461517614,3.0374098739287616
2024-11-09 00:00:00-05:00,8.7336360837,8.7336360837,28.653860262526315,28.653860262526315,-19.920224178826313,-19.920224178826313,21.18138138729717,1.261157208470855,2.753579580348632,0.08197521855060559,2.6716043617980265
2024-11-10 00:00:00-05:00,2.0980076570999993,2.0980076570999993,26.834285094663283,26.834285094663283,-24.736277437563285,-24.736277437563285,24.736277437563285,0.0,3.215716066883227,0.0,3.215716066883227
2024-11-11 00:00:00-05:00,3.616744840199999,3.616744840199999,23.379150260721204,23.379150260721204,-19.762405420521205,-19.762405420521205,20.43749547105719,0.675090050535986,2.656874411237435,0.043880853284839094,2.612993557952596
2024-11-12 00:00:00-05:00,8.721947899799998,8.721947899799998,26.439739161188193,26.439739161188193,-17.717791261388193,-17.717791261388193,19.1983536263228,1.4805623649346038,2.495785971421964,0.09623655372074925,2.3995494177012144
2024-11-13 00:00:00-05:00,9.0368959257,9.0368959257,23.791253918908783,23.791253918908783,-14.754357993208783,-14.754357993208783,16.734363730088038,1.980005736879256,2.175467284911445,0.12870037289715164,2.0467669120142933
2024-11-14 00:00:00-05:00,1.0367958770999994,1.0367958770999994,26.72284551392687,26.72284551392687,-25.68604963682687,-25.68604963682687,25.68604963682687,0.0,3.339186452787493,0.0,3.339186452787493
2024-11-15 00:00:00-05:00,6.239861492399999,6.239861492399999,24.644262539602686,24.644262539602686,-18.404401047202686,-18.404401047202686,19.265020305896357,0.8606192586936711,2.5044526397665265,0.05594025181508862,2.448512387951438
2024-11-16 00:00:00-05:00,8.631232646399999,8.631232646399999,26.222084763068786,26.222084763068786,-17.590852116668785,-17.590852116668785,18.974121218685212,1.3832691020164265,2.466635758429078,0.08991249163106772,2.37672326679801
2024-11-17 00:00:00-05:00,8.6029252929,8.6029252929,28.03771001773208,28.03771001773208,-19.43478472483208,-19.43478472483208,20.725242888320214,1.2904581634881331,2.694281575481628,0.08387978062672866,2.610401794854899
2024-11-18 00:00:00-05:00,7.221858039899999,7.221858039899999,23.135318800233893,23.135318800233893,-15.913460760333894,-15.913460760333894,16.983924978969338,1.0704642186354412,2.207910247266014,0.06958017421130368,2.13833007305471
2024-11-19 00:00:00-05:00,3.8799038393999985,3.8799038393999985,23.70564028402628,23.70564028402628,-19.82573644462628,-19.82573644462628,20.132073184785376,0.30633674015909534,2.617169514022099,0.019911888110341197,2.597257625911758
2024-11-20 00:00:00-05:00,0.7812923633999993,0.7812923633999993,26.264597797130286,26.264597797130286,-25.483305433730287,-25.483305433730287,25.483305433730287,0.0,3.3128297063849375,0.0,3.3128297063849375
2024-11-21 00:00:00-05:00,8.3760115392,8.3760115392,23.567669136826026,23.567669136826026,-15.191657597626028,-15.191657597626028,16.917096673448988,1.7254390758229614,2.1992225675483685,0.1121535399284925,2.0870690276198762
2024-11-22 00:00:00-05:00,7.353791096399999,7.353791096399999,23.72425914716807,23.72425914716807,-16.370468050768068,-16.370468050768068,17.840558653067696,1.4700906022996276,2.3192726248988005,0.0955558891494758,2.2237167357493246
2024-11-23 00:00:00-05:00,6.9814291014,6.9814291014,28.806501314981464,28.806501314981464,-21.825072213581464,-21.825072213581464,22.190944360380126,0.3658721467986622,2.8848227668494166,0.023781689541913044,2.8610410773075037
2024-11-24 00:00:00-05:00,8.2662912396,8.2662912396,24.453475488617055,24.453475488617055,-16.187184249017058,-16.187184249017058,17.759528732512894,1.5723444834958356,2.3087387352266764,0.10220239142722931,2.206536343799447
2024-11-25 00:00:00-05:00,8.3900445624,8.3900445624,23.470980101792446,23.470980101792446,-15.080935539392446,-15.080935539392446,16.642012210869176,1.561076671476731,2.1634615874129928,0.10146998364598751,2.061991603767005
2024-11-26 00:00:00-05:00,2.7215703998999996,2.7215703998999996,25.57584006172072,25.57584006172072,-22.85426966182072,-22.85426966182072,22.85426966182072,0.0,2.9710550560366937,0.0,2.9710550560366937
2024-11-27 00:00:00-05:00,6.191436012299999,6.191436012299999,22.82247659154203,22.82247659154203,-16.631040579242033,-16.631040579242033,17.396026831618077,0.7649862523760433,2.26148348811035,0.04972410640444282,2.211759381705907
2024-11-28 00:00:00-05:00,4.1116543569,4.1116543569,26.24282300369504,26.24282300369504,-22.13116864679504,-22.13116864679504,22.90218846415029,0.7710198173552486,2.977284500339538,0.05011628812809116,2.9271682122114466
2024-11-29 00:00:00-05:00,8.660312961299999,8.660312961299999,24.63248680827454,24.63248680827454,-15.972173846974538,-15.972173846974538,17.602360808214417,1.630186961239878,2.2883069050678744,0.10596215248059208,2.1823447525872823
2024-11-30 00:00:00-05:00,9.0493373016,9.0493373016,26.69767797045751,26.69767797045751,-17.648340668857507,-17.648340668857507,19.114734549911745,1.4663938810542363,2.4849154914885268,0.09531560226852537,2.389599889220001
2024-12-01 00:00:00-05:00,7.1791717850999985,7.1791717850999985,28.10192899072137,28.10192899072137,-20.922757205621373,-20.922757205621373,21.498862013766153,0.5761048081447814,2.7948520617896,0.03744681252941079,2.7574052492601893
2024-12-02 00:00:00-05:00,8.6043803526,8.6043803526,23.272755111311596,23.272755111311596,-14.668374758711598,-14.668374758711598,16.47094470618074,1.8025699474691426,2.1412228118034964,0.11716704658549427,2.024055765218002
2024-12-03 00:00:00-05:00,9.0140857938,9.0140857938,22.882490745536685,22.882490745536685,-13.868404951736688,-13.868404951736688,15.958904282956482,2.090499331219794,2.074657556784343,0.13588245652928663,1.9387751002550562
2024-12-04 00:00:00-05:00,8.466823104299998,8.466823104299998,25.290024721592367,25.290024721592367,-16.82320161729237,-16.82320161729237,18.128826502532213,1.3056248852398435,2.3567474453291877,0.08486561754058983,2.2718818277885977
2024-12-05 00:00:00-05:00,7.607944218599999,7.607944218599999,24.028769100245864,24.028769100245864,-16.420824881645867,-16.420824881645867,17.91395405782954,1.4931291761836722,2.32881402751784,0.0970533964519387,2.2317606310659013
2024-12-06 00:00:00-05:00,9.206767397699998,9.206767397699998,26.16857134083591,26.16857134083591,-16.961803943135912,-16.961803943135912,18.66624929260067,1.7044453494647598,2.4266124080380873,0.11078894771520939,2.315823460322878
2024-12-07 00:00:00-05:00,8.7908947569,8.7908947569,29.487769274491196,29.487769274491196,-20.696874517591198,-20.696874517591198,21.864479888826946,1.167605371235748,2.842382385547503,0.07589434913032361,2.7664880364171793
2024-12-08 00:00:00-05:00,8.1943933743,8.1943933743,27.06998035020079,27.06998035020079,-18.875586975900788,-18.875586975900788,19.988280323145446,1.1126933472446578,2.598476442008908,0.07232506757090276,2.526151374438005
2024-12-09 00:00:00-05:00,1.2902246459999995,1.2902246459999995,24.413107145366084,24.413107145366084,-23.12288249936608,-23.12288249936608,23.12288249936608,0.0,3.0059747249175905,0.0,3.0059747249175905
2024-12-10 00:00:00-05:00,1.1671244342999991,1.1671244342999991,22.15792214490528,22.15792214490528,-20.990797710605282,-20.990797710605282,20.990797710605282,0.0,2.728803702378687,0.0,2.728803702378687
2024-12-11 00:00:00-05:00,0.5406889535999994,0.5406889535999994,24.44329405362123,24.44329405362123,-23.902605100021233,-23.902605100021233,23.902605100021233,0.0,3.1073386630027606,0.0,3.1073386630027606
2024-12-12 00:00:00-05:00,8.760313968299998,8.760313968299998,24.2892130365809,24.2892130365809,-15.528899068280902,-15.528899068280902,17.279897016606533,1.750997948325632,2.246386612158849,0.11381486664116608,2.132571745517683
2024-12-13 00:00:00-05:00,7.0203168395999995,7.0203168395999995,21.895156557674767,21.895156557674767,-14.87483971807477,-14.87483971807477,15.998135775539037,1.123296057464268,2.079757650820075,0.07301424373517743,2.0067434070848975
2024-12-14 00:00:00-05:00,6.496526046599999,6.496526046599999,24.34095675335852,24.34095675335852,-17.84443070675852,-17.84443070675852,18.270462559231678,0.42603185247315856,2.375160132700118,0.027692070410755307,2.3474680622893627
2024-12-15 00:00:00-05:00,3.7906269974999995,3.7906269974999995,28.961624840496306,28.961624840496306,-25.170997842996304,-25.170997842996304,25.408351833936305,0.23735399094000031,3.3030857384117196,0.015428009411100022,3.2876577290006197
2024-12-16 00:00:00-05:00,2.317024280699999,2.317024280699999,24.22029832842503,24.22029832842503,-21.90327404772503,-21.90327404772503,22.053597144910736,0.1503230971857067,2.866967628838396,0.009771001317070935,2.8571966275213247
2024-12-17 00:00:00-05:00,6.185148762599999,6.185148762599999,23.419118555037812,23.419118555037812,-17.23396979243781,-17.23396979243781,17.53410603100474,0.3001362385669267,2.279433784030616,0.019508855506850237,2.2599249285237657
2024-12-18 00:00:00-05:00,4.430532278699999,4.430532278699999,25.126135161340255,25.126135161340255,-20.695602882640255,-20.695602882640255,20.695602882640255,0.0,2.690428374743233,0.0,2.690428374743233
2024-12-19 00:00:00-05:00,2.3764990625999993,2.3764990625999993,25.74126049246249,25.74126049246249,-23.36476142986249,-23.36476142986249,23.36476142986249,0.0,3.0374189858821237,0.0,3.0374189858821237
2024-12-20 00:00:00-05:00,3.7005814628999993,3.7005814628999993,23.494750882254564,23.494750882254564,-19.794169419354564,-19.794169419354564,19.96797564253611,0.17380622318154687,2.5958368335296944,0.011297404506800546,2.584539429022894
2024-12-21 00:00:00-05:00,7.838223268499998,7.838223268499998,27.123388151649422,27.123388151649422,-19.285164883149424,-19.285164883149424,20.603127110029533,1.3179622268801086,2.6784065243038393,0.08566754474720706,2.592738979556632
2024-12-22 00:00:00-05:00,9.007043653799998,9.007043653799998,25.070629606662948,25.070629606662948,-16.063585952862947,-16.063585952862947,18.00115067376102,1.9375647208980733,2.340149587588933,0.12594170685837477,2.2142078807305583
2024-12-23 00:00:00-05:00,8.8025213079,8.8025213079,22.722307119659522,22.722307119659522,-13.919785811759521,-13.919785811759521,15.970327754817228,2.0505419430577074,2.07614260812624,0.13328522629875098,1.942857381827489
2024-12-24 00:00:00-05:00,8.481821220899999,8.481821220899999,24.93341199875076,24.93341199875076,-16.45159077785076,-16.45159077785076,17.975160201676648,1.523569423825888,2.3367708262179643,0.09903201254868271,2.2377388136692815
2024-12-25 00:00:00-05:00,8.1892102194,8.1892102194,26.339323527132674,26.339323527132674,-18.150113307732674,-18.150113307732674,19.3670918458762,1.2169785381435265,2.517721939963906,0.07910360497932922,2.438618334984577
2024-12-26 00:00:00-05:00,5.605041782699999,5.605041782699999,22.192434513217766,22.192434513217766,-16.587392730517763,-16.587392730517763,17.43475953102145,0.8473668005036821,2.2665187390327883,0.055078842032739335,2.211439897000049
2024-12-27 00:00:00-05:00,0.8205341363999993,0.8205341363999993,22.224448570737447,22.224448570737447,-21.403914434337448,-21.403914434337448,21.403914434337448,0.0,2.782508876463868,0.0,2.782508876463868
2024-12-28 00:00:00-05:00,1.3783493519999992,1.3783493519999992,26.9645501353157,26.9645501353157,-25.586200783315704,-25.586200783315704,25.586200783315704,0.0,3.3262061018310414,0.0,3.3262061018310414
2024-12-29 00:00:00-05:00,1.2570328844999994,1.2570328844999994,27.563768371774632,27.563768371774632,-26.306735487274633,-26.306735487274633,26.306735487274633,0.0,3.4198756133457024,0.0,3.4198756133457024
2024-12-30 00:00:00-05:00,8.175959618399999,8.175959618399999,23.197664880241216,23.197664880241216,-15.021705261841216,-15.021705261841216,16.61677405028479,1.5950687884435735,2.1601806265370227,0.10367947124883228,2.05650115528819
2024-12-31 00:00:00-05:00,6.084073633499999,6.084073633499999,24.45434765368022,24.45434765368022,-18.370274020180222,-18.370274020180222,18.8212318627031,0.4509578425228781,2.4467601421514034,0.02931225976398708,2.417447882387416
2025-01-01 00:00:00-05:00,8.5904686215,8.5904686215,24.330843132161906,24.330843132161906,-15.740374510661907,-15.740374510661907,17.579005248349986,1.8386307376880804,2.2852706822854985,0.11951099794972522,2.1657596843357734
2025-01-02 00:00:00-05:00,8.990414140499999,8.990414140499999,23.867330128760205,23.867330128760205,-14.876915988260205,-14.876915988260205,16.813206054757497,1.936290066497293,2.1857167871184746,0.12585885432232405,2.0598579327961506
2025-01-03 00:00:00-05:00,4.6564881398999995,4.6564881398999995,23.885707297301312,23.885707297301312,-19.229219157401314,-19.229219157401314,19.37721568994215,0.1479965325408391,2.5190380396924796,0.009619774615154543,2.509418265077325
2025-01-04 00:00:00-05:00,9.2744244432,9.2744244432,27.93144416058751,27.93144416058751,-18.657019717387513,-18.657019717387513,20.264567786705122,1.6075480693176103,2.634393812271666,0.10449062450564467,2.5299031877660214
2025-01-05 00:00:00-05:00,4.708080293399999,4.708080293399999,28.427883958309998,28.427883958309998,-23.71980366491,-23.71980366491,24.012179860564633,0.29237619565463296,3.1215833818734025,0.019004452717551145,3.102578929155851
2025-01-06 00:00:00-05:00,0.6331609430999993,0.6331609430999993,22.35033727725266,22.35033727725266,-21.717176334152658,-21.717176334152658,21.717176334152658,0.0,2.8232329234398454,0.0,2.8232329234398454
2025-01-07 00:00:00-05:00,9.3479694165,9.3479694165,22.647395995853017,22.647395995853017,-13.299426579353016,-13.299426579353016,15.779779418281198,2.4803528389281806,2.051371324376556,0.16122293453033174,1.8901483898462241
2025-01-08 00:00:00-05:00,9.376751424599998,9.376751424599998,23.645428710429744,23.645428710429744,-14.268677285829744,-14.268677285829744,16.662138135859724,2.3934608500299808,2.166077957661764,0.15557495525194875,2.0105030024098154
2025-01-09 00:00:00-05:00,9.4909758885,9.4909758885,22.700247292265953,22.700247292265953,-13.209271403765953,-13.209271403765953,15.840641315706094,2.631369911940141,2.059283371041792,0.17103904427610916,1.888244326765683
2025-01-10 00:00:00-05:00,1.4884860644999993,1.4884860644999993,25.65259929014688,25.65259929014688,-24.164113225646883,-24.164113225646883,24.164113225646883,0.0,3.141334719334095,0.0,3.141334719334095
2025-01-11 00:00:00-05:00,6.354990407699999,6.354990407699999,29.005072385846717,29.005072385846717,-22.650081978146716,-22.650081978146716,22.97892156775958,0.32883958961286486,2.9872598038087457,0.021374573324836218,2.9658852304839094
2025-01-12 00:00:00-05:00,9.208180475099999,9.208180475099999,27.395557835969733,27.395557835969733,-18.187377360869736,-18.187377360869736,19.91219540059344,1.7248180397237034,2.5885854020771473,0.11211317258204072,2.4764722294951067
2025-01-13 00:00:00-05:00,7.445742871499999,7.445742871499999,23.393792434734127,23.393792434734127,-15.948049563234129,-15.948049563234129,17.29339947138002,1.3453499081458906,2.248141931279403,0.0874477440294829,2.16069418724992
2025-01-14 00:00:00-05:00,9.4608295137,9.4608295137,24.961966204902836,24.961966204902836,-15.501136691202836,-15.501136691202836,17.54753356705278,2.046396875849947,2.281179363716862,0.13301579693024657,2.1481635667866152
2025-01-15 00:00:00-05:00,9.725656726799999,9.725656726799999,24.043210740718216,24.043210740718216,-14.317554013918217,-14.317554013918217,16.667240627913074,2.349686613994858,2.1667412816286995,0.15272962990966577,2.014011651719034
2025-01-16 00:00:00-05:00,7.263376207199999,7.263376207199999,23.994894173717544,23.994894173717544,-16.731517966517547,-16.731517966517547,18.673705532223355,1.942187565705808,2.4275817191890363,0.12624219177087753,2.301339527418159
2025-01-17 00:00:00-05:00,9.171954996299998,9.171954996299998,24.166547917560592,24.166547917560592,-14.994592921260592,-14.994592921260592,17.057352901751464,2.0627599804908714,2.2174558772276907,0.13407939873190663,2.0833764784957842
2025-01-18 00:00:00-05:00,2.782520488799999,2.782520488799999,28.31398542062703,28.31398542062703,-25.53146493182703,-25.53146493182703,25.872673642217535,0.3412087103905015,3.36344757348828,0.022178566175382598,3.3412690073128974
2025-01-19 00:00:00-05:00,1.1843809982999993,1.1843809982999993,26.109942164208576,26.109942164208576,-24.92556116590858,-24.92556116590858,24.92556116590858,0.0,3.2403229515681153,0.0,3.2403229515681153
2025-01-20 00:00:00-05:00,9.8456062248,9.8456062248,23.750715840551113,23.750715840551113,-13.905109615751112,-13.905109615751112,16.538117185057956,2.6330075693068453,2.1499552340575345,0.17114549200494494,1.9788097420525896
2025-01-21 00:00:00-05:00,2.6372410325999995,2.6372410325999995,22.700300556383542,22.700300556383542,-20.063059523783544,-20.063059523783544,20.063059523783544,0.0,2.6081977380918606,0.0,2.6081977380918606
2025-01-22 00:00:00-05:00,9.7032580128,9.7032580128,22.953864489467026,22.953864489467026,-13.250606476667027,-13.250606476667027,15.774783421379468,2.524176944712441,2.0507218447793307,0.16407150140630866,1.886650343373022
2025-01-23 00:00:00-05:00,6.696677824199999,6.696677824199999,24.647395766206607,24.647395766206607,-17.95071794200661,-17.95071794200661,18.778046050443496,0.8273281084368874,2.441145986557655,0.05377632704839769,2.387369659509257
2025-01-24 00:00:00-05:00,7.097843405699999,7.097843405699999,24.37849324063801,24.37849324063801,-17.28064983493801,-17.28064983493801,18.422898812821167,1.1422489778831557,2.394976845666752,0.07424618356240513,2.3207306621043466
2025-01-25 00:00:00-05:00,9.652045808699999,9.652045808699999,24.913631861912044,24.913631861912044,-15.261586053212048,-15.261586053212048,17.447367838586405,2.1857817853743597,2.2681578190162326,0.1420758160493334,2.126082002966899
2025-01-26 00:00:00-05:00,8.2196023158,8.2196023158,27.91942384771758,27.91942384771758,-19.699821531917582,-19.699821531917582,20.95962250702299,1.2598009751054087,2.7247509259129887,0.08188706338185156,2.6428638625311374
2025-01-27 00:00:00-05:00,2.3126602679999992,2.3126602679999992,23.334329628714535,23.334329628714535,-21.021669360714537,-21.021669360714537,21.021669360714537,0.0,2.73281701689289,0.0,2.73281701689289
2025-01-28 00:00:00-05:00,9.407446595999998,9.407446595999998,22.39385602588028,22.39385602588028,-12.986409429880279,-12.986409429880279,15.446385225161379,2.459975795281099,2.0080300792709793,0.15989842669327145,1.8481316525777078
2025-01-29 00:00:00-05:00,9.237754366199999,9.237754366199999,26.251455821128214,26.251455821128214,-17.013701454928217,-17.013701454928217,18.65231752668505,1.6386160717568345,2.4248012784690567,0.10651004466419425,2.3182912338048625
2025-01-30 00:00:00-05:00,6.948680485499999,6.948680485499999,23.70520919896052,23.70520919896052,-16.756528713460522,-16.756528713460522,17.719463256369718,0.9629345429091956,2.3035302233280635,0.06259074528909771,2.2409394780389658
2025-01-31 00:00:00-05:00,5.961284653499999,5.961284653499999,23.247568261606638,23.247568261606638,-17.28628360810664,-17.28628360810664,18.201891255176868,0.9156076470702285,2.366245863172993,0.05951449705956485,2.306731366113428
2025-02-01 00:00:00-05:00,5.632625943899999,5.632625943899999,25.6138600862727,25.6138600862727,-19.981234142372703,-19.981234142372703,20.303536580043268,0.32230243767056355,2.6394597554056247,0.020949658448586633,2.618510096957038
2025-02-02 00:00:00-05:00,5.9618595887999986,5.9618595887999986,24.462608019733835,24.462608019733835,-18.500748430933836,-18.500748430933836,18.505853341788953,0.00510491085511966,2.405760934432564,0.0003318192055827779,2.4054291152269816
2025-02-03 00:00:00-05:00,8.8391766348,8.8391766348,23.202585109656383,23.202585109656383,-14.363408474856383,-14.363408474856383,16.454519917025785,2.091111442169401,2.139087589213352,0.13592224374101106,2.0031653454723406
2025-02-04 00:00:00-05:00,8.5385379366,8.5385379366,23.46102571446651,23.46102571446651,-14.92248777786651,-14.92248777786651,16.737912604833696,1.8154248269671864,2.1759286386283807,0.11800261375286712,2.057926024875514
2025-02-05 00:00:00-05:00,1.4173848125999995,1.4173848125999995,23.740181589604056,23.740181589604056,-22.322796777004054,-22.322796777004054,22.322796777004054,0.0,2.901963581010527,0.0,2.901963581010527
2025-02-06 00:00:00-05:00,2.6651286008999993,2.6651286008999993,24.620753743777172,24.620753743777172,-21.955625142877174,-21.955625142877174,21.955625142877174,0.0,2.8542312685740328,0.0,2.8542312685740328
2025-02-07 00:00:00-05:00,9.113653099799999,9.113653099799999,24.803860453232492,24.803860453232492,-15.690207353432493,-15.690207353432493,17.67876227565082,1.9885549222183245,2.2982390958346066,0.1292560699441911,2.1689830258904155
2025-02-08 00:00:00-05:00,1.3275378008999996,1.3275378008999996,25.861070472312125,25.861070472312125,-24.533532671412125,-24.533532671412125,24.533532671412125,0.0,3.1893592472835763,0.0,3.1893592472835763
2025-02-09 00:00:00-05:00,8.4684366567,8.4684366567,26.306923365504975,26.306923365504975,-17.838486708804975,-17.838486708804975,19.351689812157304,1.513203103352329,2.5157196755804496,0.09835820171790138,2.4173614738625484
2025-02-10 00:00:00-05:00,3.899476258199999,3.899476258199999,24.40593683750191,24.40593683750191,-20.50646057930191,-20.50646057930191,21.567735515099777,1.0612749357978657,2.803805616962971,0.06898287082686128,2.7348227461361097
2025-02-11 00:00:00-05:00,0.8516356820999994,0.8516356820999994,22.511577190452524,22.511577190452524,-21.659941508352524,-21.659941508352524,21.659941508352524,0.0,2.815792396085828,0.0,2.815792396085828
2025-02-12 00:00:00-05:00,0.7650778805999995,0.7650778805999995,24.290056615773267,24.290056615773267,-23.524978735173267,-23.524978735173267,23.524978735173267,0.0,3.0582472355725248,0.0,3.0582472355725248
2025-02-13 00:00:00-05:00,2.3387046650999994,2.3387046650999994,22.02735301131757,22.02735301131757,-19.68864834621757,-19.68864834621757,19.97062385741602,0.2819755111984502,2.5961811014640825,0.018328408227899263,2.577852693236183
2025-02-14 00:00:00-05:00,10.692335512799998,10.692335512799998,22.75342406219806,22.75342406219806,-12.061088549398063,-12.061088549398063,15.09366894863604,3.0325803992379776,1.9621769633226853,0.19711772595046856,1.7650592373722167
2025-02-15 00:00:00-05:00,0.7164397565999994,0.7164397565999994,28.050305084103478,28.050305084103478,-27.333865327503478,-27.333865327503478,27.333865327503478,0.0,3.553402492575452,0.0,3.553402492575452
2025-02-16 00:00:00-05:00,3.4117091891999993,3.4117091891999993,27.683191694653047,27.683191694653047,-24.271482505453047,-24.271482505453047,24.834839109764694,0.5633566043116471,3.22852908426941,0.03661817928025707,3.191910904989153
2025-02-17 00:00:00-05:00,10.2778478586,10.2778478586,23.536713779027735,23.536713779027735,-13.258865920427736,-13.258865920427736,16.015984343593573,2.757118423165838,2.0820779646671643,0.17921269750577948,1.9028652671613848
2025-02-18 00:00:00-05:00,9.770255721,9.770255721,23.505082459567674,23.505082459567674,-13.734826738567676,-13.734826738567676,15.836462064764543,2.1016353261968668,2.058740068419391,0.13660629620279635,1.9221337722165945
2025-02-19 00:00:00-05:00,0.8769087263249995,0.8769087263249995,23.168821052072392,23.168821052072392,-22.29191232574739,-22.29191232574739,22.29191232574739,0.0,2.897948602347161,0.0,2.897948602347161
2025-02-20 00:00:00-05:00,3.2416009730999997,3.2416009730999997,24.965942226539102,24.965942226539102,-21.724341253439103,-21.724341253439103,22.184956264888132,0.4606150114490276,2.8840443144354575,0.029939975744186796,2.8541043386912706
2025-02-21 00:00:00-05:00,11.030440274999998,11.030440274999998,24.944312558967006,24.944312558967006,-13.913872283967006,-13.913872283967006,17.00544963978731,3.0915773558203057,2.2107084531723507,0.20095252812831987,2.009755925044031
2025-02-22 00:00:00-05:00,9.544334006025,9.544334006025,24.08737746052954,24.08737746052954,-14.543043454504543,-14.543043454504543,16.697560082093645,2.154516627589104,2.170682810672174,0.14004358079329177,2.0306392298788825
2025-02-23 00:00:00-05:00,10.358889754499998,10.358889754499998,26.752254855276792,26.752254855276792,-16.393365100776794,-16.393365100776794,18.730925928825098,2.3375608280483036,2.435020370747263,0.15194145382313973,2.283078916924123
2025-02-24 00:00:00-05:00,10.267586529525,10.267586529525,25.323073992053665,25.323073992053665,-15.055487462528667,-15.055487462528667,17.382029974075166,2.3265425115465006,2.2596638966297715,0.15122526325052255,2.108438633379249
2025-02-25 00:00:00-05:00,9.884924135099999,9.884924135099999,22.822294269680317,22.822294269680317,-12.937370134580318,-12.937370134580318,15.689311010484953,2.7519408759046358,2.039610431363044,0.17887615693380132,1.8607342744292428
2025-02-26 00:00:00-05:00,9.423274543424998,9.423274543424998,22.34487858367374,22.34487858367374,-12.921604040248742,-12.921604040248742,15.31370844102,2.3921044007712573,1.9907820973326,0.15548678605013172,1.8352953112824684
2025-02-27 00:00:00-05:00,5.04507285405,5.04507285405,24.032237633998864,24.032237633998864,-18.987164779948866,-18.987164779948866,19.117188677892376,0.13002389794351066,2.485234528126009,0.008451553366328192,2.4767829747596806
2025-02-28 00:00:00-05:00,9.988977120525,9.988977120525,24.764132071542225,24.764132071542225,-14.775154951017225,-14.775154951017225,17.258367647770758,2.4832126967535326,2.2435877942101987,0.16140882528897962,2.082178968921219
2025-03-01 00:00:00-05:00,9.512088932025,9.512088932025,24.754878482790573,24.754878482790573,-15.242789550765574,-15.242789550765574,17.52128150888356,2.2784919581179883,2.277766596154863,0.14810197727766924,2.129664618877194
2025-03-02 00:00:00-05:00,11.098008545849998,11.098008545849998,28.107077668225465,28.107077668225465,-17.009069122375465,-17.009069122375465,19.65988114711836,2.6508120247428955,2.5557845491253866,0.1723027816082882,2.3834817675170985
2025-03-03 00:00:00-05:00,10.6024200291,10.6024200291,23.453557453212042,23.453557453212042,-12.851137424112041,-12.851137424112041,15.861482758963998,3.010345334851957,2.06199275866532,0.1956724467653772,1.8663203118999427
2025-03-04 00:00:00-05:00,6.016565670524999,6.016565670524999,24.56243788850008,24.56243788850008,-18.54587221797508,-18.54587221797508,19.184159555530314,0.6382873375552338,2.493940742218941,0.0414886769410902,2.4524520652778508
2025-03-05 00:00:00-05:00,2.952978165224999,2.952978165224999,25.17825821410786,25.17825821410786,-22.225280048882862,-22.225280048882862,23.317091389302476,1.0918113404196146,3.031221880609322,0.07096773712727494,2.960254143482047
2025-03-06 00:00:00-05:00,9.092630637225,9.092630637225,22.978700147533743,22.978700147533743,-13.886069510308745,-13.886069510308745,16.228509577058524,2.3424400667497807,2.109706245017608,0.15225860433873575,1.9574476406788723
2025-03-07 00:00:00-05:00,3.8499258116249995,3.8499258116249995,25.012565164495967,25.012565164495967,-21.162639352870972,-21.162639352870972,21.44259816983162,0.2799588169606473,2.7875377620781108,0.018197323102442074,2.769340438975669
2025-03-08 00:00:00-05:00,8.1942871725,8.1942871725,25.620052645607586,25.620052645607586,-17.425765473107585,-17.425765473107585,19.4510119412403,2.0252464681327136,2.528631552361239,0.13164102042862638,2.3969905319326124
2025-03-09 00:00:00-05:00,7.3097506768499985,7.3097506768499985,25.97435558035207,25.97435558035207,-18.664604903502074,-18.664604903502074,19.96446494249522,1.2998600389931465,2.5953804425243785,0.08449090253455453,2.510889539989824
2025-03-10 00:00:00-04:00,3.0457633877999997,3.0457633877999997,24.454298933003617,24.454298933003617,-21.40853554520362,-21.40853554520362,21.669011923620225,0.26047637841660676,2.816971550070629,0.01693096459707944,2.8000405854735497
2025-03-11 00:00:00-04:00,9.692833393799999,9.692833393799999,25.037088736095495,25.037088736095495,-15.344255342295494,-15.344255342295494,18.618301609618555,3.274046267323061,2.420379209250412,0.21281300737599895,2.207566201874413
2025-03-12 00:00:00-04:00,9.48850367265,9.48850367265,22.621340863261736,22.621340863261736,-13.132837190611736,-13.132837190611736,16.493366304950985,3.360529114339247,2.144137619643628,0.21843439243205107,1.925703227211577
2025-03-13 00:00:00-04:00,5.4354937700249994,5.4354937700249994,25.696981841382595,25.696981841382595,-20.261488071357594,-20.261488071357594,20.74333077666602,0.48184270530842727,2.6966330009665826,0.031319775845047776,2.665313225121535
2025-03-14 00:00:00-04:00,6.438400811099999,6.438400811099999,22.811414116646848,22.811414116646848,-16.37301330554685,-16.37301330554685,18.562484987974205,2.189471682427357,2.413123048436647,0.1423156593577782,2.2708073890788687
2025-03-15 00:00:00-04:00,3.8734986307499994,3.8734986307499994,27.30666715730944,27.30666715730944,-23.43316852655944,-23.43316852655944,23.911602344377776,0.4784338178183376,3.108508304769111,0.031098198158191946,3.0774101066109187
2025-03-16 00:00:00-04:00,2.4496923008249993,2.4496923008249993,25.162069114209697,25.162069114209697,-22.712376813384697,-22.712376813384697,22.91209656843435,0.19971975504965223,2.978572553896466,0.012981784078227395,2.965590769818238
2025-03-17 00:00:00-04:00,5.025548437199999,5.025548437199999,23.536571643116847,23.536571643116847,-18.51102320591685,-18.51102320591685,20.621559067062694,2.1105358611458476,2.6808026787181505,0.1371848309744801,2.54361784774367
2025-03-18 00:00:00-04:00,9.945155510324998,9.945155510324998,21.82447322792435,21.82447322792435,-11.879317717599353,-11.879317717599353,15.489832405150944,3.6105146875515923,2.013678212669623,0.2346834546908535,1.7789947579787695
2025-03-19 00:00:00-04:00,9.311541113025,9.311541113025,23.768907490797112,23.768907490797112,-14.457366377772113,-14.457366377772113,17.560492793495207,3.1031264157230942,2.282864063154377,0.20170321702200114,2.081160846132376
2025-03-20 00:00:00-04:00,3.6787762453499995,3.6787762453499995,25.53035572713775,25.53035572713775,-21.851579481787752,-21.851579481787752,21.851579481787752,0.0,2.8407053326324077,0.0,2.8407053326324077
2025-03-21 00:00:00-04:00,10.497380743799999,10.497380743799999,22.891538789262224,22.891538789262224,-12.394158045462227,-12.394158045462227,16.164101604821692,3.7699435593594663,2.10133320862682,0.24504633135836532,1.8562868772684549
2025-03-22 00:00:00-04:00,10.070365528349999,10.070365528349999,26.485539188057494,26.485539188057494,-16.415173659707495,-16.415173659707495,19.447509409575076,3.032335749867582,2.52817622324476,0.19710182374139285,2.3310743995033674
2025-03-23 00:00:00-04:00,9.96209068995,9.96209068995,24.97674893512143,24.97674893512143,-15.014658245171432,-15.014658245171432,18.280935957135867,3.266277711964436,2.376521674427663,0.21230805127768834,2.1642136231499745
2025-03-24 00:00:00-04:00,2.511941805899999,2.511941805899999,26.277276456055265,26.277276456055265,-23.765334650155268,-23.765334650155268,23.765334650155268,0.0,3.089493504520185,0.0,3.089493504520185
2025-03-25 00:00:00-04:00,9.55256754735,9.55256754735,26.411127567583456,26.411127567583456,-16.858560020233455,-16.858560020233455,19.856606014535284,2.998045994301829,2.581358781889587,0.1948729896296189,2.3864857922599683
2025-03-26 00:00:00-04:00,10.23715121085,10.23715121085,24.300824921181974,24.300824921181974,-14.063673710331974,-14.063673710331974,17.549907930348706,3.486234220016731,2.281488030945332,0.22660522430108754,2.0548828066442444
2025-03-27 00:00:00-04:00,10.212160243049999,10.212160243049999,22.819630446121582,22.819630446121582,-12.607470203071584,-12.607470203071584,16.212650624113028,3.605180421041444,2.1076445811346938,0.23433672736769387,1.8733078537669998
2025-03-28 00:00:00-04:00,9.450928431449999,9.450928431449999,22.701777543441924,22.701777543441924,-13.250849111991926,-13.250849111991926,16.381656327641203,3.130807215649279,2.1296153225933563,0.20350246901720315,1.9261128535761531
2025-03-29 00:00:00-04:00,7.496119777949999,7.496119777949999,27.81625431191024,27.81625431191024,-20.32013453396024,-20.32013453396024,21.532334926162314,1.2122003922020739,2.7992035404011006,0.0787930254931348,2.720410514907966
2025-03-30 00:00:00-04:00,6.375097962449999,6.375097962449999,25.985484502216515,25.985484502216515,-19.610386539766516,-19.610386539766516,20.46196994242417,0.8515834026576525,2.660056092515142,0.05535292117274742,2.6047031713423947
2025-03-31 00:00:00-04:00,5.467450834349999,5.467450834349999,21.96450202127441,21.96450202127441,-16.49705118692441,-16.49705118692441,17.190983788306905,0.6939326013824978,2.2348278924798977,0.04510561908986236,2.1897222733900352
2025-04-01 00:00:00-04:00,9.887056142849998,9.887056142849998,25.66555033031132,25.66555033031132,-15.778494187461321,-15.778494187461321,18.82213221594695,3.0436380284856304,2.4468771880731035,0.19783647185156597,2.2490407162215376
2025-04-02 00:00:00-04:00,4.267856898,4.267856898,23.84483013729756,23.84483013729756,-19.576973239297562,-19.576973239297562,20.759659371316417,1.1826861320188575,2.6987557182711344,0.07687459858122574,2.621881119689909
2025-04-03 00:00:00-04:00,4.174924037399999,4.174924037399999,24.693368304043926,24.693368304043926,-20.518444266643925,-20.518444266643925,21.017307326866888,0.49886306022296156,2.7322499524926953,0.0324260989144925,2.6998238535782026
2025-04-04 00:00:00-04:00,6.529055149799999,6.529055149799999,23.31610586288966,23.31610586288966,-16.787050713089663,-16.787050713089663,18.510358767563094,1.7233080544734332,2.4063466397832025,0.11201502354077315,2.294331616242429
2025-04-05 00:00:00-04:00,7.863267553199999,7.863267553199999,25.957662715684656,25.957662715684656,-18.094395162484656,-18.094395162484656,19.48648851526412,1.3920933527794621,2.533243506984336,0.09048606793066503,2.442757439053671
2025-04-06 00:00:00-04:00,7.1980574723999995,7.1980574723999995,29.371519961689927,29.371519961689927,-22.17346248928993,-22.17346248928993,23.09418183188174,0.920719342591815,3.0022436381446265,0.05984675726846798,2.9423968808761587
2025-04-07 00:00:00-04:00,1.294302137399999,1.294302137399999,22.737095736941495,22.737095736941495,-21.442793599541496,-21.442793599541496,21.442793599541496,0.0,2.7875631679403945,0.0,2.7875631679403945
2025-04-08 00:00:00-04:00,9.182581850699998,9.182581850699998,22.424533153911472,22.424533153911472,-13.241951303211474,-13.241951303211474,16.805721479864197,3.563770176652722,2.1847437923823456,0.23164506148242694,1.9530987308999186
2025-04-09 00:00:00-04:00,10.6106630913,10.6106630913,22.222713586691327,22.222713586691327,-11.612050495391328,-11.612050495391328,15.54069918204761,3.928648686656284,2.0202908936661896,0.2553621646326585,1.7649287290335312
2025-04-10 00:00:00-04:00,4.4779180373999985,4.4779180373999985,25.436257478099826,25.436257478099826,-20.958339440699827,-20.958339440699827,21.0851263753591,0.1267869346592727,2.741066428796683,0.008241150752852727,2.7328252780438302
2025-04-11 00:00:00-04:00,4.318971861599999,4.318971861599999,25.58641358705884,25.58641358705884,-21.26744172545884,-21.26744172545884,22.263844088104484,0.996402362645643,2.894299731453583,0.0647661535719668,2.8295335778816164
2025-04-12 00:00:00-04:00,5.3579791332,5.3579791332,26.635590802518315,26.635590802518315,-21.27761166931832,-21.27761166931832,21.90635484541175,0.6287431760934352,2.847826129903528,0.04086830644607329,2.806957823457455
2025-04-13 00:00:00-04:00,10.017175567499999,10.017175567499999,29.593250354886138,29.593250354886138,-19.576074787386137,-19.576074787386137,22.313784680365547,2.7377098929794106,2.9007920084475214,0.1779511430436617,2.72284086540386
2025-04-14 00:00:00-04:00,9.268168585049999,9.268168585049999,25.290395805858235,25.290395805858235,-16.022227220808237,-16.022227220808237,18.719162247461128,2.6969350266528895,2.433491092169947,0.17530077673243782,2.258190315437509
2025-04-15 00:00:00-04:00,5.708527593299999,5.708527593299999,23.041156915479068,23.041156915479068,-17.33262932217907,-17.33262932217907,18.989088400840718,1.6564590786616495,2.4685814921092932,0.10766984011300722,2.360911651996286
2025-04-16 00:00:00-04:00,10.02415727745,10.02415727745,23.60358447324274,23.60358447324274,-13.579427195792743,-13.579427195792743,16.929994485755934,3.35056728996319,2.2008992831482717,0.21778687384760737,1.9831124093006642
2025-04-17 00:00:00-04:00,9.7501824225,9.7501824225,24.82220662941941,24.82220662941941,-15.07202420691941,-15.07202420691941,18.184325956533858,3.1123017496144474,2.3639623743494016,0.2022996137249391,2.1616627606244627
2025-04-18 00:00:00-04:00,9.3523212522,9.3523212522,22.140796918223515,22.140796918223515,-12.788475666023517,-12.788475666023517,15.938948509545195,3.150472843521679,2.0720633062408753,0.20478073482890913,1.867282571411966
2025-04-19 00:00:00-04:00,8.01778026015,8.01778026015,29.05028233845168,29.05028233845168,-21.032502078301683,-21.032502078301683,22.989520738699923,1.9570186603982407,2.98863769603099,0.12720621292588566,2.8614314831051044
2025-04-20 00:00:00-04:00,7.737986354399999,7.737986354399999,28.2949515278855,28.2949515278855,-20.5569651734855,-20.5569651734855,22.53523734266439,1.9782721691788896,2.929580854546371,0.12858769099662784,2.800993163549743
2025-04-21 00:00:00-04:00,9.0453723786,9.0453723786,24.19001558815051,24.19001558815051,-15.14464320955051,-15.14464320955051,17.622340191620026,2.477696982069514,2.2909042249106033,0.16105030383451843,2.129853921076085
2025-04-22 00:00:00-04:00,6.416683917299999,6.416683917299999,24.751903976978344,24.751903976978344,-18.335220059678345,-18.335220059678345,19.150085604653547,0.8148655449752027,2.489511128604961,0.05296626042338818,2.436544868181573
2025-04-23 00:00:00-04:00,8.92702848015,8.92702848015,23.241840855987036,23.241840855987036,-14.314812375837036,-14.314812375837036,17.059072049445696,2.7442596736086586,2.2176793664279404,0.17837687878456282,2.0393024876433774
2025-04-24 00:00:00-04:00,8.247170567249999,8.247170567249999,25.56300217262583,25.56300217262583,-17.315831605375827,-17.315831605375827,19.276298439488485,1.9604668341126583,2.505918797133503,0.1274303442173228,2.37848845291618
2025-04-25 00:00:00-04:00,6.107842403099999,6.107842403099999,24.07621755750916,24.07621755750916,-17.96837515440916,-17.96837515440916,18.61355701531032,0.6451818609011613,2.419762411990342,0.04193682095857548,2.3778255910317663
2025-04-26 00:00:00-04:00,7.008190073099999,7.008190073099999,24.35162910155351,24.35162910155351,-17.34343902845351,-17.34343902845351,19.071335304852294,1.7278962763987853,2.4792735896307985,0.11231325796592105,2.3669603316648775
2025-04-27 00:00:00-04:00,10.05417844785,10.05417844785,29.185008481256208,29.185008481256208,-19.13083003340621,-19.13083003340621,21.741924248879425,2.6110942154732144,2.8264501523543255,0.16972112400575895,2.6567290283485665
2025-04-28 00:00:00-04:00,10.0179476271,10.0179476271,23.691660741460815,23.691660741460815,-13.673713114360815,-13.673713114360815,16.98990128294919,3.3161881685883765,2.208687166783395,0.21555223095824447,1.9931349358251504
2025-04-29 00:00:00-04:00,9.5771194695,9.5771194695,25.50076836806974,25.50076836806974,-15.92364889856974,-15.92364889856974,18.712388824296838,2.788739925727098,2.432610547158589,0.1812680951722614,2.2513424519863277
2025-04-30 00:00:00-04:00,8.999271248849999,8.999271248849999,23.886006034896376,23.886006034896376,-14.886734786046375,-14.886734786046375,17.338289476425167,2.4515546903787913,2.253977631935272,0.15935105487462145,2.0946265770606507
2025-05-01 00:00:00-04:00,8.621064789299998,8.621064789299998,22.139064037914707,22.139064037914707,-13.517999248614709,-13.517999248614709,15.960164075119176,2.442164826504467,2.0748213297654927,0.15874071372279036,1.9160806160427024
2025-05-02 00:00:00-04:00,8.612825856749998,8.612825856749998,24.570055930124088,24.570055930124088,-15.95723007337409,-15.95723007337409,18.239772954320234,2.282542880946145,2.3711704840616306,0.14836528726149945,2.222805196800131
2025-05-03 00:00:00-04:00,7.851006009449999,7.851006009449999,24.42423589614423,24.42423589614423,-16.57322988669423,-16.57322988669423,18.35062231017149,1.777392423477262,2.385580900322294,0.11553050752602204,2.270050392796272
2025-05-04 00:00:00-04:00,5.543799366149998,5.543799366149998,26.14175109627676,26.14175109627676,-20.59795173012676,-20.59795173012676,21.95176473777545,1.3538130076486887,2.8537294159108084,0.08799784549716477,2.7657315704136436
2025-05-05 00:00:00-04:00,5.940373304699999,5.940373304699999,23.404605529439614,23.404605529439614,-17.464232224739614,-17.464232224739614,18.856603724256328,1.392371499516711,2.4513584841533227,0.09050414746858622,2.3608543366847363
2025-05-06 00:00:00-04:00,9.556647799499999,9.556647799499999,23.728845678121846,23.728845678121846,-14.172197878621846,-14.172197878621846,17.0583091902343,2.886111311612453,2.217580194730459,0.18759723525480945,2.0299829594756496
2025-05-07 00:00:00-04:00,7.690104512549998,7.690104512549998,24.15253450503923,24.15253450503923,-16.462429992489234,-16.462429992489234,17.975594288873594,1.5131642963843603,2.3368272575535673,0.09835567926498343,2.238471578288584
2025-05-08 00:00:00-04:00,8.706933402299999,8.706933402299999,26.31862984934661,26.31862984934661,-17.61169644704661,-17.61169644704661,19.97368730483265,2.3619908577860427,2.5965793496282448,0.15352940575609278,2.443049943872152
2025-05-09 00:00:00-04:00,7.8887548025999985,7.8887548025999985,24.75832175265416,24.75832175265416,-16.86956695005416,-16.86956695005416,18.687066210578525,1.8174992605243636,2.429318607375208,0.11813745193408363,2.311181155441125
2025-05-10 00:00:00-04:00,6.986030799149999,6.986030799149999,26.655894534619502,26.655894534619502,-19.669863735469505,-19.669863735469505,20.679584336451043,1.0097206009815394,2.6883459637386355,0.06563183906380006,2.6227141246748356
2025-05-11 00:00:00-04:00,2.1899406995999993,2.1899406995999993,28.018698326235175,28.018698326235175,-25.828757626635173,-25.828757626635173,25.828757626635173,0.0,3.3577384914625727,0.0,3.3577384914625727
2025-05-12 00:00:00-04:00,1.2783320909999987,1.2783320909999987,22.262657228320755,22.262657228320755,-20.984325137320756,-20.984325137320756,20.984325137320756,0.0,2.7279622678516984,0.0,2.7279622678516984
2025-05-13 00:00:00-04:00,6.678528495749998,6.678528495749998,25.114125457547214,25.114125457547214,-18.435596961797216,-18.435596961797216,19.940312683117014,1.504715721319798,2.592240648805212,0.09780652188578687,2.4944341269194252
2025-05-14 00:00:00-04:00,5.0380684883999995,5.0380684883999995,26.247502588648715,26.247502588648715,-21.209434100248718,-21.209434100248718,21.504395777280102,0.2949616770313839,2.7955714510464134,0.019172509007039953,2.7763989420393735
2025-05-15 00:00:00-04:00,7.9750790271,7.9750790271,26.30367166679565,26.30367166679565,-18.32859263969565,-18.32859263969565,19.91846654117452,1.5898739014788688,2.5894006503526876,0.10334180359612648,2.486058846756561
2025-05-16 00:00:00-04:00,5.525036383049999,5.525036383049999,26.72188658092746,26.72188658092746,-21.196850197877463,-21.196850197877463,21.252396482998755,0.055546285121290395,2.762811542789838,0.0036105085328838756,2.759201034256954
2025-05-17 00:00:00-04:00,7.56700600455,7.56700600455,27.863911797135327,27.863911797135327,-20.296905792585328,-20.296905792585328,22.331218520520526,2.034312727935197,2.9030584076676687,0.1322303273157878,2.770828080351881
2025-05-18 00:00:00-04:00,9.014720459849999,9.014720459849999,27.264288790660693,27.264288790660693,-18.249568330810696,-18.249568330810696,20.53938315763415,2.289814826823454,2.6701198104924395,0.1488379637435245,2.521281846748915
2025-05-19 00:00:00-04:00,8.3120477238,8.3120477238,24.72111341026736,24.72111341026736,-16.409065686467365,-16.409065686467365,18.30584547097903,1.8967797845116658,2.379759911227274,0.12329068599325828,2.256469225234016
2025-05-20 00:00:00-04:00,8.64479311425,8.64479311425,26.759448534938095,26.759448534938095,-18.1146554206881,-18.1146554206881,20.05827031930604,1.9436148986179418,2.6075751415097854,0.12633496841016623,2.481240173099619
2025-05-21 00:00:00-04:00,8.27534769435,8.27534769435,23.940225138593078,23.940225138593078,-15.66487744424308,-15.66487744424308,18.12516116661507,2.46028372237199,2.356270951659959,0.15991844195417934,2.19635250970578
2025-05-22 00:00:00-04:00,8.49090026925,8.49090026925,22.907840148932674,22.907840148932674,-14.416939879682676,-14.416939879682676,16.950918928013248,2.533979048330571,2.2036194606417223,0.16470863814148712,2.038910822500235
2025-05-23 00:00:00-04:00,9.590380935299999,9.590380935299999,22.772378853326504,22.772378853326504,-13.181997918026505,-13.181997918026505,16.23490820683566,3.0529102888091515,2.1105380668886355,0.19843916877259485,1.9120988981160407
2025-05-24 00:00:00-04:00,9.251506912049999,9.251506912049999,28.033222554831298,28.033222554831298,-18.7817156427813,-18.7817156427813,20.9395253864528,2.1578097436714994,2.722138300238864,0.14025763333864746,2.581880666900217
2025-05-25 00:00:00-04:00,7.368212781899999,7.368212781899999,26.990523061817754,26.990523061817754,-19.622310279917755,-19.622310279917755,20.545282014256184,0.9229717343384309,2.670886661853304,0.059993162731998013,2.610893499121306
2025-05-26 00:00:00-04:00,1.6588773040499993,1.6588773040499993,26.507655495484855,26.507655495484855,-24.848778191434857,-24.848778191434857,24.848778191434857,0.0,3.2303411648865317,0.0,3.2303411648865317
2025-05-27 00:00:00-04:00,1.0446836611499988,1.0446836611499988,24.374700183300614,24.374700183300614,-23.330016522150615,-23.330016522150615,23.330016522150615,0.0,3.03290214787958,0.0,3.03290214787958
2025-05-28 00:00:00-04:00,4.571779179599998,4.571779179599998,25.976641478304213,25.976641478304213,-21.404862298704213,-21.404862298704213,21.839420559399514,0.43455826069530173,2.839124672721937,0.028246286945194612,2.8108783857767423
2025-05-29 00:00:00-04:00,5.211802974599999,5.211802974599999,24.04145250708452,24.04145250708452,-18.829649532484524,-18.829649532484524,19.116971816468073,0.2873222839835487,2.4852063361408496,0.018675948458930666,2.466530387681919
2025-05-30 00:00:00-04:00,4.717996078499999,4.717996078499999,26.19418747474093,26.19418747474093,-21.476191396240928,-21.476191396240928,21.68476379543328,0.20857239919235065,2.8190192934063267,0.013557205947502792,2.805462087458824
2025-05-31 00:00:00-04:00,7.125745059899999,7.125745059899999,25.10166826816827,25.10166826816827,-17.975923208268274,-17.975923208268274,19.494302336448445,1.5183791281801708,2.534259303738298,0.0986946433317111,2.435564660406587
2025-06-01 00:00:00-04:00,7.799385596399999,7.799385596399999,28.34600708725504,28.34600708725504,-20.54662149085504,-20.54662149085504,21.607218610202874,1.0605971193478356,2.8089384193263736,0.06893881275760932,2.739999606568764
2025-06-02 00:00:00-04:00,9.616476114,9.616476114,26.28251147553945,26.28251147553945,-16.66603536153945,-16.66603536153945,19.139618489606733,2.4735831280672818,2.4881504036488753,0.1607829033243733,2.327367500324502
2025-06-03 00:00:00-04:00,9.503349186599998,9.503349186599998,24.95793976580757,24.95793976580757,-15.45459057920757,-15.45459057920757,18.123978489088078,2.6693879098805082,2.35611720358145,0.17351021414223303,2.182606989439217
2025-06-04 00:00:00-04:00,7.783276508099999,7.783276508099999,26.15508208657562,26.15508208657562,-18.37180557847562,-18.37180557847562,19.86997452447841,1.4981689460027878,2.5830966881821933,0.0973809814901812,2.485715706692012
2025-06-05 00:00:00-04:00,1.6664475464999993,1.6664475464999993,23.720841912103968,23.720841912103968,-22.05439436560397,-22.05439436560397,22.05439436560397,0.0,2.867071267528516,0.0,2.867071267528516
2025-06-06 00:00:00-04:00,8.979362100899998,8.979362100899998,22.72898723330575,22.72898723330575,-13.749625132405752,-13.749625132405752,16.345631238007275,2.5960061056015236,2.124932060940946,0.16874039686409903,1.9561916640768469
2025-06-07 00:00:00-04:00,7.8005707344,7.8005707344,28.62990631886571,28.62990631886571,-20.829335584465714,-20.829335584465714,22.157437386689473,1.328101802223762,2.8804668602696317,0.08632661714454454,2.7941402431250872
2025-06-08 00:00:00-04:00,7.173270027899998,7.173270027899998,27.07065255119716,27.07065255119716,-19.897382523297164,-19.897382523297164,21.043078855222586,1.145696331925422,2.735600251178936,0.07447026157515244,2.6611299896037837
2025-06-09 00:00:00-04:00,8.6496066081,8.6496066081,23.516359125468362,23.516359125468362,-14.866752517368365,-14.866752517368365,17.245511787069553,2.378759269701191,2.241916532319042,0.1546193525305774,2.0872971797884645
2025-06-10 00:00:00-04:00,6.270351064199999,6.270351064199999,22.659483087843732,22.659483087843732,-16.389132023643736,-16.389132023643736,17.17468515513625,0.7855531314925135,2.2327090701677124,0.05106095354701338,2.181648116620699
2025-06-11 00:00:00-04:00,7.970248859399999,7.970248859399999,22.999052120220757,22.999052120220757,-15.028803260820757,-15.028803260820757,17.092081936012793,2.0632786751920342,2.221970651681663,0.13411311388748223,2.087857537794181
2025-06-12 00:00:00-04:00,7.580196710099999,7.580196710099999,22.893138415752194,22.893138415752194,-15.312941705652193,-15.312941705652193,16.855694962044673,1.5427532563924782,2.1912403450658076,0.10027896166551109,2.0909613834002965
2025-06-13 00:00:00-04:00,3.9572599220999987,3.9572599220999987,23.228974382774407,23.228974382774407,-19.27171446067441,-19.27171446067441,19.27171446067441,0.0,2.5053228798876734,0.0,2.5053228798876734
2025-06-14 00:00:00-04:00,7.588110596399999,7.588110596399999,25.845801217957607,25.845801217957607,-18.257690621557607,-18.257690621557607,20.010623032067215,1.7529324105096071,2.6013809941687382,0.11394060668312447,2.4874403874856137
2025-06-15 00:00:00-04:00,7.137012953699999,7.137012953699999,28.757240204334785,28.757240204334785,-21.620227250634787,-21.620227250634787,22.41543933641645,0.7952120857816662,2.914007113734139,0.051688785575808305,2.8623183281583304
2025-06-16 00:00:00-04:00,5.985920633399999,5.985920633399999,25.742399053379803,25.742399053379803,-19.756478419979803,-19.756478419979803,20.38202469281961,0.6255462728398034,2.6496632100665494,0.040660507734587216,2.609002702331962
2025-06-17 00:00:00-04:00,8.101461366899999,8.101461366899999,21.888552982251493,21.888552982251493,-13.787091615351494,-13.787091615351494,15.913487606632527,2.1263959912810333,2.0687533888622287,0.13821573943326718,1.9305376494289614
2025-06-18 00:00:00-04:00,8.912039526,8.912039526,24.891528035628962,24.891528035628962,-15.979488509628963,-15.979488509628963,18.259054990713523,2.2795664810845597,2.373677148792758,0.14817182127049638,2.2255053275222614
2025-06-19 00:00:00-04:00,8.8499716992,8.8499716992,22.24068631083844,22.24068631083844,-13.390714611638442,-13.390714611638442,15.905418993449707,2.5147043818112644,2.067704469148462,0.16345578481773218,1.9042486843307296
2025-06-20 00:00:00-04:00,9.365727951,9.365727951,24.17147152180506,24.17147152180506,-14.80574357080506,-14.80574357080506,17.489725444435155,2.6839818736300955,2.27366430777657,0.1744588217859562,2.099205485990614
2025-06-21 00:00:00-04:00,9.115619526,9.115619526,24.589219533994566,24.589219533994566,-15.473600007994566,-15.473600007994566,18.064816972908986,2.5912169649144188,2.3484262064781682,0.16842910271943723,2.179997103758731
2025-06-22 00:00:00-04:00,8.6382703665,8.6382703665,25.080202266511492,25.080202266511492,-16.441931900011493,-16.441931900011493,18.615406542515817,2.173474642504322,2.4200028505270565,0.14127585176278093,2.2787269987642755
2025-06-23 00:00:00-04:00,8.799872502599998,8.799872502599998,25.36813977525412,25.36813977525412,-16.568267272654122,-16.568267272654122,18.80135720787665,2.233089935222528,2.4441764370239643,0.14515084578946433,2.2990255912345
2025-06-24 00:00:00-04:00,8.159597132399998,8.159597132399998,26.36436623695807,26.36436623695807,-18.20476910455807,-18.20476910455807,19.98171266350169,1.7769435589436184,2.59762264625522,0.11550133133133521,2.4821213149238845
2025-06-25 00:00:00-04:00,5.041015905599999,5.041015905599999,23.783744761818042,23.783744761818042,-18.742728856218044,-18.742728856218044,18.867542857283,0.12481400106495344,2.45278057144679,0.008112910069221975,2.444667661377568
2025-06-26 00:00:00-04:00,8.6743485036,8.6743485036,23.018376171494083,23.018376171494083,-14.344027667894084,-14.344027667894084,16.731926570696665,2.387898902802581,2.1751504541905664,0.15521342868216778,2.0199370255083986
2025-06-27 00:00:00-04:00,7.642805768099999,7.642805768099999,23.080244532472484,23.080244532472484,-15.437438764372484,-15.437438764372484,17.093158530297913,1.6557197659254295,2.2221106089387286,0.10762178478515291,2.1144888241535758
2025-06-28 00:00:00-04:00,6.8718140208,6.8718140208,25.98109857732708,25.98109857732708,-19.109284556527083,-19.109284556527083,19.62684452606234,0.5175599695352555,2.5514897883881043,0.03364139801979161,2.5178483903683126
2025-06-29 00:00:00-04:00,8.1934707276,8.1934707276,24.176885553673046,24.176885553673046,-15.983414826073048,-15.983414826073048,17.827724747268633,1.844309921195583,2.3176042171449223,0.1198801448777129,2.1977240722672096
2025-06-30 00:00:00-04:00,8.049154515299998,8.049154515299998,25.117371824010583,25.117371824010583,-17.068217308710587,-17.068217308710587,18.880035196276165,1.8118178875655768,2.4544045755159014,0.1177681626917625,2.336636412824139
2025-07-01 00:00:00-04:00,7.872639401699999,7.872639401699999,23.724127538147965,23.724127538147965,-15.851488136447966,-15.851488136447966,17.826647087129732,1.975158950681767,2.317464121326865,0.12838533179431486,2.1890787895325503
2025-07-02 00:00:00-04:00,3.968925261299999,3.968925261299999,26.026865992183797,26.026865992183797,-22.057940730883796,-22.057940730883796,22.898287360316232,0.8403466294324353,2.9767773568411102,0.0546225309131083,2.922154825928002
2025-07-03 00:00:00-04:00,8.2798314318,8.2798314318,24.217771472586467,24.217771472586467,-15.937940040786467,-15.937940040786467,17.965775108281303,2.0278350674948347,2.3355507640765696,0.13180927938716425,2.2037414846894054
2025-07-04 00:00:00-04:00,8.899127963999998,8.899127963999998,24.956936180462158,24.956936180462158,-16.057808216462156,-16.057808216462156,18.266027297296237,2.2082190808340796,2.374583548648511,0.14353424025421518,2.231049308394296
2025-07-05 00:00:00-04:00,8.77288765905,8.77288765905,24.80303556318856,24.80303556318856,-16.03014790413856,-16.03014790413856,18.376455376676027,2.346307472537467,2.3889391989678836,0.15250998571493535,2.2364292132529484
2025-07-06 00:00:00-04:00,1.612276050599999,1.612276050599999,25.446286116140598,25.446286116140598,-23.8340100655406,-23.8340100655406,23.8340100655406,0.0,3.098421308520278,0.0,3.098421308520278
2025-07-07 00:00:00-04:00,7.709665563,7.709665563,24.243025589146285,24.243025589146285,-16.533360026146283,-16.533360026146283,18.40007986321584,1.8667198370695575,2.3920103822180594,0.12133678940952124,2.270673592808538
2025-07-08 00:00:00-04:00,7.924827061799999,7.924827061799999,24.414135700533958,24.414135700533958,-16.48930863873396,-16.48930863873396,18.301659552380528,1.8123509136465668,2.379215741809469,0.11780280938702685,2.261412932422442
2025-07-09 00:00:00-04:00,7.948129368599999,7.948129368599999,22.30353822892736,22.30353822892736,-14.355408860327358,-14.355408860327358,16.570859951981358,2.2154510916539984,2.1542117937575767,0.1440043209575099,2.010207472800067
2025-07-10 00:00:00-04:00,6.383572163549999,6.383572163549999,22.02793059120477,22.02793059120477,-15.644358427654769,-15.644358427654769,17.501679362969707,1.8573209353149376,2.275218317186062,0.12072586079547094,2.154492456390591
2025-07-11 00:00:00-04:00,7.325644893749998,7.325644893749998,26.42923993617244,26.42923993617244,-19.10359504242244,-19.10359504242244,21.212677064556214,2.1090820221337725,2.7576480183923078,0.13709033143869523,2.6205576869536125
2025-07-12 00:00:00-04:00,8.758596811499999,8.758596811499999,25.290501004694676,25.290501004694676,-16.531904193194677,-16.531904193194677,18.82824561600613,2.296341422811454,2.447671930080797,0.1492621924827445,2.2984097375980523
2025-07-13 00:00:00-04:00,7.974297055799998,7.974297055799998,26.35870101409643,26.35870101409643,-18.38440395829643,-18.38440395829643,19.779382408480302,1.3949784501838716,2.5713197131024392,0.09067359926195165,2.4806461138404874
2025-07-14 00:00:00-04:00,7.611688004849999,7.611688004849999,24.758144463484577,24.758144463484577,-17.146456458634578,-17.146456458634578,18.920619933962158,1.7741634753275806,2.4596805914150806,0.11532062589629274,2.344359965518788
2025-07-15 00:00:00-04:00,7.313784170399999,7.313784170399999,26.214610440333008,26.214610440333008,-18.90082626993301,-18.90082626993301,20.742164877151094,1.8413386072180842,2.6964814340296424,0.11968700946917547,2.576794424560467
2025-07-16 00:00:00-04:00,8.0163985203,8.0163985203,24.499688336421123,24.499688336421123,-16.483289816121125,-16.483289816121125,18.669734742582264,2.186444926461141,2.4270655165356945,0.14211892021997416,2.2849465963157205
2025-07-17 00:00:00-04:00,7.151770523249999,7.151770523249999,22.474877563306112,22.474877563306112,-15.323107040056113,-15.323107040056113,17.21820276800379,1.8950957279476746,2.2383663598404926,0.12318122231659885,2.115185137523894
2025-07-18 00:00:00-04:00,8.48189593125,8.48189593125,23.51120985334558,23.51120985334558,-15.02931392209558,-15.02931392209558,17.216617120317313,2.1873031982217332,2.2381602256412507,0.14217470788441267,2.095985517756838
2025-07-19 00:00:00-04:00,5.178450540149999,5.178450540149999,26.28110076305794,26.28110076305794,-21.10265022290794,-21.10265022290794,21.44022495473423,0.33757473182628867,2.78722924411545,0.021942357568708763,2.7652868865467415
2025-07-20 00:00:00-04:00,8.645232747149999,8.645232747149999,26.85942094968736,26.85942094968736,-18.21418820253736,-18.21418820253736,20.10152530812761,1.8873371055902473,2.613198290056589,0.12267691186336607,2.490521378193223
2025-07-21 00:00:00-04:00,7.918414197299999,7.918414197299999,25.760660022675207,25.760660022675207,-17.842245825375212,-17.842245825375212,19.74062602152337,1.8983801961481586,2.566281382798038,0.1233947127496303,2.442886670048408
2025-07-22 00:00:00-04:00,7.671117201299999,7.671117201299999,22.171107540586696,22.171107540586696,-14.499990339286699,-14.499990339286699,16.787548645852354,2.287558306565657,2.182381323960806,0.14869128992676772,2.0336900340340383
2025-07-23 00:00:00-04:00,8.90315191305,8.90315191305,25.561346904813334,25.561346904813334,-16.658194991763335,-16.658194991763335,18.79390436963268,2.1357093778693454,2.4432075680522485,0.13882110956150745,2.304386458490741
2025-07-24 00:00:00-04:00,8.500021286399999,8.500021286399999,22.30940331430766,22.30940331430766,-13.809382027907661,-13.809382027907661,16.28499039007187,2.475608362164208,2.117048750709343,0.16091454354067353,1.9561342071686696
2025-07-25 00:00:00-04:00,8.751230884799998,8.751230884799998,22.271599719337452,22.271599719337452,-13.520368834537454,-13.520368834537454,16.147398341850597,2.6270295073131433,2.0991617844405774,0.17075691797535433,1.9284048664652231
2025-07-26 00:00:00-04:00,8.918405534699998,8.918405534699998,28.5283600474136,28.5283600474136,-19.6099545127136,-19.6099545127136,21.840018785305602,2.2300642725920037,2.8392024420897286,0.14495417771848024,2.6942482643712484
2025-07-27 00:00:00-04:00,8.707252227749999,8.707252227749999,24.500001794573926,24.500001794573926,-15.792749566823927,-15.792749566823927,18.22527393695819,2.432524370134262,2.3692856118045644,0.158114084058727,2.2111715277458375
2025-07-28 00:00:00-04:00,8.822127519899999,8.822127519899999,23.191267608944422,23.191267608944422,-14.369140089044423,-14.369140089044423,16.969132778623305,2.599992689578882,2.2059872612210296,0.16899952482262734,2.036987736398402
2025-07-29 00:00:00-04:00,8.2833603372,8.2833603372,25.73246596408043,25.73246596408043,-17.44910562688043,-17.44910562688043,19.497573000425657,2.0484673735452255,2.5346844900553354,0.13315037928043966,2.4015341107748958
2025-07-30 00:00:00-04:00,8.611218198449997,8.611218198449997,26.213034838551653,26.213034838551653,-17.601816640101656,-17.601816640101656,19.898778330467373,2.296961690365718,2.5868411829607587,0.14930250987377167,2.437538673086987
2025-07-31 00:00:00-04:00,5.451055028999999,5.451055028999999,23.447505272622397,23.447505272622397,-17.996450243622398,-17.996450243622398,19.59057668903947,1.5941264454170694,2.546774969575131,0.10361821895210951,2.4431567506230216
2025-08-01 00:00:00-04:00,3.758773431599999,3.758773431599999,22.641493157043623,22.641493157043623,-18.882719725443625,-18.882719725443625,19.321287879010683,0.43856815356705703,2.511767424271389,0.02850692998185871,2.48326049428953
2025-08-02 00:00:00-04:00,3.398988743999999,3.398988743999999,27.201590141856922,27.201590141856922,-23.80260139785692,-23.80260139785692,23.80260139785692,0.0,3.0943381817213997,0.0,3.0943381817213997
2025-08-03 00:00:00-04:00,7.300548131849999,7.300548131849999,25.812100013844855,25.812100013844855,-18.51155188199486,-18.51155188199486,19.725419924707015,1.2138680427121575,2.564304590211912,0.07890142277629024,2.485403167435622
2025-08-04 00:00:00-04:00,9.1985481792,9.1985481792,22.458894611547716,22.458894611547716,-13.260346432347719,-13.260346432347719,16.14516100652309,2.8848145741753703,2.0988709308480016,0.1875129473213991,1.9113579835266026
2025-08-05 00:00:00-04:00,2.441878381349999,2.441878381349999,22.181793418154978,22.181793418154978,-19.739915036804977,-19.739915036804977,19.739915036804977,0.0,2.5661889547846473,0.0,2.5661889547846473
2025-08-06 00:00:00-04:00,1.555538748749999,1.555538748749999,25.606681772661634,25.606681772661634,-24.051143023911635,-24.051143023911635,24.051143023911635,0.0,3.126648593108513,0.0,3.126648593108513
2025-08-07 00:00:00-04:00,2.019909676499999,2.019909676499999,23.214047162163144,23.214047162163144,-21.194137485663145,-21.194137485663145,21.194137485663145,0.0,2.755237873136209,0.0,2.755237873136209
2025-08-08 00:00:00-04:00,6.2892561334499995,6.2892561334499995,24.585081950585373,24.585081950585373,-18.295825817135373,-18.295825817135373,19.651584346600178,1.3557585294648058,2.554705965058023,0.08812430441521238,2.466581660642811
2025-08-09 00:00:00-04:00,9.2059814493,9.2059814493,25.684849159729662,25.684849159729662,-16.478867710429665,-16.478867710429665,18.995963016997496,2.5170953065678314,2.4694751922096745,0.16361119492690904,2.3058639972827653
2025-08-10 00:00:00-04:00,7.834577312699998,7.834577312699998,26.476257489957746,26.476257489957746,-18.641680177257747,-18.641680177257747,20.136692497214845,1.4950123199570993,2.61777002463793,0.09717580079721146,2.5205942238407184
2025-08-11 00:00:00-04:00,4.135380085799999,4.135380085799999,23.53682244946905,23.53682244946905,-19.40144236366905,-19.40144236366905,19.874622904449208,0.47318054078015453,2.5837009775783972,0.030756735150710045,2.5529442424276874
2025-08-12 00:00:00-04:00,3.0540806149499993,3.0540806149499993,23.678950479675095,23.678950479675095,-20.624869864725095,-20.624869864725095,20.624869864725095,0.0,2.6812330824142623,0.0,2.6812330824142623
2025-08-13 00:00:00-04:00,4.752713096999999,4.752713096999999,24.62444219073656,24.62444219073656,-19.87172909373656,-19.87172909373656,20.629777020382683,0.7580479266461218,2.681871012649749,0.04927311523199791,2.632597897417751
2025-08-14 00:00:00-04:00,5.434092611099999,5.434092611099999,25.723817968806244,25.723817968806244,-20.289725357706246,-20.289725357706246,21.4238826367696,1.1341572790633547,2.785104742780048,0.07372022313911807,2.71138451964093
2025-08-15 00:00:00-04:00,7.802782949699998,7.802782949699998,24.816952288381962,24.816952288381962,-17.014169338681963,-17.014169338681963,18.960717178748034,1.9465478400660707,2.4648932332372446,0.1265256096042946,2.33836762363295
2025-08-16 00:00:00-04:00,7.350789499649999,7.350789499649999,24.709940951427225,24.709940951427225,-17.359151451777226,-17.359151451777226,19.304947638324922,1.9457961865476987,2.50964319298224,0.12647675212560042,2.3831664408566398
2025-08-17 00:00:00-04:00,8.767388655449999,8.767388655449999,28.57548848901048,28.57548848901048,-19.80809983356048,-19.80809983356048,21.989921517686472,2.18182168412599,2.8586897972992413,0.14181840946818935,2.716871387831052
2025-08-18 00:00:00-04:00,7.725368869043132,7.725368869043132,25.59541019008656,25.59541019008656,-17.87004132104343,-17.87004132104343,19.62970856685693,1.7596672458134999,2.551862113691401,0.1143783709778775,2.4374837427135234
2025-08-19 00:00:00-04:00,3.5027069408999987,3.5027069408999987,22.558792883193643,22.558792883193643,-19.056085942293645,-19.056085942293645,19.21808695368133,0.16200101138768536,2.498351303978573,0.01053006574019955,2.4878212382383733
2025-08-20 00:00:00-04:00,5.427879807149999,5.427879807149999,23.814115259588952,23.814115259588952,-18.386235452438953,-18.386235452438953,19.732178820595617,1.3459433681566615,2.5651832466774303,0.087486318930183,2.4776969277472474
2025-08-21 00:00:00-04:00,6.224368070249999,6.224368070249999,23.638662317543773,23.638662317543773,-17.414294247293775,-17.414294247293775,18.697343816576197,1.2830495692824229,2.430654696154906,0.08339822200335749,2.3472564741515485
2025-08-22 00:00:00-04:00,6.086496932099998,6.086496932099998,24.33203246281684,24.33203246281684,-18.24553553071684,-18.24553553071684,19.057396764903586,0.8118612341867433,2.4774615794374664,0.05277098022213832,2.424690599215328
2025-08-23 00:00:00-04:00,6.431778253799999,6.431778253799999,26.80182078983909,26.80182078983909,-20.37004253603909,-20.37004253603909,21.834195556797532,1.4641530207584421,2.8384454223836793,0.09516994634929873,2.7432754760343805
2025-08-24 00:00:00-04:00,7.736132948849999,7.736132948849999,26.384804896240645,26.384804896240645,-18.64867194739065,-18.64867194739065,20.37467378281664,1.7260018354259903,2.648707591766163,0.11219011930268938,2.5365174724634736
2025-08-25 00:00:00-04:00,8.381437444349999,8.381437444349999,24.907021882750115,24.907021882750115,-16.525584438400113,-16.525584438400113,18.746005692133952,2.2204212537338357,2.4369807399774137,0.14432738149269933,2.2926533584847144
2025-08-26 00:00:00-04:00,7.218168287399998,7.218168287399998,23.944043573509187,23.944043573509187,-16.72587528610919,-16.72587528610919,18.86247748977267,2.13660220366348,2.452122073670447,0.13887914323812622,2.313242930432321
2025-08-27 00:00:00-04:00,8.930637697049999,8.930637697049999,25.051338984603163,25.051338984603163,-16.120701287553164,-16.120701287553164,18.68873699890101,2.568035711347848,2.4295358098571316,0.1669223212376101,2.2626134886195213
2025-08-28 00:00:00-04:00,8.0342511066,8.0342511066,23.44687919139813,23.44687919139813,-15.412628084798127,-15.412628084798127,17.92587932477855,2.51325123998042,2.3303643122212114,0.1633613305987273,2.1670029816224843
2025-08-29 00:00:00-04:00,9.250030167299998,9.250030167299998,26.356507589523787,26.356507589523787,-17.106477422223787,-17.106477422223787,19.679523363404876,2.573045941181088,2.558338037242634,0.16724798617677075,2.3910900510658633
2025-08-30 00:00:00-04:00,8.938285505099998,8.938285505099998,24.70988606807744,24.70988606807744,-15.771600562977444,-15.771600562977444,18.430623488042524,2.6590229250650785,2.3959810534455284,0.1728364901292301,2.223144563316298
2025-08-31 00:00:00-04:00,9.024320648699998,9.024320648699998,26.80136192128642,26.80136192128642,-17.777041272586423,-17.777041272586423,20.29940634084052,2.5223650682540972,2.6389228243092675,0.16395372943651632,2.474969094872751
2025-09-01 00:00:00-04:00,9.4913907327,9.4913907327,24.605545189164243,24.605545189164243,-15.114154456464245,-15.114154456464245,17.97224577995378,2.858091323489535,2.3363919513939915,0.1857759360268198,2.150616015367172
2025-09-02 00:00:00-04:00,8.2630568718,8.2630568718,25.793466136123392,25.793466136123392,-17.530409264323396,-17.530409264323396,19.532070479523085,2.0016612151996886,2.539169162338001,0.13010797898797977,2.4090611833500213
2025-09-03 00:00:00-04:00,9.3394072116,9.3394072116,25.276850096260368,25.276850096260368,-15.937442884660369,-15.937442884660369,18.581866747481435,2.644423862821066,2.4156426771725865,0.17188755108336928,2.2437551260892175
2025-09-04 00:00:00-04:00,8.271830546099999,8.271830546099999,23.69842274123324,23.69842274123324,-15.42659219513324,-15.42659219513324,17.47670899304627,2.050116797913031,2.2719721690960153,0.13325759186434702,2.1387145772316685
2025-09-05 00:00:00-04:00,8.561320366499999,8.561320366499999,25.09856719874839,25.09856719874839,-16.53724683224839,-16.53724683224839,18.74910360321923,2.21185677097084,2.4373834684185,0.14377069011310462,2.2936127783053957
2025-09-06 00:00:00-04:00,6.485412182399999,6.485412182399999,24.451689166572823,24.451689166572823,-17.966276984172826,-17.966276984172826,18.992716846087472,1.0264398619146482,2.4690531899913712,0.06671859102445213,2.402334598966919
2025-09-07 00:00:00-04:00,1.587505829399999,1.587505829399999,25.404360286493514,25.404360286493514,-23.816854457093516,-23.816854457093516,23.816854457093516,0.0,3.096191079422157,0.0,3.096191079422157
2025-09-08 00:00:00-04:00,9.7547990769,9.7547990769,25.878288051211165,25.878288051211165,-16.123488974311165,-16.123488974311165,18.91088323951425,2.7873942652030843,2.4584148211368526,0.1811806272382005,2.2772341938986522
2025-09-09 00:00:00-04:00,7.933242278699999,7.933242278699999,23.06439475263753,23.06439475263753,-15.13115247393753,-15.13115247393753,17.125473833649377,1.9943213597118459,2.226311598374419,0.12963088838127,2.096680709993149
2025-09-10 00:00:00-04:00,5.547398408099999,5.547398408099999,25.06188915407711,25.06188915407711,-19.51449074597711,-19.51449074597711,19.792612411071374,0.278121665094262,2.5730396134392786,0.01807790823112703,2.5549617052081515
2025-09-11 00:00:00-04:00,6.326177282099999,6.326177282099999,25.410005821170703,25.410005821170703,-19.083828539070705,-19.083828539070705,20.627454593835107,1.5436260547644034,2.681569097198564,0.10033569355968622,2.5812334036388775
2025-09-12 00:00:00-04:00,8.5650948315,8.5650948315,25.263761743660428,25.263761743660428,-16.69866691216043,-16.69866691216043,18.918427996812195,2.219761084651764,2.4593956395855856,0.14428447050236465,2.315111169083221
2025-09-13 00:00:00-04:00,9.615794847299998,9.615794847299998,24.25762786613216,24.25762786613216,-14.641833018832163,-14.641833018832163,16.996980315206304,2.3551472963741418,2.2096074409768196,0.15308457426431923,2.0565228667125
2025-09-14 00:00:00-04:00,5.793886700099999,5.793886700099999,24.629890581237788,24.629890581237788,-18.836003881137792,-18.836003881137792,19.084118998426455,0.24811511728866303,2.480935469795439,0.0161274826237631,2.464807987171676
2025-09-15 00:00:00-04:00,6.0840097596,6.0840097596,22.782821512054753,22.782821512054753,-16.698811752454755,-16.698811752454755,17.393765365493724,0.6949536130389711,2.2611894975141844,0.04517198484753312,2.2160175126666513
2025-09-16 00:00:00-04:00,4.4481115656,4.4481115656,24.73708234160205,24.73708234160205,-20.288970776002053,-20.288970776002053,20.785377816224997,0.49640704022294757,2.70209911610925,0.032266457614491595,2.6698326584947583
2025-09-17 00:00:00-04:00,5.527021556699999,5.527021556699999,25.634769645931907,25.634769645931907,-20.107748089231908,-20.107748089231908,20.460122500472973,0.3523744112410654,2.6598159250614866,0.02290433673066925,2.6369115883308174
2025-09-18 00:00:00-04:00,9.00832106025,9.00832106025,24.731161146731832,24.731161146731832,-15.722840086481831,-15.722840086481831,17.902431171202,2.1795910847201676,2.32731605225626,0.1416734205068109,2.185642631749449
2025-09-19 00:00:00-04:00,9.103848685649998,9.103848685649998,23.978967886504375,23.978967886504375,-14.875119200854375,-14.875119200854375,17.21757150302846,2.3424523021740833,2.2382842953937,0.1522593996413154,2.0860248957523844
2025-09-20 00:00:00-04:00,8.01173444715,8.01173444715,27.37084147113792,27.37084147113792,-19.35910702398792,-19.35910702398792,20.831286736806117,1.4721797128181981,2.7080672757847952,0.09569168133318288,2.6123755944516125
2025-09-21 00:00:00-04:00,8.317913625674999,8.317913625674999,25.11130692380943,25.11130692380943,-16.79339329813443,-16.79339329813443,18.85847299737238,2.065079699237952,2.4516014896584095,0.13423018045046686,2.3173713092079424
2025-09-22 00:00:00-04:00,9.243097820775,9.243097820775,24.328560333325374,24.328560333325374,-15.085462512550375,-15.085462512550375,17.548887828261346,2.4634253157109702,2.281355417673975,0.16012264552121308,2.1212327721527617
2025-09-23 00:00:00-04:00,9.017046301274998,9.017046301274998,23.629100636992895,23.629100636992895,-14.612054335717895,-14.612054335717895,17.142614428604915,2.5305600928870193,2.228539875718639,0.16448640603765627,2.064053469680983
2025-09-24 00:00:00-04:00,8.563010898599998,8.563010898599998,23.709848759439925,23.709848759439925,-15.146837860839927,-15.146837860839927,17.268142849822357,2.121304988982431,2.2448585704769064,0.137884824283858,2.1069737461930482
2025-09-25 00:00:00-04:00,5.679600075449999,5.679600075449999,24.95602269151974,24.95602269151974,-19.27642261606974,-19.27642261606974,20.150841338903298,0.8744187228335579,2.6196093740574287,0.05683721698418127,2.5627721570732476
2025-09-26 00:00:00-04:00,4.722471393299999,4.722471393299999,22.24948532562149,22.24948532562149,-17.527013932321488,-17.527013932321488,18.160212479709372,0.6331985473878836,2.3608276223622187,0.041157905580212435,2.3196697167820064
2025-09-27 00:00:00-04:00,4.075858040399999,4.075858040399999,27.686303887483565,27.686303887483565,-23.610445847083568,-23.610445847083568,23.84361174268806,0.23316589560449563,3.099669526549448,0.015155783214292217,3.084513743335156
2025-09-28 00:00:00-04:00,3.2242259884499993,3.2242259884499993,24.596756016245745,24.596756016245745,-21.372530027795744,-21.372530027795744,21.467811652505134,0.09528162470938822,2.7908155148256673,0.0061933056061102346,2.784622209219557
2025-09-29 00:00:00-04:00,1.1656151639999992,1.1656151639999992,24.380915932736716,24.380915932736716,-23.215300768736714,-23.215300768736714,23.215300768736714,0.0,3.017989099935773,0.0,3.017989099935773
2025-09-30 00:00:00-04:00,7.975946542144749,7.975946542144749,26.34603230199819,26.34603230199819,-18.37008575985344,-18.37008575985344,20.032178740635402,1.6620929807819638,2.6041832362826023,0.10803604375082765,2.4961471925317746
2025-10-01 00:00:00-04:00,7.954305497186368,7.954305497186368,21.78877416176988,21.78877416176988,-13.83446866458351,-13.83446866458351,15.904074159062546,2.069605494479036,2.067529640678131,0.13452435714113736,1.9330052835369935
2025-10-02 00:00:00-04:00,8.19945136869789,8.19945136869789,24.89793657086707,24.89793657086707,-16.69848520216918,-16.69848520216918,18.417743493380414,1.7192582912112329,2.394306654139454,0.11175178892873014,2.2825548652107237
2025-10-03 00:00:00-04:00,8.200236767918236,8.200236767918236,24.09796757457355,24.09796757457355,-15.89773080665531,-15.89773080665531,17.76337933484215,1.8656485281868393,2.3092393135294795,0.12126715433214456,2.187972159197335
2025-10-04 00:00:00-04:00,8.181051261737185,8.181051261737185,28.541942155925756,28.541942155925756,-20.36089089418857,-20.36089089418857,21.823714301285033,1.4628234070964627,2.8370828591670545,0.09508352146127008,2.7419993377057845
2025-10-05 00:00:00-04:00,8.176028591000238,8.176028591000238,24.75439519816482,24.75439519816482,-16.578366607164583,-16.578366607164583,18.417640725494476,1.8392741183298957,2.394293294314282,0.11955281769144323,2.274740476622839
2025-10-06 00:00:00-04:00,8.14908724080267,8.14908724080267,21.725917691824677,21.725917691824677,-13.576830451022007,-13.576830451022007,15.508865138221404,1.9320346871993965,2.016152467968783,0.12558225466796077,1.890570213300822
2025-10-07 00:00:00-04:00,8.299875015577962,8.299875015577962,24.53066629443765,24.53066629443765,-16.230791278859687,-16.230791278859687,17.94456103976819,1.7137697609085025,2.3327929351698646,0.11139503445905267,2.221397900710812
2025-10-08 00:00:00-04:00,8.254861272941163,8.254861272941163,24.710484137538185,24.710484137538185,-16.45562286459702,-16.45562286459702,18.289039224263625,1.8334163596666029,2.3775750991542712,0.1191720633783292,2.258403035775942
2025-10-09 00:00:00-04:00,8.402837735638554,8.402837735638554,25.936380789531647,25.936380789531647,-17.53354305389309,-17.53354305389309,19.292158936093998,1.7586158822009068,2.5079806616922196,0.11431003234305895,2.3936706293491605
2025-10-10 00:00:00-04:00,8.381096408303929,8.381096408303929,23.35151795166607,23.35151795166607,-14.970421543362141,-14.970421543362141,17.08011231193388,2.1096907685717414,2.2204146005514045,0.1371298999571632,2.083284700594241
2025-10-11 00:00:00-04:00,8.576722948289973,8.576722948289973,28.659195931821888,28.659195931821888,-20.082472983531915,-20.082472983531915,21.849237721645515,1.7667647381136002,2.8404009038139173,0.11483970797738402,2.725561195836533
2025-10-12 00:00:00-04:00,8.646303150024984,8.646303150024984,24.939071589966563,24.939071589966563,-16.292768439941582,-16.292768439941582,18.367707085701507,2.074938645759928,2.3878019211411963,0.13487101197439533,2.252930909166801
2025-10-13 00:00:00-04:00,8.546776896226028,8.546776896226028,25.004343649922443,25.004343649922443,-16.457566753696412,-16.457566753696412,18.428719993637294,1.971153239940879,2.3957335991728486,0.12812496059615713,2.2676086385766916
2025-10-14 00:00:00-04:00,8.707555796197374,8.707555796197374,23.71136821232025,23.71136821232025,-15.003812416122875,-15.003812416122875,17.17999695762406,2.1761845415011845,2.2333996044911277,0.141451995197577,2.091947609293551
2025-10-15 00:00:00-04:00,8.802650241225454,8.802650241225454,26.165015270850038,26.165015270850038,-17.362365029624584,-17.362365029624584,19.539584279270375,2.1772192496457885,2.5401459563051487,0.14151925122697626,2.3986267050781724
2025-10-16 00:00:00-04:00,8.990220337308333,8.990220337308333,25.229997431812244,25.229997431812244,-16.23977709450391,-16.23977709450391,18.478567825981436,2.2387907314775255,2.4022138173775867,0.14552139754603916,2.2566924198315474
2025-10-17 00:00:00-04:00,9.009283331362068,9.009283331362068,24.436065947514912,24.436065947514912,-15.426782616152844,-15.426782616152844,17.73828286169685,2.3115002455440035,2.3059767720205904,0.15024751596036023,2.15572925606023
2025-10-18 00:00:00-04:00,8.90766263690597,8.90766263690597,26.98512287347131,26.98512287347131,-18.077460236565337,-18.077460236565337,20.132815715424922,2.0553554788595862,2.61726604300524,0.1335981061258731,2.483667936879367
2025-10-19 00:00:00-04:00,8.778428410125677,8.778428410125677,27.16748961605027,27.16748961605027,-18.389061205924595,-18.389061205924595,20.404516768266593,2.0154555623420007,2.652587179874657,0.13100461155223006,2.521582568322427
2025-10-20 00:00:00-04:00,8.719763593771674,8.719763593771674,22.444620661523192,22.444620661523192,-13.724857067751518,-13.724857067751518,16.145686227690064,2.4208291599385445,2.0989392095997084,0.1573538953960054,1.941585314203703
2025-10-21 00:00:00-04:00,8.647821041579467,8.647821041579467,22.89288536247902,22.89288536247902,-14.245064320899553,-14.245064320899553,16.44359385383971,2.1985295329401593,2.1376672009991626,0.14290441964111036,1.9947627813580522
2025-10-22 00:00:00-04:00,8.572030323824213,8.572030323824213,22.01561989688664,22.01561989688664,-13.443589573062427,-13.443589573062427,15.77330052115159,2.3297109480891622,2.050529067749707,0.15143121162579556,1.8990978561239111
2025-10-23 00:00:00-04:00,8.612816486583329,8.612816486583329,23.608390264863278,23.608390264863278,-14.995573778279947,-14.995573778279947,17.259650751563758,2.264076973283811,2.2437545977032887,0.14716500326344772,2.096589594439841
2025-10-24 00:00:00-04:00,8.51937873268912,8.51937873268912,22.67682819272717,22.67682819272717,-14.157449460038054,-14.157449460038054,16.310939590236355,2.1534901301983,2.1204221467307263,0.1399768584628895,1.9804452882678367
2025-10-25 00:00:00-04:00,8.49625271464432,8.49625271464432,27.35811205025374,27.35811205025374,-18.86185933560942,-18.86185933560942,20.647107547909993,1.785248212300574,2.684123981228299,0.11604113379953732,2.568082847428762
2025-10-26 00:00:00-04:00,8.463389637188437,8.463389637188437,23.814441392473878,23.814441392473878,-15.351051755285443,-15.351051755285443,17.50059746173085,2.149545706445407,2.2750776700250106,0.13972047091895146,2.135357199106059
2025-10-27 00:00:00-04:00,8.409966792280839,8.409966792280839,26.2949545776195,26.2949545776195,-17.88498778533866,-17.88498778533866,19.725263899661144,1.8402761143224842,2.564284306955949,0.11961794743096148,2.4446663595249873
2025-10-28 00:00:00-04:00,8.619198437070748,8.619198437070748,26.0833665685432,26.0833665685432,-17.464168131472455,-17.464168131472455,19.52178770054725,2.0576195690747974,2.537832401071143,0.13374527198986183,2.404087129081281
2025-10-29 00:00:00-04:00,8.462455936228224,8.462455936228224,23.99427852224608,23.99427852224608,-15.531822586017856,-15.531822586017856,17.716183057079398,2.1843604710615416,2.303103797420322,0.1419834306190002,2.1611203668013217
2025-10-30 00:00:00-04:00,8.32365458696419,8.32365458696419,22.577054157860175,22.577054157860175,-14.253399570895983,-14.253399570895983,16.452837010167553,2.19943743927157,2.1388688113217817,0.14296343355265204,1.9959053777691298
2025-10-31 00:00:00-04:00,8.44669420383288,8.44669420383288,22.85407039888562,22.85407039888562,-14.407376195052741,-14.407376195052741,16.60955079379313,2.2021745987403882,2.1592416031931068,0.14314134891812524,2.0161002542749813
2025-11-01 00:00:00-04:00,8.106901853696929,8.106901853696929,26.856412448365063,26.856412448365063,-18.749510594668134,-18.749510594668134,20.566454650636164,1.8169440559680299,2.6736391045827013,0.11810136363792195,2.5555377409447795
2025-11-02 00:00:00-04:00,8.264101232791553,8.264101232791553,30.67854948350384,30.67854948350384,-22.414448250712287,-22.414448250712287,23.267886540530878,0.8534382898185906,3.0248252502690143,0.05547348883820839,2.969351761430806
2025-11-03 00:00:00-05:00,8.233938484276505,8.233938484276505,25.3848964238953,25.3848964238953,-17.15095793961879,-17.15095793961879,18.53695251064034,1.3859945710215489,2.409803826383244,0.09008964711640068,2.3197141792668434
2025-11-04 00:00:00-05:00,8.133651690522822,8.133651690522822,25.003996933460922,25.003996933460922,-16.8703452429381,-16.8703452429381,18.159959241261873,1.2896139983237722,2.3607947013640436,0.0838249098910452,2.2769697914729985
2025-11-05 00:00:00-05:00,7.75830900285628,7.75830900285628,26.72482772095899,26.72482772095899,-18.96651871810271,-18.96651871810271,20.020641779973854,1.0541230618711463,2.602683431396601,0.06851799902162452,2.5341654323749765
2025-11-06 00:00:00-05:00,7.632160588611758,7.632160588611758,24.407750062591727,24.407750062591727,-16.775589473979966,-16.775589473979966,17.929093138140296,1.1535036641603262,2.3307821079582385,0.07497773817042121,2.255804369787817
2025-11-07 00:00:00-05:00,7.522278067852008,7.522278067852008,22.480033655825657,22.480033655825657,-14.95775558797365,-14.95775558797365,16.16116176498401,1.2034061770103572,2.1009510294479212,0.07822140150567322,2.022729627942248
2025-11-08 00:00:00-05:00,7.521095125962203,7.521095125962203,25.72752705534722,25.72752705534722,-18.20643192938502,-18.20643192938502,19.23632964602461,1.029897716639594,2.5007228539831994,0.0669433515815736,2.4337795024016255
2025-11-09 00:00:00-05:00,7.485493262454202,7.485493262454202,27.55877060560206,27.55877060560206,-20.073277343147858,-20.073277343147858,20.888705132527956,0.8154277893800981,2.7155316672286345,0.05300280630970638,2.662528860918928
2025-11-10 00:00:00-05:00,7.668132575607003,7.668132575607003,25.509734348196293,25.509734348196293,-17.84160177258929,-17.84160177258929,18.887836864766626,1.046235092177334,2.4554187924196613,0.06800528099152671,2.3874135114281345
2025-11-11 00:00:00-05:00,7.447758297742193,7.447758297742193,25.407934204212264,25.407934204212264,-17.96017590647007,-17.96017590647007,18.87818140834563,0.9180055018755573,2.4541635830849318,0.059670357621911224,2.3944932254630205
2025-11-12 00:00:00-05:00,7.247254548419041,7.247254548419041,25.888374945273963,25.888374945273963,-18.641120396854923,-18.641120396854923,19.49477093773506,0.8536505408801368,2.5343202219055576,0.055487285157208896,2.478832936748349
2025-11-13 00:00:00-05:00,7.24171604969722,7.24171604969722,23.030748926928908,23.030748926928908,-15.789032877231687,-15.789032877231687,16.763580487732956,0.9745476105012676,2.1792654634052844,0.0633455946825824,2.115919868722702
2025-11-14 00:00:00-05:00,7.196009562619219,7.196009562619219,26.49376810535754,26.49376810535754,-19.29775854273832,-19.29775854273832,20.073241101875908,0.7754825591375905,2.609521343243868,0.05040636634394338,2.5591149768999246
2025-11-15 00:00:00-05:00,7.256929576360615,7.256929576360615,24.076275365867826,24.076275365867826,-16.81934578950721,-16.81934578950721,17.717660720450066,0.8983149309428544,2.303295893658509,0.05839047051128554,2.244905423147223
2025-11-16 00:00:00-05:00,7.096853930821155,7.096853930821155,26.642666318830177,26.642666318830177,-19.545812388009026,-19.545812388009026,20.29106686469918,0.7452544766901559,2.6378386924108934,0.048441540984860136,2.5893971514260334
2025-11-17 00:00:00-05:00,7.00914345156894,7.00914345156894,26.05205365287009,26.05205365287009,-19.04291020130115,-19.04291020130115,19.786521609408958,0.743611408107808,2.5722478092231644,0.04833474152700752,2.523913067696157
2025-11-18 00:00:00-05:00,6.988573811001051,6.988573811001051,24.993959565174638,24.993959565174638,-18.005385754173588,-18.005385754173588,18.750780243975196,0.7453944898016069,2.4376014317167756,0.04845064183710445,2.3891507898796713
2025-11-19 00:00:00-05:00,7.065368202308841,7.065368202308841,26.52444224222232,26.52444224222232,-19.45907403991348,-19.45907403991348,20.09319244129335,0.6341184013798674,2.6121150173681356,0.041217696089691384,2.5708973212784443
2025-11-20 00:00:00-05:00,7.114690418742384,7.114690418742384,25.610342091540577,25.610342091540577,-18.495651672798193,-18.495651672798193,19.315808613082083,0.8201569402838904,2.511055119700671,0.05331020111845288,2.457744918582218
2025-11-21 00:00:00-05:00,7.146977220668594,7.146977220668594,23.15806271480137,23.15806271480137,-16.01108549413278,-16.01108549413278,17.12276501851931,1.1116795243865296,2.22595945240751,0.07225916908512443,2.1537002833223857
2025-11-22 00:00:00-05:00,7.367243557963504,7.367243557963504,24.67769985437622,24.67769985437622,-17.310456296412713,-17.310456296412713,18.293227976165788,0.9827716797530759,2.3781196369015527,0.06388015918394993,2.314239477717603
2025-11-23 00:00:00-05:00,7.492211818503915,7.492211818503915,27.75373460320577,27.75373460320577,-20.261522784701857,-20.261522784701857,20.95249609053726,0.6909733058354022,2.723824491769844,0.04491326487930114,2.678911226890543
2025-11-24 00:00:00-05:00,7.3900979932961555,7.3900979932961555,22.756043615047243,22.756043615047243,-15.365945621751088,-15.365945621751088,16.453456764143965,1.0875111423928763,2.1389493793387153,0.07068822425553696,2.0682611550831784
2025-11-25 00:00:00-05:00,7.39850012886348,7.39850012886348,24.757588579785853,24.757588579785853,-17.35908845092237,-17.35908845092237,18.340743546811467,0.9816550958890929,2.3842966610854908,0.06380758123279104,2.3204890798527
2025-11-26 00:00:00-05:00,7.543182076820694,7.543182076820694,23.015491548798938,23.015491548798938,-15.472309471978246,-15.472309471978246,16.608127821338574,1.1358183493603273,2.1590566167740146,0.07382819270842128,2.085228424065593
2025-11-27 00:00:00-05:00,7.520533454542503,7.520533454542503,22.390669397604245,22.390669397604245,-14.870135943061742,-14.870135943061742,16.184887028802155,1.3147510857404128,2.1040353137442804,0.08545882057312683,2.0185764931711536
2025-11-28 00:00:00-05:00,7.625089471045763,7.625089471045763,23.270762735287327,23.270762735287327,-15.645673264241564,-15.645673264241564,16.789016003438924,1.1433427391973598,2.18257208044706,0.0743172780478284,2.1082548023992316
2025-11-29 00:00:00-05:00,7.589418695992372,7.589418695992372,26.086617121743547,26.086617121743547,-18.497198425751176,-18.497198425751176,19.36038594674549,0.8631875209943145,2.516850173076914,0.056107188864630446,2.4607429842122834
2025-11-30 00:00:00-05:00,7.260238020599603,7.260238020599603,27.243465661396534,27.243465661396534,-19.983227640796933,-19.983227640796933,20.65945029206173,0.6762226512647984,2.685728537968025,0.0439544723322119,2.641774065635813
2025-12-01 00:00:00-05:00,7.277449083157762,7.277449083157762,23.130516255872475,23.130516255872475,-15.853067172714713,-15.853067172714713,16.85977115013167,1.0067039774169575,2.191770249517117,0.06543575853210223,2.126334490985015
2025-12-02 00:00:00-05:00,7.434707791536993,7.434707791536993,23.89188936570415,23.89188936570415,-16.457181574167155,-16.457181574167155,17.5127407813711,1.055559207203944,2.2766563015782433,0.06861134846825635,2.208044953109987
2025-12-03 00:00:00-05:00,7.500840642192469,7.500840642192469,24.31799172390522,24.31799172390522,-16.81715108171275,-16.81715108171275,17.87671251224845,1.0595614305356977,2.3239726265922984,0.06887149298482036,2.255101133607478
2025-12-04 00:00:00-05:00,7.6049238274531685,7.6049238274531685,22.08160355974919,22.08160355974919,-14.47667973229602,-14.47667973229602,15.777085242627765,1.300405510331744,2.0510210815416094,0.08452635817156336,1.966494723370046
2025-12-05 00:00:00-05:00,7.661351137030937,7.661351137030937,25.409015509532793,25.409015509532793,-17.747664372501855,-17.747664372501855,18.951510716377843,1.2038463438759863,2.4636963931291196,0.07825001235193911,2.3854463807771804
2025-12-06 00:00:00-05:00,7.404315345348462,7.404315345348462,25.38045922645405,25.38045922645405,-17.97614388110559,-17.97614388110559,18.845106431552477,0.868962550446889,2.449863836101822,0.05648256577904778,2.393381270322774
2025-12-07 00:00:00-05:00,7.30549425148049,7.30549425148049,27.413358046038553,27.413358046038553,-20.10786379455806,-20.10786379455806,20.85020631837023,0.7423425238121695,2.71052682138813,0.04825226404779102,2.6622745573403392
2025-12-08 00:00:00-05:00,7.174863257262382,7.174863257262382,22.038278895815182,22.038278895815182,-14.863415638552802,-14.863415638552802,15.991194871392242,1.12777923283944,2.0788553332809916,0.07330565013456361,2.005549683146428
2025-12-09 00:00:00-05:00,6.9873660829181095,6.9873660829181095,22.067242307466298,22.067242307466298,-15.07987622454819,-15.07987622454819,16.170570066238792,1.0906938416906005,2.102174108611043,0.07089509970988903,2.031279008901154
2025-12-10 00:00:00-05:00,7.022699359691426,7.022699359691426,24.846987020313595,24.846987020313595,-17.82428766062217,-17.82428766062217,18.69691390883075,0.8726262482085846,2.4305988081479977,0.056720706133558,2.3738781020144395
2025-12-11 00:00:00-05:00,7.027243063104935,7.027243063104935,24.059823230675505,24.059823230675505,-17.03258016757057,-17.03258016757057,17.910461684723447,0.8778815171528802,2.328360019014048,0.05706229861493722,2.2712977203991107
2025-12-12 00:00:00-05:00,7.060488826142932,7.060488826142932,24.49103786507958,24.49103786507958,-17.430549038936647,-17.430549038936647,18.462157526143347,1.031608487206699,2.4000804783986354,0.06705455166843544,2.3330259267302
2025-12-13 00:00:00-05:00,7.213337338281261,7.213337338281261,27.944650315105328,27.944650315105328,-20.731312976824068,-20.731312976824068,21.450697112074106,0.7193841352500386,2.788590624569634,0.046759968791252514,2.7418306557783816
2025-12-14 00:00:00-05:00,7.254155956595936,7.254155956595936,28.35353710052759,28.35353710052759,-21.099381143931655,-21.099381143931655,21.781262700842255,0.6818815569106018,2.831564151109493,0.04432230119918912,2.7872418499103038
2025-12-15 00:00:00-05:00,7.235845185943363,7.235845185943363,23.3898453287555,23.3898453287555,-16.154000142812134,-16.154000142812134,17.34425045345841,1.1902503106462774,2.2547525589495936,0.07736627019200804,2.1773862887575857
2025-12-16 00:00:00-05:00,7.148772956694232,7.148772956694232,25.859654777540182,25.859654777540182,-18.71088182084595,-18.71088182084595,19.613418908611,0.9025370877650478,2.54974445811943,0.05866491070472811,2.491079547414702
2025-12-17 00:00:00-05:00,7.044719105693669,7.044719105693669,23.932851526955425,23.932851526955425,-16.888132421261755,-16.888132421261755,17.791275503859968,0.9031430825982146,2.312865815501796,0.05870430036888395,2.2541615151329117
2025-12-18 00:00:00-05:00,6.718772018405852,6.718772018405852,24.124613231551002,24.124613231551002,-17.405841213145152,-17.405841213145152,18.303685678673723,0.8978444655285726,2.379479138227584,0.05835989025935722,2.3211192479682268
2025-12-19 00:00:00-05:00,6.650810021067197,6.650810021067197,26.222001811062437,26.222001811062437,-19.57119178999524,-19.57119178999524,20.233391775763035,0.6621999857677938,2.6303409308491945,0.0430429990749066,2.587297931774288
