timestamp_local,PV_P_kW,PV_E_kWh,Load_kW,Load_E_kWh,Net_P_kW,Net_E_kWh,Import_kWh,Export_kWh,Buy_$,Sell_$,NetBill_$
2022-12-31 00:00:00-06:00,0.0,0.0,5.549151850138694,5.549151850138694,-5.549151850138694,-5.549151850138694,5.549151850138694,0.0,0.7768812590194172,0.0,0.7768812590194172
2023-01-01 00:00:00-06:00,3.4622163908999988,3.4622163908999988,32.860788524993346,32.860788524993346,-29.398572134093346,-29.398572134093346,29.398572134093346,0.0,4.115800098773069,0.0,4.115800098773069
2023-01-02 00:00:00-06:00,0.7717571351999992,0.7717571351999992,29.066614746131066,29.066614746131066,-28.294857610931064,-28.294857610931064,28.294857610931064,0.0,3.9612800655303495,0.0,3.9612800655303495
2023-01-03 00:00:00-06:00,6.4272754935,6.4272754935,31.784911028707185,31.784911028707185,-25.357635535207187,-25.357635535207187,26.02751322165117,0.6698776864439827,3.643851851031164,0.046891438051078795,3.596960412980085
2023-01-04 00:00:00-06:00,9.267817332599998,9.267817332599998,28.495298754328054,28.495298754328054,-19.227481421728058,-19.227481421728058,20.83620171559398,1.6087202938659217,2.9170682401831574,0.11261042057061453,2.804457819612543
2023-01-05 00:00:00-06:00,9.182284051499998,9.182284051499998,32.05874167204984,32.05874167204984,-22.876457620549843,-22.876457620549843,24.06234801400944,1.1858903934595988,3.3687287219613222,0.08301232754217193,3.28571639441915
2023-01-06 00:00:00-06:00,8.790514629299999,8.790514629299999,28.632017390452592,28.632017390452592,-19.841502761152594,-19.841502761152594,21.22451205075976,1.3830092896071653,2.971431687106367,0.09681065027250157,2.874621036833865
2023-01-07 00:00:00-06:00,4.9369214799,4.9369214799,32.385381427094124,32.385381427094124,-27.448459947194124,-27.448459947194124,27.448459947194124,0.0,3.842784392607178,0.0,3.842784392607178
2023-01-08 00:00:00-06:00,8.845380948599999,8.845380948599999,32.23172929255503,32.23172929255503,-23.38634834395503,-23.38634834395503,24.490303373717158,1.1039550297621261,3.4286424723204023,0.07727685208334883,3.3513656202370536
2023-01-09 00:00:00-06:00,8.9742381516,8.9742381516,29.946351565589378,29.946351565589378,-20.972113413989376,-20.972113413989376,22.219589004711576,1.2474755907221975,3.110742460659621,0.08732329135055383,3.023419169309067
2023-01-10 00:00:00-06:00,7.1003341421999995,7.1003341421999995,31.44499640675444,31.44499640675444,-24.344662264554444,-24.344662264554444,25.318892791131006,0.9742305265765638,3.544644990758341,0.06819613686035947,3.4764488538979816
2023-01-11 00:00:00-06:00,6.6811301091,6.6811301091,25.94111739145707,25.94111739145707,-19.25998728235707,-19.25998728235707,20.220252478952226,0.9602651965951547,2.830835347053312,0.06721856376166084,2.763616783291651
2023-01-12 00:00:00-06:00,7.786862723699999,7.786862723699999,28.239395197022294,28.239395197022294,-20.452532473322293,-20.452532473322293,21.957954823128485,1.505422349806193,3.0741136752379883,0.10537956448643351,2.9687341107515546
2023-01-13 00:00:00-06:00,9.954864732599999,9.954864732599999,28.00302084960036,28.00302084960036,-18.048156117000364,-18.048156117000364,20.07383300681702,2.0256768898166553,2.810336620954383,0.14179738228716587,2.668539238667217
2023-01-14 00:00:00-06:00,9.7667759907,9.7667759907,31.4754168264736,31.4754168264736,-21.7086408357736,-21.7086408357736,23.297946409713,1.5893055739393986,3.26171249735982,0.11125139017575791,3.1504611071840625
2023-01-15 00:00:00-06:00,3.2943082184999994,3.2943082184999994,29.558569152507,29.558569152507,-26.264260934007,-26.264260934007,26.264260934007,0.0,3.6769965307609804,0.0,3.6769965307609804
2023-01-16 00:00:00-06:00,1.4813878913999994,1.4813878913999994,31.092529419189464,31.092529419189464,-29.611141527789464,-29.611141527789464,29.611141527789464,0.0,4.145559813890525,0.0,4.145559813890525
2023-01-17 00:00:00-06:00,4.679893014299999,4.679893014299999,27.93359762946323,27.93359762946323,-23.25370461516323,-23.25370461516323,23.58835033347446,0.33464571831122947,3.3023690466864246,0.023425200281786063,3.2789438464046388
2023-01-18 00:00:00-06:00,2.866711119299999,2.866711119299999,26.89648086081099,26.89648086081099,-24.02976974151099,-24.02976974151099,24.032434938217598,0.002665196706609363,3.364540891350464,0.00018656376946265543,3.3643543275810015
2023-01-19 00:00:00-06:00,9.6038476011,9.6038476011,29.045604347011892,29.045604347011892,-19.441756745911892,-19.441756745911892,21.102484372661067,1.6607276267491753,2.9543478121725495,0.11625093387244229,2.838096878300107
2023-01-20 00:00:00-06:00,1.3470614360999995,1.3470614360999995,28.77136947287089,28.77136947287089,-27.424308036770892,-27.424308036770892,27.424308036770892,0.0,3.8394031251479253,0.0,3.8394031251479253
2023-01-21 00:00:00-06:00,0.8384828588999994,0.8384828588999994,30.928484798368462,30.928484798368462,-30.09000193946846,-30.09000193946846,30.09000193946846,0.0,4.212600271525585,0.0,4.212600271525585
2023-01-22 00:00:00-06:00,9.7083400203,9.7083400203,33.129781870090156,33.129781870090156,-23.421441849790156,-23.421441849790156,24.932186545225882,1.5107446954357229,3.4905061163316238,0.10575212868050061,3.384753987651123
2023-01-23 00:00:00-06:00,9.0686664612,9.0686664612,29.41520365203161,29.41520365203161,-20.34653719083161,-20.34653719083161,21.690258683454715,1.3437214926231031,3.0366362156836604,0.09406050448361723,2.942575711200043
2023-01-24 00:00:00-06:00,0.7808766011999992,0.7808766011999992,30.278004359712323,30.278004359712323,-29.497127758512324,-29.497127758512324,29.497127758512324,0.0,4.129597886191726,0.0,4.129597886191726
2023-01-25 00:00:00-06:00,8.309773924199998,8.309773924199998,30.73265546892192,30.73265546892192,-22.42288154472192,-22.42288154472192,23.96645851273819,1.5435769680162679,3.355304191783347,0.10805038776113876,3.247253804022208
2023-01-26 00:00:00-06:00,9.77247609246775,9.77247609246775,26.86134910304507,26.86134910304507,-17.08887301057732,-17.08887301057732,19.334100951457497,2.2452279408801776,2.70677413320405,0.15716595586161244,2.5496081773424373
2023-01-27 00:00:00-06:00,2.3530466681999993,2.3530466681999993,29.671797368346724,29.671797368346724,-27.318750700146726,-27.318750700146726,27.318750700146726,0.0,3.824625098020542,0.0,3.824625098020542
2023-01-28 00:00:00-06:00,1.1011968035999995,1.1011968035999995,34.54738307822741,34.54738307822741,-33.446186274627415,-33.446186274627415,33.446186274627415,0.0,4.682466078447838,0.0,4.682466078447838
2023-01-29 00:00:00-06:00,1.7236325798999994,1.7236325798999994,34.19905691209479,34.19905691209479,-32.47542433219479,-32.47542433219479,32.47542433219479,0.0,4.546559406507271,0.0,4.546559406507271
2023-01-30 00:00:00-06:00,1.1344064579999995,1.1344064579999995,28.256159311438473,28.256159311438473,-27.121752853438476,-27.121752853438476,27.121752853438476,0.0,3.797045399481387,0.0,3.797045399481387
2023-01-31 00:00:00-06:00,1.0847067857999992,1.0847067857999992,28.113093557032443,28.113093557032443,-27.028386771232444,-27.028386771232444,27.028386771232444,0.0,3.7839741479725424,0.0,3.7839741479725424
2023-02-01 00:00:00-06:00,0.8461774133999992,0.8461774133999992,29.130389401564063,29.130389401564063,-28.284211988164063,-28.284211988164063,28.284211988164063,0.0,3.959789678342969,0.0,3.959789678342969
2023-02-02 00:00:00-06:00,0.6866922041999994,0.6866922041999994,29.016131067869445,29.016131067869445,-28.32943886366945,-28.32943886366945,28.32943886366945,0.0,3.966121440913723,0.0,3.966121440913723
2023-02-03 00:00:00-06:00,9.8879222826,9.8879222826,30.3676891997688,30.3676891997688,-20.479766917168803,-20.479766917168803,22.41815444273942,1.9383875255706213,3.1385416219835194,0.13568712678994352,3.002854495193576
2023-02-04 00:00:00-06:00,10.372457011499998,10.372457011499998,29.836637211296733,29.836637211296733,-19.464180199796733,-19.464180199796733,21.504260595851562,2.040080396054829,3.010596483419219,0.14280562772383804,2.867790855695381
2023-02-05 00:00:00-06:00,8.2917426681,8.2917426681,35.16866544182253,35.16866544182253,-26.876922773722534,-26.876922773722534,27.476368641672963,0.5994458679504313,3.846691609834215,0.0419612107565302,3.804730399077685
2023-02-06 00:00:00-06:00,6.525918578699999,6.525918578699999,31.34368267067778,31.34368267067778,-24.81776409197778,-24.81776409197778,25.24148766271282,0.4237235707350431,3.5338082727797953,0.029660649951453018,3.5041476228283424
2023-02-07 00:00:00-06:00,1.9584454346999989,1.9584454346999989,27.83850442271768,27.83850442271768,-25.88005898801768,-25.88005898801768,25.88005898801768,0.0,3.6232082583224754,0.0,3.6232082583224754
2023-02-08 00:00:00-06:00,2.5126629083999994,2.5126629083999994,32.500980921421004,32.500980921421004,-29.988318013021008,-29.988318013021008,29.988318013021008,0.0,4.198364521822941,0.0,4.198364521822941
2023-02-09 00:00:00-06:00,10.453511602799999,10.453511602799999,29.71822977860467,29.71822977860467,-19.26471817580467,-19.26471817580467,21.17949913594003,1.9147809601353598,2.9651298790316045,0.1340346672094752,2.831095211822129
2023-02-10 00:00:00-06:00,5.688292940099999,5.688292940099999,26.927719828832277,26.927719828832277,-21.23942688873228,-21.23942688873228,21.68556952607058,0.44614263733830106,3.0359797336498815,0.031229984613681077,3.0047497490362005
2023-02-11 00:00:00-06:00,7.667423082899998,7.667423082899998,30.3312802294608,30.3312802294608,-22.6638571465608,-22.6638571465608,23.459554572386374,0.7956974258255717,3.2843376401340927,0.055698819807790026,3.2286388203263026
2023-02-12 00:00:00-06:00,10.5323622597,10.5323622597,33.84557513677081,33.84557513677081,-23.313212877070814,-23.313212877070814,24.982997993302515,1.6697851162317003,3.4976197190623526,0.11688495813621903,3.3807347609261336
2023-02-13 00:00:00-06:00,9.238760056799999,9.238760056799999,26.50231104331162,26.50231104331162,-17.26355098651162,-17.26355098651162,19.003299448592305,1.7397484620806833,2.6604619228029227,0.12178239234564785,2.5386795304572747
2023-02-14 00:00:00-06:00,6.215426848799999,6.215426848799999,30.389970449144645,30.389970449144645,-24.174543600344645,-24.174543600344645,25.422673087050732,1.2481294867060875,3.559174232187103,0.08736906406942613,3.471805168117677
2023-02-15 00:00:00-06:00,1.5921183095999996,1.5921183095999996,29.95143566562382,29.95143566562382,-28.35931735602382,-28.35931735602382,28.35931735602382,0.0,3.970304429843335,0.0,3.970304429843335
2023-02-16 00:00:00-06:00,1.5507285812999994,1.5507285812999994,28.37006656320168,28.37006656320168,-26.81933798190168,-26.81933798190168,26.81933798190168,0.0,3.7547073174662353,0.0,3.7547073174662353
2023-02-17 00:00:00-06:00,10.3544724978,10.3544724978,28.917525886222787,28.917525886222787,-18.563053388422787,-18.563053388422787,21.02222614841237,2.4591727599895794,2.9431116607777317,0.17214209319927057,2.770969567578461
2023-02-18 00:00:00-06:00,7.574067013499999,7.574067013499999,30.875792701743702,30.875792701743702,-23.301725688243703,-23.301725688243703,23.912315028127324,0.6105893398836179,3.347724103937826,0.042741253791853256,3.3049828501459726
2023-02-19 00:00:00-06:00,7.507389133799999,7.507389133799999,33.47301437704604,33.47301437704604,-25.965625243246045,-25.965625243246045,26.91896166174076,0.9533364184947165,3.7686546326437065,0.06673354929463016,3.7019210833490765
2023-02-20 00:00:00-06:00,3.608598270599999,3.608598270599999,31.277440008365584,31.277440008365584,-27.668841737765586,-27.668841737765586,27.798935162873274,0.13009342510769029,3.891850922802259,0.00910653975753832,3.8827443830447206
2023-02-21 00:00:00-06:00,6.248526812324999,6.248526812324999,29.89251892683668,29.89251892683668,-23.64399211451168,-23.64399211451168,24.442707524190507,0.7987154096788261,3.4219790533866714,0.055910078677517835,3.3660689747091537
2023-02-22 00:00:00-06:00,3.8636366161499995,3.8636366161499995,30.304950352108893,30.304950352108893,-26.441313735958893,-26.441313735958893,27.094669267754465,0.6533555317955725,3.7932536974856257,0.04573488722569008,3.7475188102599355
2023-02-23 00:00:00-06:00,4.397855149349999,4.397855149349999,31.977638505200627,31.977638505200627,-27.579783355850626,-27.579783355850626,27.579783355850626,0.0,3.861169669819088,0.0,3.861169669819088
2023-02-24 00:00:00-06:00,3.3678970688249996,3.3678970688249996,31.33391908381261,31.33391908381261,-27.96602201498761,-27.96602201498761,28.129238965509924,0.1632169505223141,3.9380934551713898,0.011425186536561988,3.926668268634828
2023-02-25 00:00:00-06:00,6.338776717349999,6.338776717349999,31.42559563490316,31.42559563490316,-25.08681891755316,-25.08681891755316,25.62258029188551,0.5357613743323505,3.5871612408639715,0.037503296203264536,3.549657944660707
2023-02-26 00:00:00-06:00,6.890410240424999,6.890410240424999,34.077737421254234,34.077737421254234,-27.187327180829232,-27.187327180829232,27.889092779572543,0.7017655987433078,3.9044729891401566,0.04912359191203155,3.855349397228125
2023-02-27 00:00:00-06:00,5.310322523999999,5.310322523999999,30.511194360160392,30.511194360160392,-25.200871836160395,-25.200871836160395,26.552790352467618,1.3519185163072254,3.7173906493454667,0.09463429614150579,3.622756353203961
2023-02-28 00:00:00-06:00,7.4028993336,7.4028993336,29.426213080343697,29.426213080343697,-22.0233137467437,-22.0233137467437,22.583883789112583,0.5605700423688846,3.161743730475762,0.03923990296582193,3.12250382750994
2023-03-01 00:00:00-06:00,5.5193407722,5.5193407722,30.68156169863256,30.68156169863256,-25.16222092643256,-25.16222092643256,25.331757477398945,0.1695365509663842,3.5464460468358525,0.011867558567646895,3.5345784882682056
2023-03-02 00:00:00-06:00,1.7689892237999993,1.7689892237999993,30.991011577058572,30.991011577058572,-29.222022353258573,-29.222022353258573,29.222022353258573,0.0,4.091083129456201,0.0,4.091083129456201
2023-03-03 00:00:00-06:00,10.042546529925,10.042546529925,25.880085163609202,25.880085163609202,-15.8375386336842,-15.8375386336842,18.33290826392744,2.495369630243239,2.566607156949842,0.17467587411702676,2.391931282832815
2023-03-04 00:00:00-06:00,9.798696359325,9.798696359325,32.402955788984585,32.402955788984585,-22.60425942965959,-22.60425942965959,24.356988955791515,1.7527295261319273,3.409978453810812,0.12269106682923493,3.287287386981577
2023-03-05 00:00:00-06:00,9.761787011025,9.761787011025,34.703878812769545,34.703878812769545,-24.942091801744546,-24.942091801744546,26.533987632778715,1.5918958310341693,3.7147582685890206,0.11143270817239186,3.6033255604166285
2023-03-06 00:00:00-06:00,4.4084267118,4.4084267118,29.388376126211163,29.388376126211163,-24.979949414411163,-24.979949414411163,25.393636441009598,0.4136870265984336,3.555109101741344,0.028958091861890356,3.5261510098794537
2023-03-07 00:00:00-06:00,3.790806136424999,3.790806136424999,29.040493150781366,29.040493150781366,-25.24968701435637,-25.24968701435637,25.24968701435637,0.0,3.534956182009892,0.0,3.534956182009892
2023-03-08 00:00:00-06:00,6.810756659549999,6.810756659549999,27.012344971882165,27.012344971882165,-20.201588312332166,-20.201588312332166,20.730849596233146,0.5292612839009809,2.9023189434726406,0.03704828987306867,2.865270653599572
2023-03-09 00:00:00-06:00,8.102297639924998,8.102297639924998,31.067566324128105,31.067566324128105,-22.965268684203107,-22.965268684203107,24.207876035995277,1.2426073517921692,3.389102645039339,0.08698251462545185,3.302120130413887
2023-03-10 00:00:00-06:00,7.371446168924999,7.371446168924999,26.727347158507175,26.727347158507175,-19.355900989582175,-19.355900989582175,20.836865292604596,1.480964303022421,2.9171611409646436,0.1036675012115695,2.8134936397530743
2023-03-11 00:00:00-06:00,7.659994267125,7.659994267125,30.795378950556163,30.795378950556163,-23.135384683431163,-23.135384683431163,24.38545538571785,1.2500707022866875,3.4139637540004992,0.08750494916006814,3.326458804840431
2023-03-12 00:00:00-06:00,7.376516369324999,7.376516369324999,31.16089282787227,31.16089282787227,-23.78437645854727,-23.78437645854727,25.657498952536006,1.8731224939887325,3.592049853355041,0.13111857457921128,3.46093127877583
2023-03-13 00:00:00-05:00,8.253479973824998,8.253479973824998,31.407464433267027,31.407464433267027,-23.15398445944203,-23.15398445944203,25.756240022044015,2.602255562601986,3.6058736030861622,0.18215788938213903,3.423715713704023
2023-03-14 00:00:00-05:00,7.784034711299999,7.784034711299999,27.582663897606178,27.582663897606178,-19.79862918630618,-19.79862918630618,21.497068010665398,1.6984388243592177,3.009589521493156,0.11889071770514525,2.890698803788011
2023-03-15 00:00:00-05:00,9.7282605906,9.7282605906,31.58272782463372,31.58272782463372,-21.854467234033724,-21.854467234033724,24.47190148583621,2.6174342518024885,3.42606620801707,0.1832203976261742,3.2428458103908957
2023-03-16 00:00:00-05:00,1.1197176155999993,1.1197176155999993,29.588231408905056,29.588231408905056,-28.468513793305057,-28.468513793305057,28.468513793305057,0.0,3.985591931062708,0.0,3.985591931062708
2023-03-17 00:00:00-05:00,5.954452208324999,5.954452208324999,32.01505200525827,32.01505200525827,-26.060599796933275,-26.060599796933275,27.69245913741346,1.6318593404801867,3.8769442792378848,0.11423015383361308,3.7627141254042717
2023-03-18 00:00:00-05:00,2.8493160230249996,2.8493160230249996,29.977951282202554,29.977951282202554,-27.128635259177553,-27.128635259177553,27.24994013878735,0.12130487960979419,3.814991619430229,0.008491341572685595,3.8065002778575434
2023-03-19 00:00:00-05:00,9.524406890925,9.524406890925,29.713873726655113,29.713873726655113,-20.189466835730112,-20.189466835730112,23.167619613460342,2.9781527777302284,3.243466745884448,0.20847069444111602,3.0349960514433323
2023-03-20 00:00:00-05:00,3.6267838438499997,3.6267838438499997,29.888303463667683,29.888303463667683,-26.261519619817683,-26.261519619817683,26.261519619817683,0.0,3.676612746774476,0.0,3.676612746774476
2023-03-21 00:00:00-05:00,2.6509666283999995,2.6509666283999995,27.807787419243667,27.807787419243667,-25.156820790843668,-25.156820790843668,25.156820790843668,0.0,3.521954910718114,0.0,3.521954910718114
2023-03-22 00:00:00-05:00,6.7783367186999985,6.7783367186999985,28.40824852600635,28.40824852600635,-21.62991180730635,-21.62991180730635,23.19026342674357,1.5603516194372202,3.2466368797441003,0.10922461336060543,3.1374122663834947
2023-03-23 00:00:00-05:00,6.8672088522,6.8672088522,26.76211791525393,26.76211791525393,-19.89490906305393,-19.89490906305393,21.79754886338461,1.9026398003306801,3.0516568408738456,0.13318478602314762,2.918472054850698
2023-03-24 00:00:00-05:00,2.8342187495999993,2.8342187495999993,29.744734757464634,29.744734757464634,-26.910516007864633,-26.910516007864633,27.025247246612025,0.11473123874739188,3.783534614525684,0.008031186712317433,3.7755034278133666
2023-03-25 00:00:00-05:00,9.77981815035,9.77981815035,29.252404303642926,29.252404303642926,-19.47258615329293,-19.47258615329293,22.1847303504253,2.712144197132372,3.1058622490595424,0.18985009379926607,2.9160121552602765
2023-03-26 00:00:00-05:00,3.3445999156499995,3.3445999156499995,33.16454302594189,33.16454302594189,-29.81994311029189,-29.81994311029189,30.13400166273443,0.31405855244254155,4.218760232782821,0.02198409867097791,4.196776134111843
2023-03-27 00:00:00-05:00,2.847511359899999,2.847511359899999,30.775365510514103,30.775365510514103,-27.927854150614106,-27.927854150614106,27.927854150614106,0.0,3.909899581085975,0.0,3.909899581085975
2023-03-28 00:00:00-05:00,6.798214448099999,6.798214448099999,28.616322884795924,28.616322884795924,-21.818108436695926,-21.818108436695926,22.60377921091889,0.7856707742229647,3.164529089528645,0.05499695419560754,3.1095321353330374
2023-03-29 00:00:00-05:00,2.953923565499999,2.953923565499999,28.200630857571536,28.200630857571536,-25.246707292071537,-25.246707292071537,25.246707292071537,0.0,3.5345390208900156,0.0,3.5345390208900156
2023-03-30 00:00:00-05:00,2.5878923063999992,2.5878923063999992,27.967665318308924,27.967665318308924,-25.379773011908927,-25.379773011908927,25.379773011908927,0.0,3.55316822166725,0.0,3.55316822166725
2023-03-31 00:00:00-05:00,5.0753728035,5.0753728035,28.36197941910152,28.36197941910152,-23.28660661560152,-23.28660661560152,23.717922738361285,0.43131612275976433,3.32050918337058,0.030192128593183504,3.2903170547773963
2023-04-01 00:00:00-05:00,7.652140945199998,7.652140945199998,34.31549383083979,34.31549383083979,-26.663352885639792,-26.663352885639792,27.692181373494957,1.0288284878551632,3.876905392289294,0.07201799414986143,3.804887398139433
2023-04-02 00:00:00-05:00,4.8194198099999985,4.8194198099999985,32.01466329474603,32.01466329474603,-27.195243484746033,-27.195243484746033,27.577771305326756,0.3825278205807249,3.860887982745746,0.026776947440650744,3.8341110353050953
2023-04-03 00:00:00-05:00,5.681072168099999,5.681072168099999,27.89396330129525,27.89396330129525,-22.212891133195253,-22.212891133195253,23.052749148803322,0.8398580156080676,3.2273848808324654,0.05879006109256474,3.1685948197399005
2023-04-04 00:00:00-05:00,3.151760487299999,3.151760487299999,28.070733472340986,28.070733472340986,-24.918972985040984,-24.918972985040984,24.918972985040984,0.0,3.488656217905738,0.0,3.488656217905738
2023-04-05 00:00:00-05:00,1.9988148302999993,1.9988148302999993,31.215870395592795,31.215870395592795,-29.217055565292796,-29.217055565292796,29.217055565292796,0.0,4.0903877791409915,0.0,4.0903877791409915
2023-04-06 00:00:00-05:00,1.7413342415999993,1.7413342415999993,30.661518849021718,30.661518849021718,-28.920184607421717,-28.920184607421717,28.920184607421717,0.0,4.04882584503904,0.0,4.04882584503904
2023-04-07 00:00:00-05:00,1.1030831639999994,1.1030831639999994,30.75140008267707,30.75140008267707,-29.64831691867707,-29.64831691867707,29.64831691867707,0.0,4.150764368614791,0.0,4.150764368614791
2023-04-08 00:00:00-05:00,5.190627012299999,5.190627012299999,30.212128662002385,30.212128662002385,-25.021501649702387,-25.021501649702387,26.421007237785478,1.399505588083093,3.6989410132899674,0.09796539116581653,3.600975622124151
2023-04-09 00:00:00-05:00,5.360824193399999,5.360824193399999,31.80494312494739,31.80494312494739,-26.44411893154739,-26.44411893154739,26.63685821729718,0.19273928574979127,3.7291601504216056,0.01349175000248539,3.71566840041912
2023-04-10 00:00:00-05:00,3.417355790999999,3.417355790999999,31.74504057103437,31.74504057103437,-28.327684780034367,-28.327684780034367,28.327684780034367,0.0,3.9658758692048117,0.0,3.9658758692048117
2023-04-11 00:00:00-05:00,8.161770627,8.161770627,31.0382853725151,31.0382853725151,-22.876514745515102,-22.876514745515102,24.3209457489814,1.4444310034662988,3.4049324048573966,0.10111017024264092,3.3038222346147554
2023-04-12 00:00:00-05:00,5.503798281599999,5.503798281599999,26.853884623382502,26.853884623382502,-21.350086341782504,-21.350086341782504,21.863078242776947,0.5129919009944439,3.060830953988773,0.03590943306961108,3.024921520919162
2023-04-13 00:00:00-05:00,8.073155021849999,8.073155021849999,25.9963144853623,25.9963144853623,-17.923159463512302,-17.923159463512302,19.857631598290844,1.9344721347785425,2.7800684237607185,0.135413049434498,2.6446553743262204
2023-04-14 00:00:00-05:00,3.334352632649999,3.334352632649999,31.53097388358842,31.53097388358842,-28.19662125093842,-28.19662125093842,28.19662125093842,0.0,3.947526975131379,0.0,3.947526975131379
2023-04-15 00:00:00-05:00,7.474233977549998,7.474233977549998,30.778385875634033,30.778385875634033,-23.304151898084033,-23.304151898084033,24.70431915374622,1.400167255662185,3.458604681524471,0.09801170789635295,3.3605929736281177
2023-04-16 00:00:00-05:00,9.888741409949999,9.888741409949999,33.59322578455733,33.59322578455733,-23.704484374607333,-23.704484374607333,25.921049969323207,2.2165655947158736,3.6289469957052494,0.15515959163011117,3.4737874040751384
2023-04-17 00:00:00-05:00,9.60417402435,9.60417402435,30.459513209529206,30.459513209529206,-20.855339185179204,-20.855339185179204,23.32410531966072,2.468766134481516,3.265374744752501,0.17281362941370615,3.092561115338795
2023-04-18 00:00:00-05:00,6.143835834449999,6.143835834449999,29.34035399236669,29.34035399236669,-23.196518157916692,-23.196518157916692,24.8998246427118,1.7033064847951072,3.485975449979652,0.11923145393565751,3.3667439960439944
2023-04-19 00:00:00-05:00,8.408254914899999,8.408254914899999,29.340691356460965,29.340691356460965,-20.93243644156097,-20.93243644156097,23.096869596084574,2.164433154523604,3.2335617434518404,0.1515103208166523,3.082051422635188
2023-04-20 00:00:00-05:00,1.8791902219499992,1.8791902219499992,30.899673147907386,30.899673147907386,-29.02048292595739,-29.02048292595739,29.02048292595739,0.0,4.062867609634035,0.0,4.062867609634035
2023-04-21 00:00:00-05:00,6.054582552749999,6.054582552749999,29.28235691957959,29.28235691957959,-23.227774366829593,-23.227774366829593,23.684595582024965,0.45682121519537344,3.3158433814834956,0.03197748506367614,3.2838658964198193
2023-04-22 00:00:00-05:00,9.518722882649998,9.518722882649998,29.400889565971696,29.400889565971696,-19.882166683321696,-19.882166683321696,22.330846238765023,2.4486795554433267,3.1263184734271037,0.1714075688810329,2.954910904546071
2023-04-23 00:00:00-05:00,1.0632637516499992,1.0632637516499992,34.1267862964013,34.1267862964013,-33.0635225447513,-33.0635225447513,33.0635225447513,0.0,4.628893156265183,0.0,4.628893156265183
2023-04-24 00:00:00-05:00,7.459658301599999,7.459658301599999,26.438250431142365,26.438250431142365,-18.978592129542363,-18.978592129542363,20.73151689919207,1.7529247696497066,2.90241236588689,0.12270473387547948,2.7797076320114105
2023-04-25 00:00:00-05:00,5.7587291887499985,5.7587291887499985,30.557399179823683,30.557399179823683,-24.798669991073684,-24.798669991073684,25.625629519191577,0.826959528117892,3.5875881326868213,0.05788716696825244,3.5297009657185687
2023-04-26 00:00:00-05:00,5.9009861596499995,5.9009861596499995,26.774573366669514,26.774573366669514,-20.873587207019515,-20.873587207019515,21.805611382834392,0.9320241758148765,3.0527855935968153,0.06524169230704137,2.987543901289774
2023-04-27 00:00:00-05:00,7.442362673999999,7.442362673999999,30.964253448078836,30.964253448078836,-23.521890774078834,-23.521890774078834,24.9112849594156,1.3893941853367635,3.487579894318184,0.09725759297357346,3.390322301344611
2023-04-28 00:00:00-05:00,9.399184856549999,9.399184856549999,30.61918216452707,30.61918216452707,-21.219997307977074,-21.219997307977074,23.545805154545928,2.3258078465688556,3.2964127216364303,0.1628065492598199,3.13360617237661
2023-04-29 00:00:00-05:00,7.1754153966,7.1754153966,34.243499693591254,34.243499693591254,-27.068084296991255,-27.068084296991255,28.496564636186097,1.4284803391948395,3.989519049066054,0.09999362374363878,3.889525425322415
2023-04-30 00:00:00-05:00,9.59977368045,9.59977368045,33.40920291913722,33.40920291913722,-23.809429238687226,-23.809429238687226,25.79639151365818,1.9869622749709543,3.6114948119121455,0.1390873592479668,3.4724074526641786
2023-05-01 00:00:00-05:00,9.1822428225,9.1822428225,28.690538308454155,28.690538308454155,-19.508295485954157,-19.508295485954157,21.689746340043612,2.1814508540894555,3.036564487606106,0.1527015597862619,2.883862927819844
2023-05-02 00:00:00-05:00,5.915132353349999,5.915132353349999,28.418019435502654,28.418019435502654,-22.502887082152657,-22.502887082152657,23.124937642795544,0.6220505606428879,3.2374912699913763,0.04354353924500216,3.193947730746374
2023-05-03 00:00:00-05:00,9.07606202715,9.07606202715,26.595305143939722,26.595305143939722,-17.51924311678972,-17.51924311678972,19.82884999695122,2.3096068801614975,2.776038999573171,0.16167248161130485,2.6143665179618663
2023-05-04 00:00:00-05:00,4.327520635349999,4.327520635349999,26.481478570043368,26.481478570043368,-22.153957934693366,-22.153957934693366,22.357046969483303,0.203089034789935,3.1299865757276626,0.014216232435295451,3.1157703432923674
2023-05-05 00:00:00-05:00,7.399531188899999,7.399531188899999,29.48636259823187,29.48636259823187,-22.08683140933187,-22.08683140933187,23.36812678381423,1.2812953744823576,3.2715377497339926,0.08969067621376504,3.1818470735202276
2023-05-06 00:00:00-05:00,6.488023710149999,6.488023710149999,30.992905172471797,30.992905172471797,-24.504881462321798,-24.504881462321798,24.863435178197772,0.3585537158759735,3.4808809249476886,0.025098760111318147,3.4557821648363705
2023-05-07 00:00:00-05:00,0.9566934637499992,0.9566934637499992,32.384920082337814,32.384920082337814,-31.42822661858781,-31.42822661858781,31.42822661858781,0.0,4.399951726602294,0.0,4.399951726602294
2023-05-08 00:00:00-05:00,4.3571392397999995,4.3571392397999995,28.728023421563982,28.728023421563982,-24.370884181763984,-24.370884181763984,24.505330467938084,0.13444628617409893,3.430746265511332,0.009411240032186926,3.421335025479145
2023-05-09 00:00:00-05:00,2.615883445349999,2.615883445349999,27.475398709723333,27.475398709723333,-24.859515264373332,-24.859515264373332,25.199140503505454,0.33962523913212195,3.527879670490764,0.02377376673924854,3.5041059037515154
2023-05-10 00:00:00-05:00,2.6534134412999997,2.6534134412999997,27.800692663630638,27.800692663630638,-25.147279222330635,-25.147279222330635,25.237858035946648,0.09057881361601056,3.533300125032531,0.0063405169531207395,3.5269596080794106
2023-05-11 00:00:00-05:00,7.010253647999999,7.010253647999999,27.082207584674038,27.082207584674038,-20.071953936674042,-20.071953936674042,21.545895332014094,1.473941395340053,3.0164253464819737,0.10317589767380372,2.91324944880817
2023-05-12 00:00:00-05:00,7.380979904699998,7.380979904699998,29.945741663733635,29.945741663733635,-22.564761759033637,-22.564761759033637,23.845161499133134,1.2803997400994978,3.338322609878639,0.08962798180696485,3.248694628071674
2023-05-13 00:00:00-05:00,2.837419513199999,2.837419513199999,34.50079217572491,34.50079217572491,-31.663372662524914,-31.663372662524914,31.663372662524914,0.0,4.4328721727534885,0.0,4.4328721727534885
2023-05-14 00:00:00-05:00,5.7201035840999985,5.7201035840999985,30.389382412298232,30.389382412298232,-24.669278828198234,-24.669278828198234,25.47859947631171,0.8093206481134775,3.5670039266836397,0.05665244536794343,3.510351481315696
2023-05-15 00:00:00-05:00,6.8234650181999985,6.8234650181999985,26.94574510342952,26.94574510342952,-20.12228008522952,-20.12228008522952,20.884482341697236,0.7622022564677177,2.9238275278376133,0.05335415795274024,2.870473369884873
2023-05-16 00:00:00-05:00,6.4518820312499985,6.4518820312499985,29.73772542455409,29.73772542455409,-23.285843393304088,-23.285843393304088,24.142805238823637,0.8569618455195479,3.3799927334353095,0.05998732918636836,3.320005404248941
2023-05-17 00:00:00-05:00,7.81993879695,7.81993879695,31.387626803934943,31.387626803934943,-23.567688006984945,-23.567688006984945,24.743374801475966,1.1756867944910239,3.4640724722066354,0.08229807561437168,3.3817743965922635
2023-05-18 00:00:00-05:00,8.789525878499997,8.789525878499997,29.930001086991464,29.930001086991464,-21.140475208491466,-21.140475208491466,22.943512295441927,1.8030370869504624,3.2120917213618703,0.12621259608653237,3.085879125275338
2023-05-19 00:00:00-05:00,8.66400724035,8.66400724035,30.5235317721072,30.5235317721072,-21.859524531757202,-21.859524531757202,23.55791342412512,1.6983888923679133,3.298107879377517,0.11888722246575395,3.179220656911763
2023-05-20 00:00:00-05:00,7.006405634999998,7.006405634999998,33.034331366904,33.034331366904,-26.027925731904,-26.027925731904,26.627931059041373,0.6000053271373763,3.7279103482657927,0.04200037289961635,3.6859099753661764
2023-05-21 00:00:00-05:00,3.1189620887999996,3.1189620887999996,32.413930404638926,32.413930404638926,-29.294968315838926,-29.294968315838926,29.329202742673946,0.03423442683502109,4.1060883839743525,0.002396409878451477,4.103691974095901
2023-05-22 00:00:00-05:00,6.245404978499999,6.245404978499999,28.956939778589327,28.956939778589327,-22.71153480008933,-22.71153480008933,23.046781470641772,0.33524667055244384,3.2265494058898483,0.023467266938671072,3.203082138951177
2023-05-23 00:00:00-05:00,6.8338352659499995,6.8338352659499995,27.939418839148036,27.939418839148036,-21.105583573198036,-21.105583573198036,21.8612768603525,0.7556932871544673,3.06057876044935,0.05289853010081271,3.0076802303485373
2023-05-24 00:00:00-05:00,7.546075067249999,7.546075067249999,30.367642892885026,30.367642892885026,-22.821567825635025,-22.821567825635025,24.3688904137358,1.5473225881007762,3.4116446579230124,0.10831258116705435,3.303332076755958
2023-05-25 00:00:00-05:00,8.352710725499998,8.352710725499998,27.900564776873964,27.900564776873964,-19.547854051373964,-19.547854051373964,21.217241720721812,1.669387669347847,2.970413840901054,0.11685713685434931,2.8535567040467047
2023-05-26 00:00:00-05:00,8.412289551899999,8.412289551899999,29.767242241584842,29.767242241584842,-21.35495268968484,-21.35495268968484,22.86240192621713,1.5074492365322907,3.200736269670399,0.10552144655726035,3.0952148231131384
2023-05-27 00:00:00-05:00,7.642434283199999,7.642434283199999,34.9525374858471,34.9525374858471,-27.310103202647102,-27.310103202647102,28.181668686342928,0.8715654836958265,3.9454336160880104,0.06100958385870786,3.8844240322293024
2023-05-28 00:00:00-05:00,7.473394003499999,7.473394003499999,33.39009999884713,33.39009999884713,-25.91670599534713,-25.91670599534713,26.687794870625233,0.771088875278104,3.736291281887533,0.05397622126946729,3.6823150606180657
2023-05-29 00:00:00-05:00,5.933342772,5.933342772,29.506497954551435,29.506497954551435,-23.57315518255144,-23.57315518255144,24.3686318695439,0.7954766869924631,3.4116084617361464,0.05568336808947242,3.355925093646674
2023-05-30 00:00:00-05:00,7.591807898099999,7.591807898099999,31.29155006890846,31.29155006890846,-23.69974217080846,-23.69974217080846,24.791725820194387,1.0919836493859265,3.4708416148272145,0.07643885545701486,3.3944027593701995
2023-05-31 00:00:00-05:00,5.699052512999999,5.699052512999999,27.97161280668861,27.97161280668861,-22.272560293688613,-22.272560293688613,22.41683873852424,0.14427844483562807,3.138357423393394,0.010099491138493967,3.1282579322549
2023-06-01 00:00:00-05:00,7.101171682199999,7.101171682199999,28.704847441541716,28.704847441541716,-21.603675759341716,-21.603675759341716,22.46551404076842,0.8618382814266998,3.1451719657075787,0.06032867969986899,3.0848432860077097
2023-06-02 00:00:00-05:00,6.774757136999999,6.774757136999999,28.703001368958102,28.703001368958102,-21.928244231958104,-21.928244231958104,22.269191731955917,0.3409474999978134,3.117686842473829,0.02386632499984694,3.093820517473982
2023-06-03 00:00:00-05:00,8.2619188623,8.2619188623,34.39610102680087,34.39610102680087,-26.13418216450087,-26.13418216450087,27.228254494814802,1.0940723303139295,3.8119556292740726,0.07658506312197506,3.7353705661520977
2023-06-04 00:00:00-05:00,6.177660447599999,6.177660447599999,33.773224526800625,33.773224526800625,-27.595564079200624,-27.595564079200624,28.17896712277575,0.5834030435751242,3.945055397188605,0.0408382130502587,3.9042171841383464
2023-06-05 00:00:00-05:00,5.134415515199999,5.134415515199999,29.11391952253406,29.11391952253406,-23.979504007334064,-23.979504007334064,24.06922781897403,0.08972381163996679,3.3696918946563645,0.006280666814797675,3.3634112278415667
2023-06-06 00:00:00-05:00,5.597739411299999,5.597739411299999,28.24941378635993,28.24941378635993,-22.651674375059933,-22.651674375059933,22.855067957788794,0.20339358272886204,3.1997095140904315,0.014237550791020345,3.185471963299411
2023-06-07 00:00:00-05:00,7.986996929699999,7.986996929699999,29.31304550956671,29.31304550956671,-21.32604857986671,-21.32604857986671,22.766314784008916,1.440266204142206,3.1872840697612483,0.10081863428995444,3.0864654354712937
2023-06-08 00:00:00-05:00,6.3453753836999995,6.3453753836999995,30.835931101568107,30.835931101568107,-24.49055571786811,-24.49055571786811,25.643686621956522,1.1531309040884115,3.5901161270739137,0.0807191632861888,3.509396963787725
2023-06-09 00:00:00-05:00,8.0465823144,8.0465823144,26.898384303536147,26.898384303536147,-18.85180198913615,-18.85180198913615,20.47054022182651,1.6187382326903617,2.8658756310557116,0.11331167628832532,2.7525639547673864
2023-06-10 00:00:00-05:00,7.747102863899999,7.747102863899999,30.542297915919747,30.542297915919747,-22.79519505201975,-22.79519505201975,23.929724801787163,1.134529749767414,3.3501614722502033,0.079417082483719,3.2707443897664845
2023-06-11 00:00:00-05:00,8.059536593099999,8.059536593099999,32.16354880455567,32.16354880455567,-24.104012211455668,-24.104012211455668,25.440532537573656,1.336520326117989,3.561674555260312,0.09355642282825924,3.468118132432053
2023-06-12 00:00:00-05:00,8.2073790945,8.2073790945,28.221211784573715,28.221211784573715,-20.013832690073716,-20.013832690073716,21.785417132822158,1.7715844427484402,3.0499583985951024,0.12401091099239082,2.9259474876027114
2023-06-13 00:00:00-05:00,7.951288946399999,7.951288946399999,30.91520867071904,30.91520867071904,-22.96391972431904,-22.96391972431904,24.469450114388167,1.5055303900691237,3.4257230160143437,0.10538712730483867,3.320335888709505
2023-06-14 00:00:00-05:00,7.606107632699999,7.606107632699999,28.006961270385055,28.006961270385055,-20.400853637685056,-20.400853637685056,21.7709807738786,1.3701271361935419,3.047937308343004,0.09590889953354793,2.9520284088094564
2023-06-15 00:00:00-05:00,8.473105593899998,8.473105593899998,29.29647320226189,29.29647320226189,-20.82336760836189,-20.82336760836189,22.592979463575723,1.769611855213833,3.1630171249006014,0.12387282986496831,3.039144295035633
2023-06-16 00:00:00-05:00,8.0497169361,8.0497169361,31.710727793267996,31.710727793267996,-23.661010857167998,-23.661010857167998,24.90019409836389,1.239183241195894,3.486027173770945,0.0867428268837126,3.3992843468872325
2023-06-17 00:00:00-05:00,7.053315834599999,7.053315834599999,35.09487820112578,35.09487820112578,-28.04156236652578,-28.04156236652578,28.487905857761344,0.4463434912355606,3.9883068200865885,0.031244044386489245,3.9570627757000993
2023-06-18 00:00:00-05:00,8.3113087662,8.3113087662,35.112559639142546,35.112559639142546,-26.80125087294255,-26.80125087294255,28.028178939162792,1.2269280662202435,3.923945051482791,0.08588496463541706,3.838060086847374
2023-06-19 00:00:00-05:00,8.396502954299999,8.396502954299999,31.49506193752543,31.49506193752543,-23.09855898322543,-23.09855898322543,24.63176741240818,1.5332084291827512,3.4484474377371455,0.1073245900427926,3.341122847694353
2023-06-20 00:00:00-05:00,8.128468003499998,8.128468003499998,29.830435771110132,29.830435771110132,-21.70196776761013,-21.70196776761013,23.245408860264895,1.5434410926547604,3.2543572404370855,0.10804087648583324,3.1463163639512524
2023-06-21 00:00:00-05:00,7.607439750599999,7.607439750599999,30.19319878626441,30.19319878626441,-22.58575903566441,-22.58575903566441,23.728322814185766,1.1425637785213545,3.3219651939860078,0.07997946449649482,3.241985729489513
2023-06-22 00:00:00-05:00,7.8910680707999985,7.8910680707999985,31.999530205053247,31.999530205053247,-24.108462134253248,-24.108462134253248,25.086700071111856,0.9782379368586078,3.51213800995566,0.06847665558010256,3.4436613543755574
2023-06-23 00:00:00-05:00,7.7377992632999995,7.7377992632999995,31.406331145774264,31.406331145774264,-23.668531882474266,-23.668531882474266,24.853914855543824,1.1853829730695602,3.479548079776136,0.08297680811486922,3.3965712716612666
2023-06-24 00:00:00-05:00,7.918144931699999,7.918144931699999,30.674671871988465,30.674671871988465,-22.756526940288467,-22.756526940288467,24.184987865192316,1.4284609249038491,3.3858983011269244,0.09999226474326944,3.285906036383655
2023-06-25 00:00:00-05:00,7.983982093499999,7.983982093499999,32.31445480738911,32.31445480738911,-24.330472713889115,-24.330472713889115,25.674725995963236,1.344253282074121,3.5944616394348534,0.09409772974518849,3.500363909689665
2023-06-26 00:00:00-05:00,8.0869833567,8.0869833567,30.753733650353528,30.753733650353528,-22.66675029365353,-22.66675029365353,24.190756679039083,1.524006385385554,3.386705935065472,0.1066804469769888,3.280025488088483
2023-06-27 00:00:00-05:00,8.4209115942,8.4209115942,31.711238578342357,31.711238578342357,-23.290326984142357,-23.290326984142357,24.81936978635262,1.5290428022102636,3.474711770089367,0.10703299615471847,3.3676787739346485
2023-06-28 00:00:00-05:00,8.3635887258,8.3635887258,31.428521650604548,31.428521650604548,-23.06493292480455,-23.06493292480455,24.62534871080715,1.560415786002598,3.4475488195130013,0.10922910502018188,3.3383197144928194
2023-06-29 00:00:00-05:00,7.920351420299999,7.920351420299999,31.69503780501668,31.69503780501668,-23.77468638471668,-23.77468638471668,24.993242210617684,1.2185558259010025,3.499053909486476,0.08529890781307019,3.4137550016734055
2023-06-30 00:00:00-05:00,7.862248735199999,7.862248735199999,29.913294039878455,29.913294039878455,-22.051045304678457,-22.051045304678457,23.520415853404145,1.4693705487256867,3.2928582194765808,0.10285593841079808,3.190002281065783
2023-07-01 00:00:00-05:00,7.980120747899999,7.980120747899999,34.5131768336821,34.5131768336821,-26.533056085782107,-26.533056085782107,27.42079996600869,0.8877438802265833,3.838911995241217,0.06214207161586084,3.776769923625356
2023-07-02 00:00:00-05:00,5.971069450799999,5.971069450799999,35.111310645328906,35.111310645328906,-29.14024119452891,-29.14024119452891,29.45367988176517,0.31343868723625745,4.123515183447124,0.021940708106538025,4.101574475340587
2023-07-03 00:00:00-05:00,7.4792306043,7.4792306043,28.39227358643782,28.39227358643782,-20.91304298213782,-20.91304298213782,22.085980429392524,1.1729374472547023,3.0920372601149535,0.08210562130782917,3.0099316388071244
2023-07-04 00:00:00-05:00,5.976818819999999,5.976818819999999,30.81854922785368,30.81854922785368,-24.84173040785368,-24.84173040785368,25.46785894367242,0.6261285358187406,3.5655002521141395,0.04382899750731185,3.5216712546068276
2023-07-05 00:00:00-05:00,5.194233086399999,5.194233086399999,27.060445818132866,27.060445818132866,-21.866212731732865,-21.866212731732865,22.020144279220993,0.1539315474881262,3.082820199090939,0.010775208324168836,3.0720449907667704
2023-07-06 00:00:00-05:00,2.514496437899999,2.514496437899999,27.20847726213084,27.20847726213084,-24.693980824230845,-24.693980824230845,24.693980824230845,0.0,3.4571573153923185,0.0,3.4571573153923185
2023-07-07 00:00:00-05:00,5.435266379399999,5.435266379399999,30.23818020625919,30.23818020625919,-24.802913826859193,-24.802913826859193,25.636137118018972,0.8332232911597787,3.5890591965226566,0.05832563038118451,3.530733566141472
2023-07-08 00:00:00-05:00,7.337302628399999,7.337302628399999,30.41653757685083,30.41653757685083,-23.07923494845083,-23.07923494845083,24.370998812720906,1.291763864270076,3.4119398337809272,0.09042347049890533,3.3215163632820217
2023-07-09 00:00:00-05:00,7.313467306499999,7.313467306499999,33.720737675396755,33.720737675396755,-26.407270368896757,-26.407270368896757,27.15657451154116,0.7493041426444029,3.8019204316157627,0.05245128998510821,3.7494691416306543
2023-07-10 00:00:00-05:00,7.581218380649998,7.581218380649998,31.595800349457054,31.595800349457054,-24.014581968807054,-24.014581968807054,25.112222416889022,1.0976404480819695,3.5157111383644635,0.07683483136573788,3.4388763069987256
2023-07-11 00:00:00-05:00,7.451336119949999,7.451336119949999,30.145067338712938,30.145067338712938,-22.693731218762938,-22.693731218762938,23.6895457780721,0.9958145593091651,3.3165364089300944,0.06970701915164156,3.246829389778453
2023-07-12 00:00:00-05:00,7.7061529439999985,7.7061529439999985,30.326411303090623,30.326411303090623,-22.620258359090627,-22.620258359090627,24.06096598449317,1.440707625402545,3.368535237829044,0.10084953377817817,3.267685704050866
2023-07-13 00:00:00-05:00,8.4388201137,8.4388201137,30.998251974868143,30.998251974868143,-22.559431861168143,-22.559431861168143,24.263825144966482,1.7043932837983369,3.3969355202953078,0.1193075298658836,3.277627990429424
2023-07-14 00:00:00-05:00,8.061957133649999,8.061957133649999,29.293525099882167,29.293525099882167,-21.23156796623217,-21.23156796623217,22.81563071853333,1.5840627523011606,3.1941883005946665,0.11088439266108124,3.083303907933585
2023-07-15 00:00:00-05:00,8.213985990449999,8.213985990449999,30.487034779064505,30.487034779064505,-22.273048788614503,-22.273048788614503,23.89019204710506,1.617143258490557,3.3446268865947086,0.113200028094339,3.23142685850037
2023-07-16 00:00:00-05:00,8.372579331599999,8.372579331599999,33.29586423830269,33.29586423830269,-24.92328490670269,-24.92328490670269,26.300073206126694,1.3767882994240022,3.6820102488577375,0.09637518095968016,3.5856350678980573
2023-07-17 00:00:00-05:00,8.516560077,8.516560077,27.597707533702003,27.597707533702003,-19.081147456702006,-19.081147456702006,21.02243866434224,1.941291207640233,2.943141413007914,0.13589038453481633,2.8072510284730976
2023-07-18 00:00:00-05:00,8.3167869717,8.3167869717,30.816700084188763,30.816700084188763,-22.499913112488763,-22.499913112488763,24.188468760572047,1.6885556480832844,3.3863856264800867,0.11819889536582992,3.2681867311142567
2023-07-19 00:00:00-05:00,8.36668783035,8.36668783035,28.412087819271267,28.412087819271267,-20.045399988921268,-20.045399988921268,21.833500674918284,1.7881006859970152,3.05669009448856,0.1251670480197911,2.931523046468769
2023-07-20 00:00:00-05:00,8.4894683526,8.4894683526,28.41405078428699,28.41405078428699,-19.92458243168699,-19.92458243168699,21.82948430076135,1.9049018690743609,3.056127802106589,0.13334313083520527,2.922784671271384
2023-07-21 00:00:00-05:00,7.6173846538499985,7.6173846538499985,29.225589319661445,29.225589319661445,-21.608204665811446,-21.608204665811446,22.828618118635912,1.220413452824464,3.196006536609028,0.08542894169771248,3.1105775949113155
2023-07-22 00:00:00-05:00,7.876382791049999,7.876382791049999,31.575984565761598,31.575984565761598,-23.699601774711596,-23.699601774711596,24.905310647244043,1.2057088725324479,3.4867434906141663,0.08439962107727136,3.402343869536895
2023-07-23 00:00:00-05:00,6.806025946349998,6.806025946349998,30.12027192976838,30.12027192976838,-23.31424598341838,-23.31424598341838,24.200941344083514,0.886695360665133,3.3881317881716924,0.06206867524655932,3.3260631129251332
2023-07-24 00:00:00-05:00,7.357614138449999,7.357614138449999,27.605390432322633,27.605390432322633,-20.247776293872633,-20.247776293872633,21.78758308058815,1.539806786715518,3.050261631282341,0.10778647507008628,2.9424751562122546
2023-07-25 00:00:00-05:00,7.162476090749999,7.162476090749999,30.129355752946605,30.129355752946605,-22.966879662196607,-22.966879662196607,24.15854710764496,1.1916674454483553,3.382196595070295,0.08341672118138488,3.29877987388891
2023-07-26 00:00:00-05:00,7.969144913625553,7.969144913625553,28.511678257417554,28.511678257417554,-20.542533343791998,-20.542533343791998,22.181715223597557,1.6391818798055566,3.1054401313036584,0.11474273158638898,2.9906973997172694
2023-07-27 00:00:00-05:00,7.4885113372499985,7.4885113372499985,30.527337695262037,30.527337695262037,-23.038826358012038,-23.038826358012038,24.260315924416638,1.2214895664045984,3.3964442294183295,0.08550426964832189,3.3109399597700078
2023-07-28 00:00:00-05:00,7.096023504449999,7.096023504449999,27.32897377612751,27.32897377612751,-20.23295027167751,-20.23295027167751,21.22070812107242,0.9877578493949104,2.970899136950139,0.06914304945764374,2.9017560874924953
2023-07-29 00:00:00-05:00,7.91944313625,7.91944313625,35.17144966783089,35.17144966783089,-27.25200653158089,-27.25200653158089,28.31463450431088,1.0626279727299903,3.9640488306035238,0.07438395809109934,3.8896648725124243
2023-07-30 00:00:00-05:00,7.729504286849999,7.729504286849999,34.06473598831737,34.06473598831737,-26.335231701467375,-26.335231701467375,27.28388095379218,0.9486492523248073,3.819743333530906,0.06640544766273652,3.753337885868169
2023-07-31 00:00:00-05:00,8.237113184699998,8.237113184699998,29.925230775100275,29.925230775100275,-21.688117590400275,-21.688117590400275,23.074630365458972,1.386512775058698,3.2304482511642565,0.09705589425410888,3.1333923569101474
2023-08-01 00:00:00-05:00,7.05018079845,7.05018079845,27.894387535497373,27.894387535497373,-20.844206737047372,-20.844206737047372,22.16476171614786,1.3205549791004885,3.103066640260701,0.0924388485370342,3.010627791723667
2023-08-02 00:00:00-05:00,8.619077335499998,8.619077335499998,27.067989790144633,27.067989790144633,-18.448912454644635,-18.448912454644635,20.439450899476462,1.9905384448318266,2.861523125926705,0.1393376911382279,2.7221854347884773
2023-08-03 00:00:00-05:00,7.943874279299998,7.943874279299998,27.42761284054389,27.42761284054389,-19.483738561243893,-19.483738561243893,21.081718559082976,1.5979799978390858,2.951440598271617,0.11185859984873602,2.839581998422881
2023-08-04 00:00:00-05:00,7.503379282799999,7.503379282799999,31.14998730039421,31.14998730039421,-23.64660801759421,-23.64660801759421,24.828443481324058,1.1818354637298474,3.4759820873853684,0.08272848246108933,3.393253604924279
2023-08-05 00:00:00-05:00,7.584568656749998,7.584568656749998,35.315537087081296,35.315537087081296,-27.730968430331295,-27.730968430331295,28.602063415714714,0.8710949853834203,4.00428887820006,0.06097664897683943,3.9433122292232206
2023-08-06 00:00:00-05:00,7.760633303699999,7.760633303699999,29.52103392883931,29.52103392883931,-21.76040062513931,-21.76040062513931,23.366759376316324,1.6063587511770123,3.271346312684286,0.11244511258239087,3.1589012001018952
2023-08-07 00:00:00-05:00,7.029451294649999,7.029451294649999,30.15319985057234,30.15319985057234,-23.12374855592234,-23.12374855592234,24.39668603300928,1.272937477086944,3.4155360446213,0.08910562339608609,3.3264304212252136
2023-08-08 00:00:00-05:00,7.692265604699999,7.692265604699999,31.208180832824258,31.208180832824258,-23.515915228124257,-23.515915228124257,24.758051466737292,1.242136238613035,3.4661272053432213,0.08694953670291246,3.3791776686403088
2023-08-09 00:00:00-05:00,7.528631609249999,7.528631609249999,29.44342048555599,29.44342048555599,-21.914788876305987,-21.914788876305987,23.43643019104837,1.5216413147423815,3.281100226746772,0.10651489203196672,3.174585334714805
2023-08-10 00:00:00-05:00,8.1218175903,8.1218175903,27.479282128853765,27.479282128853765,-19.357464538553767,-19.357464538553767,21.35743384248959,1.9999693039358246,2.990040737948543,0.13999785127550773,2.8500428866730356
2023-08-11 00:00:00-05:00,7.999826282099999,7.999826282099999,30.75369024356943,30.75369024356943,-22.75386396146943,-22.75386396146943,24.44362246619593,1.6897585047265014,3.4221071452674305,0.11828309533085511,3.3038240499365754
2023-08-12 00:00:00-05:00,7.433071512299999,7.433071512299999,32.27974461811522,32.27974461811522,-24.846673105815217,-24.846673105815217,25.965653735993516,1.1189806301782994,3.6351915230390928,0.07832864411248097,3.5568628789266117
2023-08-13 00:00:00-05:00,8.2694294793,8.2694294793,32.77406113936882,32.77406113936882,-24.504631660068817,-24.504631660068817,26.0689545366295,1.5643228765606816,3.6496536351281303,0.10950260135924772,3.5401510337688826
2023-08-14 00:00:00-05:00,8.239485577499998,8.239485577499998,31.58539658088993,31.58539658088993,-23.345911003389933,-23.345911003389933,24.898523519251373,1.5526125158614406,3.4857932926951927,0.10868287611030085,3.377110416584892
2023-08-15 00:00:00-05:00,8.317750894649999,8.317750894649999,26.792591299842137,26.792591299842137,-18.474840405192136,-18.474840405192136,20.6345346512759,2.1596942460837627,2.8888348511786264,0.1511785972258634,2.737656253952763
2023-08-16 00:00:00-05:00,8.84487104955,8.84487104955,27.066702310546038,27.066702310546038,-18.221831260996037,-18.221831260996037,20.627840238533224,2.406008977537188,2.8878976333946516,0.16842062842760316,2.7194770049670485
2023-08-17 00:00:00-05:00,8.5858207011,8.5858207011,31.711389691378766,31.711389691378766,-23.12556899027877,-23.12556899027877,24.919844897145662,1.7942759068668965,3.488778285600393,0.12559931348068276,3.3631789721197105
2023-08-18 00:00:00-05:00,8.5858842537,8.5858842537,28.673941181287237,28.673941181287237,-20.08805692758724,-20.08805692758724,22.113961357097864,2.025904429510625,3.0959545899937013,0.14181331006574377,2.9541412799279576
2023-08-19 00:00:00-05:00,8.409349971449998,8.409349971449998,31.16370715658514,31.16370715658514,-22.75435718513514,-22.75435718513514,24.40052812469356,1.6461709395584216,3.416073937457099,0.11523196576908952,3.3008419716880093
2023-08-20 00:00:00-05:00,8.147696458499999,8.147696458499999,31.746223935566782,31.746223935566782,-23.59852747706678,-23.59852747706678,25.129665334910804,1.5311378578440213,3.518153146887513,0.1071796500490815,3.4109734968384315
2023-08-21 00:00:00-05:00,6.354964811699999,6.354964811699999,28.910689202434558,28.910689202434558,-22.55572439073456,-22.55572439073456,23.25058736731658,0.6948629765820206,3.2550822314243217,0.04864040836074145,3.2064418230635803
2023-08-22 00:00:00-05:00,6.476248385099999,6.476248385099999,31.29246250619561,31.29246250619561,-24.81621412109561,-24.81621412109561,25.73338744145823,0.9171733203626213,3.6026742418041526,0.0642021324253835,3.538472109378769
2023-08-23 00:00:00-05:00,8.003001962699999,8.003001962699999,28.880734132933007,28.880734132933007,-20.87773217023301,-20.87773217023301,22.64696001043271,1.7692278401997008,3.1705744014605797,0.12384594881397906,3.0467284526466005
2023-08-24 00:00:00-05:00,7.633170332099999,7.633170332099999,27.57679756462289,27.57679756462289,-19.94362723252289,-19.94362723252289,21.446283201605763,1.5026559690828716,3.002479648224807,0.10518591783580102,2.8972937303890056
2023-08-25 00:00:00-05:00,8.13590048655,8.13590048655,27.51172334070727,27.51172334070727,-19.37582285415727,-19.37582285415727,21.43233494060923,2.0565120864519626,3.0005268916852925,0.1439558460516374,2.8565710456336553
2023-08-26 00:00:00-05:00,8.41378891995,8.41378891995,31.51522283741577,31.51522283741577,-23.101433917465773,-23.101433917465773,24.785119703970278,1.6836857865045047,3.469916758555839,0.11785800505531534,3.3520587535005237
2023-08-27 00:00:00-05:00,8.132209474499998,8.132209474499998,30.38081300955981,30.38081300955981,-22.248603535059807,-22.248603535059807,23.872949486062865,1.624345951003055,3.3422129280488013,0.11370421657021386,3.2285087114785873
2023-08-28 00:00:00-05:00,7.759784356199999,7.759784356199999,27.32979859476593,27.32979859476593,-19.570014238565932,-19.570014238565932,21.06294385754086,1.492929618974927,2.9488121400557206,0.10450507332824491,2.8443070667274757
2023-08-29 00:00:00-05:00,7.6416862752,7.6416862752,32.07892274391496,32.07892274391496,-24.437236468714957,-24.437236468714957,25.476838043009458,1.0396015742945022,3.5667573260213246,0.07277211020061516,3.493985215820709
2023-08-30 00:00:00-05:00,8.4548303037,8.4548303037,30.126832369052508,30.126832369052508,-21.67200206535251,-21.67200206535251,23.48453911104601,1.8125370456935024,3.287835475546442,0.1268775931985452,3.1609578823478968
2023-08-31 00:00:00-05:00,8.265547043999998,8.265547043999998,29.193579332427,29.193579332427,-20.928032288427,-20.928032288427,22.685047756308542,1.7570154678815384,3.1759066858831964,0.1229910827517077,3.052915603131489
2023-09-01 00:00:00-05:00,7.4726049609,7.4726049609,30.96171000083176,30.96171000083176,-23.48910503993176,-23.48910503993176,24.690724401609465,1.2016193616777031,3.4567014162253256,0.08411335531743923,3.372588060907886
2023-09-02 00:00:00-05:00,7.021551168899999,7.021551168899999,29.419855920991424,29.419855920991424,-22.398304752091423,-22.398304752091423,23.34904808660944,0.9507433345180153,3.2688667321253218,0.06655203341626108,3.2023146987090607
2023-09-03 00:00:00-05:00,7.831249419599999,7.831249419599999,30.278991724296905,30.278991724296905,-22.447742304696906,-22.447742304696906,23.663229466464124,1.2154871617672214,3.3128521253049774,0.0850841013237055,3.227768023981272
2023-09-04 00:00:00-05:00,5.671365076799999,5.671365076799999,30.438666306634474,30.438666306634474,-24.767301229834473,-24.767301229834473,25.442238936792734,0.6749377069582594,3.561913451150983,0.04724563948707816,3.5146678116639047
2023-09-05 00:00:00-05:00,5.834600108099999,5.834600108099999,30.90884284192095,30.90884284192095,-25.074242733820952,-25.074242733820952,25.332736637201567,0.2584939033806144,3.5465831292082197,0.01809457323664301,3.5284885559715766
2023-09-06 00:00:00-05:00,7.959753252,7.959753252,29.936289346841214,29.936289346841214,-21.976536094841215,-21.976536094841215,23.2942712475679,1.317735152726685,3.261197974659506,0.09224146069086796,3.168956513968638
2023-09-07 00:00:00-05:00,8.156985678899998,8.156985678899998,27.044579318712266,27.044579318712266,-18.88759363981227,-18.88759363981227,20.826001315290192,1.9384076754779214,2.915640184140627,0.1356885372834545,2.7799516468571723
2023-09-08 00:00:00-05:00,8.2769125185,8.2769125185,29.086932315139364,29.086932315139364,-20.810019796639367,-20.810019796639367,22.571591136551966,1.7615713399125994,3.1600227591172754,0.12330999379388197,3.0367127653233936
2023-09-09 00:00:00-05:00,8.3883612393,8.3883612393,30.761661859151673,30.761661859151673,-22.373300619851673,-22.373300619851673,24.152187380682623,1.778886760830948,3.3813062332955677,0.12452207325816637,3.2567841600374012
2023-09-10 00:00:00-05:00,9.026489218499998,9.026489218499998,31.865385479133476,31.865385479133476,-22.838896260633476,-22.838896260633476,24.76296677417572,1.9240705135422442,3.466815348384601,0.1346849359479571,3.332130412436644
2023-09-11 00:00:00-05:00,8.5892396436,8.5892396436,31.519154269272917,31.519154269272917,-22.929914625672918,-22.929914625672918,24.562743233479647,1.6328286078067307,3.438784052687151,0.11429800254647116,3.32448605014068
2023-09-12 00:00:00-05:00,7.7827630463999995,7.7827630463999995,26.332484294193076,26.332484294193076,-18.549721247793077,-18.549721247793077,20.122488468003496,1.5727672202104193,2.8171483855204897,0.11009370541472936,2.7070546801057604
2023-09-13 00:00:00-05:00,6.309863914499999,6.309863914499999,31.44825856441256,31.44825856441256,-25.13839464991256,-25.13839464991256,25.534696289797395,0.39630163988483535,3.5748574805716355,0.027741114791938477,3.547116365779697
2023-09-14 00:00:00-05:00,4.4105761466999995,4.4105761466999995,27.418335904991075,27.418335904991075,-23.007759758291076,-23.007759758291076,23.018661780551955,0.01090202226087883,3.222612649277274,0.0007631415582615181,3.2218495077190124
2023-09-15 00:00:00-05:00,4.3926269031,4.3926269031,28.07036418125811,28.07036418125811,-23.67773727815811,-23.67773727815811,23.67773727815811,0.0,3.3148832189421356,0.0,3.3148832189421356
2023-09-16 00:00:00-05:00,4.5745885916999995,4.5745885916999995,31.325638308854444,31.325638308854444,-26.751049717154444,-26.751049717154444,26.751049717154444,0.0,3.7451469604016228,0.0,3.7451469604016228
2023-09-17 00:00:00-05:00,8.975567736899999,8.975567736899999,34.44229098455535,34.44229098455535,-25.466723247655352,-25.466723247655352,27.1372658738754,1.670542626220049,3.7992172223425564,0.11693798383540344,3.682279238507153
2023-09-18 00:00:00-05:00,9.0854497935,9.0854497935,30.999865516444018,30.999865516444018,-21.914415722944018,-21.914415722944018,24.004904814378268,2.090489091434251,3.3606866740129577,0.14633423640039758,3.2143524376125603
2023-09-19 00:00:00-05:00,8.6705938674,8.6705938674,29.441469709021607,29.441469709021607,-20.77087584162161,-20.77087584162161,22.953094629469316,2.1822187878477077,3.2134332481257046,0.15275531514933954,3.060677932976365
2023-09-20 00:00:00-05:00,7.750840739849999,7.750840739849999,30.67676604607114,30.67676604607114,-22.925925306221142,-22.925925306221142,24.303469707363565,1.377544401142424,3.4024857590308994,0.0964281080799697,3.3060576509509296
2023-09-21 00:00:00-05:00,7.417602299699999,7.417602299699999,27.02267571267571,27.02267571267571,-19.60507341297571,-19.60507341297571,21.198716928146002,1.5936435151702912,2.9678203699404406,0.11155504606192039,2.85626532387852
2023-09-22 00:00:00-05:00,7.6259365299,7.6259365299,30.036650979054745,30.036650979054745,-22.410714449154746,-22.410714449154746,23.673787561953073,1.2630731127983283,3.3143302586734307,0.088415117895883,3.2259151407775475
2023-09-23 00:00:00-05:00,8.119249177499999,8.119249177499999,34.74614119068388,34.74614119068388,-26.626892013183884,-26.626892013183884,27.843352306739742,1.2164602935558597,3.8980693229435643,0.08515222054891018,3.812917102394654
2023-09-24 00:00:00-05:00,8.216499130199999,8.216499130199999,32.18242766820657,32.18242766820657,-23.96592853800657,-23.96592853800657,25.13207309141306,1.1661445534064891,3.5184902327978285,0.08163011873845424,3.436860114059374
2023-09-25 00:00:00-05:00,6.347110328099999,6.347110328099999,31.07960832971075,31.07960832971075,-24.732498001610754,-24.732498001610754,25.36652137298113,0.6340233713703761,3.5513129922173583,0.04438163599592633,3.506931356221432
2023-09-26 00:00:00-05:00,8.446182099749999,8.446182099749999,28.669944071481403,28.669944071481403,-20.223761971731406,-20.223761971731406,22.211931473897998,1.9881695021665928,3.10967040634572,0.13917186515166152,2.9704985411940585
2023-09-27 00:00:00-05:00,6.1675396744499995,6.1675396744499995,31.23189710283348,31.23189710283348,-25.06435742838348,-25.06435742838348,25.9646509396793,0.9002935112958185,3.635051131555102,0.0630205457907073,3.572030585764395
2023-09-28 00:00:00-05:00,6.9435481149,6.9435481149,28.110339592340573,28.110339592340573,-21.166791477440572,-21.166791477440572,22.007281211986015,0.8404897345454423,3.0810193696780424,0.058834281418180964,3.0221850882598615
2023-09-29 00:00:00-05:00,8.052460356825,8.052460356825,27.55259461195698,27.55259461195698,-19.500134255131982,-19.500134255131982,21.214152806140326,1.7140185510083432,2.969981392859646,0.11998129857058404,2.850000094289062
2023-09-30 00:00:00-05:00,8.633289444299999,8.633289444299999,31.93516911249731,31.93516911249731,-23.301879668197312,-23.301879668197312,25.018562032683445,1.7166823644861324,3.5025986845756827,0.12016776551402929,3.3824309190616533
2023-10-01 00:00:00-05:00,9.19293468075,9.19293468075,29.7771725557249,29.7771725557249,-20.5842378749749,-20.5842378749749,22.520668030026393,1.9364301550514953,3.1528935242036953,0.1355501108536047,3.0173434133500905
2023-10-02 00:00:00-05:00,8.818691502599998,8.818691502599998,30.082777033105305,30.082777033105305,-21.26408553050531,-21.26408553050531,22.875870673402325,1.6117851428970194,3.2026218942763256,0.11282496000279137,3.0897969342735343
2023-10-03 00:00:00-05:00,1.2572741882249991,1.2572741882249991,27.526615114295293,27.526615114295293,-26.269340926070296,-26.269340926070296,26.269340926070296,0.0,3.6777077296498417,0.0,3.6777077296498417
2023-10-04 00:00:00-05:00,4.28805615825,4.28805615825,27.93866820237924,27.93866820237924,-23.65061204412924,-23.65061204412924,24.134872183479782,0.4842601393505421,3.3788821056871696,0.03389820975453795,3.3449838959326317
2023-10-05 00:00:00-05:00,1.7045245057499994,1.7045245057499994,27.795734192839458,27.795734192839458,-26.091209687089457,-26.091209687089457,26.091209687089457,0.0,3.652769356192524,0.0,3.652769356192524
2023-10-06 00:00:00-05:00,7.881155127449999,7.881155127449999,31.039018652077825,31.039018652077825,-23.157863524627828,-23.157863524627828,24.35281515421652,1.1949516295886908,3.4093941215903127,0.08364661407120837,3.3257475075191043
2023-10-07 00:00:00-05:00,7.451493425999999,7.451493425999999,32.0259507200613,32.0259507200613,-24.574457294061308,-24.574457294061308,26.02181851644918,1.4473612223878747,3.6430545923028856,0.10131528556715123,3.5417393067357343
2023-10-08 00:00:00-05:00,8.246253465674998,8.246253465674998,32.827324078491166,32.827324078491166,-24.581070612816166,-24.581070612816166,25.425219147163048,0.8441485343468799,3.559530680602827,0.0590903974042816,3.5004402831985453
2023-10-09 00:00:00-05:00,9.572441948999998,9.572441948999998,29.71305723701116,29.71305723701116,-20.140615288011162,-20.140615288011162,22.211246593350815,2.070631305339651,3.1095745230691145,0.1449441913737756,2.964630331695339
2023-10-10 00:00:00-05:00,3.1798622830499994,3.1798622830499994,27.323765375029453,27.323765375029453,-24.143903091979453,-24.143903091979453,24.143903091979453,0.0,3.380146432877124,0.0,3.380146432877124
2023-10-11 00:00:00-05:00,3.1676424941249994,3.1676424941249994,29.542898864763476,29.542898864763476,-26.37525637063848,-26.37525637063848,26.585985118694296,0.2107287480558211,3.722037916617202,0.014751012363907478,3.7072869042532943
2023-10-12 00:00:00-05:00,9.039048211799999,9.039048211799999,30.318863974038,30.318863974038,-21.279815762238,-21.279815762238,22.9477206889282,1.6679049266901993,3.2126808964499483,0.11675334486831396,3.0959275515816342
2023-10-13 00:00:00-05:00,6.166542705524999,6.166542705524999,28.989115078314875,28.989115078314875,-22.822572372789878,-22.822572372789878,23.310329362253494,0.48775698946361673,3.2634461107154893,0.034142989262453176,3.2293031214530363
2023-10-14 00:00:00-05:00,8.555194838024999,8.555194838024999,33.132311865668605,33.132311865668605,-24.577117027643606,-24.577117027643606,26.477989189123846,1.9008721614802386,3.706918486477339,0.13306105130361673,3.5738574351737222
2023-10-15 00:00:00-05:00,9.47227713829098,9.47227713829098,34.66230017124027,34.66230017124027,-25.190023032949288,-25.190023032949288,26.9107686650099,1.7207456320606107,3.7675076131013863,0.12045219424424276,3.6470554188571436
2023-10-16 00:00:00-05:00,9.274537591425,9.274537591425,30.028183625666504,30.028183625666504,-20.753646034241502,-20.753646034241502,23.080600572350882,2.326954538109381,3.231284080129124,0.16288681766765667,3.0683972624614673
2023-10-17 00:00:00-05:00,9.167451995699999,9.167451995699999,29.892011496776266,29.892011496776266,-20.724559501076268,-20.724559501076268,22.99252317621918,2.2679636751429126,3.2189532446706854,0.1587574572600039,3.0601957874106818
2023-10-18 00:00:00-05:00,8.471480568525,8.471480568525,28.710140276838676,28.710140276838676,-20.23865970831368,-20.23865970831368,22.2863953719614,2.0477356636477224,3.1200953520745967,0.14334149645534058,2.976753855619256
2023-10-19 00:00:00-05:00,8.209755396224999,8.209755396224999,31.047661564783127,31.047661564783127,-22.837906168558128,-22.837906168558128,24.306465890461944,1.4685597219038171,3.4029052246646723,0.10279918053326721,3.300106044131405
2023-10-20 00:00:00-05:00,8.657843694524999,8.657843694524999,29.68749453240633,29.68749453240633,-21.029650837881327,-21.029650837881327,22.96125904846635,1.9316082105850219,3.214576266785289,0.13521257474095155,3.0793636920443377
2023-10-21 00:00:00-05:00,7.653893633999999,7.653893633999999,29.949609296089836,29.949609296089836,-22.295715662089837,-22.295715662089837,23.78867815696036,1.4929624948705216,3.3304149419744506,0.10450737464093653,3.2259075673335142
2023-10-22 00:00:00-05:00,5.636062406024999,5.636062406024999,31.424372518613538,31.424372518613538,-25.788310112588537,-25.788310112588537,26.55380259502909,0.7654924824405531,3.717532363304073,0.05358447377083873,3.663947889533234
2023-10-23 00:00:00-05:00,6.423397431524999,6.423397431524999,30.898298444928574,30.898298444928574,-24.474901013403574,-24.474901013403574,25.226407507166964,0.7515064937633902,3.531697051003375,0.05260545456343732,3.479091596439938
2023-10-24 00:00:00-05:00,5.211553316399999,5.211553316399999,27.36915705066913,27.36915705066913,-22.15760373426913,-22.15760373426913,22.606104284706625,0.4485005504374938,3.164854599858928,0.03139503853062457,3.133459561328303
2023-10-25 00:00:00-05:00,3.9965453912249993,3.9965453912249993,28.769810213630628,28.769810213630628,-24.77326482240563,-24.77326482240563,24.966036688668805,0.19277186626317622,3.495245136413633,0.013494030638422336,3.481751105775211
2023-10-26 00:00:00-05:00,3.1917909950999994,3.1917909950999994,30.76528035371136,30.76528035371136,-27.57348935861136,-27.57348935861136,27.57348935861136,0.0,3.860288510205591,0.0,3.860288510205591
2023-10-27 00:00:00-05:00,4.043969319825,4.043969319825,27.550230417622302,27.550230417622302,-23.506261097797303,-23.506261097797303,23.506261097797303,0.0,3.2908765536916227,0.0,3.2908765536916227
2023-10-28 00:00:00-05:00,5.6948937759,5.6948937759,31.38194797133031,31.38194797133031,-25.68705419543031,-25.68705419543031,25.697803190579403,0.010748995149093554,3.597692446681117,0.0007524296604365489,3.5969400170206804
2023-10-29 00:00:00-05:00,7.006208051699999,7.006208051699999,31.555036440684013,31.555036440684013,-24.548828388984013,-24.548828388984013,25.056307943225445,0.5074795542414313,3.507883112051563,0.0355235687969002,3.4723595432546626
2023-10-30 00:00:00-05:00,1.0550079002249995,1.0550079002249995,28.028026636128768,28.028026636128768,-26.973018735903768,-26.973018735903768,26.973018735903768,0.0,3.776222623026528,0.0,3.776222623026528
2023-10-31 00:00:00-05:00,6.109720001999999,6.109720001999999,31.501780975444387,31.501780975444387,-25.39206097344439,-25.39206097344439,26.992608986964594,1.600548013520204,3.7789652581750435,0.11203836094641428,3.6669268972286293
2023-11-01 00:00:00-05:00,10.0345193874,10.0345193874,30.06143803768936,30.06143803768936,-20.026918650289364,-20.026918650289364,22.36497115669406,2.3380525064046997,3.1310959619371688,0.163663675448329,2.96743228648884
2023-11-02 00:00:00-05:00,9.689933480399999,9.689933480399999,30.529435935824665,30.529435935824665,-20.839502455424665,-20.839502455424665,22.912136956524048,2.072634501099384,3.207699173913367,0.1450844150769569,3.06261475883641
2023-11-03 00:00:00-05:00,9.013824570825,9.013824570825,30.394308388944946,30.394308388944946,-21.38048381811995,-21.38048381811995,23.183073575728145,1.8025897576081982,3.2456303006019405,0.1261812830325739,3.1194490175693668
2023-11-04 00:00:00-05:00,6.647611417424999,6.647611417424999,32.7037826261864,32.7037826261864,-26.056171208761405,-26.056171208761405,26.56743994598314,0.5112687372217344,3.71944159243764,0.03578881160552141,3.6836527808321184
2023-11-05 00:00:00-05:00,5.508559957725,5.508559957725,33.319707729915905,33.319707729915905,-27.811147772190903,-27.811147772190903,28.11701967510444,0.30587190291353905,3.936382754514622,0.021411033203947737,3.9149717213106743
2023-11-06 00:00:00-06:00,6.030574777799999,6.030574777799999,29.584568340574602,29.584568340574602,-23.553993562774604,-23.553993562774604,23.835140827880686,0.28114726510608246,3.336919715903296,0.019680308557425773,3.31723940734587
2023-11-07 00:00:00-06:00,7.001301414599999,7.001301414599999,31.3286006145011,31.3286006145011,-24.3272991999011,-24.3272991999011,24.574839306417555,0.24754010651645797,3.440477502898458,0.01732780745615206,3.423149695442306
2023-11-08 00:00:00-06:00,6.5324147975999995,6.5324147975999995,26.680676932306845,26.680676932306845,-20.148262134706847,-20.148262134706847,20.791048026862804,0.6427858921559562,2.9107467237607927,0.04499501245091694,2.865751711309876
2023-11-09 00:00:00-06:00,3.317089949099999,3.317089949099999,28.562818117938303,28.562818117938303,-25.245728168838305,-25.245728168838305,25.273000880913173,0.027272712074868033,3.5382201233278447,0.0019090898452407625,3.536311033482604
2023-11-10 00:00:00-06:00,0.9865009628999991,0.9865009628999991,28.830152973439475,28.830152973439475,-27.843652010539476,-27.843652010539476,27.843652010539476,0.0,3.898111281475527,0.0,3.898111281475527
2023-11-11 00:00:00-06:00,1.0631611880999996,1.0631611880999996,28.48734966708276,28.48734966708276,-27.42418847898276,-27.42418847898276,27.42418847898276,0.0,3.8393863870575866,0.0,3.8393863870575866
2023-11-12 00:00:00-06:00,1.7329295924999992,1.7329295924999992,29.315071797693026,29.315071797693026,-27.582142205193026,-27.582142205193026,27.582142205193026,0.0,3.861499908727024,0.0,3.861499908727024
2023-11-13 00:00:00-06:00,0.5996900906999995,0.5996900906999995,30.951768417745505,30.951768417745505,-30.352078327045504,-30.352078327045504,30.352078327045504,0.0,4.249290965786371,0.0,4.249290965786371
2023-11-14 00:00:00-06:00,4.9875094116000005,4.9875094116000005,31.230625444326417,31.230625444326417,-26.243116032726416,-26.243116032726416,26.243116032726416,0.0,3.6740362445816985,0.0,3.6740362445816985
2023-11-15 00:00:00-06:00,8.9608203234,8.9608203234,29.013938854987536,29.013938854987536,-20.053118531587536,-20.053118531587536,21.3292402208562,1.276121689268661,2.9860936309198682,0.08932851824880629,2.896765112671062
2023-11-16 00:00:00-06:00,1.1676170870999993,1.1676170870999993,28.409554294726735,28.409554294726735,-27.241937207626734,-27.241937207626734,27.241937207626734,0.0,3.813871209067743,0.0,3.813871209067743
2023-11-17 00:00:00-06:00,8.5757989761,8.5757989761,30.649208349918577,30.649208349918577,-22.073409373818578,-22.073409373818578,23.150367480226077,1.076958106407499,3.241051447231651,0.07538706744852493,3.165664379783126
2023-11-18 00:00:00-06:00,7.105455720899999,7.105455720899999,33.75532682066239,33.75532682066239,-26.64987109976239,-26.64987109976239,26.86185544132399,0.21198434156159796,3.7606597617853588,0.014838903909311859,3.745820857876047
2023-11-19 00:00:00-06:00,4.446399274199999,4.446399274199999,29.975840458768275,29.975840458768275,-25.529441184568274,-25.529441184568274,25.529441184568274,0.0,3.5741217658395588,0.0,3.5741217658395588
2023-11-20 00:00:00-06:00,2.2539457439999993,2.2539457439999993,31.43705614887307,31.43705614887307,-29.183110404873066,-29.183110404873066,29.183110404873066,0.0,4.08563545668223,0.0,4.08563545668223
2023-11-21 00:00:00-06:00,3.5954706005999992,3.5954706005999992,29.710066695442734,29.710066695442734,-26.114596094842735,-26.114596094842735,26.114596094842735,0.0,3.656043453277983,0.0,3.656043453277983
2023-11-22 00:00:00-06:00,6.991778301299999,6.991778301299999,32.03548614688045,32.03548614688045,-25.043707845580457,-25.043707845580457,25.487849780252894,0.4441419346724387,3.5682989692354057,0.03108993542707071,3.537209033808335
2023-11-23 00:00:00-06:00,1.7156579327999992,1.7156579327999992,30.163291999917178,30.163291999917178,-28.44763406711718,-28.44763406711718,28.44763406711718,0.0,3.982668769396405,0.0,3.982668769396405
2023-11-24 00:00:00-06:00,7.1618019048,7.1618019048,27.783528020471206,27.783528020471206,-20.621726115671205,-20.621726115671205,21.668045396958053,1.0463192812868463,3.0335263555741276,0.07324234969007924,2.9602840058840485
2023-11-25 00:00:00-06:00,7.602333289199998,7.602333289199998,32.1074156123817,32.1074156123817,-24.505082323181703,-24.505082323181703,24.8593697017074,0.354287378525698,3.4803117582390364,0.024800116496798863,3.4555116417422376
2023-11-26 00:00:00-06:00,7.177130166599999,7.177130166599999,30.517855592110635,30.517855592110635,-23.340725425510637,-23.340725425510637,24.10640729377343,0.7656818682627944,3.3748970211282803,0.053597730778395615,3.321299290349885
2023-11-27 00:00:00-06:00,7.597090844999999,7.597090844999999,26.808465066594913,26.808465066594913,-19.211374221594912,-19.211374221594912,19.869381104578107,0.6580068829831962,2.781713354640935,0.04606048180882374,2.7356528728321114
2023-11-28 00:00:00-06:00,7.825887395099999,7.825887395099999,28.458499883309653,28.458499883309653,-20.632612488209656,-20.632612488209656,21.7174097632501,1.084797275040445,3.040437366855014,0.07593580925283117,2.964501557602183
2023-11-29 00:00:00-06:00,6.0774854229,6.0774854229,29.61538197712395,29.61538197712395,-23.537896554223952,-23.537896554223952,23.541676449560228,0.00377989533627876,3.295834702938432,0.00026459267353951324,3.2955701102648924
2023-11-30 00:00:00-06:00,1.199213615699999,1.199213615699999,29.34460726338363,29.34460726338363,-28.14539364768363,-28.14539364768363,28.14539364768363,0.0,3.9403551106757084,0.0,3.9403551106757084
2023-12-01 00:00:00-06:00,1.7204231222999993,1.7204231222999993,28.502977580029718,28.502977580029718,-26.782554457729717,-26.782554457729717,26.782554457729717,0.0,3.749557624082161,0.0,3.749557624082161
2023-12-02 00:00:00-06:00,1.6742078837999996,1.6742078837999996,31.50428201812443,31.50428201812443,-29.83007413432443,-29.83007413432443,29.83007413432443,0.0,4.176210378805421,0.0,4.176210378805421
2023-12-03 00:00:00-06:00,7.8014659167,7.8014659167,34.176215745454485,34.176215745454485,-26.374749828754485,-26.374749828754485,26.701789254851644,0.3270394260971605,3.7382504956792304,0.022892759826801237,3.7153577358524292
2023-12-04 00:00:00-06:00,9.265465257299999,9.265465257299999,27.898903431019377,27.898903431019377,-18.63343817371938,-18.63343817371938,20.249850491262897,1.6164123175435205,2.8349790687768057,0.11314886222804645,2.721830206548759
2023-12-05 00:00:00-06:00,8.833945201199999,8.833945201199999,32.266758977715355,32.266758977715355,-23.432813776515353,-23.432813776515353,24.51202274498864,1.079208968473286,3.43168318429841,0.07554462779313002,3.3561385565052797
2023-12-06 00:00:00-06:00,9.287469053099999,9.287469053099999,30.69162092614689,30.69162092614689,-21.40415187304689,-21.40415187304689,22.760089276158705,1.355937403111815,3.186412498662219,0.09491561821782706,3.091496880444392
2023-12-07 00:00:00-06:00,7.9737394544999995,7.9737394544999995,26.974341302032734,26.974341302032734,-19.00060184753273,-19.00060184753273,19.9005254678121,0.8999236202793655,2.786073565493694,0.06299465341955558,2.7230789120741385
2023-12-08 00:00:00-06:00,3.1311081305999995,3.1311081305999995,31.602051308000387,31.602051308000387,-28.47094317740039,-28.47094317740039,28.542188234686844,0.07124505728645553,3.9959063528561587,0.004987154010051887,3.990919198846107
2023-12-09 00:00:00-06:00,3.7859335199999995,3.7859335199999995,33.56213707356365,33.56213707356365,-29.776203553563644,-29.776203553563644,29.776373977115057,0.00017042355141305698,4.168692356796108,1.192964859891399e-05,4.1686804271475095
2023-12-10 00:00:00-06:00,9.9397590831,9.9397590831,34.93398988055119,34.93398988055119,-24.994230797451188,-24.994230797451188,26.237717120302417,1.2434863228512307,3.6732803968423386,0.08704404259958616,3.5862363542427524
2023-12-11 00:00:00-06:00,9.550803201299999,9.550803201299999,27.100853843787135,27.100853843787135,-17.550050642487136,-17.550050642487136,19.534459482615272,1.9844088401281363,2.7348243275661384,0.13890861880896957,2.5959157087571687
2023-12-12 00:00:00-06:00,9.040127396399999,9.040127396399999,28.66090108028369,28.66090108028369,-19.62077368388369,-19.62077368388369,21.091703553645573,1.4709298697618811,2.9528384975103803,0.1029650908833317,2.8498734066270486
2023-12-13 00:00:00-06:00,1.8621561959999995,1.8621561959999995,26.93345840999455,26.93345840999455,-25.071302213994553,-25.071302213994553,25.071302213994553,0.0,3.5099823099592378,0.0,3.5099823099592378
2023-12-14 00:00:00-06:00,7.303423830299999,7.303423830299999,27.58842121910272,27.58842121910272,-20.284997388802722,-20.284997388802722,21.402552814035193,1.1175554252324689,2.9963573939649275,0.07822887976627282,2.9181285141986546
2023-12-15 00:00:00-06:00,2.2168038635999996,2.2168038635999996,27.968386781661916,27.968386781661916,-25.751582918061917,-25.751582918061917,25.751582918061917,0.0,3.6052216085286686,0.0,3.6052216085286686
2023-12-16 00:00:00-06:00,8.7443056683,8.7443056683,30.708985290641465,30.708985290641465,-21.964679622341464,-21.964679622341464,23.109258849306272,1.144579226964808,3.2352962389028783,0.08012054588753657,3.155175693015342
2023-12-17 00:00:00-06:00,9.424872844199998,9.424872844199998,29.901688718581955,29.901688718581955,-20.47681587438196,-20.47681587438196,21.861633017794315,1.3848171434123562,3.0606286224912043,0.09693720003886494,2.963691422452339
2023-12-18 00:00:00-06:00,9.1516078449,9.1516078449,31.745866367425986,31.745866367425986,-22.594258522525987,-22.594258522525987,23.789126549147507,1.1948680266215197,3.3304777168806514,0.08364076186350639,3.246836955017145
2023-12-19 00:00:00-06:00,8.7293285928,8.7293285928,27.279361824561345,27.279361824561345,-18.550033231761343,-18.550033231761343,19.976742749052356,1.426709517291013,2.79674398486733,0.09986966621037091,2.6968743186569593
2023-12-20 00:00:00-06:00,7.112594890799999,7.112594890799999,28.061434600498742,28.061434600498742,-20.948839709698742,-20.948839709698742,21.524946129405915,0.5761064197071719,3.0134924581168283,0.040327449379502035,2.9731650087373263
2023-12-21 00:00:00-06:00,1.7815932530999992,1.7815932530999992,29.827631024643242,29.827631024643242,-28.046037771543244,-28.046037771543244,28.046037771543244,0.0,3.9264452880160543,0.0,3.9264452880160543
2023-12-22 00:00:00-06:00,2.0668258754999993,2.0668258754999993,27.540324052530128,27.540324052530128,-25.47349817703013,-25.47349817703013,25.47349817703013,0.0,3.5662897447842186,0.0,3.5662897447842186
2023-12-23 00:00:00-06:00,2.7531627218999994,2.7531627218999994,33.96897421267919,33.96897421267919,-31.215811490779195,-31.215811490779195,31.215811490779195,0.0,4.370213608709088,0.0,4.370213608709088
2023-12-24 00:00:00-06:00,2.6614624625999994,2.6614624625999994,31.959195772439898,31.959195772439898,-29.2977333098399,-29.2977333098399,29.512005003938295,0.21427169409839653,4.131680700551362,0.014999018586887758,4.116681681964474
2023-12-25 00:00:00-06:00,7.918453598399999,7.918453598399999,29.85440886877339,29.85440886877339,-21.93595527037339,-21.93595527037339,22.433555856118538,0.4976005857451443,3.140697819856596,0.034832041002160107,3.1058657788544357
2023-12-26 00:00:00-06:00,6.3098912169,6.3098912169,26.681708164088985,26.681708164088985,-20.371816947188986,-20.371816947188986,21.089926739113046,0.7181097919240617,2.952589743475827,0.05026768543468432,2.9023220580411424
2023-12-27 00:00:00-06:00,9.363353468399998,9.363353468399998,28.228463843396774,28.228463843396774,-18.865110374996775,-18.865110374996775,20.377237692667475,1.5121273176706995,2.8528132769734467,0.10584891223694898,2.7469643647364976
2023-12-28 00:00:00-06:00,9.4138059411,9.4138059411,31.350976255825564,31.350976255825564,-21.937170314725567,-21.937170314725567,23.39780244809491,1.460632133369344,3.275692342733288,0.10224424933585409,3.173448093397434
2023-12-29 00:00:00-06:00,9.697436558999998,9.697436558999998,29.271130670054003,29.271130670054003,-19.573694111054003,-19.573694111054003,21.274237550115917,1.7005434390619136,2.978393257016229,0.11903804073433397,2.859355216281895
2023-12-30 00:00:00-06:00,9.624104342999997,9.624104342999997,30.247482755380773,30.247482755380773,-20.623378412380777,-20.623378412380777,22.28761517687008,1.6642367644893035,3.1202661247618115,0.11649657351425126,3.00376955124756
2023-12-31 00:00:00-06:00,8.7690329919,8.7690329919,28.97220246019144,28.97220246019144,-20.203169468291442,-20.203169468291442,21.480277146372092,1.277107678080652,3.007238800492093,0.08939753746564565,2.9178412630264474
2024-01-01 00:00:00-06:00,3.8845908908999993,3.8845908908999993,27.330630731307274,27.330630731307274,-23.446039840407277,-23.446039840407277,23.637972494413862,0.19193265400658566,3.309316149217941,0.013435285780460998,3.29588086343748
2024-01-02 00:00:00-06:00,2.5239548915999994,2.5239548915999994,28.13648577948125,28.13648577948125,-25.612530887881253,-25.612530887881253,25.612530887881253,0.0,3.585754324303376,0.0,3.585754324303376
2024-01-03 00:00:00-06:00,8.249579165699998,8.249579165699998,30.296573751410893,30.296573751410893,-22.046994585710895,-22.046994585710895,23.08877426717111,1.041779681460214,3.232428397403956,0.07292457770221498,3.159503819701741
2024-01-04 00:00:00-06:00,9.2378023641,9.2378023641,27.04459240435298,27.04459240435298,-17.80679004025298,-17.80679004025298,19.469651535663203,1.662861495410224,2.7257512149928487,0.1164003046787157,2.609350910314133
2024-01-05 00:00:00-06:00,5.2232092325999995,5.2232092325999995,31.40574457199085,31.40574457199085,-26.182535339390853,-26.182535339390853,27.179544838091616,0.9970094987007628,3.8051362773328266,0.0697906649090534,3.735345612423773
2024-01-06 00:00:00-06:00,8.938160481599999,8.938160481599999,30.280841092976942,30.280841092976942,-21.342680611376945,-21.342680611376945,22.455752247288324,1.1130716359113813,3.1438053146203657,0.07791501451379669,3.065890300106569
2024-01-07 00:00:00-06:00,9.097352657099998,9.097352657099998,29.090758226466978,29.090758226466978,-19.99340556936698,-19.99340556936698,21.314727413589583,1.3213218442226045,2.984061837902542,0.09249252909558232,2.8915693088069596
2024-01-08 00:00:00-06:00,1.2108174110999994,1.2108174110999994,30.1126286937149,30.1126286937149,-28.9018112826149,-28.9018112826149,28.9018112826149,0.0,4.046253579566087,0.0,4.046253579566087
2024-01-09 00:00:00-06:00,10.049734313999998,10.049734313999998,27.516444201455545,27.516444201455545,-17.466709887455547,-17.466709887455547,19.493893183446463,2.0271832959909166,2.7291450456825053,0.1419028307193642,2.587242214963141
2024-01-10 00:00:00-06:00,8.215523036999999,8.215523036999999,30.891179454384144,30.891179454384144,-22.675656417384147,-22.675656417384147,23.15372554008897,0.4780691227048236,3.241521575612456,0.03346483858933765,3.2080567370231186
2024-01-11 00:00:00-06:00,5.640583664699999,5.640583664699999,28.11355603200319,28.11355603200319,-22.47297236730319,-22.47297236730319,22.982642352269995,0.5096699849668047,3.2175699293177997,0.03567689894767633,3.1818930303701234
2024-01-12 00:00:00-06:00,10.119596722199999,10.119596722199999,27.355830502853863,27.355830502853863,-17.236233780653865,-17.236233780653865,19.38036570976273,2.144131929108868,2.7132511993667827,0.15008923503762076,2.563161964329162
2024-01-13 00:00:00-06:00,9.111976424099998,9.111976424099998,34.09450363417667,34.09450363417667,-24.982527210076665,-24.982527210076665,25.98049315025792,0.9979659401812547,3.637269041036109,0.06985761581268783,3.5674114252234213
2024-01-14 00:00:00-06:00,8.973038042099999,8.973038042099999,30.189094589563762,30.189094589563762,-21.21605654746376,-21.21605654746376,22.71585359654054,1.499797049076778,3.180219503515676,0.10498579343537447,3.0752337100803016
2024-01-15 00:00:00-06:00,2.935651931099999,2.935651931099999,30.05405931123114,30.05405931123114,-27.11840738013114,-27.11840738013114,27.11840738013114,0.0,3.7965770332183597,0.0,3.7965770332183597
2024-01-16 00:00:00-06:00,10.615760180999999,10.615760180999999,26.84580405612094,26.84580405612094,-16.23004387512094,-16.23004387512094,18.83829936951471,2.608255494393771,2.63736191173206,0.182577884607564,2.454784027124496
2024-01-17 00:00:00-06:00,8.864752870799999,8.864752870799999,31.338386468075438,31.338386468075438,-22.47363359727544,-22.47363359727544,23.57250525732471,1.0988716600492712,3.3001507360254596,0.07692101620344899,3.223229719822011
2024-01-18 00:00:00-06:00,2.8340928512999994,2.8340928512999994,29.628757106952143,29.628757106952143,-26.794664255652144,-26.794664255652144,26.794664255652144,0.0,3.7512529957913006,0.0,3.7512529957913006
2024-01-19 00:00:00-06:00,9.8930398167,9.8930398167,29.689082439450413,29.689082439450413,-19.796042622750413,-19.796042622750413,21.542630805871962,1.7465881831215504,3.015968312822075,0.12226117281850854,2.8937071400035665
2024-01-20 00:00:00-06:00,9.7614828378,9.7614828378,32.413501322164414,32.413501322164414,-22.65201848436442,-22.65201848436442,24.171861793039344,1.5198433086749272,3.3840606510255085,0.10638903160724492,3.2776716194182636
2024-01-21 00:00:00-06:00,1.6992896822999992,1.6992896822999992,34.06519823976509,34.06519823976509,-32.36590855746509,-32.36590855746509,32.36590855746509,0.0,4.531227198045113,0.0,4.531227198045113
2024-01-22 00:00:00-06:00,0.4484072519999992,0.4484072519999992,30.58677187977383,30.58677187977383,-30.138364627773832,-30.138364627773832,30.138364627773832,0.0,4.219371047888337,0.0,4.219371047888337
2024-01-23 00:00:00-06:00,0.9055999637999992,0.9055999637999992,27.575810290711704,27.575810290711704,-26.670210326911704,-26.670210326911704,26.670210326911704,0.0,3.733829445767639,0.0,3.733829445767639
2024-01-24 00:00:00-06:00,0.6902651357999993,0.6902651357999993,29.08506697342339,29.08506697342339,-28.394801837623394,-28.394801837623394,28.394801837623394,0.0,3.9752722572672754,0.0,3.9752722572672754
2024-01-25 00:00:00-06:00,8.816507855999998,8.816507855999998,31.47459004272276,31.47459004272276,-22.658082186722762,-22.658082186722762,24.253677450817918,1.595595264095155,3.395514843114509,0.11169166848666086,3.283823174627848
2024-01-26 00:00:00-06:00,1.516174332299999,1.516174332299999,27.077186516386725,27.077186516386725,-25.561012184086724,-25.561012184086724,25.561012184086724,0.0,3.5785417057721416,0.0,3.5785417057721416
2024-01-27 00:00:00-06:00,2.3571886760999994,2.3571886760999994,30.477133641127388,30.477133641127388,-28.119944965027386,-28.119944965027386,28.119944965027386,0.0,3.9367922951038343,0.0,3.9367922951038343
2024-01-28 00:00:00-06:00,10.4125158639,10.4125158639,31.726241024405493,31.726241024405493,-21.313725160505495,-21.313725160505495,22.967559280710855,1.6538341202053592,3.21545829929952,0.11576838841437516,3.0996899108851452
2024-01-29 00:00:00-06:00,10.022230224,10.022230224,28.170091422815048,28.170091422815048,-18.147861198815047,-18.147861198815047,20.122709750114975,1.974848551299928,2.817179365016097,0.138239398590995,2.678939966425102
2024-01-30 00:00:00-06:00,9.4971035007,9.4971035007,29.395462914299582,29.395462914299582,-19.898359413599582,-19.898359413599582,21.551699622764176,1.6533402091645926,3.017237947186985,0.11573381464152149,2.9015041325454636
2024-01-31 00:00:00-06:00,9.4295162637,9.4295162637,29.030523315613753,29.030523315613753,-19.60100705191375,-19.60100705191375,21.062964832578455,1.4619577806647037,2.948815076560984,0.10233704464652928,2.8464780319144545
2024-02-01 00:00:00-06:00,6.569534089799999,6.569534089799999,26.83994448458866,26.83994448458866,-20.270410394788662,-20.270410394788662,20.977008352941564,0.7065979581529019,2.936781169411819,0.04946185707070314,2.887319312341116
2024-02-02 00:00:00-06:00,3.3932292416999994,3.3932292416999994,28.954784676126696,28.954784676126696,-25.561555434426694,-25.561555434426694,25.576393285255538,0.014837850828841537,3.5806950599357754,0.0010386495580189078,3.5796564103777566
2024-02-03 00:00:00-06:00,6.065888104799999,6.065888104799999,32.12333400095815,32.12333400095815,-26.057445896158157,-26.057445896158157,27.389497257941272,1.3320513617831193,3.8345296161117783,0.09324359532481837,3.74128602078696
2024-02-04 00:00:00-06:00,9.958547997,9.958547997,35.38716280496866,35.38716280496866,-25.42861480796866,-25.42861480796866,26.686015660871,1.2574008529023382,3.7360421925219405,0.08801805970316368,3.648024132818777
2024-02-05 00:00:00-06:00,6.7586265674999995,6.7586265674999995,28.83331767993306,28.83331767993306,-22.074691112433058,-22.074691112433058,23.726792682442984,1.6521015700099246,3.321750975542018,0.11564710990069474,3.206103865641323
2024-02-06 00:00:00-06:00,10.236545205299999,10.236545205299999,30.755155653067966,30.755155653067966,-20.51861044776797,-20.51861044776797,22.22020439933224,1.7015939515642708,3.110828615906514,0.11911157660949898,2.991717039297015
2024-02-07 00:00:00-06:00,6.740268803099999,6.740268803099999,30.577584480503326,30.577584480503326,-23.837315677403325,-23.837315677403325,24.00262761501379,0.16531193761046548,3.3603678661019307,0.011571835632732584,3.348796030469198
2024-02-08 00:00:00-06:00,2.9007131156999995,2.9007131156999995,30.64007568216921,30.64007568216921,-27.73936256646921,-27.73936256646921,27.73936256646921,0.0,3.88351075930569,0.0,3.88351075930569
2024-02-09 00:00:00-06:00,3.689289342,3.689289342,28.057914364261716,28.057914364261716,-24.368625022261718,-24.368625022261718,24.368625022261718,0.0,3.411607503116641,0.0,3.411607503116641
2024-02-10 00:00:00-06:00,2.149656715799999,2.149656715799999,28.87831723585341,28.87831723585341,-26.72866052005341,-26.72866052005341,26.72866052005341,0.0,3.7420124728074775,0.0,3.7420124728074775
2024-02-11 00:00:00-06:00,5.117871880799999,5.117871880799999,30.106583375288245,30.106583375288245,-24.988711494488246,-24.988711494488246,26.19289761322977,1.204186118741526,3.667005665852168,0.08429302831190683,3.5827126375402614
2024-02-12 00:00:00-06:00,10.7949750435,10.7949750435,29.034868859633214,29.034868859633214,-18.239893816133215,-18.239893816133215,20.464917762031185,2.2250239458979717,2.865088486684366,0.15575167621285804,2.709336810471508
2024-02-13 00:00:00-06:00,10.640134096199999,10.640134096199999,29.319912363478597,29.319912363478597,-18.6797782672786,-18.6797782672786,20.77203428176775,2.0922560144891493,2.908084799447485,0.14645792101424046,2.761626878433245
2024-02-14 00:00:00-06:00,9.5320559376,9.5320559376,29.41394404185221,29.41394404185221,-19.881888104252212,-19.881888104252212,21.734932621026186,1.8530445167739744,3.042890566943666,0.12971311617417822,2.913177450769488
2024-02-15 00:00:00-06:00,3.2272206839999997,3.2272206839999997,30.36633080721763,30.36633080721763,-27.13911012321763,-27.13911012321763,27.13911012321763,0.0,3.7994754172504686,0.0,3.7994754172504686
2024-02-16 00:00:00-06:00,2.1067957466999996,2.1067957466999996,27.380452557028562,27.380452557028562,-25.27365681032856,-25.27365681032856,25.27365681032856,0.0,3.538311953445999,0.0,3.538311953445999
2024-02-17 00:00:00-06:00,1.8974239172999994,1.8974239172999994,30.373756220607117,30.373756220607117,-28.476332303307114,-28.476332303307114,28.476332303307114,0.0,3.986686522462996,0.0,3.986686522462996
2024-02-18 00:00:00-06:00,10.343374463024999,10.343374463024999,31.7587112873455,31.7587112873455,-21.415336824320498,-21.415336824320498,23.508991361159282,2.093654536838783,3.2912587905622996,0.14655581757871483,3.144702972983585
2024-02-19 00:00:00-06:00,9.929330470125,9.929330470125,29.93739895377154,29.93739895377154,-20.008068483646543,-20.008068483646543,22.09370660174127,2.0856381180947294,3.0931189242437784,0.14599466826663107,2.9471242559771476
2024-02-20 00:00:00-06:00,9.457960795424999,9.457960795424999,28.20341953674963,28.20341953674963,-18.745458741324633,-18.745458741324633,20.806696863475302,2.06123812215067,2.9129375608865424,0.14428666855054692,2.7686508923359954
2024-02-21 00:00:00-06:00,9.1447477767,9.1447477767,27.528119157102143,27.528119157102143,-18.383371380402146,-18.383371380402146,20.35952048239849,1.976149101996345,2.850332867535789,0.13833043713974416,2.7120024303960446
2024-02-22 00:00:00-06:00,5.034641574824999,5.034641574824999,30.829119644377997,30.829119644377997,-25.794478069552998,-25.794478069552998,26.64583362173412,0.8513555521811218,3.730416707042777,0.059594888652678535,3.6708218183900985
2024-02-23 00:00:00-06:00,9.574267140224999,9.574267140224999,31.400860713962306,31.400860713962306,-21.82659357373731,-21.82659357373731,23.625481910861758,1.798888337124449,3.3075674675206463,0.12592218359871143,3.181645283921935
2024-02-24 00:00:00-06:00,9.63153973395,9.63153973395,29.864346174457207,29.864346174457207,-20.232806440507204,-20.232806440507204,22.31801863336678,2.085212192859574,3.1245226086713496,0.1459648535001702,2.9785577551711793
2024-02-25 00:00:00-06:00,9.349118591849999,9.349118591849999,30.59715622034174,30.59715622034174,-21.24803762849174,-21.24803762849174,22.94643155879356,1.698393930301819,3.2125004182310986,0.11888757512112734,3.0936128431099714
2024-02-26 00:00:00-06:00,6.466942475324999,6.466942475324999,31.482959603875056,31.482959603875056,-25.016017128550057,-25.016017128550057,26.23196898966722,1.2159518611171642,3.6724756585534113,0.0851166302782015,3.58735902827521
2024-02-27 00:00:00-06:00,7.930583413199999,7.930583413199999,31.599042489998904,31.599042489998904,-23.668459076798907,-23.668459076798907,24.596668445209332,0.9282093684104245,3.443533582329307,0.06497465578872971,3.378558926540577
2024-02-28 00:00:00-06:00,5.900280785324999,5.900280785324999,30.24456725011524,30.24456725011524,-24.34428646479024,-24.34428646479024,24.59059326358262,0.2463067987923786,3.442683056901567,0.017241475915466504,3.4254415809861007
2024-02-29 00:00:00-06:00,1.5112896617249993,1.5112896617249993,31.30465929442924,31.30465929442924,-29.79336963270424,-29.79336963270424,29.79336963270424,0.0,4.171071748578594,0.0,4.171071748578594
2024-03-01 00:00:00-06:00,7.133033612025,7.133033612025,26.870586974684556,26.870586974684556,-19.737553362659558,-19.737553362659558,21.146344958651877,1.4087915959923198,2.960488294211263,0.09861541171946239,2.861872882491801
2024-03-02 00:00:00-06:00,3.104784032399999,3.104784032399999,31.972532597769515,31.972532597769515,-28.867748565369517,-28.867748565369517,28.867748565369517,0.0,4.041484799151733,0.0,4.041484799151733
2024-03-03 00:00:00-06:00,4.15169334,4.15169334,33.91289354061167,33.91289354061167,-29.761200200611672,-29.761200200611672,29.824872943644554,0.06367274303288284,4.1754822121102375,0.0044570920123017995,4.171025120097935
2024-03-04 00:00:00-06:00,3.8052947015999994,3.8052947015999994,26.777871688861524,26.777871688861524,-22.972576987261526,-22.972576987261526,23.231508460646822,0.25893147338529904,3.252411184490555,0.018125203136970934,3.2342859813535845
2024-03-05 00:00:00-06:00,7.894786539149999,7.894786539149999,30.209698992469463,30.209698992469463,-22.314912453319465,-22.314912453319465,23.338714775485247,1.0238023221657822,3.267420068567935,0.07166616255160475,3.1957539060163302
2024-03-06 00:00:00-06:00,7.97555158785,7.97555158785,29.8873800927006,29.8873800927006,-21.9118285048506,-21.9118285048506,23.307584152789925,1.3957556479393243,3.26306178139059,0.0977028953557527,3.1653588860348374
2024-03-07 00:00:00-06:00,5.2358239431,5.2358239431,30.375283940335784,30.375283940335784,-25.139459997235782,-25.139459997235782,25.283294799316618,0.14383480208083266,3.539661271904327,0.010068436145658288,3.5295928357586686
2024-03-08 00:00:00-06:00,5.781180939525,5.781180939525,26.462885402411434,26.462885402411434,-20.681704462886437,-20.681704462886437,21.359385207710332,0.6776807448238962,2.9903139290794467,0.04743765213767274,2.942876276941774
2024-03-09 00:00:00-06:00,4.718244612824999,4.718244612824999,28.473612110749464,28.473612110749464,-23.755367497924464,-23.755367497924464,24.51849507388889,0.7631275759644252,3.432589310344445,0.053418930317509765,3.379170380026935
2024-03-10 00:00:00-06:00,8.15413810905,8.15413810905,32.381700703756216,32.381700703756216,-24.227562594706214,-24.227562594706214,25.68345030864776,1.4558877139415467,3.5956830432106868,0.10191213997590828,3.4937709032347786
2024-03-11 00:00:00-05:00,7.818918408224999,7.818918408224999,27.380244311164546,27.380244311164546,-19.561325902939547,-19.561325902939547,21.943331149358876,2.3820052464193293,3.072066360910243,0.16674036724935307,2.90532599366089
2024-03-12 00:00:00-05:00,4.918477741424999,4.918477741424999,28.088274710714217,28.088274710714217,-23.16979696928922,-23.16979696928922,23.546978209864776,0.3771812405755589,3.296576949381069,0.026402686840289125,3.2701742625407797
2024-03-13 00:00:00-05:00,3.567951682199999,3.567951682199999,26.130465697603142,26.130465697603142,-22.562514015403142,-22.562514015403142,22.936708912036565,0.37419489663342076,3.2111392476851193,0.026193642764339456,3.1849456049207796
2024-03-14 00:00:00-05:00,4.377924119924999,4.377924119924999,29.35926791488361,29.35926791488361,-24.98134379495861,-24.98134379495861,25.140349646717166,0.1590058517585562,3.5196489505404034,0.011130409623098934,3.5085185409173043
2024-03-15 00:00:00-05:00,3.0018785915249993,3.0018785915249993,28.504690458238795,28.504690458238795,-25.502811866713795,-25.502811866713795,25.686758955664235,0.18394708895044026,3.5961462537929934,0.012876296226530819,3.5832699575664626
2024-03-16 00:00:00-05:00,1.8756437294249995,1.8756437294249995,33.73614987696852,33.73614987696852,-31.86050614754352,-31.86050614754352,31.86050614754352,0.0,4.460470860656093,0.0,4.460470860656093
2024-03-17 00:00:00-05:00,4.4325319547249995,4.4325319547249995,30.151074405811464,30.151074405811464,-25.718542451086464,-25.718542451086464,25.819481386167187,0.10093893508072294,3.6147273940634066,0.007065725455650606,3.607661668607756
2024-03-18 00:00:00-05:00,7.4397754124999995,7.4397754124999995,29.521409788887876,29.521409788887876,-22.081634376387875,-22.081634376387875,23.26232039341148,1.1806860170236022,3.256724855077607,0.08264802119165217,3.174076833885955
2024-03-19 00:00:00-05:00,8.161601720399998,8.161601720399998,28.021696128041906,28.021696128041906,-19.86009440764191,-19.86009440764191,21.549933190120043,1.6898387824781365,3.016990646616806,0.11828871477346957,2.8987019318433367
2024-03-20 00:00:00-05:00,4.246725283199999,4.246725283199999,27.077344705402368,27.077344705402368,-22.830619422202368,-22.830619422202368,23.03910525602546,0.208485833823092,3.225474735843565,0.014594008367616441,3.2108807274759483
2024-03-21 00:00:00-05:00,1.9083329000999991,1.9083329000999991,28.54499055760009,28.54499055760009,-26.63665765750009,-26.63665765750009,26.683283699105093,0.046626041604999835,3.7356597178747135,0.003263822912349989,3.7323958949623637
2024-03-22 00:00:00-05:00,9.2374388388,9.2374388388,31.63727827455697,31.63727827455697,-22.39983943575697,-22.39983943575697,24.61490706895859,2.215067633201622,3.446086989654203,0.15505473432411357,3.291032255330089
2024-03-23 00:00:00-05:00,9.6931313253,9.6931313253,32.63788838344742,32.63788838344742,-22.944757058147417,-22.944757058147417,25.087868990516498,2.1431119323690826,3.51230165867231,0.15001783526583579,3.3622838234064742
2024-03-24 00:00:00-05:00,3.0198137471999993,3.0198137471999993,29.438272434005224,29.438272434005224,-26.418458686805224,-26.418458686805224,26.418458686805224,0.0,3.6985842161527316,0.0,3.6985842161527316
2024-03-25 00:00:00-05:00,5.0449698855,5.0449698855,27.50396801167115,27.50396801167115,-22.458998126171153,-22.458998126171153,23.36874749346659,0.9097493672954352,3.271624649085323,0.06368245571068047,3.2079421933746426
2024-03-26 00:00:00-05:00,10.24754725575,10.24754725575,30.474208641356956,30.474208641356956,-20.226661385606956,-20.226661385606956,23.118441903082157,2.891780517475202,3.2365818664315023,0.20242463622326415,3.0341572302082382
2024-03-27 00:00:00-05:00,3.9614113826999993,3.9614113826999993,27.070283758115952,27.070283758115952,-23.108872375415952,-23.108872375415952,23.165264058193323,0.05639168277736839,3.2431369681470654,0.003947417794415787,3.2391895503526498
2024-03-28 00:00:00-05:00,9.2170454256,9.2170454256,29.08566800653317,29.08566800653317,-19.86862258093317,-19.86862258093317,21.82478556775805,1.9561629868248802,3.0554699794861273,0.13693140907774162,2.9185385704083857
2024-03-29 00:00:00-05:00,9.2975862177,9.2975862177,31.258856220412078,31.258856220412078,-21.96127000271208,-21.96127000271208,24.082807104291064,2.1215371015789835,3.371592994600749,0.14850759711052886,3.22308539749022
2024-03-30 00:00:00-05:00,3.5834464394999994,3.5834464394999994,32.24547042347967,32.24547042347967,-28.66202398397967,-28.66202398397967,28.692441517669202,0.03041753368953304,4.016941812473688,0.002129227358267313,4.014812585115421
2024-03-31 00:00:00-05:00,3.913724619899999,3.913724619899999,29.128146236880205,29.128146236880205,-25.214421616980207,-25.214421616980207,25.214421616980207,0.0,3.5300190263772295,0.0,3.5300190263772295
2024-04-01 00:00:00-05:00,4.0525424252999995,4.0525424252999995,32.03803923930358,32.03803923930358,-27.98549681400358,-27.98549681400358,28.03167298187061,0.046176167867029716,3.9244342174618856,0.0032323317506920803,3.9212018857111937
2024-04-02 00:00:00-05:00,9.5644081692,9.5644081692,26.763248994045128,26.763248994045128,-17.198840824845128,-17.198840824845128,20.181242183403665,2.982401358558536,2.8253739056765133,0.20876809509909755,2.6166058105774157
2024-04-03 00:00:00-05:00,9.998279952299999,9.998279952299999,31.359200883473807,31.359200883473807,-21.36092093117381,-21.36092093117381,23.854683227924316,2.493762296750509,3.3396556519094043,0.17456336077253565,3.165092291136869
2024-04-04 00:00:00-05:00,9.783194547599999,9.783194547599999,27.468414412071713,27.468414412071713,-17.685219864471712,-17.685219864471712,20.658970223676313,2.9737503592046,2.8922558313146842,0.20816252514432204,2.6840933061703622
2024-04-05 00:00:00-05:00,9.637658251199998,9.637658251199998,29.193123615180507,29.193123615180507,-19.555465363980506,-19.555465363980506,22.22965884762568,2.6741934836451704,3.1121522386675955,0.18719354385516196,2.9249586948124335
2024-04-06 00:00:00-05:00,4.969254822299999,4.969254822299999,31.82187335641442,31.82187335641442,-26.852618534114423,-26.852618534114423,27.034246055141715,0.1816275210272934,3.7847944477198405,0.012713926471910539,3.77208052124793
2024-04-07 00:00:00-05:00,6.125319778499999,6.125319778499999,31.657734800666233,31.657734800666233,-25.532415022166234,-25.532415022166234,25.73587245370047,0.2034574315342349,3.603022143518066,0.014242020207396445,3.5887801233106695
2024-04-08 00:00:00-05:00,2.534777239499999,2.534777239499999,29.863180076933006,29.863180076933006,-27.328402837433007,-27.328402837433007,27.45435325233502,0.12595041490201364,3.8436094553269036,0.008816529043140956,3.834792926283763
2024-04-09 00:00:00-05:00,2.018998531799999,2.018998531799999,27.309500460602955,27.309500460602955,-25.290501928802957,-25.290501928802957,25.290501928802957,0.0,3.540670270032414,0.0,3.540670270032414
2024-04-10 00:00:00-05:00,7.422284577599999,7.422284577599999,31.21242797873507,31.21242797873507,-23.790143401135072,-23.790143401135072,24.892714237679105,1.1025708365440317,3.484979993275075,0.07717995855808223,3.4078000347169928
2024-04-11 00:00:00-05:00,9.726033260699998,9.726033260699998,25.745557354208632,25.745557354208632,-16.019524093508632,-16.019524093508632,18.99704710472756,2.9775230112189273,2.659586594661859,0.20842661078532493,2.451159983876534
2024-04-12 00:00:00-05:00,9.678986176499999,9.678986176499999,29.699809931436317,29.699809931436317,-20.020823754936316,-20.020823754936316,22.70508503415489,2.6842612792185765,3.178711904781685,0.18789828954530038,2.9908136152363847
2024-04-13 00:00:00-05:00,8.984244764699998,8.984244764699998,33.70731526792015,33.70731526792015,-24.723070503220157,-24.723070503220157,26.591321614376703,1.868251111156547,3.7227850260127386,0.1307775777809583,3.5920074482317803
2024-04-14 00:00:00-05:00,7.9253917613999985,7.9253917613999985,29.155958316397953,29.155958316397953,-21.230566554997957,-21.230566554997957,23.11972065208233,1.889154097084373,3.236760891291526,0.13224078679590612,3.10452010449562
2024-04-15 00:00:00-05:00,4.142695086449999,4.142695086449999,27.98290695085209,27.98290695085209,-23.840211864402093,-23.840211864402093,23.996242897768234,0.15603103336614244,3.359474005687553,0.01092217233562997,3.348551833351923
2024-04-16 00:00:00-05:00,5.309907980849999,5.309907980849999,26.4741283804939,26.4741283804939,-21.164220399643902,-21.164220399643902,22.07128680838051,0.907066408736605,3.0899801531732716,0.06349464861156236,3.0264855045617094
2024-04-17 00:00:00-05:00,4.865163947099999,4.865163947099999,30.36034424293314,30.36034424293314,-25.495180295833144,-25.495180295833144,25.646300991346703,0.1511206955135611,3.5904821387885386,0.010578448685949279,3.579903690102589
2024-04-18 00:00:00-05:00,8.158087962,8.158087962,31.09714218488637,31.09714218488637,-22.939054222886373,-22.939054222886373,24.70784644755703,1.7687922246706589,3.4590985026579846,0.12381545572694613,3.3352830469310386
2024-04-19 00:00:00-05:00,4.783174933049999,4.783174933049999,27.053637508979282,27.053637508979282,-22.270462575929283,-22.270462575929283,22.79827152103933,0.5278089451100452,3.1917580129455065,0.036946626157703166,3.154811386787803
2024-04-20 00:00:00-05:00,3.463508902499999,3.463508902499999,33.97154920478248,33.97154920478248,-30.508040302282474,-30.508040302282474,30.618665951059477,0.11062564877699987,4.286613233148327,0.007743795414389992,4.278869437733937
2024-04-21 00:00:00-05:00,7.938017284049999,7.938017284049999,33.84897962385186,33.84897962385186,-25.910962339801863,-25.910962339801863,27.947722282640193,2.036759942838329,3.912681119569627,0.14257319599868307,3.770107923570944
2024-04-22 00:00:00-05:00,9.37941292395,9.37941292395,27.80196394124431,27.80196394124431,-18.42255101729431,-18.42255101729431,21.2230706949531,2.800519677658789,2.9712298972934343,0.19603637743611527,2.775193519857319
2024-04-23 00:00:00-05:00,5.163015990149999,5.163015990149999,28.81985226513154,28.81985226513154,-23.65683627498154,-23.65683627498154,24.15133967150028,0.49450339651874053,3.38118755401004,0.03461523775631184,3.3465723162537278
2024-04-24 00:00:00-05:00,6.072372724499999,6.072372724499999,28.44630136289822,28.44630136289822,-22.373928638398223,-22.373928638398223,23.159968264714102,0.7860396263158809,3.2423955570599747,0.05502277384211167,3.187372783217863
2024-04-25 00:00:00-05:00,3.669565539599999,3.669565539599999,26.695783203684954,26.695783203684954,-23.026217664084953,-23.026217664084953,23.360146551622556,0.3339288875376005,3.270420517227158,0.02337502212763204,3.2470454950995262
2024-04-26 00:00:00-05:00,3.720620341799999,3.720620341799999,26.539649165641112,26.539649165641112,-22.819028823841116,-22.819028823841116,23.0244660146673,0.20543719082618717,3.2234252420534224,0.014380603357833102,3.2090446386955893
2024-04-27 00:00:00-05:00,3.896347197149999,3.896347197149999,31.51965680592589,31.51965680592589,-27.623309608775894,-27.623309608775894,27.623309608775894,0.0,3.8672633452286256,0.0,3.8672633452286256
2024-04-28 00:00:00-05:00,4.009573662749999,4.009573662749999,32.96078538532785,32.96078538532785,-28.951211722577856,-28.951211722577856,28.951211722577856,0.0,4.0531696411609,0.0,4.0531696411609
2024-04-29 00:00:00-05:00,6.583320547649999,6.583320547649999,31.29333221573509,31.29333221573509,-24.710011668085095,-24.710011668085095,26.369876215967405,1.6598645478823135,3.6917826702354373,0.11619051835176196,3.5755921518836753
2024-04-30 00:00:00-05:00,8.10641710755,8.10641710755,27.08648539603405,27.08648539603405,-18.980068288484052,-18.980068288484052,20.7463944182179,1.7663261297338502,2.9044952185505064,0.12364282908136952,2.780852389469137
2024-05-01 00:00:00-05:00,4.235718135149999,4.235718135149999,26.72716762983779,26.72716762983779,-22.491449494687792,-22.491449494687792,22.649672556137592,0.1582230614497992,3.170954157859263,0.011075614301485945,3.159878543557777
2024-05-02 00:00:00-05:00,2.9136238852499994,2.9136238852499994,28.539099255427693,28.539099255427693,-25.625475370177696,-25.625475370177696,26.19686890950612,0.5713935393284244,3.667561647330857,0.039997547752989714,3.6275640995778673
2024-05-03 00:00:00-05:00,3.753617489999999,3.753617489999999,27.468344516137833,27.468344516137833,-23.714727026137837,-23.714727026137837,23.958050073377265,0.24332304723942855,3.3541270102728173,0.01703261330676,3.3370943969660574
2024-05-04 00:00:00-05:00,6.5923079958,6.5923079958,29.412378132009096,29.412378132009096,-22.820070136209097,-22.820070136209097,23.421641254098127,0.6015711178890308,3.279029775573738,0.042109978252232165,3.236919797321506
2024-05-05 00:00:00-05:00,1.9361491951499994,1.9361491951499994,33.332268191610105,33.332268191610105,-31.396118996460103,-31.396118996460103,31.396118996460103,0.0,4.395456659504415,0.0,4.395456659504415
2024-05-06 00:00:00-05:00,6.851033156249999,6.851033156249999,29.921841682204928,29.921841682204928,-23.07080852595493,-23.07080852595493,24.226903561739334,1.1560950357844024,3.391766498643507,0.08092665250490817,3.310839846138599
2024-05-07 00:00:00-05:00,5.607511556399999,5.607511556399999,27.262047937732515,27.262047937732515,-21.654536381332516,-21.654536381332516,22.838238248543743,1.1837018672112243,3.197353354796124,0.0828591307047857,3.1144942240913385
2024-05-08 00:00:00-05:00,5.535979937999999,5.535979937999999,27.196384773962478,27.196384773962478,-21.66040483596248,-21.66040483596248,22.203285994996634,0.5428811590341527,3.108460039299529,0.03800168113239069,3.070458358167138
2024-05-09 00:00:00-05:00,5.522216189849999,5.522216189849999,30.33503613713641,30.33503613713641,-24.812819947286414,-24.812819947286414,25.092865244593185,0.2800452973067714,3.513001134243046,0.019603170811474002,3.493397963431572
2024-05-10 00:00:00-05:00,7.498891394099999,7.498891394099999,26.53031659847876,26.53031659847876,-19.03142520437876,-19.03142520437876,20.95350342030082,1.9220782159220624,2.9334904788421152,0.13454547511454437,2.798945003727571
2024-05-11 00:00:00-05:00,3.619765346399999,3.619765346399999,34.64850401950637,34.64850401950637,-31.028738673106368,-31.028738673106368,31.028738673106368,0.0,4.344023414234892,0.0,4.344023414234892
2024-05-12 00:00:00-05:00,3.5475301754999986,3.5475301754999986,32.66996702776292,32.66996702776292,-29.122436852262922,-29.122436852262922,29.418797740929836,0.2963608886669131,4.118631683730177,0.02074526220668392,4.097886421523493
2024-05-13 00:00:00-05:00,2.603238801299999,2.603238801299999,27.025895592006716,27.025895592006716,-24.422656790706718,-24.422656790706718,24.422656790706718,0.0,3.419171950698941,0.0,3.419171950698941
2024-05-14 00:00:00-05:00,9.2087748963,9.2087748963,29.09273137173491,29.09273137173491,-19.88395647543491,-19.88395647543491,22.05717948731876,2.173223011883847,3.088005128224627,0.1521256108318693,2.9358795173927574
2024-05-15 00:00:00-05:00,8.990643892949999,8.990643892949999,27.68408500201371,27.68408500201371,-18.69344110906371,-18.69344110906371,20.708320201623025,2.0148790925593154,2.8991648282272235,0.1410415364791521,2.7581232917480714
2024-05-16 00:00:00-05:00,2.634527917349999,2.634527917349999,26.692238899426293,26.692238899426293,-24.057710982076294,-24.057710982076294,24.057710982076294,0.0,3.3680795374906816,0.0,3.3680795374906816
2024-05-17 00:00:00-05:00,1.823582582549999,1.823582582549999,28.93931223103859,28.93931223103859,-27.11572964848859,-27.11572964848859,27.11572964848859,0.0,3.7962021507884027,0.0,3.7962021507884027
2024-05-18 00:00:00-05:00,8.176102425449999,8.176102425449999,31.323504474506365,31.323504474506365,-23.147402049056367,-23.147402049056367,24.512607373957024,1.365205324900658,3.431765032353984,0.09556437274304606,3.3362006596109377
2024-05-19 00:00:00-05:00,8.781438430799998,8.781438430799998,28.788416595910252,28.788416595910252,-20.006978165110255,-20.006978165110255,21.9733507368555,1.9663725717452494,3.0762691031597704,0.13764608002216747,2.938623023137603
2024-05-20 00:00:00-05:00,7.923267364949999,7.923267364949999,27.95039310579562,27.95039310579562,-20.02712574084562,-20.02712574084562,21.648046390095356,1.620920649249736,3.0307264946133503,0.11346444544748152,2.9172620491658687
2024-05-21 00:00:00-05:00,6.784973369999998,6.784973369999998,27.523773738962067,27.523773738962067,-20.73880036896207,-20.73880036896207,22.050252752388637,1.3114523834265663,3.0870353853344095,0.09180166683985966,2.99523371849455
2024-05-22 00:00:00-05:00,6.122339947799999,6.122339947799999,28.576238911451735,28.576238911451735,-22.453898963651735,-22.453898963651735,23.316375338760547,0.8624763751088096,3.264292547426477,0.06037334625761668,3.20391920116886
2024-05-23 00:00:00-05:00,7.556400926999999,7.556400926999999,27.98673814873664,27.98673814873664,-20.430337221736643,-20.430337221736643,21.834588533148125,1.404251311411483,3.056842394640738,0.09829759179880382,2.958544802841934
2024-05-24 00:00:00-05:00,7.667553581999999,7.667553581999999,26.108172270950433,26.108172270950433,-18.440618688950437,-18.440618688950437,19.965521786005862,1.524903097055427,2.795173050040821,0.1067432167938799,2.688429833246941
2024-05-25 00:00:00-05:00,8.100408294,8.100408294,33.059290625065145,33.059290625065145,-24.958882331065148,-24.958882331065148,26.35733380065118,1.3984514695860293,3.6900267320911655,0.09789160287102205,3.5921351292201433
2024-05-26 00:00:00-05:00,6.761714028299998,6.761714028299998,29.788737906779236,29.788737906779236,-23.027023878479238,-23.027023878479238,24.042782716060067,1.0157588375808286,3.3659895802484097,0.071103118630658,3.2948864616177516
2024-05-27 00:00:00-05:00,6.129734988599999,6.129734988599999,30.092380190873737,30.092380190873737,-23.96264520227374,-23.96264520227374,24.79330333561407,0.8306581333403327,3.47106246698597,0.05814606933382329,3.412916397652147
2024-05-28 00:00:00-05:00,3.4173845810999994,3.4173845810999994,30.335620597768852,30.335620597768852,-26.918236016668853,-26.918236016668853,26.918236016668853,0.0,3.76855304233364,0.0,3.76855304233364
2024-05-29 00:00:00-05:00,6.951196034999999,6.951196034999999,28.355469321359376,28.355469321359376,-21.404273286359377,-21.404273286359377,22.505731680850943,1.1014583944915624,3.1508024353191324,0.07710208761440937,3.073700347704723
2024-05-30 00:00:00-05:00,7.583606982899999,7.583606982899999,27.46443317832808,27.46443317832808,-19.88082619542808,-19.88082619542808,21.267067673953687,1.3862414785256059,2.9773894743535165,0.09703690349679242,2.880352570856724
2024-05-31 00:00:00-05:00,6.0178358889,6.0178358889,27.00215373283694,27.00215373283694,-20.984317843936942,-20.984317843936942,22.81822171827698,1.833903874340041,3.1945510405587774,0.1283732712038029,3.0661777693549745
2024-06-01 00:00:00-05:00,5.581305704699999,5.581305704699999,32.234942818413714,32.234942818413714,-26.653637113713714,-26.653637113713714,27.423058466083333,0.7694213523696183,3.839228185251667,0.05385949466587329,3.785368690585794
2024-06-02 00:00:00-05:00,6.950725192799999,6.950725192799999,29.5723924829213,29.5723924829213,-22.6216672901213,-22.6216672901213,23.976297958124704,1.3546306680034044,3.356681714137459,0.09482414676023831,3.2618575673772208
2024-06-03 00:00:00-05:00,7.198376274899999,7.198376274899999,27.16051641663107,27.16051641663107,-19.96214014173107,-19.96214014173107,21.207588296704355,1.2454481549732839,2.96906236153861,0.08718137084812988,2.88188099069048
2024-06-04 00:00:00-05:00,6.540612453899999,6.540612453899999,27.090255201070967,27.090255201070967,-20.549642747170967,-20.549642747170967,21.596077289524604,1.0464345423536363,3.0234508205334447,0.07325041796475455,2.95020040256869
2024-06-05 00:00:00-05:00,3.6931452767999993,3.6931452767999993,28.27604656485436,28.27604656485436,-24.582901288054362,-24.582901288054362,25.517137070273815,0.9342357822194527,3.5723991898383343,0.0653965047553617,3.5070026850829725
2024-06-06 00:00:00-05:00,8.818822468799999,8.818822468799999,29.78370782455037,29.78370782455037,-20.96488535575037,-20.96488535575037,22.79904842314285,1.8341630673924783,3.1918667792399993,0.12839141471747348,3.063475364522526
2024-06-07 00:00:00-05:00,8.499771787499999,8.499771787499999,28.762451404328733,28.762451404328733,-20.26267961682873,-20.26267961682873,22.113504749355968,1.850825132527237,3.095890664909836,0.1295577592769066,2.966332905632929
2024-06-08 00:00:00-05:00,8.774053091099999,8.774053091099999,34.04539247552269,34.04539247552269,-25.271339384422692,-25.271339384422692,26.71874172350983,1.4474023390871396,3.7406238412913764,0.10131816373609978,3.6393056775552766
2024-06-09 00:00:00-05:00,7.636854252599999,7.636854252599999,29.16840709541357,29.16840709541357,-21.531552842813575,-21.531552842813575,22.912020971506102,1.3804681286925278,3.2076829360108547,0.09663276900847695,3.111050167002378
2024-06-10 00:00:00-05:00,6.6584119796999985,6.6584119796999985,30.0856493794123,30.0856493794123,-23.4272373997123,-23.4272373997123,24.34566570006314,0.9184283003508398,3.4083931980088398,0.0642899810245588,3.344103216984281
2024-06-11 00:00:00-05:00,6.0766337457,6.0766337457,26.771312960780627,26.771312960780627,-20.69467921508063,-20.69467921508063,21.46512266916342,0.7704434540827898,3.005117173682879,0.05393104178579529,2.951186131897084
2024-06-12 00:00:00-05:00,6.359898238199999,6.359898238199999,26.148765155109565,26.148765155109565,-19.788866916909566,-19.788866916909566,20.455004923500695,0.66613800659113,2.8637006892900976,0.046629660461379105,2.8170710288287184
2024-06-13 00:00:00-05:00,6.620945661899999,6.620945661899999,28.895850867360465,28.895850867360465,-22.274905205460467,-22.274905205460467,23.02457681337883,0.749671607918361,3.2234407538730365,0.052477012554285274,3.1709637413187513
2024-06-14 00:00:00-05:00,8.289051259499999,8.289051259499999,32.02728775291115,32.02728775291115,-23.738236493411147,-23.738236493411147,25.019459796475942,1.2812233030647933,3.5027243715066323,0.08968563121453553,3.4130387402920968
2024-06-15 00:00:00-05:00,7.793620191899999,7.793620191899999,33.01865106834017,33.01865106834017,-25.225030876440172,-25.225030876440172,26.417782194632924,1.1927513181927494,3.6984895072486097,0.08349259227349247,3.614996914975117
2024-06-16 00:00:00-05:00,7.826381630099999,7.826381630099999,33.78223552892747,33.78223552892747,-25.955853898827478,-25.955853898827478,26.865766296629175,0.9099123978016991,3.761207281528085,0.06369386784611894,3.6975134136819663
2024-06-17 00:00:00-05:00,7.144282155599999,7.144282155599999,27.478409526656286,27.478409526656286,-20.334127371056287,-20.334127371056287,21.53086018686812,1.196732815811833,3.0143204261615373,0.08377129710682832,2.9305491290547088
2024-06-18 00:00:00-05:00,6.415208037899999,6.415208037899999,29.249867094011098,29.249867094011098,-22.8346590561111,-22.8346590561111,23.271993155960963,0.43733409984986227,3.2580790418345353,0.03061338698949036,3.227465654845045
2024-06-19 00:00:00-05:00,2.001124658699999,2.001124658699999,28.35733973093406,28.35733973093406,-26.35621507223406,-26.35621507223406,26.35621507223406,0.0,3.689870110112769,0.0,3.689870110112769
2024-06-20 00:00:00-05:00,6.806302967699999,6.806302967699999,30.932901828529843,30.932901828529843,-24.126598860829844,-24.126598860829844,25.22092428200644,1.0943254211765945,3.5309293994809017,0.07660277948236162,3.45432661999854
2024-06-21 00:00:00-05:00,7.350710253299999,7.350710253299999,31.72485573376296,31.72485573376296,-24.374145480462964,-24.374145480462964,25.526683374226042,1.1525378937630801,3.5737356723916465,0.08067765256341562,3.493058019828231
2024-06-22 00:00:00-05:00,8.105046912899999,8.105046912899999,33.47599285955427,33.47599285955427,-25.37094594665427,-25.37094594665427,26.627264622077032,1.256318675422761,3.727817047090785,0.08794230727959329,3.6398747398111917
2024-06-23 00:00:00-05:00,7.7157283455,7.7157283455,34.06527373697543,34.06527373697543,-26.349545391475427,-26.349545391475427,27.56346287310026,1.2139174816248333,3.8588848022340367,0.08497422371373833,3.773910578520298
2024-06-24 00:00:00-05:00,7.1301095180999985,7.1301095180999985,28.752875077626364,28.752875077626364,-21.622765559526364,-21.622765559526364,22.826838607774114,1.204073048247749,3.195757405088376,0.08428511337734244,3.1114722917110336
2024-06-25 00:00:00-05:00,7.8887307698999996,7.8887307698999996,31.199178148045497,31.199178148045497,-23.310447378145497,-23.310447378145497,24.581112485482727,1.2706651073372297,3.4413557479675823,0.08894655751360608,3.3524091904539763
2024-06-26 00:00:00-05:00,6.4539191259,6.4539191259,27.861764166493774,27.861764166493774,-21.407845040593774,-21.407845040593774,21.938245960180062,0.5304009195862871,3.071354434425209,0.037128064371040104,3.034226370054169
2024-06-27 00:00:00-05:00,7.368561670499999,7.368561670499999,28.23289513390406,28.23289513390406,-20.86433346340406,-20.86433346340406,22.21119259489894,1.3468591314948783,3.109566963285852,0.0942801392046415,3.0152868240812105
2024-06-28 00:00:00-05:00,7.750331758799999,7.750331758799999,29.55910674954216,29.55910674954216,-21.80877499074216,-21.80877499074216,23.28238149777106,1.4736065070288986,3.2595334096879487,0.10315245549202291,3.156380954195926
2024-06-29 00:00:00-05:00,7.874413563599999,7.874413563599999,35.04260150866387,35.04260150866387,-27.16818794506387,-27.16818794506387,28.2679252708176,1.0997373257537282,3.9575095379144645,0.07698161280276097,3.8805279251117035
2024-06-30 00:00:00-05:00,7.226467201799999,7.226467201799999,34.912420688026295,34.912420688026295,-27.685953486226296,-27.685953486226296,28.06985821843518,0.38390473220888643,3.9297801505809256,0.026873331254622053,3.9029068193263035
2024-07-01 00:00:00-05:00,7.893991598399999,7.893991598399999,26.79307506528794,26.79307506528794,-18.899083466887944,-18.899083466887944,20.64759085776537,1.748507390877426,2.890662720087152,0.12239551736141983,2.768267202725732
2024-07-02 00:00:00-05:00,7.823999144699999,7.823999144699999,26.773286043563502,26.773286043563502,-18.9492868988635,-18.9492868988635,20.43084087298959,1.4815539741260881,2.860317722218543,0.10370877818882618,2.7566089440297166
2024-07-03 00:00:00-05:00,6.464986949699998,6.464986949699998,32.23929214258521,32.23929214258521,-25.774305192885205,-25.774305192885205,25.994879315801064,0.22057412291585954,3.6392831042121494,0.015440188604110169,3.6238429156080394
2024-07-04 00:00:00-05:00,7.7053980617999995,7.7053980617999995,31.014630586926128,31.014630586926128,-23.309232525126127,-23.309232525126127,24.47938959780601,1.1701570726798811,3.4271145436928414,0.08191099508759168,3.34520354860525
2024-07-05 00:00:00-05:00,7.844881363199999,7.844881363199999,32.34905916270166,32.34905916270166,-24.504177799501655,-24.504177799501655,25.69125175635125,1.1870739568495927,3.5967752458891753,0.0830951769794715,3.5136800689097036
2024-07-06 00:00:00-05:00,3.348066519899999,3.348066519899999,32.94628549318585,32.94628549318585,-29.59821897328585,-29.59821897328585,29.59821897328585,0.0,4.1437506562600195,0.0,4.1437506562600195
2024-07-07 00:00:00-05:00,3.902005321199999,3.902005321199999,30.603549364316525,30.603549364316525,-26.701544043116524,-26.701544043116524,26.945746342495806,0.2442022993792805,3.772404487949413,0.01709416095654964,3.7553103269928636
2024-07-08 00:00:00-05:00,3.726436357799999,3.726436357799999,27.992587544530824,27.992587544530824,-24.266151186730823,-24.266151186730823,24.782440550261718,0.5162893635308935,3.469541677036641,0.036140255447162546,3.4334014215894784
2024-07-09 00:00:00-05:00,7.8764170580999995,7.8764170580999995,29.673779741103406,29.673779741103406,-21.797362683003406,-21.797362683003406,23.403757783981277,1.6063951009778705,3.276526089757379,0.11244765706845095,3.164078432688928
2024-07-10 00:00:00-05:00,7.1683735954499985,7.1683735954499985,31.174508097028397,31.174508097028397,-24.006134501578398,-24.006134501578398,24.910524874056538,0.9043903724781372,3.4874734823679154,0.06330732607346962,3.424166156294446
2024-07-11 00:00:00-05:00,3.7246101115499997,3.7246101115499997,31.813098479469986,31.813098479469986,-28.088488367919986,-28.088488367919986,28.088488367919986,0.0,3.9323883715087984,0.0,3.9323883715087984
2024-07-12 00:00:00-05:00,2.8147733806499993,2.8147733806499993,27.909365701686518,27.909365701686518,-25.09459232103652,-25.09459232103652,25.09459232103652,0.0,3.513242924945113,0.0,3.513242924945113
2024-07-13 00:00:00-05:00,5.323465681199999,5.323465681199999,35.07736582314756,35.07736582314756,-29.75390014194756,-29.75390014194756,30.00769281207454,0.2537926701269817,4.201076993690436,0.01776548690888872,4.183311506781547
2024-07-14 00:00:00-05:00,6.477387289649998,6.477387289649998,32.11249483951678,32.11249483951678,-25.63510754986678,-25.63510754986678,25.92835411807146,0.29324656820468065,3.6299695765300046,0.020527259774327646,3.609442316755677
2024-07-15 00:00:00-05:00,7.691152393349999,7.691152393349999,27.048687326511136,27.048687326511136,-19.35753493316114,-19.35753493316114,21.053068707918175,1.695533774757036,2.947429619108545,0.11868736423299253,2.8287422548755523
2024-07-16 00:00:00-05:00,8.22285526905,8.22285526905,29.64360724024362,29.64360724024362,-21.420751971193624,-21.420751971193624,23.002276153660848,1.5815241824672253,3.2203186615125188,0.11070669277270578,3.109611968739813
2024-07-17 00:00:00-05:00,4.6347466598999985,4.6347466598999985,31.59013360689693,31.59013360689693,-26.95538694699693,-26.95538694699693,26.95538694699693,0.0,3.773754172579571,0.0,3.773754172579571
2024-07-18 00:00:00-05:00,5.6286183230999995,5.6286183230999995,29.03898654376128,29.03898654376128,-23.41036822066128,-23.41036822066128,24.62885641931899,1.218488198657711,3.4480398987046588,0.08529417390603977,3.3627457247986188
2024-07-19 00:00:00-05:00,6.939513983557724,6.939513983557724,26.532910450849613,26.532910450849613,-19.593396467291885,-19.593396467291885,20.96811685541372,1.3747203881218306,2.9355363597579207,0.09623042716852816,2.8393059325893923
2024-07-20 00:00:00-05:00,6.688022736599999,6.688022736599999,32.45205010536176,32.45205010536176,-25.76402736876176,-25.76402736876176,26.372758304615125,0.6087309358533669,3.692186162646118,0.04261116550973569,3.6495749971363822
2024-07-21 00:00:00-05:00,6.986984374349999,6.986984374349999,30.745053122419872,30.745053122419872,-23.758068748069874,-23.758068748069874,24.58167172807983,0.8236029800099542,3.4414340419311764,0.0576522086006968,3.3837818333304797
2024-07-22 00:00:00-05:00,6.542145790649999,6.542145790649999,31.842140092478402,31.842140092478402,-25.299994301828402,-25.299994301828402,26.16523023048374,0.8652359286553369,3.6631322322677238,0.060566515005873595,3.60256571726185
2024-07-23 00:00:00-05:00,5.644541679749999,5.644541679749999,27.87433171789173,27.87433171789173,-22.229790038141733,-22.229790038141733,23.02759005993274,0.7978000217910074,3.223862608390584,0.055846001525370524,3.168016606865214
2024-07-24 00:00:00-05:00,4.2271379711999995,4.2271379711999995,28.605818199192974,28.605818199192974,-24.378680227992977,-24.378680227992977,24.480732932659407,0.10205270466643052,3.427302610572317,0.007143689326650137,3.420158921245667
2024-07-25 00:00:00-05:00,2.323999919699999,2.323999919699999,27.866983654119984,27.866983654119984,-25.542983734419984,-25.542983734419984,25.542983734419984,0.0,3.576017722818798,0.0,3.576017722818798
2024-07-26 00:00:00-05:00,2.989874662199999,2.989874662199999,29.027634478148883,29.027634478148883,-26.037759815948885,-26.037759815948885,26.037759815948885,0.0,3.6452863742328443,0.0,3.6452863742328443
2024-07-27 00:00:00-05:00,3.8100952516499995,3.8100952516499995,32.80137344847202,32.80137344847202,-28.99127819682202,-28.99127819682202,29.02701249386358,0.03573429704156372,4.063781749140902,0.0025014007929094607,4.061280348347992
2024-07-28 00:00:00-05:00,3.721084303049999,3.721084303049999,32.247548569007144,32.247548569007144,-28.526464265957145,-28.526464265957145,28.526464265957145,0.0,3.993704997234001,0.0,3.993704997234001
2024-07-29 00:00:00-05:00,8.329149394199998,8.329149394199998,26.3350807926113,26.3350807926113,-18.005931398411303,-18.005931398411303,20.13892330598828,2.1329919075769754,2.819449262838359,0.1493094335303883,2.670139829307971
2024-07-30 00:00:00-05:00,7.993925047349999,7.993925047349999,27.832271671916175,27.832271671916175,-19.838346624566174,-19.838346624566174,21.489192128724145,1.6508455041579706,3.008486898021381,0.11555918529105795,2.892927712730323
2024-07-31 00:00:00-05:00,8.3801837142,8.3801837142,26.040383494951044,26.040383494951044,-17.660199780751046,-17.660199780751046,19.706801229171464,2.046601448420418,2.758952172084005,0.14326210138942927,2.615690070694576
2024-08-01 00:00:00-05:00,7.987879624499999,7.987879624499999,30.498179203384698,30.498179203384698,-22.510299578884702,-22.510299578884702,23.748690942128093,1.2383913632433932,3.324816731897933,0.08668739542703753,3.2381293364708954
2024-08-02 00:00:00-05:00,7.803915867,7.803915867,26.809172255987157,26.809172255987157,-19.00525638898716,-19.00525638898716,20.831120276721123,1.8258638877339657,2.9163568387409575,0.1278104721413776,2.7885463665995798
2024-08-03 00:00:00-05:00,7.8697833066,7.8697833066,29.507473227000315,29.507473227000315,-21.637689920400316,-21.637689920400316,23.266262361722546,1.6285724413222322,3.257276730641157,0.11400007089255626,3.143276659748601
2024-08-04 00:00:00-05:00,7.738903927799999,7.738903927799999,30.60279632858084,30.60279632858084,-22.86389240078084,-22.86389240078084,24.32872574496958,1.4648333441887393,3.406021604295742,0.10253833409321177,3.30348327020253
2024-08-05 00:00:00-05:00,6.061913568449999,6.061913568449999,27.514943072871247,27.514943072871247,-21.45302950442125,-21.45302950442125,21.976994985447654,0.5239654810264069,3.0767792979626716,0.036677583671848486,3.040101714290823
2024-08-06 00:00:00-05:00,6.8175148527,6.8175148527,27.17280524274301,27.17280524274301,-20.35529039004301,-20.35529039004301,21.471549526097625,1.1162591360546146,3.006016933653668,0.07813813952382302,2.9278787941298448
2024-08-07 00:00:00-05:00,7.6087775749499995,7.6087775749499995,29.47920446002882,29.47920446002882,-21.87042688507882,-21.87042688507882,23.331952960186115,1.4615260751072914,3.2664734144260565,0.1023068252575104,3.164166589168546
2024-08-08 00:00:00-05:00,7.745731833599999,7.745731833599999,28.87659384485863,28.87659384485863,-21.13086201125863,-21.13086201125863,22.7898640519001,1.6590020406414703,3.190580967266014,0.11613014284490293,3.074450824421111
2024-08-09 00:00:00-05:00,7.667406558899999,7.667406558899999,27.163813072908777,27.163813072908777,-19.49640651400878,-19.49640651400878,21.179769735816333,1.6833632218075547,2.965167763014287,0.11783542552652884,2.847332337487758
2024-08-10 00:00:00-05:00,7.624527035399999,7.624527035399999,32.283387448776836,32.283387448776836,-24.65886041337684,-24.65886041337684,25.81239465390668,1.1535342405298386,3.6137352515469354,0.0807473968370887,3.5329878547098468
2024-08-11 00:00:00-05:00,7.489898371799999,7.489898371799999,33.51805186917644,33.51805186917644,-26.02815349737644,-26.02815349737644,27.283807572833442,1.2556540754570007,3.819733060196682,0.08789578528199006,3.731837274914692
2024-08-12 00:00:00-05:00,7.366670416349999,7.366670416349999,28.793404282394466,28.793404282394466,-21.426733866044465,-21.426733866044465,22.661708023830286,1.2349741577858193,3.1726391233362405,0.08644819104500737,3.0861909322912333
2024-08-13 00:00:00-05:00,6.051417017399999,6.051417017399999,28.94695694359144,28.94695694359144,-22.895539926191443,-22.895539926191443,24.268281078184803,1.37274115199336,3.3975593509458726,0.09609188063953522,3.3014674703063376
2024-08-14 00:00:00-05:00,6.764923113299999,6.764923113299999,31.386959696569832,31.386959696569832,-24.622036583269832,-24.622036583269832,24.975386073364547,0.35334949009471406,3.496554050271037,0.024734464306629986,3.4718195859644068
2024-08-15 00:00:00-05:00,7.006203450899999,7.006203450899999,29.437346152807955,29.437346152807955,-22.431142701907955,-22.431142701907955,23.27948516265092,0.8483424607429669,3.259127922771129,0.05938397225200769,3.1997439505191214
2024-08-16 00:00:00-05:00,7.734940623449999,7.734940623449999,31.00796114915533,31.00796114915533,-23.27302052570533,-23.27302052570533,24.653754582142337,1.3807340564370045,3.4515256414999276,0.09665138395059032,3.354874257549337
2024-08-17 00:00:00-05:00,6.798367562399998,6.798367562399998,34.044577753881825,34.044577753881825,-27.246210191481822,-27.246210191481822,27.937381611495898,0.6911714200140749,3.911233425609426,0.048381999400985254,3.862851426208441
2024-08-18 00:00:00-05:00,7.34774675895,7.34774675895,28.850952099878462,28.850952099878462,-21.503205340928464,-21.503205340928464,22.724844102885296,1.2216387619568314,3.1814781744039418,0.0855147133369782,3.0959634610669635
2024-08-19 00:00:00-05:00,7.215364661399999,7.215364661399999,26.98675820454754,26.98675820454754,-19.77139354314754,-19.77139354314754,20.938951920905506,1.1675583777579661,2.931453268926771,0.08172908644305764,2.849724182483713
2024-08-20 00:00:00-05:00,8.138537595449998,8.138537595449998,30.94837486154345,30.94837486154345,-22.809837266093453,-22.809837266093453,24.531322821687585,1.7214855555941342,3.434385195036262,0.1205039888915894,3.3138812061446727
2024-08-21 00:00:00-05:00,7.764664216049998,7.764664216049998,27.305422354661722,27.305422354661722,-19.540758138611725,-19.540758138611725,21.135873636192965,1.5951154975812396,2.9590223090670156,0.11165808483068679,2.847364224236329
2024-08-22 00:00:00-05:00,7.104307536449999,7.104307536449999,30.071827743990543,30.071827743990543,-22.967520207540545,-22.967520207540545,24.34268539775485,1.3751651902143047,3.407975955685679,0.09626156331500134,3.3117143923706776
2024-08-23 00:00:00-05:00,5.9401143369,5.9401143369,29.05823763811957,29.05823763811957,-23.118123301219573,-23.118123301219573,23.719117159202554,0.6009938579829819,3.320676402288358,0.042069570058808736,3.278606832229549
2024-08-24 00:00:00-05:00,7.071402311099999,7.071402311099999,33.38336916541515,33.38336916541515,-26.31196685431515,-26.31196685431515,27.041585028121702,0.7296181738065536,3.7858219039370384,0.05107327216645875,3.7347486317705796
2024-08-25 00:00:00-05:00,7.836123658049999,7.836123658049999,29.4736059678933,29.4736059678933,-21.6374823098433,-21.6374823098433,23.077791437768806,1.440309127925508,3.230890801287633,0.10082163895478558,3.1300691623328474
2024-08-26 00:00:00-05:00,5.129693937449999,5.129693937449999,30.015413667997638,30.015413667997638,-24.88571973054764,-24.88571973054764,25.468163600863047,0.5824438703154093,3.565542904120827,0.040771070922078656,3.524771833198748
2024-08-27 00:00:00-05:00,4.130732475899999,4.130732475899999,26.644666069354166,26.644666069354166,-22.51393359345417,-22.51393359345417,22.864867532819048,0.3509339393648793,3.201081454594667,0.024565375755541553,3.1765160788391253
2024-08-28 00:00:00-05:00,5.852453432849999,5.852453432849999,29.819067208963247,29.819067208963247,-23.96661377611325,-23.96661377611325,24.22551999025729,0.2589062141440436,3.391572798636021,0.01812343499008305,3.3734493636459377
2024-08-29 00:00:00-05:00,4.945230802799999,4.945230802799999,26.66870215832092,26.66870215832092,-21.723471355520918,-21.723471355520918,22.773255729813098,1.049784374292179,3.188255802173834,0.07348490620045255,3.1147708959733813
2024-08-30 00:00:00-05:00,4.523328449099999,4.523328449099999,28.274363961700725,28.274363961700725,-23.751035512600726,-23.751035512600726,24.393900570526654,0.6428650579259293,3.4151460798737316,0.04500055405481505,3.370145525818917
2024-08-31 00:00:00-05:00,5.7819902894999995,5.7819902894999995,34.84179814192758,34.84179814192758,-29.059807852427582,-29.059807852427582,29.68730764850928,0.6274997960816989,4.1562230707913,0.04392498572571893,4.11229808506558
2024-09-01 00:00:00-05:00,4.965914295899999,4.965914295899999,33.60879109422697,33.60879109422697,-28.64287679832697,-28.64287679832697,28.747966940125607,0.10509014179863563,4.024715371617585,0.007356309925904495,4.017359061691681
2024-09-02 00:00:00-05:00,4.8088828278,4.8088828278,30.061703789880056,30.061703789880056,-25.252820962080055,-25.252820962080055,25.52919760358706,0.27637664150700647,3.574087664502189,0.019346364905490455,3.5547412995966985
2024-09-03 00:00:00-05:00,4.036040675999999,4.036040675999999,30.4005092076988,30.4005092076988,-26.3644685316988,-26.3644685316988,26.368311028617875,0.0038424969190753444,3.691563544006503,0.00026897478433527414,3.6912945692221677
2024-09-04 00:00:00-05:00,3.798807341399999,3.798807341399999,26.927941101636154,26.927941101636154,-23.129133760236154,-23.129133760236154,23.404872388387755,0.27573862815160016,3.276682134374286,0.019301703970612014,3.257380430403674
2024-09-05 00:00:00-05:00,4.037454790199999,4.037454790199999,31.18461143000384,31.18461143000384,-27.147156639803843,-27.147156639803843,27.421691492565703,0.27453485276186096,3.839036808959199,0.019217439693330268,3.8198193692658684
2024-09-06 00:00:00-05:00,3.5840449943999992,3.5840449943999992,28.536687280361033,28.536687280361033,-24.95264228596103,-24.95264228596103,25.034117282600995,0.08147499663996349,3.5047764195641395,0.005703249764797445,3.4990731697993422
2024-09-07 00:00:00-05:00,8.549124920099999,8.549124920099999,29.897122103287725,29.897122103287725,-21.347997183187726,-21.347997183187726,23.25382474396839,1.9058275607806674,3.255535464155575,0.13340792925464673,3.1221275349009283
2024-09-08 00:00:00-05:00,9.063666371699998,9.063666371699998,29.94190714529231,29.94190714529231,-20.87824077359231,-20.87824077359231,23.137355938019187,2.2591151644268783,3.2392298313226866,0.1581380615098815,3.0810917698128053
2024-09-09 00:00:00-05:00,8.9580343446,8.9580343446,27.103862530098713,27.103862530098713,-18.145828185498715,-18.145828185498715,20.367118354047516,2.2212901685488027,2.8513965695666523,0.15549031179841621,2.695906257768236
2024-09-10 00:00:00-05:00,3.6557816561999994,3.6557816561999994,28.969890480159666,28.969890480159666,-25.314108823959668,-25.314108823959668,25.35297485296855,0.03886602900888442,3.5494164794155973,0.0027206220306219093,3.5466958573849756
2024-09-11 00:00:00-05:00,3.8505550202999994,3.8505550202999994,28.257798065591075,28.257798065591075,-24.407243045291075,-24.407243045291075,24.865083545917457,0.45784050062638315,3.4811116964284445,0.03204883504384683,3.4490628613845975
2024-09-12 00:00:00-05:00,5.538946824899999,5.538946824899999,31.120198403558376,31.120198403558376,-25.581251578658378,-25.581251578658378,25.711068741361505,0.12981716270312615,3.599549623790611,0.009087201389218832,3.590462422401392
2024-09-13 00:00:00-05:00,8.3983792059,8.3983792059,28.32673571868987,28.32673571868987,-19.928356512789872,-19.928356512789872,21.675305042233894,1.7469485294440208,3.0345427059127457,0.12228639706108146,2.9122563088516644
2024-09-14 00:00:00-05:00,8.0897416173,8.0897416173,33.81551345907337,33.81551345907337,-25.725771841773376,-25.725771841773376,26.758495612562957,1.0327237707895822,3.7461893857588144,0.07229066395527076,3.6738987218035435
2024-09-15 00:00:00-05:00,7.229606370299999,7.229606370299999,29.91625869242779,29.91625869242779,-22.68665232212779,-22.68665232212779,24.343377065443086,1.656724743315294,3.4080727891620324,0.11597073203207059,3.292102057129962
2024-09-16 00:00:00-05:00,7.8422412384,7.8422412384,31.131890635590274,31.131890635590274,-23.289649397190274,-23.289649397190274,24.49846573438061,1.2088163371903335,3.4297852028132856,0.08461714360332336,3.3451680592099624
2024-09-17 00:00:00-05:00,8.120037920399998,8.120037920399998,29.796038725741713,29.796038725741713,-21.676000805341715,-21.676000805341715,23.391747798920026,1.715746993578311,3.274844691848804,0.12010228955048177,3.154742402298322
2024-09-18 00:00:00-05:00,7.7101016615999995,7.7101016615999995,30.81666054791406,30.81666054791406,-23.106558886314062,-23.106558886314062,24.217866388832203,1.11130750251814,3.3905012944365085,0.0777915251762698,3.3127097692602385
2024-09-19 00:00:00-05:00,7.732634629049999,7.732634629049999,31.11430707034461,31.11430707034461,-23.38167244129461,-23.38167244129461,24.617600284059172,1.2359278427645606,3.4464640397682844,0.08651494899351925,3.3599490907747653
2024-09-20 00:00:00-05:00,7.7418878652,7.7418878652,30.118315425565868,30.118315425565868,-22.37642756036587,-22.37642756036587,23.588478943680396,1.2120513833145266,3.3023870521152556,0.08484359683201687,3.2175434552832387
2024-09-21 00:00:00-05:00,7.313653358099999,7.313653358099999,30.269078634519065,30.269078634519065,-22.955425276419067,-22.955425276419067,24.3642520708474,1.4088267944283333,3.4109952899186364,0.09861787560998334,3.3123774143086533
2024-09-22 00:00:00-05:00,5.332384132199999,5.332384132199999,33.323054393690526,33.323054393690526,-27.990670261490525,-27.990670261490525,28.145331081609935,0.15466082011941085,3.9403463514253914,0.01082625740835876,3.9295200940170325
2024-09-23 00:00:00-05:00,6.0681462349499995,6.0681462349499995,32.02872676923406,32.02872676923406,-25.96058053428406,-25.96058053428406,26.55059692721038,0.5900163929263188,3.7170835698094535,0.04130114750484232,3.675782422304611
2024-09-24 00:00:00-05:00,5.475079742399999,5.475079742399999,27.362815705072965,27.362815705072965,-21.887735962672966,-21.887735962672966,22.3465887259703,0.458852763297333,3.128522421635842,0.03211969343081331,3.0964027282050286
2024-09-25 00:00:00-05:00,6.001054368974999,6.001054368974999,29.79495664281177,29.79495664281177,-23.79390227383677,-23.79390227383677,24.43718554994669,0.6432832761099183,3.421205976992537,0.04502982932769429,3.3761761476648426
2024-09-26 00:00:00-05:00,8.952211239075,8.952211239075,30.426610257178446,30.426610257178446,-21.474399018103448,-21.474399018103448,23.71924662712337,2.244847609019919,3.3206945277972717,0.15713933263139435,3.1635551951658774
2024-09-27 00:00:00-05:00,9.02073207195,9.02073207195,27.943912254462116,27.943912254462116,-18.923180182512116,-18.923180182512116,21.27782771730286,2.354647534790742,2.9788958804224004,0.16482532743535194,2.8140705529870482
2024-09-28 00:00:00-05:00,9.07864223625,9.07864223625,31.048552157896317,31.048552157896317,-21.96990992164632,-21.96990992164632,23.695901913559045,1.7259919919127271,3.3174262678982664,0.12081943943389091,3.1966068284643754
2024-09-29 00:00:00-05:00,9.581285596499999,9.581285596499999,34.26682565625928,34.26682565625928,-24.685540059759276,-24.685540059759276,26.330565341906485,1.6450252821472078,3.6862791478669084,0.11515176975030456,3.571127378116604
2024-09-30 00:00:00-05:00,8.741095626149999,8.741095626149999,27.435538038435936,27.435538038435936,-18.694442412285937,-18.694442412285937,20.611442812191733,1.9170003999057939,2.885601993706843,0.13419002799340557,2.7514119657134373
2024-10-01 00:00:00-05:00,8.51498767395,8.51498767395,26.7848054119739,26.7848054119739,-18.2698177380239,-18.2698177380239,19.985050067283353,1.7152323292594542,2.79790700941967,0.12006626304816181,2.677840746371508
2024-10-02 00:00:00-05:00,8.959848597449998,8.959848597449998,31.224028816857654,31.224028816857654,-22.264180219407653,-22.264180219407653,23.84446775942991,1.580287540022255,3.3382254863201877,0.11062012780155786,3.22760535851863
2024-10-03 00:00:00-05:00,9.267770137949999,9.267770137949999,26.613199961272684,26.613199961272684,-17.345429823322686,-17.345429823322686,19.686920150642173,2.3414903273194883,2.7561688210899047,0.1639043229123642,2.5922644981775407
2024-10-04 00:00:00-05:00,6.3454131189,6.3454131189,30.752724664247687,30.752724664247687,-24.40731154534769,-24.40731154534769,24.96058274798106,0.553271202633373,3.4944815847173487,0.03872898418433612,3.4557526005330126
2024-10-05 00:00:00-05:00,4.560723796724999,4.560723796724999,32.34347749104471,32.34347749104471,-27.782753694319712,-27.782753694319712,27.78408826442496,0.0013345701052470682,3.8897723570194946,9.341990736729478e-05,3.8896789371121274
2024-10-06 00:00:00-05:00,8.53990479675,8.53990479675,32.91820345633158,32.91820345633158,-24.37829865958158,-24.37829865958158,25.722364723742146,1.3440660641605664,3.6011310613239007,0.09408462449123965,3.507046436832661
2024-10-07 00:00:00-05:00,8.866165318424999,8.866165318424999,27.875940623253275,27.875940623253275,-19.009775304828274,-19.009775304828274,21.061894890815164,2.0521195859868913,2.9486652847141235,0.1436483710190824,2.805016913695041
2024-10-08 00:00:00-05:00,9.412439250375,9.412439250375,26.624316786576937,26.624316786576937,-17.21187753620194,-17.21187753620194,19.63079350045215,2.418915964250209,2.7483110900633014,0.16932411749751466,2.5789869725657866
2024-10-09 00:00:00-05:00,9.37738121985,9.37738121985,28.674292353074424,28.674292353074424,-19.296911133224427,-19.296911133224427,21.33774701203045,2.040835878806025,2.9872845816842637,0.14285851151642176,2.844426070167842
2024-10-10 00:00:00-05:00,9.661387822199998,9.661387822199998,26.809944033268344,26.809944033268344,-17.148556211068346,-17.148556211068346,19.64773179057132,2.499175579502972,2.750682450679985,0.17494229056520805,2.575740160114777
2024-10-11 00:00:00-05:00,9.377467102799999,9.377467102799999,30.62040685716395,30.62040685716395,-21.242939754363952,-21.242939754363952,23.033080110752614,1.7901403563886613,3.2246312155053665,0.1253098249472063,3.0993213905581602
2024-10-12 00:00:00-05:00,9.173353182524998,9.173353182524998,31.085973985579976,31.085973985579976,-21.912620803054978,-21.912620803054978,23.56444584405909,1.651825041004111,3.299022418168273,0.11562775287028779,3.183394665297985
2024-10-13 00:00:00-05:00,9.2071309257,9.2071309257,32.46079292217707,32.46079292217707,-23.253661996477074,-23.253661996477074,24.84615405770996,1.5924920612328863,3.478461568079395,0.11147444428630206,3.3669871237930926
2024-10-14 00:00:00-05:00,9.165793757625,9.165793757625,27.0608442104447,27.0608442104447,-17.8950504528197,-17.8950504528197,20.074373435268214,2.1793229824485145,2.81041228093755,0.15255260877139604,2.657859672166154
2024-10-15 00:00:00-05:00,8.899919938125,8.899919938125,25.979726294877743,25.979726294877743,-17.079806356752744,-17.079806356752744,19.222052948863602,2.1422465921108573,2.6910874128409046,0.14995726144776003,2.5411301513931446
2024-10-16 00:00:00-05:00,7.049429478225,7.049429478225,27.474587697995982,27.474587697995982,-20.42515821977098,-20.42515821977098,22.232326045203713,1.80716782543273,3.1125256463285202,0.1265017477802911,2.986023898548229
2024-10-17 00:00:00-05:00,9.866278045124998,9.866278045124998,30.240718597753755,30.240718597753755,-20.37444055262876,-20.37444055262876,22.673933920792532,2.2994933681637746,3.1743507489109546,0.16096453577146425,3.01338621313949
2024-10-18 00:00:00-05:00,8.501587328925,8.501587328925,26.711846151790017,26.711846151790017,-18.21025882286502,-18.21025882286502,19.99972153951243,1.7894627166474106,2.7999610155317405,0.12526239016531876,2.6746986253664216
2024-10-19 00:00:00-05:00,8.005818718799999,8.005818718799999,31.69197376998529,31.69197376998529,-23.68615505118529,-23.68615505118529,24.37176390208192,0.685608850896632,3.4120469462914693,0.047992619562764245,3.364054326728705
2024-10-20 00:00:00-05:00,9.372350715525,9.372350715525,30.120440333386988,30.120440333386988,-20.74808961786199,-20.74808961786199,22.98323562753816,2.2351460096761717,3.2176529878553426,0.15646022067733203,3.0611927671780106
2024-10-21 00:00:00-05:00,9.1685061324,9.1685061324,30.647946206255924,30.647946206255924,-21.479440073855926,-21.479440073855926,23.41970404378763,1.9402639699317055,3.2787585661302683,0.1358184778952194,3.142940088235049
2024-10-22 00:00:00-05:00,8.178119577224999,8.178119577224999,28.524432841973347,28.524432841973347,-20.346313264748346,-20.346313264748346,22.171544924505515,1.8252316597571667,3.1040162894307723,0.12776621618300169,2.976250073247771
2024-10-23 00:00:00-05:00,8.598213676124999,8.598213676124999,30.705329944441488,30.705329944441488,-22.10711626831649,-22.10711626831649,23.82863148571133,1.7215152173948405,3.3360084079995866,0.12050606521763885,3.2155023427819476
2024-10-24 00:00:00-05:00,9.144213200325,9.144213200325,28.975797528478672,28.975797528478672,-19.83158432815367,-19.83158432815367,21.77161022538513,1.940025897231458,3.0480254315539184,0.13580181280620207,2.912223618747716
2024-10-25 00:00:00-05:00,6.721996503825,6.721996503825,28.11204602350305,28.11204602350305,-21.39004951967805,-21.39004951967805,22.271948984211022,0.8818994645329702,3.1180728577895436,0.06173296251730792,3.056339895272236
2024-10-26 00:00:00-05:00,7.3544236739999995,7.3544236739999995,34.69142501897807,34.69142501897807,-27.337001344978077,-27.337001344978077,28.0651653111527,0.7281639661746228,3.9291231435613785,0.0509714776322236,3.878151665929155
2024-10-27 00:00:00-05:00,8.687533823999999,8.687533823999999,30.132845787552945,30.132845787552945,-21.445311963552943,-21.445311963552943,23.127349160502952,1.6820371969500094,3.2378288824704136,0.11774260378650067,3.120086278683913
2024-10-28 00:00:00-05:00,6.722165909924999,6.722165909924999,28.021656751165864,28.021656751165864,-21.299490841240868,-21.299490841240868,22.3884289586,1.0889381173591315,3.134380054204,0.07622566821513921,3.058154385988861
2024-10-29 00:00:00-05:00,7.071570650699999,7.071570650699999,29.366120397303447,29.366120397303447,-22.294549746603447,-22.294549746603447,23.72826344973574,1.4337137031322926,3.3219568829630037,0.1003599592192605,3.221596923743743
2024-10-30 00:00:00-05:00,3.6249376526999995,3.6249376526999995,30.786538263959933,30.786538263959933,-27.161600611259935,-27.161600611259935,27.52905240342166,0.3674517921617241,3.8540673364790328,0.025721625451320687,3.828345711027712
2024-10-31 00:00:00-05:00,2.851309031399999,2.851309031399999,26.550259531399632,26.550259531399632,-23.698950499999633,-23.698950499999633,23.698950499999633,0.0,3.317853069999949,0.0,3.317853069999949
2024-11-01 00:00:00-05:00,2.3804687159999993,2.3804687159999993,25.554687545137522,25.554687545137522,-23.174218829137523,-23.174218829137523,23.174218829137523,0.0,3.2443906360792534,0.0,3.2443906360792534
2024-11-02 00:00:00-05:00,2.1552221825999993,2.1552221825999993,29.132363799655394,29.132363799655394,-26.977141617055395,-26.977141617055395,26.977141617055395,0.0,3.7767998263877556,0.0,3.7767998263877556
2024-11-03 00:00:00-05:00,3.496290941025,3.496290941025,36.09268724802776,36.09268724802776,-32.596396307002756,-32.596396307002756,32.596396307002756,0.0,4.563495482980386,0.0,4.563495482980386
2024-11-04 00:00:00-06:00,3.3093959858999993,3.3093959858999993,29.759709622414313,29.759709622414313,-26.450313636514313,-26.450313636514313,26.450313636514313,0.0,3.703043909112004,0.0,3.703043909112004
2024-11-05 00:00:00-06:00,4.733058506399999,4.733058506399999,26.76771164193148,26.76771164193148,-22.03465313553148,-22.03465313553148,22.417135464644055,0.3824823291125739,3.138398965050168,0.026773763037880177,3.1116252020122874
2024-11-06 00:00:00-06:00,7.977509772299999,7.977509772299999,31.40944906430699,31.40944906430699,-23.431939292006994,-23.431939292006994,23.978970370677292,0.5470310786702983,3.3570558518948213,0.038292175506920885,3.3187636763879005
2024-11-07 00:00:00-06:00,4.969523307599999,4.969523307599999,27.964801869062615,27.964801869062615,-22.995278561462616,-22.995278561462616,23.188216547735983,0.19293798627336844,3.246350316683038,0.013505659039135793,3.2328446576439025
2024-11-08 00:00:00-06:00,3.877464008699999,3.877464008699999,31.284218496417097,31.284218496417097,-27.406754487717098,-27.406754487717098,27.406754487717098,0.0,3.836945628280394,0.0,3.836945628280394
2024-11-09 00:00:00-06:00,6.947213810399999,6.947213810399999,32.54474591474798,32.54474591474798,-25.59753210434798,-25.59753210434798,26.138491447554223,0.540959343206242,3.659388802657592,0.03786715402443694,3.6215216486331547
2024-11-10 00:00:00-06:00,2.8349205146999994,2.8349205146999994,29.733558981281217,29.733558981281217,-26.898638466581218,-26.898638466581218,26.898638466581218,0.0,3.7658093853213708,0.0,3.7658093853213708
2024-11-11 00:00:00-06:00,8.57193813,8.57193813,30.47568135642033,30.47568135642033,-21.903743226420332,-21.903743226420332,23.041966612622225,1.1382233862018925,3.225875325767112,0.07967563703413248,3.1461996887329793
2024-11-12 00:00:00-06:00,9.0873568413,9.0873568413,29.622645310746258,29.622645310746258,-20.535288469446257,-20.535288469446257,21.81110327021362,1.275814800767362,3.0535544578299074,0.08930703605371534,2.964247421776192
2024-11-13 00:00:00-06:00,7.697721227399999,7.697721227399999,28.641479983318852,28.641479983318852,-20.943758755918854,-20.943758755918854,21.7109378969849,0.7671791410660446,3.039531305577886,0.053702539874623124,2.9858287657032627
2024-11-14 00:00:00-06:00,9.447022302299999,9.447022302299999,30.224183725231924,30.224183725231924,-20.777161422931925,-20.777161422931925,22.179591634243216,1.4024302113112916,3.1051428287940506,0.09817011479179043,3.00697271400226
2024-11-15 00:00:00-06:00,9.3347359578,9.3347359578,28.63848538168813,28.63848538168813,-19.30374942388813,-19.30374942388813,20.84769348750923,1.5439440636210953,2.9186770882512922,0.10807608445347668,2.8106010037978155
2024-11-16 00:00:00-06:00,3.1565499578999994,3.1565499578999994,33.23061276847842,33.23061276847842,-30.074062810578422,-30.074062810578422,30.074062810578422,0.0,4.2103687934809795,0.0,4.2103687934809795
2024-11-17 00:00:00-06:00,2.3878906298999993,2.3878906298999993,32.61807779806206,32.61807779806206,-30.230187168162065,-30.230187168162065,30.230187168162065,0.0,4.232226203542689,0.0,4.232226203542689
2024-11-18 00:00:00-06:00,1.9430781497999994,1.9430781497999994,31.73488009041228,31.73488009041228,-29.79180194061228,-29.79180194061228,29.79180194061228,0.0,4.17085227168572,0.0,4.17085227168572
2024-11-19 00:00:00-06:00,9.134658257399998,9.134658257399998,26.58052331707334,26.58052331707334,-17.44586505967334,-17.44586505967334,19.21087249301211,1.7650074333387717,2.6895221490216956,0.12355052033371404,2.5659716286879815
2024-11-20 00:00:00-06:00,9.563643639899999,9.563643639899999,27.62353611923467,27.62353611923467,-18.059892479334675,-18.059892479334675,19.900405069563472,1.8405125902287969,2.786056709738886,0.12883588131601578,2.6572208284228704
2024-11-21 00:00:00-06:00,9.435714353999998,9.435714353999998,28.07040270292305,28.07040270292305,-18.634688348923053,-18.634688348923053,20.281441935576343,1.6467535866532907,2.839401870980688,0.11527275106573036,2.7241291199149575
2024-11-22 00:00:00-06:00,9.143700403499999,9.143700403499999,31.80794122574854,31.80794122574854,-22.66424082224854,-22.66424082224854,23.974312479943503,1.3100716576949631,3.3564037471920907,0.09170501603864743,3.2646987311534432
2024-11-23 00:00:00-06:00,8.9743287717,8.9743287717,30.174141057284587,30.174141057284587,-21.19981228558459,-21.19981228558459,22.43187483085881,1.2320625452742229,3.140462476320234,0.08624437816919561,3.054218098151038
2024-11-24 00:00:00-06:00,6.3698972319,6.3698972319,33.60476873396126,33.60476873396126,-27.23487150206126,-27.23487150206126,27.356373650153817,0.121502148092556,3.829892311021535,0.00850515036647892,3.821387160655056
2024-11-25 00:00:00-06:00,7.142273096399999,7.142273096399999,32.08569617045899,32.08569617045899,-24.94342307405899,-24.94342307405899,25.432502499294728,0.48907942523573855,3.5605503499012623,0.0342355597665017,3.5263147901347605
2024-11-26 00:00:00-06:00,8.690913454499999,8.690913454499999,30.046872255384706,30.046872255384706,-21.355958800884707,-21.355958800884707,22.43018153810431,1.0742227372196018,3.1402254153346036,0.07519559160537213,3.0650298237292315
2024-11-27 00:00:00-06:00,3.8849510411999995,3.8849510411999995,26.986662620063694,26.986662620063694,-23.101711578863693,-23.101711578863693,23.209164411524636,0.10745283266094285,3.2492830176134495,0.007521698286266001,3.2417613193271837
2024-11-28 00:00:00-06:00,2.8898007848999994,2.8898007848999994,27.54870315528546,27.54870315528546,-24.658902370385462,-24.658902370385462,24.658902370385462,0.0,3.452246331853965,0.0,3.452246331853965
2024-11-29 00:00:00-06:00,9.106940996999999,9.106940996999999,31.067687132775507,31.067687132775507,-21.96074613577551,-21.96074613577551,23.202530852553085,1.241784716777577,3.2483543193574325,0.0869249301744304,3.161429389183002
2024-11-30 00:00:00-06:00,5.2356382776,5.2356382776,34.73722317398061,34.73722317398061,-29.501584896380606,-29.501584896380606,29.501584896380606,0.0,4.1302218854932855,0.0,4.1302218854932855
2024-12-01 00:00:00-06:00,8.4576401748,8.4576401748,30.221804780666975,30.221804780666975,-21.764164605866977,-21.764164605866977,22.666496284883237,0.9023316790162619,3.1733094798836534,0.06316321753113834,3.110146262352515
2024-12-02 00:00:00-06:00,9.3554293275,9.3554293275,30.025698997142378,30.025698997142378,-20.67026966964238,-20.67026966964238,22.144524660536852,1.4742549908944738,3.10023345247516,0.10319784936261317,2.9970356031125465
2024-12-03 00:00:00-06:00,5.728328048699999,5.728328048699999,27.99698943077638,27.99698943077638,-22.26866138207638,-22.26866138207638,22.71233893516293,0.44367755308654555,3.1797274509228104,0.03105742871605819,3.148670022206752
2024-12-04 00:00:00-06:00,1.4118963794999997,1.4118963794999997,27.87996717562065,27.87996717562065,-26.46807079612065,-26.46807079612065,26.46807079612065,0.0,3.705529911456891,0.0,3.705529911456891
2024-12-05 00:00:00-06:00,1.8356051573999992,1.8356051573999992,30.43425741337488,30.43425741337488,-28.598652255974883,-28.598652255974883,28.598652255974883,0.0,4.003811315836484,0.0,4.003811315836484
2024-12-06 00:00:00-06:00,9.2131993296,9.2131993296,29.99605391266958,29.99605391266958,-20.782854583069582,-20.782854583069582,22.13702046618842,1.3541658831188408,3.0991828652663793,0.09479161181831887,3.0043912534480604
2024-12-07 00:00:00-06:00,1.2272544899999993,1.2272544899999993,34.26405839648556,34.26405839648556,-33.03680390648556,-33.03680390648556,33.03680390648556,0.0,4.625152546907978,0.0,4.625152546907978
2024-12-08 00:00:00-06:00,0.9496865816999995,0.9496865816999995,34.305751815300155,34.305751815300155,-33.356065233600155,-33.356065233600155,33.356065233600155,0.0,4.669849132704022,0.0,4.669849132704022
2024-12-09 00:00:00-06:00,4.390695611999999,4.390695611999999,29.984288093342887,29.984288093342887,-25.593592481342885,-25.593592481342885,26.09471046725402,0.5011179859111349,3.6532594654155632,0.03507825901377944,3.618181206401784
2024-12-10 00:00:00-06:00,5.855713046999999,5.855713046999999,30.39105340169869,30.39105340169869,-24.535340354698693,-24.535340354698693,24.60415426456753,0.0688139098688364,3.4445815970394547,0.004816973690818549,3.439764623348636
2024-12-11 00:00:00-06:00,9.688378048199999,9.688378048199999,30.19779031088694,30.19779031088694,-20.509412262686944,-20.509412262686944,22.15979679472328,1.65038453203634,3.1023715512612595,0.11552691724254381,2.986844634018716
2024-12-12 00:00:00-06:00,9.1216644561,9.1216644561,26.673901789321057,26.673901789321057,-17.552237333221058,-17.552237333221058,19.184748158909855,1.6325108256887984,2.68586474224738,0.1142757577982159,2.571588984449164
2024-12-13 00:00:00-06:00,1.0078555085999994,1.0078555085999994,30.974197083468244,30.974197083468244,-29.966341574868242,-29.966341574868242,29.966341574868242,0.0,4.195287820481554,0.0,4.195287820481554
2024-12-14 00:00:00-06:00,1.833865396199999,1.833865396199999,33.855858937010545,33.855858937010545,-32.02199354081055,-32.02199354081055,32.02199354081055,0.0,4.483079095713477,0.0,4.483079095713477
2024-12-15 00:00:00-06:00,5.265449512199999,5.265449512199999,30.379012700183814,30.379012700183814,-25.113563187983814,-25.113563187983814,25.113563187983814,0.0,3.5158988463177345,0.0,3.5158988463177345
2024-12-16 00:00:00-06:00,4.565236326299999,4.565236326299999,27.80664729950704,27.80664729950704,-23.241410973207046,-23.241410973207046,23.716179243724454,0.4747682705174111,3.320265094121424,0.03323377893621878,3.2870313151852053
2024-12-17 00:00:00-06:00,3.4292290922999995,3.4292290922999995,27.926228302744338,27.926228302744338,-24.496999210444336,-24.496999210444336,24.496999210444336,0.0,3.4295798894622074,0.0,3.4295798894622074
2024-12-18 00:00:00-06:00,4.087844957699999,4.087844957699999,28.244088764976432,28.244088764976432,-24.156243807276432,-24.156243807276432,24.33183599712072,0.1755921898442867,3.406457039596901,0.012291453289100071,3.394165586307801
2024-12-19 00:00:00-06:00,7.0750496844,7.0750496844,29.354229483292666,29.354229483292666,-22.279179798892667,-22.279179798892667,23.367289809708417,1.0881100108157498,3.271420573359179,0.0761677007571025,3.1952528726020764
2024-12-20 00:00:00-06:00,9.2695074975,9.2695074975,27.6888298280158,27.6888298280158,-18.419322330515797,-18.419322330515797,20.08044672174229,1.6611243912264935,2.811262541043921,0.11627870738585455,2.6949838336580663
2024-12-21 00:00:00-06:00,9.522705151799999,9.522705151799999,30.434662343915562,30.434662343915562,-20.911957192115562,-20.911957192115562,22.396660904708288,1.484703712592723,3.1355325266591607,0.10392925988149061,3.0316032667776702
2024-12-22 00:00:00-06:00,8.666537328,8.666537328,29.848949211132066,29.848949211132066,-21.182411883132065,-21.182411883132065,22.314448209271678,1.1320363261396098,3.1240227492980353,0.0792425428297727,3.0447802064682628
2024-12-23 00:00:00-06:00,5.626562475599999,5.626562475599999,29.215002503715194,29.215002503715194,-23.588440028115194,-23.588440028115194,23.766577233829683,0.17813720571449,3.327320812736156,0.0124696044000143,3.3148512083361417
2024-12-24 00:00:00-06:00,3.3818795135999995,3.3818795135999995,30.906459790443506,30.906459790443506,-27.52458027684351,-27.52458027684351,27.52458027684351,0.0,3.8534412387580916,0.0,3.8534412387580916
2024-12-25 00:00:00-06:00,2.3652299942999995,2.3652299942999995,29.622378004515358,29.622378004515358,-27.25714801021536,-27.25714801021536,27.25714801021536,0.0,3.8160007214301506,0.0,3.8160007214301506
2024-12-26 00:00:00-06:00,1.0422831437999995,1.0422831437999995,31.9762174757307,31.9762174757307,-30.9339343319307,-30.9339343319307,30.9339343319307,0.0,4.330750806470299,0.0,4.330750806470299
2024-12-27 00:00:00-06:00,8.0181403038,8.0181403038,27.90384062394036,27.90384062394036,-19.885700320140366,-19.885700320140366,20.900494524952176,1.0147942048118108,2.9260692334933047,0.07103559433682677,2.855033639156478
2024-12-28 00:00:00-06:00,2.792540404799999,2.792540404799999,34.65141650271198,34.65141650271198,-31.858876097911985,-31.858876097911985,31.858876097911985,0.0,4.460242653707678,0.0,4.460242653707678
2024-12-29 00:00:00-06:00,6.910059023999999,6.910059023999999,30.39454131805917,30.39454131805917,-23.48448229405917,-23.48448229405917,24.51926660308597,1.0347843090268003,3.432697324432036,0.07243490163187603,3.36026242280016
2024-12-30 00:00:00-06:00,8.542750930199999,8.542750930199999,31.10306297803011,31.10306297803011,-22.56031204783011,-22.56031204783011,23.701317125817756,1.1410050779876464,3.3181843976144862,0.07987035545913526,3.238314042155351
2024-12-31 00:00:00-06:00,9.4022577144,9.4022577144,27.29289385630288,27.29289385630288,-17.890636141902878,-17.890636141902878,19.628872587587875,1.7382364456849961,2.7480421622623026,0.12167655119794975,2.6263656110643527
2025-01-01 00:00:00-06:00,9.3958310232,9.3958310232,29.746738477786145,29.746738477786145,-20.350907454586146,-20.350907454586146,21.86812020466166,1.5172127500755148,3.061536828652633,0.10620489250528604,2.955331936147347
2025-01-02 00:00:00-06:00,0.9815910371999993,0.9815910371999993,31.310487243031854,31.310487243031854,-30.328896205831853,-30.328896205831853,30.328896205831853,0.0,4.24604546881646,0.0,4.24604546881646
2025-01-03 00:00:00-06:00,5.6789560538999995,5.6789560538999995,27.300797919037528,27.300797919037528,-21.62184186513753,-21.62184186513753,22.122033847779004,0.5001919826414742,3.0970847386890608,0.0350134387849032,3.0620712999041575
2025-01-04 00:00:00-06:00,1.8072565748999994,1.8072565748999994,30.45848407946594,30.45848407946594,-28.65122750456594,-28.65122750456594,28.65122750456594,0.0,4.011171850639232,0.0,4.011171850639232
2025-01-05 00:00:00-06:00,2.2684361903999997,2.2684361903999997,30.503423186310602,30.503423186310602,-28.234986995910603,-28.234986995910603,28.234986995910603,0.0,3.9528981794274847,0.0,3.9528981794274847
2025-01-06 00:00:00-06:00,10.138651802099998,10.138651802099998,26.254490014105176,26.254490014105176,-16.11583821200518,-16.11583821200518,18.47345767213867,2.357619460133494,2.586284074099414,0.16503336220934461,2.4212507118900697
2025-01-07 00:00:00-06:00,9.885309119999999,9.885309119999999,31.100789935922915,31.100789935922915,-21.215480815922916,-21.215480815922916,23.013615864545756,1.7981350486228402,3.2219062210364062,0.12586945340359884,3.0960367676328073
2025-01-08 00:00:00-06:00,2.1483496133999993,2.1483496133999993,27.553198267712517,27.553198267712517,-25.404848654312516,-25.404848654312516,25.404848654312516,0.0,3.5566788116037524,0.0,3.5566788116037524
2025-01-09 00:00:00-06:00,0.5945521283999993,0.5945521283999993,28.662030062920902,28.662030062920902,-28.067477934520902,-28.067477934520902,28.067477934520902,0.0,3.9294469108329264,0.0,3.9294469108329264
2025-01-10 00:00:00-06:00,1.3842937718999997,1.3842937718999997,27.196706130734896,27.196706130734896,-25.812412358834894,-25.812412358834894,25.812412358834894,0.0,3.6137377302368856,0.0,3.6137377302368856
2025-01-11 00:00:00-06:00,10.1726141625,10.1726141625,30.22188698833064,30.22188698833064,-20.04927282583064,-20.04927282583064,21.839259702508016,1.7899868766773759,3.0574963583511225,0.12529908136741633,2.932197276983706
2025-01-12 00:00:00-06:00,0.9679389947999995,0.9679389947999995,32.55324325182173,32.55324325182173,-31.585304257021736,-31.585304257021736,31.585304257021736,0.0,4.421942595983044,0.0,4.421942595983044
2025-01-13 00:00:00-06:00,9.6445189863,9.6445189863,29.52294546535004,29.52294546535004,-19.87842647905004,-19.87842647905004,21.539324518343456,1.6608980392934125,3.015505432568084,0.11626286275053889,2.8992425698175452
2025-01-14 00:00:00-06:00,1.5536590343999994,1.5536590343999994,26.565702057219465,26.565702057219465,-25.012043022819466,-25.012043022819466,25.012043022819466,0.0,3.5016860231947255,0.0,3.5016860231947255
2025-01-15 00:00:00-06:00,1.1920793489999995,1.1920793489999995,31.328165095830315,31.328165095830315,-30.136085746830314,-30.136085746830314,30.136085746830314,0.0,4.219052004556245,0.0,4.219052004556245
2025-01-16 00:00:00-06:00,9.0741254022,9.0741254022,28.971101217256276,28.971101217256276,-19.896975815056276,-19.896975815056276,21.015761609355636,1.1187857942993573,2.9422066253097894,0.07831500560095501,2.863891619708834
2025-01-17 00:00:00-06:00,2.3751236177999995,2.3751236177999995,28.949996634184124,28.949996634184124,-26.574873016384124,-26.574873016384124,26.574873016384124,0.0,3.7204822222937777,0.0,3.7204822222937777
2025-01-18 00:00:00-06:00,8.6621995458,8.6621995458,32.14178587475966,32.14178587475966,-23.479586328959662,-23.479586328959662,24.402962927652656,0.9233765986929935,3.4164148098713722,0.06463636190850955,3.3517784479628627
2025-01-19 00:00:00-06:00,10.2943717938,10.2943717938,34.04008974049068,34.04008974049068,-23.745717946690675,-23.745717946690675,25.49901313348164,1.7532951867909663,3.5698618386874297,0.12273066307536765,3.447131175612062
2025-01-20 00:00:00-06:00,1.5767950508999993,1.5767950508999993,31.159760816358155,31.159760816358155,-29.582965765458155,-29.582965765458155,29.582965765458155,0.0,4.1416152071641426,0.0,4.1416152071641426
2025-01-21 00:00:00-06:00,3.9313606904999996,3.9313606904999996,29.88896093466782,29.88896093466782,-25.957600244167825,-25.957600244167825,26.567831532326036,0.6102312881582114,3.7194964145256453,0.0427161901710748,3.6767802243545704
2025-01-22 00:00:00-06:00,9.0143494083,9.0143494083,30.56193134840477,30.56193134840477,-21.54758194010477,-21.54758194010477,23.233774466420893,1.686192526316124,3.2527284252989253,0.11803347684212868,3.1346949484567967
2025-01-23 00:00:00-06:00,9.672806602799998,9.672806602799998,31.239843140683444,31.239843140683444,-21.567036537883446,-21.567036537883446,23.204751474723423,1.6377149368399768,3.2486652064612795,0.1146400455787984,3.134025160882481
2025-01-24 00:00:00-06:00,10.072119017699999,10.072119017699999,28.28974756084866,28.28974756084866,-18.21762854314866,-18.21762854314866,20.26676973643667,2.049141193288011,2.837347763101134,0.1434398835301608,2.693907879570973
2025-01-25 00:00:00-06:00,1.3365695816999992,1.3365695816999992,32.09162944292783,32.09162944292783,-30.75505986122783,-30.75505986122783,30.75505986122783,0.0,4.305708380571897,0.0,4.305708380571897
2025-01-26 00:00:00-06:00,0.9097615655999995,0.9097615655999995,33.22369547004568,33.22369547004568,-32.31393390444568,-32.31393390444568,32.31393390444568,0.0,4.523950746622396,0.0,4.523950746622396
2025-01-27 00:00:00-06:00,1.2623673176999994,1.2623673176999994,27.725486963989198,27.725486963989198,-26.463119646289197,-26.463119646289197,26.463119646289197,0.0,3.7048367504804878,0.0,3.7048367504804878
2025-01-28 00:00:00-06:00,1.8527480189999992,1.8527480189999992,29.102191044095925,29.102191044095925,-27.249443025095925,-27.249443025095925,27.249443025095925,0.0,3.81492202351343,0.0,3.81492202351343
2025-01-29 00:00:00-06:00,2.205122796899999,2.205122796899999,32.02127335604461,32.02127335604461,-29.81615055914461,-29.81615055914461,29.81615055914461,0.0,4.174261078280246,0.0,4.174261078280246
2025-01-30 00:00:00-06:00,1.0842685973999993,1.0842685973999993,29.49224484854165,29.49224484854165,-28.40797625114165,-28.40797625114165,28.40797625114165,0.0,3.9771166751598317,0.0,3.9771166751598317
2025-01-31 00:00:00-06:00,10.195157231999998,10.195157231999998,30.783050080083935,30.783050080083935,-20.587892848083936,-20.587892848083936,22.494497713890233,1.9066048658063002,3.149229679944633,0.13346234060644102,3.015767339338192
2025-02-01 00:00:00-06:00,10.2229100919,10.2229100919,34.97743120143169,34.97743120143169,-24.75452110953169,-24.75452110953169,26.086615713993627,1.3320946044619357,3.652126199959108,0.0932466223123355,3.5588795776467723
2025-02-02 00:00:00-06:00,9.5479738038,9.5479738038,33.47713032267701,33.47713032267701,-23.929156518877015,-23.929156518877015,25.151124301903952,1.2219677830269338,3.5211574022665535,0.08553774481188538,3.435619657454668
2025-02-03 00:00:00-06:00,3.7537348400999995,3.7537348400999995,29.566741264352512,29.566741264352512,-25.813006424252514,-25.813006424252514,25.89491788619615,0.08191146194363819,3.6252885040674614,0.005733802336054673,3.6195547017314067
2025-02-04 00:00:00-06:00,5.7492020537999995,5.7492020537999995,29.846943843541293,29.846943843541293,-24.097741789741292,-24.097741789741292,24.734258450254742,0.6365166605134486,3.4627961830356644,0.044556166235941407,3.418240016799723
2025-02-05 00:00:00-06:00,4.261665689999999,4.261665689999999,30.674853609708176,30.674853609708176,-26.413187919708175,-26.413187919708175,26.426263776804277,0.013075857096101706,3.699676928752599,0.0009153099967271196,3.698761618755872
2025-02-06 00:00:00-06:00,4.7183808258,4.7183808258,30.334074116313978,30.334074116313978,-25.61569329051398,-25.61569329051398,25.61569329051398,0.0,3.5861970606719575,0.0,3.5861970606719575
2025-02-07 00:00:00-06:00,6.904213850699999,6.904213850699999,27.255240179688734,27.255240179688734,-20.351026328988734,-20.351026328988734,20.979973943206417,0.6289476142176813,2.9371963520488986,0.04402633299523769,2.893170019053661
2025-02-08 00:00:00-06:00,7.3653905367,7.3653905367,35.09863795741235,35.09863795741235,-27.73324742071235,-27.73324742071235,28.496790180870182,0.763542760157832,3.989550625321826,0.05344799321104824,3.9361026321107775
2025-02-09 00:00:00-06:00,5.296755569399999,5.296755569399999,30.875425397802427,30.875425397802427,-25.57866982840243,-25.57866982840243,25.731409516894125,0.15273968849169706,3.602397332365178,0.010691778194418794,3.591705554170759
2025-02-10 00:00:00-06:00,5.2077717072,5.2077717072,30.393235686630184,30.393235686630184,-25.185463979430185,-25.185463979430185,25.185463979430185,0.0,3.5259649571202263,0.0,3.5259649571202263
2025-02-11 00:00:00-06:00,0.8552054762999993,0.8552054762999993,28.644138965241297,28.644138965241297,-27.788933488941296,-27.788933488941296,27.788933488941296,0.0,3.8904506884517818,0.0,3.8904506884517818
2025-02-12 00:00:00-06:00,1.9335107618999992,1.9335107618999992,29.417919784989902,29.417919784989902,-27.484409023089903,-27.484409023089903,27.484409023089903,0.0,3.847817263232587,0.0,3.847817263232587
2025-02-13 00:00:00-06:00,7.891193091599998,7.891193091599998,26.22934468026388,26.22934468026388,-18.33815158866388,-18.33815158866388,19.88172470785319,1.543573119189312,2.783441459099447,0.10805011834325186,2.675391340756195
2025-02-14 00:00:00-06:00,1.8605656340999994,1.8605656340999994,30.42771417522038,30.42771417522038,-28.567148541120382,-28.567148541120382,28.567148541120382,0.0,3.999400795756854,0.0,3.999400795756854
2025-02-15 00:00:00-06:00,3.6938951207999993,3.6938951207999993,31.966552799512556,31.966552799512556,-28.272657678712555,-28.272657678712555,28.272657678712555,0.0,3.958172075019758,0.0,3.958172075019758
2025-02-16 00:00:00-06:00,10.2964654575,10.2964654575,33.688885211043406,33.688885211043406,-23.392419753543408,-23.392419753543408,25.016168591010516,1.6237488374671114,3.5022636027414724,0.11366241862269781,3.3886011841187744
2025-02-17 00:00:00-06:00,9.168055478099998,9.168055478099998,28.965655563207395,28.965655563207395,-19.797600085107394,-19.797600085107394,21.14723972727728,1.3496396421698869,2.9606135618188194,0.09447477495189209,2.8661387868669275
2025-02-18 00:00:00-06:00,1.283278511924999,1.283278511924999,28.270081573237693,28.270081573237693,-26.986803061312692,-26.986803061312692,26.986803061312692,0.0,3.7781524285837773,0.0,3.7781524285837773
2025-02-19 00:00:00-06:00,2.079917881199999,2.079917881199999,27.481558869128005,27.481558869128005,-25.401640987928005,-25.401640987928005,25.401640987928005,0.0,3.556229738309921,0.0,3.556229738309921
2025-02-20 00:00:00-06:00,9.967582855124999,9.967582855124999,27.781806669323636,27.781806669323636,-17.814223814198638,-17.814223814198638,20.034685384170032,2.220461569971393,2.8048559537838047,0.15543230989799753,2.649423643885807
2025-02-21 00:00:00-06:00,2.1810100040999996,2.1810100040999996,26.68891648579876,26.68891648579876,-24.50790648169876,-24.50790648169876,24.50790648169876,0.0,3.431106907437827,0.0,3.431106907437827
2025-02-22 00:00:00-06:00,1.3274901749249992,1.3274901749249992,33.27712055801044,33.27712055801044,-31.94963038308544,-31.94963038308544,31.94963038308544,0.0,4.472948253631962,0.0,4.472948253631962
2025-02-23 00:00:00-06:00,2.2078596572999993,2.2078596572999993,30.059259849179572,30.059259849179572,-27.85140019187957,-27.85140019187957,27.85140019187957,0.0,3.89919602686314,0.0,3.89919602686314
2025-02-24 00:00:00-06:00,8.913735009224999,8.913735009224999,26.555363268294716,26.555363268294716,-17.64162825906972,-17.64162825906972,19.6595927691454,2.0179645100756822,2.7523429876803567,0.14125751570529776,2.611085471975059
2025-02-25 00:00:00-06:00,9.359029101825,9.359029101825,26.641855976712282,26.641855976712282,-17.28282687488728,-17.28282687488728,19.388389206059255,2.105562331171973,2.714374488848296,0.14738936318203813,2.5669851256662577
2025-02-26 00:00:00-06:00,9.469483544925,9.469483544925,28.544597284182984,28.544597284182984,-19.075113739257986,-19.075113739257986,21.1279526551871,2.0528389159291174,2.9579133717261943,0.14369872411503823,2.814214647611156
2025-02-27 00:00:00-06:00,6.788811339,6.788811339,26.35762564925785,26.35762564925785,-19.568814310257853,-19.568814310257853,20.444826443822922,0.8760121335650708,2.8622757021352094,0.06132084934955496,2.8009548527856545
2025-02-28 00:00:00-06:00,9.360057797099998,9.360057797099998,30.85763151230694,30.85763151230694,-21.497573715206943,-21.497573715206943,23.21597303400389,1.7183993187969475,3.250236224760545,0.12028795231578633,3.1299482724447585
2025-03-01 00:00:00-06:00,9.409975607024998,9.409975607024998,33.928405425873805,33.928405425873805,-24.518429818848805,-24.518429818848805,25.950276060797563,1.431846241948756,3.633038648511659,0.10022923693641293,3.532809411575246
2025-03-02 00:00:00-06:00,8.664244530525,8.664244530525,32.61546982474738,32.61546982474738,-23.951225294222382,-23.951225294222382,25.208161136055587,1.2569358418332035,3.5291425590477825,0.08798550892832425,3.4411570501194584
2025-03-03 00:00:00-06:00,3.3406762844249998,3.3406762844249998,31.2564233139083,31.2564233139083,-27.915747029483303,-27.915747029483303,27.915747029483303,0.0,3.9082045841276627,0.0,3.9082045841276627
2025-03-04 00:00:00-06:00,7.804849323825,7.804849323825,28.38719823771224,28.38719823771224,-20.58234891388724,-20.58234891388724,22.38293802184651,1.8005891079592697,3.1336113230585116,0.12604123755714888,3.0075700855013627
2025-03-05 00:00:00-06:00,10.139371677449999,10.139371677449999,31.990377513489207,31.990377513489207,-21.851005836039207,-21.851005836039207,23.853937484618676,2.0029316485794655,3.339551247846615,0.1402052154005626,3.1993460324460523
2025-03-06 00:00:00-06:00,9.902286214424999,9.902286214424999,30.905168096148955,30.905168096148955,-21.002881881723955,-21.002881881723955,22.837753209380057,1.8348713276561024,3.1972854493132083,0.12844099293592717,3.068844456377281
2025-03-07 00:00:00-06:00,4.044753709649999,4.044753709649999,27.425790234476118,27.425790234476118,-23.38103652482612,-23.38103652482612,23.67957601025391,0.29853948542779196,3.3151406414355478,0.02089776397994544,3.2942428774556025
2025-03-08 00:00:00-06:00,4.553267238449999,4.553267238449999,30.367629980789474,30.367629980789474,-25.814362742339476,-25.814362742339476,25.815286883867984,0.0009241415285070609,3.614140163741518,6.468990699549427e-05,3.6140754738345224
2025-03-09 00:00:00-06:00,3.2345837993249993,3.2345837993249993,31.434486734328544,31.434486734328544,-28.199902935003543,-28.199902935003543,28.199902935003543,0.0,3.9479864109004965,0.0,3.9479864109004965
2025-03-10 00:00:00-05:00,10.145226312224999,10.145226312224999,30.106174159808518,30.106174159808518,-19.960947847583515,-19.960947847583515,22.879650252189734,2.918702404606218,3.203151035306563,0.2043091683224353,2.9988418669841277
2025-03-11 00:00:00-05:00,9.980481219524998,9.980481219524998,25.990282201061365,25.990282201061365,-16.009800981536365,-16.009800981536365,19.271144029478663,3.261343047942297,2.697960164127013,0.2282940133559608,2.4696661507710522
2025-03-12 00:00:00-05:00,8.573044462424999,8.573044462424999,30.65952014657033,30.65952014657033,-22.08647568414533,-22.08647568414533,24.29077431488366,2.20429863073833,3.4007084040837126,0.15430090415168313,3.2464074999320296
2025-03-13 00:00:00-05:00,9.507887432324999,9.507887432324999,31.517228035525175,31.517228035525175,-22.009340603200176,-22.009340603200176,24.518608012945457,2.50926740974528,3.4326051218123643,0.1756487186821696,3.2569564031301947
2025-03-14 00:00:00-05:00,5.4827406845999995,5.4827406845999995,28.550900267429725,28.550900267429725,-23.068159582829725,-23.068159582829725,24.492945891537616,1.4247863087078898,3.4290124248152667,0.0997350416095523,3.3292773832057145
2025-03-15 00:00:00-05:00,9.676026927899999,9.676026927899999,31.614607233539203,31.614607233539203,-21.938580305639206,-21.938580305639206,24.509564834616697,2.570984528977494,3.4313390768463377,0.1799689170284246,3.251370159817913
2025-03-16 00:00:00-05:00,10.064112034725,10.064112034725,33.04715796751906,33.04715796751906,-22.983045932794063,-22.983045932794063,25.61774501681505,2.6346990840209865,3.5864843023541075,0.18442893588146908,3.4020553664726383
2025-03-17 00:00:00-05:00,9.851505165225,9.851505165225,30.16419640423175,30.16419640423175,-20.31269123900675,-20.31269123900675,23.061227844107655,2.748536605100906,3.228571898175072,0.19239756235706343,3.036174335818009
2025-03-18 00:00:00-05:00,8.3293416072,8.3293416072,27.62788898176191,27.62788898176191,-19.29854737456191,-19.29854737456191,21.851605890732355,2.5530585161704478,3.0592248247025298,0.17871409613193137,2.880510728570598
2025-03-19 00:00:00-05:00,9.44115746895,9.44115746895,29.20618563187119,29.20618563187119,-19.76502816292119,-19.76502816292119,22.482177250322852,2.717149087401661,3.1475048150451994,0.1902004361181163,2.957304378927083
2025-03-20 00:00:00-05:00,10.59906640635,10.59906640635,31.7626107839728,31.7626107839728,-21.163544377622802,-21.163544377622802,24.0559053041252,2.8923609265023993,3.3678267425775283,0.20246526485516797,3.16536147772236
2025-03-21 00:00:00-05:00,10.07257553505,10.07257553505,27.735153873385958,27.735153873385958,-17.66257833833596,-17.66257833833596,20.73166823956419,3.069089901228233,2.902433553538987,0.21483629308597632,2.6875972604530105
2025-03-22 00:00:00-05:00,8.876413182599999,8.876413182599999,30.200014321587233,30.200014321587233,-21.323601138987232,-21.323601138987232,23.47887713210635,2.155275993119117,3.2870427984948893,0.1508693195183382,3.136173478976551
2025-03-23 00:00:00-05:00,4.924478542049999,4.924478542049999,31.21486367530862,31.21486367530862,-26.290385133258624,-26.290385133258624,27.012326266372046,0.7219411331134248,3.7817256772920866,0.05053587931793974,3.731189797974147
2025-03-24 00:00:00-05:00,9.447389596799999,9.447389596799999,26.898742591425925,26.898742591425925,-17.45135299462593,-17.45135299462593,20.297152911170414,2.8457999165444883,2.8416014075638585,0.19920599415811419,2.6423954134057444
2025-03-25 00:00:00-05:00,9.62603734455,9.62603734455,28.42237528417401,28.42237528417401,-18.796337939624014,-18.796337939624014,21.462552055792028,2.6662141161680166,3.004757287810884,0.1866349881317612,2.818122299679123
2025-03-26 00:00:00-05:00,4.403795278949999,4.403795278949999,30.33649342023122,30.33649342023122,-25.932698141281225,-25.932698141281225,26.074851084904484,0.14215294362325936,3.650479151886628,0.009950706053628156,3.6405284458329996
2025-03-27 00:00:00-05:00,2.122158371399999,2.122158371399999,28.679079388591216,28.679079388591216,-26.556921017191215,-26.556921017191215,26.556921017191215,0.0,3.7179689424067703,0.0,3.7179689424067703
2025-03-28 00:00:00-05:00,3.0250338326999993,3.0250338326999993,27.236680920047483,27.236680920047483,-24.211647087347483,-24.211647087347483,24.211647087347483,0.0,3.389630592228648,0.0,3.389630592228648
2025-03-29 00:00:00-05:00,7.7045060654999995,7.7045060654999995,29.29611516147462,29.29611516147462,-21.59160909597462,-21.59160909597462,23.536735725667505,1.9451266296928829,3.295143001593451,0.1361588640785018,3.1589841375149494
2025-03-30 00:00:00-05:00,5.113277846999999,5.113277846999999,32.29662194810543,32.29662194810543,-27.183344101105433,-27.183344101105433,27.73014870187614,0.546804600770705,3.88222081826266,0.03827632205394935,3.8439444962087106
2025-03-31 00:00:00-05:00,6.204084070499999,6.204084070499999,29.68352381686958,29.68352381686958,-23.479439746369582,-23.479439746369582,24.953936583511837,1.4744968371422547,3.4935511216916573,0.10321477859995784,3.3903363430916995
2025-04-01 00:00:00-05:00,3.3748541783999992,3.3748541783999992,26.718916586895403,26.718916586895403,-23.344062408495404,-23.344062408495404,23.761016604543414,0.4169541960480098,3.3265423246360784,0.02918679372336069,3.297355530912718
2025-04-02 00:00:00-05:00,2.927615102999999,2.927615102999999,29.021451939597267,29.021451939597267,-26.093836836597266,-26.093836836597266,26.093836836597266,0.0,3.6531371571236178,0.0,3.6531371571236178
2025-04-03 00:00:00-05:00,4.733810248499999,4.733810248499999,31.009796599412,31.009796599412,-26.275986350912,-26.275986350912,26.756381992052457,0.48039564114045763,3.7458934788873446,0.03362769487983204,3.7122657840075126
2025-04-04 00:00:00-05:00,3.570124075199999,3.570124075199999,30.738661810359428,30.738661810359428,-27.16853773515943,-27.16853773515943,27.16853773515943,0.0,3.8035952829223203,0.0,3.8035952829223203
2025-04-05 00:00:00-05:00,2.0738754485999995,2.0738754485999995,32.05657179395751,32.05657179395751,-29.982696345357507,-29.982696345357507,29.982696345357507,0.0,4.197577488350051,0.0,4.197577488350051
2025-04-06 00:00:00-05:00,8.858526244199998,8.858526244199998,31.751528770466106,31.751528770466106,-22.893002526266105,-22.893002526266105,25.074380406151192,2.181377879885087,3.5104132568611672,0.1526964515919561,3.3577168052692112
2025-04-07 00:00:00-05:00,10.292845162499999,10.292845162499999,29.613169453120967,29.613169453120967,-19.32032429062097,-19.32032429062097,22.3361334113541,3.015809120733133,3.1270586775895746,0.21110663845131933,2.915952039138255
2025-04-08 00:00:00-05:00,9.995369924699999,9.995369924699999,26.74574773698069,26.74574773698069,-16.750377812280693,-16.750377812280693,19.841674271101386,3.0912964588206924,2.7778343979541944,0.2163907521174485,2.561443645836746
2025-04-09 00:00:00-05:00,9.6927476742,9.6927476742,29.198234841558467,29.198234841558467,-19.505487167358467,-19.505487167358467,22.038206685120713,2.532719517762246,3.0853489359169,0.17729036624335726,2.908058569673543
2025-04-10 00:00:00-05:00,9.5013680022,9.5013680022,29.021007178051875,29.021007178051875,-19.519639175851875,-19.519639175851875,22.071647617532562,2.5520084416806883,3.090030666454559,0.1786405909176482,2.911390075536911
2025-04-11 00:00:00-05:00,9.4981649463,9.4981649463,28.21586263887997,28.21586263887997,-18.717697692579968,-18.717697692579968,21.411742828856543,2.694045136276573,2.9976439960399164,0.18858315953936014,2.809060836500556
2025-04-12 00:00:00-05:00,9.434355533099998,9.434355533099998,34.31296840653235,34.31296840653235,-24.878612873432353,-24.878612873432353,26.81165452946564,1.933041656033287,3.7536316341251896,0.1353129159223301,3.6183187182028593
2025-04-13 00:00:00-05:00,9.378037687049998,9.378037687049998,31.117930257008055,31.117930257008055,-21.739892569958055,-21.739892569958055,23.991452820187202,2.251560250229148,3.3588033948262086,0.15760921751604037,3.2011941773101684
2025-04-14 00:00:00-05:00,8.75349378855,8.75349378855,28.48887708478565,28.48887708478565,-19.73538329623565,-19.73538329623565,22.064262436938794,2.3288791407031426,3.0889967411714316,0.16302153984922,2.9259752013222116
2025-04-15 00:00:00-05:00,3.899320157699999,3.899320157699999,29.931905967695258,29.931905967695258,-26.032585809995258,-26.032585809995258,26.18286432680658,0.1502785168113211,3.665601005752922,0.010519496176792478,3.6550815095761293
2025-04-16 00:00:00-05:00,8.532430959149998,8.532430959149998,27.207659386916205,27.207659386916205,-18.675228427766207,-18.675228427766207,20.800470798520646,2.125242370754438,2.9120659117928906,0.14876696595281066,2.76329894584008
2025-04-17 00:00:00-05:00,8.24719874445,8.24719874445,31.287466099617625,31.287466099617625,-23.040267355167625,-23.040267355167625,24.70668604194511,1.666418686777488,3.458936045872316,0.11664930807442417,3.342286737797892
2025-04-18 00:00:00-05:00,7.612173953549998,7.612173953549998,31.385933901791194,31.385933901791194,-23.773759948241196,-23.773759948241196,24.678899369032997,0.9051394207918033,3.45504591166462,0.06335975945542624,3.3916861522091937
2025-04-19 00:00:00-05:00,3.600027441899999,3.600027441899999,34.581994733564265,34.581994733564265,-30.981967291664265,-30.981967291664265,30.981967291664265,0.0,4.337475420832997,0.0,4.337475420832997
2025-04-20 00:00:00-05:00,6.415908076349999,6.415908076349999,30.788070857540234,30.788070857540234,-24.372162781190237,-24.372162781190237,25.158710953177575,0.7865481719873404,3.522219533444861,0.05505837203911383,3.467161161405747
2025-04-21 00:00:00-05:00,7.786971439199999,7.786971439199999,32.050857303634984,32.050857303634984,-24.263885864434986,-24.263885864434986,26.148671444034036,1.8847855795990518,3.6608140021647655,0.13193499057193364,3.528879011592832
2025-04-22 00:00:00-05:00,6.892846811549999,6.892846811549999,30.34576823622556,30.34576823622556,-23.45292142467556,-23.45292142467556,24.29034836230887,0.8374269376333078,3.400648770723242,0.05861988563433155,3.3420288850889106
2025-04-23 00:00:00-05:00,3.471938376749999,3.471938376749999,30.56939004835351,30.56939004835351,-27.097451671603512,-27.097451671603512,27.564793864723843,0.467342193120329,3.8590711410613383,0.03271395351842303,3.826357187542915
2025-04-24 00:00:00-05:00,7.384193119349999,7.384193119349999,29.110425126840514,29.110425126840514,-21.726232007490516,-21.726232007490516,23.177564353569263,1.4513323460787464,3.244859009499697,0.10159326422551225,3.1432657452741846
2025-04-25 00:00:00-05:00,7.753924058849998,7.753924058849998,31.704133284139758,31.704133284139758,-23.95020922528976,-23.95020922528976,25.48681161017394,1.536602384884183,3.568153625424352,0.10756216694189281,3.460591458482459
2025-04-26 00:00:00-05:00,8.834286856499999,8.834286856499999,35.182309880376124,35.182309880376124,-26.348023023876127,-26.348023023876127,27.954323102201716,1.606300078325591,3.913605234308241,0.11244100548279137,3.8011642288254492
2025-04-27 00:00:00-05:00,8.71189813665,8.71189813665,31.135237557565407,31.135237557565407,-22.423339420915408,-22.423339420915408,24.291199417509933,1.8678599965945235,3.400767918451391,0.13075019976161667,3.2700177186897745
2025-04-28 00:00:00-05:00,5.9625853609499995,5.9625853609499995,31.037326035532157,31.037326035532157,-25.07474067458216,-25.07474067458216,25.51389793278438,0.43915725820222373,3.5719457105898136,0.030741008074155664,3.541204702515658
2025-04-29 00:00:00-05:00,3.6063056452499995,3.6063056452499995,31.696074760466107,31.696074760466107,-28.089769115216107,-28.089769115216107,28.123203882684003,0.03343476746789564,3.9372485435757607,0.002340433722752695,3.934908109853008
2025-04-30 00:00:00-05:00,5.3566520737499985,5.3566520737499985,26.223730675036787,26.223730675036787,-20.86707860128679,-20.86707860128679,21.78488843098679,0.9178098296999985,3.049884380338151,0.0642466880789999,2.985637692259151
2025-05-01 00:00:00-05:00,7.2318480007499994,7.2318480007499994,29.876857444927637,29.876857444927637,-22.64500944417764,-22.64500944417764,23.775364740713755,1.1303552965361179,3.328551063699926,0.07912487075752826,3.2494261929423978
2025-05-02 00:00:00-05:00,2.4609672112499994,2.4609672112499994,29.41576386033134,29.41576386033134,-26.954796649081338,-26.954796649081338,26.954796649081338,0.0,3.7736715308713875,0.0,3.7736715308713875
2025-05-03 00:00:00-05:00,9.52204854555,9.52204854555,34.89360391447436,34.89360391447436,-25.371555368924366,-25.371555368924366,27.033237936758823,1.6616825678344598,3.7846533111462355,0.11631777974841219,3.6683355313978234
2025-05-04 00:00:00-05:00,9.547544519999999,9.547544519999999,33.664587406703966,33.664587406703966,-24.117042886703963,-24.117042886703963,25.89373604988094,1.7766931631769731,3.6251230469833318,0.12436852142238813,3.500754525560944
2025-05-05 00:00:00-05:00,3.177111443399999,3.177111443399999,26.5215842555964,26.5215842555964,-23.3444728121964,-23.3444728121964,23.376181130854327,0.03170831865792573,3.272665358319606,0.002219582306054801,3.2704457760135512
2025-05-06 00:00:00-05:00,2.6095793559798004,2.6095793559798004,28.78909334131464,28.78909334131464,-26.17951398533484,-26.17951398533484,26.17951398533484,0.0,3.665131957946878,0.0,3.665131957946878
2025-05-07 00:00:00-05:00,8.438722871849999,8.438722871849999,29.030213319906974,29.030213319906974,-20.591490448056973,-20.591490448056973,22.70317778386836,2.1116873358113843,3.1784448897415705,0.1478181135067969,3.0306267762347736
2025-05-08 00:00:00-05:00,7.835155875449999,7.835155875449999,27.696431032978893,27.696431032978893,-19.861275157528894,-19.861275157528894,21.330156280474657,1.4688811229457632,2.986221879266452,0.10282167860620343,2.883400200660249
2025-05-09 00:00:00-05:00,8.362031526449998,8.362031526449998,26.655408135994364,26.655408135994364,-18.293376609544364,-18.293376609544364,20.042057656489142,1.7486810469447762,2.80588807190848,0.12240767328613435,2.6834803986223457
2025-05-10 00:00:00-05:00,7.715600168399999,7.715600168399999,32.03309759394867,32.03309759394867,-24.31749742554867,-24.31749742554867,25.169294272899638,0.8517968473509698,3.52370119820595,0.059625779314567896,3.464075418891382
2025-05-11 00:00:00-05:00,7.489198322549999,7.489198322549999,34.006743083595026,34.006743083595026,-26.51754476104503,-26.51754476104503,27.229446876562196,0.7119021155171671,3.8121225627187076,0.0498331480862017,3.762289414632506
2025-05-12 00:00:00-05:00,8.96917938165,8.96917938165,29.71571895521317,29.71571895521317,-20.74653957356317,-20.74653957356317,22.77077236098241,2.0242327874192396,3.1879081305375374,0.14169629511934678,3.0462118354181906
2025-05-13 00:00:00-05:00,8.71660649385,8.71660649385,30.074705702994223,30.074705702994223,-21.35809920914422,-21.35809920914422,23.165741503095436,1.807642293951213,3.243203810433361,0.12653496057658492,3.1166688498567763
2025-05-14 00:00:00-05:00,8.631522122849999,8.631522122849999,27.662662020468648,27.662662020468648,-19.031139897618647,-19.031139897618647,21.100918852573876,2.0697789549552263,2.954128639360343,0.14488452684686587,2.8092441125134773
2025-05-15 00:00:00-05:00,7.813429879949998,7.813429879949998,30.26928778546237,30.26928778546237,-22.455857905512374,-22.455857905512374,24.120793421019517,1.6649355155071428,3.3769110789427326,0.11654548608550001,3.2603655928572324
2025-05-16 00:00:00-05:00,6.838544971799999,6.838544971799999,31.01762380473757,31.01762380473757,-24.17907883293757,-24.17907883293757,24.929125223995825,0.7500463910582553,3.490077531359416,0.052503247374077876,3.437574283985338
2025-05-17 00:00:00-05:00,7.154869889699999,7.154869889699999,30.98511712105571,30.98511712105571,-23.83024723135571,-23.83024723135571,25.007454284269567,1.1772070529138583,3.5010435997977396,0.08240449370397009,3.4186391060937695
2025-05-18 00:00:00-05:00,6.878665774349999,6.878665774349999,30.469352935559613,30.469352935559613,-23.590687161209615,-23.590687161209615,24.438191132268976,0.8475039710593616,3.421346758517657,0.059325277974155315,3.362021480543502
2025-05-19 00:00:00-05:00,6.086819903399999,6.086819903399999,28.41916522373771,28.41916522373771,-22.332345320337712,-22.332345320337712,22.777236669269577,0.44489134893186655,3.188813133697741,0.03114239442523066,3.1576707392725103
2025-05-20 00:00:00-05:00,5.863537379699999,5.863537379699999,31.47657553644632,31.47657553644632,-25.61303815674632,-25.61303815674632,25.9340394126753,0.321001255928981,3.6307655177745426,0.02247008791502867,3.608295429859514
2025-05-21 00:00:00-05:00,6.7402347641999985,6.7402347641999985,31.96976160759267,31.96976160759267,-25.22952684339267,-25.22952684339267,25.718482474744263,0.4889556313515936,3.600587546464197,0.03422689419461156,3.5663606522695854
2025-05-22 00:00:00-05:00,7.879742585999999,7.879742585999999,29.26297660986445,29.26297660986445,-21.38323402386445,-21.38323402386445,22.901766891865382,1.5185328680009327,3.2062473648611536,0.1062973007600653,3.099950064101088
2025-05-23 00:00:00-05:00,7.788466423799999,7.788466423799999,28.509876073712825,28.509876073712825,-20.721409649912825,-20.721409649912825,22.250115875259738,1.5287062253469124,3.115016222536364,0.10700943577428387,3.00800678676208
2025-05-24 00:00:00-05:00,7.596610560899999,7.596610560899999,33.635803472912855,33.635803472912855,-26.039192912012854,-26.039192912012854,27.232651166307516,1.1934582542946612,3.8125711632830526,0.0835420778006263,3.729029085482426
2025-05-25 00:00:00-05:00,7.384360374899999,7.384360374899999,33.624564039515114,33.624564039515114,-26.240203664615116,-26.240203664615116,27.010429577514152,0.7702259128990345,3.7814601408519817,0.05391581390293242,3.727544326949049
2025-05-26 00:00:00-05:00,3.567890246399999,3.567890246399999,32.111724665288556,32.111724665288556,-28.543834418888554,-28.543834418888554,28.543834418888554,0.0,3.996136818644398,0.0,3.996136818644398
2025-05-27 00:00:00-05:00,8.102579469299998,8.102579469299998,29.81696406997258,29.81696406997258,-21.71438460067258,-21.71438460067258,22.989097392685498,1.2747127920129162,3.21847363497597,0.08922989544090414,3.129243739535066
2025-05-28 00:00:00-05:00,3.124610812799999,3.124610812799999,26.96835584444355,26.96835584444355,-23.843745031643554,-23.843745031643554,24.29193122996361,0.44818619832005513,3.4008703721949054,0.03137303388240386,3.3694973383125015
2025-05-29 00:00:00-05:00,7.3946814651,7.3946814651,26.388965748714533,26.388965748714533,-18.994284283614533,-18.994284283614533,20.369164284165628,1.3748800005510948,2.851682999783188,0.09624160003857665,2.7554413997446114
2025-05-30 00:00:00-05:00,5.083801822799999,5.083801822799999,29.79962131602887,29.79962131602887,-24.715819493228867,-24.715819493228867,25.329200075322756,0.6133805820938867,3.546088010545186,0.04293664074657207,3.5031513697986143
2025-05-31 00:00:00-05:00,7.746809368499999,7.746809368499999,33.73619286182342,33.73619286182342,-25.989383493323423,-25.989383493323423,26.820942370443657,0.8315588771202357,3.7549319318621124,0.058209121398416504,3.696722810463696
2025-06-01 00:00:00-05:00,7.248878932499999,7.248878932499999,33.9070943117443,33.9070943117443,-26.658215379244304,-26.658215379244304,27.211639935836786,0.5534245565924807,3.8096295910171505,0.03873971896147365,3.770889872055677
2025-06-02 00:00:00-05:00,8.2860354702,8.2860354702,28.131223790066137,28.131223790066137,-19.845188319866136,-19.845188319866136,21.58177368398336,1.7365853641172253,3.0214483157576706,0.12156097548820578,2.8998873402694647
2025-06-03 00:00:00-05:00,5.9848354737,5.9848354737,30.27954904949871,30.27954904949871,-24.29471357579871,-24.29471357579871,24.486244998116227,0.19153142231751585,3.4280742997362723,0.013407199562226111,3.414667100174046
2025-06-04 00:00:00-05:00,4.414354788599999,4.414354788599999,26.83073606209016,26.83073606209016,-22.416381273490163,-22.416381273490163,22.416381273490163,0.0,3.138293378288623,0.0,3.138293378288623
2025-06-05 00:00:00-05:00,7.741965611699999,7.741965611699999,31.244422315857552,31.244422315857552,-23.50245670415755,-23.50245670415755,24.616926406205756,1.1144697020482068,3.446369696868806,0.07801287914337449,3.3683568177254317
2025-06-06 00:00:00-05:00,7.037361572399998,7.037361572399998,31.770863370724978,31.770863370724978,-24.73350179832498,-24.73350179832498,25.69252192673551,0.9590201284105299,3.5969530697429715,0.0671314089887371,3.5298216607542345
2025-06-07 00:00:00-05:00,8.0124087789,8.0124087789,30.826964561930637,30.826964561930637,-22.814555783030638,-22.814555783030638,23.97356587778054,1.159010094749902,3.356299222889276,0.08113070663249315,3.2751685162567825
2025-06-08 00:00:00-05:00,8.0017820352,8.0017820352,30.94484479194863,30.94484479194863,-22.94306275674863,-22.94306275674863,24.321031600524496,1.3779688437758648,3.4049444240734297,0.09645781906431054,3.308486605009119
2025-06-09 00:00:00-05:00,7.182209036699999,7.182209036699999,26.465639129272862,26.465639129272862,-19.283430092572864,-19.283430092572864,20.53253363914025,1.2491035465673859,2.8745547094796353,0.08743724825971702,2.787117461219918
2025-06-10 00:00:00-05:00,6.9931699703999985,6.9931699703999985,29.14618419012555,29.14618419012555,-22.15301421972555,-22.15301421972555,23.17453386598794,1.0215196462623906,3.2444347412383117,0.07150637523836735,3.1729283659999443
2025-06-11 00:00:00-05:00,2.416758079499999,2.416758079499999,31.296332545704683,31.296332545704683,-28.879574466204684,-28.879574466204684,28.879574466204684,0.0,4.043140425268656,0.0,4.043140425268656
2025-06-12 00:00:00-05:00,3.7969482806999992,3.7969482806999992,28.086186711548695,28.086186711548695,-24.289238430848698,-24.289238430848698,24.499036910254496,0.20979847940579727,3.4298651674356297,0.01468589355840581,3.4151792738772238
2025-06-13 00:00:00-05:00,4.806634967099999,4.806634967099999,26.652558045193434,26.652558045193434,-21.84592307809343,-21.84592307809343,22.123105545439696,0.2771824673462619,3.0972347763615575,0.019402772714238334,3.0778320036473192
2025-06-14 00:00:00-05:00,7.801596753299999,7.801596753299999,34.17157997757023,34.17157997757023,-26.369983224270232,-26.369983224270232,27.509642188473652,1.1396589642034196,3.8513499063863117,0.07977612749423937,3.7715737788920722
2025-06-15 00:00:00-05:00,4.623276066299999,4.623276066299999,29.183629479717094,29.183629479717094,-24.560353413417094,-24.560353413417094,24.616754151144523,0.05640073772742826,3.4463455811602337,0.003948051640919979,3.442397529519314
2025-06-16 00:00:00-05:00,5.289705094499999,5.289705094499999,30.940884144175364,30.940884144175364,-25.651179049675363,-25.651179049675363,25.651179049675363,0.0,3.5911650669545514,0.0,3.5911650669545514
2025-06-17 00:00:00-05:00,7.776010014299998,7.776010014299998,27.47091729143317,27.47091729143317,-19.694907277133172,-19.694907277133172,21.302933047220552,1.6080257700873781,2.9824106266108776,0.11256180390611648,2.8698488227047614
2025-06-18 00:00:00-05:00,7.866090754199999,7.866090754199999,26.892501678179375,26.892501678179375,-19.026410923979377,-19.026410923979377,20.61375533804527,1.5873444140658917,2.885925747326338,0.11111410898461242,2.7748116383417254
2025-06-19 00:00:00-05:00,7.6378971680999985,7.6378971680999985,31.075403551230163,31.075403551230163,-23.437506383130163,-23.437506383130163,24.4456583721711,1.008151989040937,3.422392172103954,0.07057063923286559,3.3518215328710883
2025-06-20 00:00:00-05:00,8.035926542999999,8.035926542999999,29.41577432700023,29.41577432700023,-21.37984778400023,-21.37984778400023,22.99116503961713,1.6113172556168986,3.2187631055463983,0.11279220789318292,3.1059708976532154
2025-06-21 00:00:00-05:00,8.258948254799998,8.258948254799998,31.436811204601096,31.436811204601096,-23.1778629498011,-23.1778629498011,24.736057194278125,1.5581942444770251,3.463048007198938,0.10907359711339178,3.3539744100855464
2025-06-22 00:00:00-05:00,7.426173101399999,7.426173101399999,33.849678059618654,33.849678059618654,-26.423504958218654,-26.423504958218654,27.30453414504677,0.8810291868281165,3.822634780306548,0.06167204307796816,3.76096273722858
2025-06-23 00:00:00-05:00,6.598407590099999,6.598407590099999,30.700253152387855,30.700253152387855,-24.101845562287856,-24.101845562287856,24.753127443003667,0.6512818807158098,3.465437842020514,0.04558973165010669,3.419848110370407
2025-06-24 00:00:00-05:00,6.639844576499999,6.639844576499999,29.433726622362983,29.433726622362983,-22.793882045862983,-22.793882045862983,23.028139287402837,0.23425724153985295,3.2239395002363973,0.016398006907789708,3.2075414933286077
2025-06-25 00:00:00-05:00,3.974337008999999,3.974337008999999,30.343431805221666,30.343431805221666,-26.369094796221667,-26.369094796221667,26.453286898082222,0.08419210186055592,3.7034601657315114,0.005893447130238916,3.6975667186012724
2025-06-26 00:00:00-05:00,4.4335661012999985,4.4335661012999985,30.628301728035225,30.628301728035225,-26.194735626735227,-26.194735626735227,26.194735626735227,0.0,3.667262987742932,0.0,3.667262987742932
2025-06-27 00:00:00-05:00,5.2758950669999995,5.2758950669999995,30.18373186379025,30.18373186379025,-24.907836796790253,-24.907836796790253,24.907836796790253,0.0,3.487097151550636,0.0,3.487097151550636
2025-06-28 00:00:00-05:00,7.578923654699999,7.578923654699999,34.389726665410784,34.389726665410784,-26.81080301071078,-26.81080301071078,27.648651712172235,0.8378487014614504,3.8708112397041132,0.058649409102301535,3.812161830601812
2025-06-29 00:00:00-05:00,4.479286813199999,4.479286813199999,31.31823979333513,31.31823979333513,-26.838952980135133,-26.838952980135133,26.838952980135133,0.0,3.757453417218919,0.0,3.757453417218919
2025-06-30 00:00:00-05:00,5.0677104681,5.0677104681,29.89065796669152,29.89065796669152,-24.82294749859152,-24.82294749859152,25.070848759400562,0.24790126080904162,3.509918826316079,0.017353088256632915,3.492565738059446
2025-07-01 00:00:00-05:00,7.5704131088999995,7.5704131088999995,29.238854498271344,29.238854498271344,-21.668441389371345,-21.668441389371345,22.8309624130753,1.1625210237039554,3.1963347378305427,0.08137647165927689,3.1149582661712656
2025-07-02 00:00:00-05:00,7.934900394599999,7.934900394599999,29.407628639996155,29.407628639996155,-21.472728245396155,-21.472728245396155,22.64718012945599,1.1744518840598333,3.1706052181238387,0.08221163188418834,3.0883935862396505
2025-07-03 00:00:00-05:00,2.963127463199999,2.963127463199999,30.78807040990169,30.78807040990169,-27.82494294670169,-27.82494294670169,27.82494294670169,0.0,3.895492012538237,0.0,3.895492012538237
2025-07-04 00:00:00-05:00,4.092792826499998,4.092792826499998,27.470916318131646,27.470916318131646,-23.378123491631648,-23.378123491631648,23.378123491631648,0.0,3.272937288828431,0.0,3.272937288828431
2025-07-05 00:00:00-05:00,5.859940731299999,5.859940731299999,33.36447350802875,33.36447350802875,-27.504532776728755,-27.504532776728755,27.842658085474852,0.3381253087460975,3.8979721319664797,0.023668771612226826,3.874303360354253
2025-07-06 00:00:00-05:00,7.417020230999999,7.417020230999999,30.080853110932342,30.080853110932342,-22.663832879932343,-22.663832879932343,24.057645393746974,1.3938125138146285,3.3680703551245768,0.097566875967024,3.270503479157553
2025-07-07 00:00:00-05:00,7.140870843299999,7.140870843299999,31.173813702581185,31.173813702581185,-24.03294285928119,-24.03294285928119,24.99158799688926,0.9586451376080694,3.4988223195644963,0.06710515963256486,3.4317171599319316
2025-07-08 00:00:00-05:00,3.9808179242999993,3.9808179242999993,28.151419328395324,28.151419328395324,-24.170601404095326,-24.170601404095326,24.286349994677234,0.1157485905819089,3.4000889992548133,0.008102401340733624,3.3919865979140797
2025-07-09 00:00:00-05:00,5.01746724675,5.01746724675,29.758250490173026,29.758250490173026,-24.740783243423024,-24.740783243423024,25.266157287819034,0.5253740443960093,3.537262020294665,0.036776183107720656,3.5004858371869445
2025-07-10 00:00:00-05:00,7.9150084523999995,7.9150084523999995,30.93126810712905,30.93126810712905,-23.016259654729048,-23.016259654729048,24.342773805074224,1.3265141503451736,3.4079883327103917,0.09285599052416216,3.3151323421862298
2025-07-11 00:00:00-05:00,4.279317165449999,4.279317165449999,30.924819373400066,30.924819373400066,-26.645502207950067,-26.645502207950067,26.801174769033977,0.15567256108390937,3.752164467664757,0.010897079275873656,3.7412673883888834
2025-07-12 00:00:00-05:00,7.787340580499999,7.787340580499999,32.281429077065305,32.281429077065305,-24.494088496565308,-24.494088496565308,25.705615132780757,1.2115266362154489,3.5987861185893064,0.08480686453508143,3.513979254054225
2025-07-13 00:00:00-05:00,4.616825758199999,4.616825758199999,30.70512255892995,30.70512255892995,-26.088296800729953,-26.088296800729953,26.088296800729953,0.0,3.6523615521021937,0.0,3.6523615521021937
2025-07-14 00:00:00-05:00,5.733962326349999,5.733962326349999,27.14163108266196,27.14163108266196,-21.40766875631196,-21.40766875631196,22.254717215354287,0.8470484590423255,3.1156604101496006,0.059293392132962794,3.056367018016638
2025-07-15 00:00:00-05:00,7.683064085699999,7.683064085699999,28.717311188436508,28.717311188436508,-21.034247102736508,-21.034247102736508,22.382752467468304,1.3485053647317946,3.133585345445563,0.09439537553122564,3.039189969914337
2025-07-16 00:00:00-05:00,8.001403944749999,8.001403944749999,30.97814091797344,30.97814091797344,-22.976736973223442,-22.976736973223442,24.384333069698084,1.4075960964746415,3.413806629757732,0.09853172675322491,3.315274903004507
2025-07-17 00:00:00-05:00,4.863360437549999,4.863360437549999,29.252418580394433,29.252418580394433,-24.389058142844434,-24.389058142844434,24.389058142844434,0.0,3.414468139998221,0.0,3.414468139998221
2025-07-18 00:00:00-05:00,4.309527685499999,4.309527685499999,28.379098153721554,28.379098153721554,-24.069570468221556,-24.069570468221556,24.47679301333686,0.40722254511530376,3.426751021867161,0.028505578158071265,3.3982454437090897
2025-07-19 00:00:00-05:00,6.336896867999999,6.336896867999999,33.05438757253969,33.05438757253969,-26.71749070453969,-26.71749070453969,26.71749070453969,0.0,3.7404486986355567,0.0,3.7404486986355567
2025-07-20 00:00:00-05:00,7.3417995080999985,7.3417995080999985,30.180445909860893,30.180445909860893,-22.838646401760897,-22.838646401760897,23.907405670266225,1.068759268505331,3.347036793837272,0.07481314879537318,3.272223645041899
2025-07-21 00:00:00-05:00,8.357229629099999,8.357229629099999,26.45546304974806,26.45546304974806,-18.098233420648064,-18.098233420648064,20.04544917578671,1.9472157551386493,2.80636288461014,0.13630510285970546,2.6700577817504345
2025-07-22 00:00:00-05:00,8.277185973149997,8.277185973149997,26.385706953127556,26.385706953127556,-18.10852097997756,-18.10852097997756,20.084201477443223,1.9756804974656639,2.8117882068420514,0.1382976348225965,2.673490572019455
2025-07-23 00:00:00-05:00,8.03894563035,8.03894563035,26.794768050291392,26.794768050291392,-18.755822419941392,-18.755822419941392,20.62713088882686,1.8713084688854642,2.8877983244357606,0.1309915928219825,2.756806731613778
2025-07-24 00:00:00-05:00,8.075382396299998,8.075382396299998,28.618273543255743,28.618273543255743,-20.542891146955746,-20.542891146955746,22.062622026044792,1.5197308790890467,3.088767083646271,0.10638116153623328,2.982385922110038
2025-07-25 00:00:00-05:00,4.106766804749999,4.106766804749999,28.849404363354,28.849404363354,-24.742637558604002,-24.742637558604002,25.19525667307657,0.4526191144725698,3.5273359342307202,0.03168333801307989,3.4956525962176404
2025-07-26 00:00:00-05:00,4.879141776899999,4.879141776899999,31.512445532703897,31.512445532703897,-26.6333037558039,-26.6333037558039,26.6333037558039,0.0,3.7286625258125463,0.0,3.7286625258125463
2025-07-27 00:00:00-05:00,6.083555153849999,6.083555153849999,32.943264897546925,32.943264897546925,-26.859709743696925,-26.859709743696925,27.341312001538608,0.481602257841681,3.8277836802154055,0.033712158048917674,3.794071522166488
2025-07-28 00:00:00-05:00,8.33849944695,8.33849944695,27.028060987194856,27.028060987194856,-18.689561540244856,-18.689561540244856,20.646709988339104,1.9571484480942458,2.890539398367475,0.13700039136659722,2.7535390070008776
2025-07-29 00:00:00-05:00,8.89636949685,8.89636949685,29.288570686791125,29.288570686791125,-20.392201189941126,-20.392201189941126,22.369059080564025,1.9768578906228966,3.1316682712789636,0.1383800523436028,2.9932882189353607
2025-07-30 00:00:00-05:00,7.908881210099999,7.908881210099999,29.23792389866183,29.23792389866183,-21.32904268856183,-21.32904268856183,22.88321754416028,1.5541748555984503,3.2036504561824395,0.10879223989189153,3.094858216290548
2025-07-31 00:00:00-05:00,5.600739690449999,5.600739690449999,26.05174871752342,26.05174871752342,-20.45100902707342,-20.45100902707342,20.616533667388456,0.16552464031503678,2.886314713434384,0.011586724822052575,2.8747279886123316
2025-08-01 00:00:00-05:00,5.178796515449999,5.178796515449999,26.40017867335682,26.40017867335682,-21.221382157906817,-21.221382157906817,22.317139868287896,1.095757710381077,3.1243995815603056,0.07670303972667539,3.04769654183363
2025-08-02 00:00:00-05:00,3.793214520899999,3.793214520899999,32.088132269023205,32.088132269023205,-28.294917748123208,-28.294917748123208,28.294917748123208,0.0,3.9612884847372496,0.0,3.9612884847372496
2025-08-03 00:00:00-05:00,6.132185477549998,6.132185477549998,29.95762733473631,29.95762733473631,-23.825441857186313,-23.825441857186313,24.70196429344057,0.8765224362542621,3.4582750010816805,0.061356570537798354,3.396918430543882
2025-08-04 00:00:00-05:00,5.857021708649999,5.857021708649999,30.161580044615153,30.161580044615153,-24.304558335965154,-24.304558335965154,25.109866241245726,0.8053079052805697,3.515381273774402,0.056371553369639886,3.459009720404762
2025-08-05 00:00:00-05:00,6.167131975799999,6.167131975799999,28.472789687168344,28.472789687168344,-22.305657711368347,-22.305657711368347,23.250954636441275,0.9452969250729294,3.255133649101779,0.06617078475510506,3.188962864346674
2025-08-06 00:00:00-05:00,5.493070462049999,5.493070462049999,27.964433205186882,27.964433205186882,-22.471362743136883,-22.471362743136883,22.881396866049883,0.4100341229129989,3.203395561246984,0.028702388603909924,3.174693172643074
2025-08-07 00:00:00-05:00,7.162821235799999,7.162821235799999,27.018443112148503,27.018443112148503,-19.855621876348504,-19.855621876348504,21.111264404940655,1.255642528592152,2.955577016691692,0.08789497700145064,2.867682039690241
2025-08-08 00:00:00-05:00,7.1576813888999995,7.1576813888999995,31.195072181923965,31.195072181923965,-24.037390793023967,-24.037390793023967,25.024679704057842,0.9872889110338752,3.5034551585680984,0.06911022377237126,3.4343449347957273
2025-08-09 00:00:00-05:00,6.08577295005,6.08577295005,33.193139983557,33.193139983557,-27.107367033507007,-27.107367033507007,27.723259552878332,0.6158925193713239,3.881256337402967,0.043112476355992684,3.8381438610469742
2025-08-10 00:00:00-05:00,5.588106900749999,5.588106900749999,29.91183962490216,29.91183962490216,-24.32373272415216,-24.32373272415216,24.468338108127426,0.1446053839752669,3.42556733513784,0.010122376878268684,3.4154449582595716
2025-08-11 00:00:00-05:00,7.683051343049998,7.683051343049998,26.838004553164282,26.838004553164282,-19.154953210114282,-19.154953210114282,21.140686823406828,1.9857336132925447,2.9596961552769563,0.13900135293047813,2.820694802346478
2025-08-12 00:00:00-05:00,5.4197050239,5.4197050239,26.419967338660094,26.419967338660094,-21.000262314760096,-21.000262314760096,21.360224022053536,0.35996170729344257,2.9904313630874952,0.025197319510540984,2.965234043576954
2025-08-13 00:00:00-05:00,7.065403386299999,7.065403386299999,31.917785387748708,31.917785387748708,-24.85238200144871,-24.85238200144871,25.79121695479034,0.93883495334163,3.610770373670648,0.06571844673391411,3.5450519269367335
2025-08-14 00:00:00-05:00,6.73242388965,6.73242388965,26.42798012750867,26.42798012750867,-19.695556237858668,-19.695556237858668,20.767482156810228,1.0719259189515569,2.907447501953432,0.07503481432660898,2.832412687626823
2025-08-15 00:00:00-05:00,5.690416303799999,5.690416303799999,29.306731091438053,29.306731091438053,-23.616314787638057,-23.616314787638057,23.79147130561521,0.17515651797715448,3.33080598278613,0.012260956258400815,3.318545026527729
2025-08-16 00:00:00-05:00,3.331988335799999,3.331988335799999,29.9832582906135,29.9832582906135,-26.6512699548135,-26.6512699548135,26.6512699548135,0.0,3.7311777936738904,0.0,3.7311777936738904
2025-08-17 00:00:00-05:00,7.7487483478499986,7.7487483478499986,31.44100255849827,31.44100255849827,-23.69225421064827,-23.69225421064827,24.855781953331068,1.1635277426827964,3.4798094734663496,0.08144694198779576,3.3983625314785537
2025-08-18 00:00:00-05:00,7.1263724237999995,7.1263724237999995,30.969319742987082,30.969319742987082,-23.842947319187083,-23.842947319187083,24.727837563745858,0.8848902445587762,3.4618972589244206,0.06194231711911434,3.3999549418053063
2025-08-19 00:00:00-05:00,5.8947235137,5.8947235137,30.152111946355472,30.152111946355472,-24.25738843265547,-24.25738843265547,24.669980771771794,0.4125923391163232,3.4537973080480513,0.028881463738142626,3.4249158443099086
2025-08-20 00:00:00-05:00,7.468092186299999,7.468092186299999,32.748514970785095,32.748514970785095,-25.280422784485094,-25.280422784485094,26.302813292397836,1.0223905079127433,3.682393860935697,0.07156733555389204,3.610826525381805
2025-08-21 00:00:00-05:00,6.774454812599999,6.774454812599999,29.461513128365333,29.461513128365333,-22.68705831576533,-22.68705831576533,23.94133508889105,1.2542767731257198,3.3517869124447475,0.0877993741188004,3.263987538325947
2025-08-22 00:00:00-05:00,4.160042011349999,4.160042011349999,28.037123093657474,28.037123093657474,-23.877081082307473,-23.877081082307473,24.2096281347366,0.3325470524291265,3.3893479388631245,0.02327829367003886,3.3660696451930856
2025-08-23 00:00:00-05:00,5.888872335599999,5.888872335599999,29.397944505756268,29.397944505756268,-23.509072170156266,-23.509072170156266,23.787615351424254,0.27854318126798816,3.330266149199396,0.01949802268875917,3.3107681265106366
2025-08-24 00:00:00-05:00,7.665260188499999,7.665260188499999,28.86559550841405,28.86559550841405,-21.20033531991405,-21.20033531991405,22.80630586865193,1.605970548737879,3.1928828216112706,0.11241793841165154,3.080464883199619
2025-08-25 00:00:00-05:00,7.523419598221497,7.523419598221497,27.861186559200476,27.861186559200476,-20.33776696097898,-20.33776696097898,21.947099422888403,1.6093324619094251,3.0725939192043765,0.11265327233365977,2.9599406468707166
2025-08-26 00:00:00-05:00,6.361522101899999,6.361522101899999,31.149836607984167,31.149836607984167,-24.788314506084166,-24.788314506084166,25.751977037090708,0.9636625310065425,3.6052767851926992,0.06745637717045798,3.5378204080222413
2025-08-27 00:00:00-05:00,4.4359524719999985,4.4359524719999985,26.553199931665617,26.553199931665617,-22.11724745966562,-22.11724745966562,22.957087432125203,0.8398399724595831,3.2139922404975287,0.05878879807217082,3.155203442425358
2025-08-28 00:00:00-05:00,7.3689142851,7.3689142851,28.19170771804863,28.19170771804863,-20.82279343294863,-20.82279343294863,22.387827509120232,1.565034076171602,3.134295851276833,0.10955238533201214,3.024743465944821
2025-08-29 00:00:00-05:00,5.657684363099999,5.657684363099999,26.464787981876945,26.464787981876945,-20.807103618776946,-20.807103618776946,21.393251197546814,0.5861475787698673,2.995055167656554,0.04103033051389072,2.9540248371426636
2025-08-30 00:00:00-05:00,4.647871181699999,4.647871181699999,31.229309313761973,31.229309313761973,-26.581438132061976,-26.581438132061976,26.804815751699334,0.22337761963735747,3.752674205237907,0.015636433374615025,3.737037771863292
2025-08-31 00:00:00-05:00,2.164977420299999,2.164977420299999,33.30942129714012,33.30942129714012,-31.14444387684012,-31.14444387684012,31.14444387684012,0.0,4.3602221427576175,0.0,4.3602221427576175
2025-09-01 00:00:00-05:00,5.088635624699999,5.088635624699999,31.012644416031716,31.012644416031716,-25.924008791331715,-25.924008791331715,26.709209810849895,0.7852010195181798,3.739289373518986,0.05496407136627259,3.6843253021527134
2025-09-02 00:00:00-05:00,7.684328015099999,7.684328015099999,28.99195642289843,28.99195642289843,-21.307628407798433,-21.307628407798433,22.648817010016668,1.341188602218236,3.170834381402334,0.09388320215527653,3.0769511792470574
2025-09-03 00:00:00-05:00,7.5902478651,7.5902478651,29.530106358349464,29.530106358349464,-21.939858493249464,-21.939858493249464,23.287980130021715,1.3481216367722495,3.2603172182030407,0.09436851457405747,3.1659487036289833
2025-09-04 00:00:00-05:00,8.895444316199999,8.895444316199999,28.896716338159017,28.896716338159017,-20.001272021959018,-20.001272021959018,22.18207590873002,2.180803886771,3.105490627222203,0.15265627207397,2.9528343551482332
2025-09-05 00:00:00-05:00,8.109534391199999,8.109534391199999,27.738832874169816,27.738832874169816,-19.62929848296982,-19.62929848296982,21.534677219280994,1.9053787363111778,3.0148548106993394,0.13337651154178246,2.881478299157557
2025-09-06 00:00:00-05:00,5.6056320945,5.6056320945,33.688715076420834,33.688715076420834,-28.08308298192084,-28.08308298192084,28.250547792947796,0.16746481102695787,3.9550766910126915,0.011722536771887053,3.9433541542408044
2025-09-07 00:00:00-05:00,2.606574659399999,2.606574659399999,30.151449546492657,30.151449546492657,-27.54487488709266,-27.54487488709266,27.600826754977195,0.05595186788453499,3.864115745696808,0.003916630751917449,3.86019911494489
2025-09-08 00:00:00-05:00,9.055536471899998,9.055536471899998,29.331088173328048,29.331088173328048,-20.27555170142805,-20.27555170142805,22.68802354947,2.4124718480419505,3.1763232969258004,0.16887302936293655,3.007450267562864
2025-09-09 00:00:00-05:00,9.447888745799998,9.447888745799998,28.120801449231497,28.120801449231497,-18.672912703431496,-18.672912703431496,21.026910734349702,2.353998030918206,2.9437675028089587,0.16477986216427443,2.7789876406446843
2025-09-10 00:00:00-05:00,9.164431770299998,9.164431770299998,31.559086615895364,31.559086615895364,-22.394654845595365,-22.394654845595365,24.313090060861995,1.9184352152666322,3.4038326085206796,0.13429046506866427,3.269542143452015
2025-09-11 00:00:00-05:00,7.934448201299999,7.934448201299999,28.866009888621935,28.866009888621935,-20.93156168732194,-20.93156168732194,22.803948268565566,1.8723865812436298,3.1925527575991794,0.1310670606870541,3.0614856969121256
2025-09-12 00:00:00-05:00,8.211839267699999,8.211839267699999,27.174634984271364,27.174634984271364,-18.962795716571364,-18.962795716571364,20.955677022485993,1.9928813059146298,2.9337947831480395,0.1395016914140241,2.7942930917340156
2025-09-13 00:00:00-05:00,7.910714933999999,7.910714933999999,29.988624518277,29.988624518277,-22.077909584277002,-22.077909584277002,23.360149507978235,1.2822399237012334,3.2704209311169534,0.08975679465908634,3.180664136457867
2025-09-14 00:00:00-05:00,6.6954747096,6.6954747096,30.773616783420916,30.773616783420916,-24.078142073820917,-24.078142073820917,24.547037565462436,0.4688954916415182,3.4365852591647412,0.03282268441490628,3.403762574749835
2025-09-15 00:00:00-05:00,7.4704019796,7.4704019796,28.97135742168936,28.97135742168936,-21.50095544208936,-21.50095544208936,22.915658733640385,1.414703291551025,3.208192222709654,0.09902923040857176,3.1091629923010826
2025-09-16 00:00:00-05:00,7.280918001899999,7.280918001899999,30.300382268376186,30.300382268376186,-23.019464266476188,-23.019464266476188,23.968270621247417,0.9488063547712309,3.3555578869746387,0.06641644483398616,3.2891414421406524
2025-09-17 00:00:00-05:00,7.4742696647999995,7.4742696647999995,27.40695038052404,27.40695038052404,-19.932680715724043,-19.932680715724043,21.06357777598641,1.130897060262369,2.948900888638098,0.07916279421836583,2.869738094419732
2025-09-18 00:00:00-05:00,6.8646844169999985,6.8646844169999985,27.1919314353191,27.1919314353191,-20.3272470183191,-20.3272470183191,21.64316459124551,1.3159175729264123,3.030043042774372,0.09211423010484887,2.937928812669523
2025-09-19 00:00:00-05:00,7.72801830135,7.72801830135,27.646010315760172,27.646010315760172,-19.917992014410174,-19.917992014410174,21.731207794054527,1.8132157796443538,3.042369091167634,0.12692510457510478,2.9154439865925292
2025-09-20 00:00:00-05:00,6.5199062781,6.5199062781,32.743397830474656,32.743397830474656,-26.223491552374654,-26.223491552374654,26.68467206138307,0.4611805090084128,3.73585408859363,0.0322826356305889,3.703571452963041
2025-09-21 00:00:00-05:00,6.4327901570999995,6.4327901570999995,29.498174246705915,29.498174246705915,-23.065384089605917,-23.065384089605917,24.16738348784733,1.1019993982414138,3.3834336882986267,0.07713995787689898,3.3062937304217277
2025-09-22 00:00:00-05:00,6.874728573599999,6.874728573599999,26.590060782532408,26.590060782532408,-19.71533220893241,-19.71533220893241,21.636523295021515,1.9211910860891082,3.0291132613030123,0.13448337602623758,2.8946298852767747
2025-09-23 00:00:00-05:00,6.6967998183,6.6967998183,27.951672080790413,27.951672080790413,-21.254872262490416,-21.254872262490416,22.37291186052854,1.1180395980381235,3.1322076604739957,0.07826277186266865,3.053944888611327
2025-09-24 00:00:00-05:00,4.973273788499999,4.973273788499999,30.561241320446534,30.561241320446534,-25.587967531946536,-25.587967531946536,25.765958636538752,0.17799110459221512,3.6072342091154255,0.01245937732145506,3.5947748317939703
2025-09-25 00:00:00-05:00,7.368705392849999,7.368705392849999,27.5859850640651,27.5859850640651,-20.217279671215103,-20.217279671215103,21.460933930954383,1.243654259739282,3.004530750333614,0.08705579818174974,2.917474952151864
2025-09-26 00:00:00-05:00,7.48073012895,7.48073012895,26.446636283441308,26.446636283441308,-18.965906154491307,-18.965906154491307,20.485084654751823,1.5191785002605143,2.8679118516652555,0.106342495018236,2.7615693566470196
2025-09-27 00:00:00-05:00,8.451761129325,8.451761129325,34.1545588514294,34.1545588514294,-25.702797722104403,-25.702797722104403,27.297181557480673,1.59438383537627,3.8216054180472945,0.11160686847633891,3.7099985495709555
2025-09-28 00:00:00-05:00,9.549081738675,9.549081738675,34.25262213584009,34.25262213584009,-24.703540397165092,-24.703540397165092,26.515909709044305,1.81236931187921,3.712227359266203,0.1268658518315447,3.585361507434658
2025-09-29 00:00:00-05:00,8.5775216355,8.5775216355,30.434745125554464,30.434745125554464,-21.857223490054466,-21.857223490054466,23.50555520053549,1.6483317104810231,3.290777728074969,0.11538321973367163,3.1753945083412973
2025-09-30 00:00:00-05:00,8.079573936775457,8.079573936775457,27.323394789123736,27.323394789123736,-19.24382085234828,-19.24382085234828,20.855932564020357,1.6121117116720804,2.9198305589628504,0.11284781981704564,2.8069827391458047
2025-10-01 00:00:00-05:00,8.09598674160626,8.09598674160626,27.16529269466378,27.16529269466378,-19.06930595305752,-19.06930595305752,20.59034567900299,1.5210397259454687,2.8826483950604187,0.10647278081618282,2.7761756142442358
2025-10-02 00:00:00-05:00,8.151593336998614,8.151593336998614,31.212983614792208,31.212983614792208,-23.061390277793592,-23.061390277793592,24.35578909787874,1.294398820085149,3.409810473703024,0.09060791740596044,3.3192025562970637
2025-10-03 00:00:00-05:00,8.244105877089927,8.244105877089927,28.886273025923376,28.886273025923376,-20.642167148833447,-20.642167148833447,22.250547017201846,1.608379868368396,3.1150765824082587,0.11258659078578774,3.002489991622471
2025-10-04 00:00:00-05:00,8.27655946885102,8.27655946885102,33.94369589538027,33.94369589538027,-25.66713642652925,-25.66713642652925,26.719059881801776,1.051923455272524,3.740668383452249,0.07363464186907669,3.667033741583172
2025-10-05 00:00:00-05:00,8.455608375063262,8.455608375063262,30.82905344463458,30.82905344463458,-22.373445069571318,-22.373445069571318,23.796753902794215,1.4233088332228951,3.3315455463911903,0.09963161832560267,3.2319139280655875
2025-10-06 00:00:00-05:00,8.48275301219659,8.48275301219659,31.52165394872396,31.52165394872396,-23.03890093652737,-23.03890093652737,24.42113818288316,1.3822372463557893,3.4189593456036427,0.09675660724490526,3.3222027383587376
2025-10-07 00:00:00-05:00,8.53078207814001,8.53078207814001,28.489506314474706,28.489506314474706,-19.958724236334696,-19.958724236334696,21.687575350424403,1.7288511140897065,3.0362605490594166,0.12101957798627946,2.9152409710731373
2025-10-08 00:00:00-05:00,8.56881234822788,8.56881234822788,32.19686565326622,32.19686565326622,-23.62805330503834,-23.62805330503834,25.04782207764211,1.4197687726037695,3.5066950908698957,0.09938381408226388,3.407311276787632
2025-10-09 00:00:00-05:00,8.513524544498994,8.513524544498994,30.21765822631539,30.21765822631539,-21.704133681816398,-21.704133681816398,23.29886806866936,1.5947343868529629,3.2618415296137107,0.11163140707970741,3.1502101225340033
2025-10-10 00:00:00-05:00,8.760872705152446,8.760872705152446,28.623829211059345,28.623829211059345,-19.8629565059069,-19.8629565059069,21.67028927745572,1.80733277154882,3.033840498843801,0.12651329400841743,2.9073272048353838
2025-10-11 00:00:00-05:00,8.832179767527474,8.832179767527474,30.049949687764865,30.049949687764865,-21.21776992023739,-21.21776992023739,22.884167844845265,1.6663979246078768,3.2037834982783373,0.11664785472255139,3.087135643555786
2025-10-12 00:00:00-05:00,8.760783785737793,8.760783785737793,33.81743944679512,33.81743944679512,-25.056655661057327,-25.056655661057327,26.186475796071104,1.1298201350137755,3.6661066114499548,0.07908740945096429,3.5870192019989906
2025-10-13 00:00:00-05:00,8.627340705681789,8.627340705681789,29.467388893045467,29.467388893045467,-20.840048187363674,-20.840048187363674,22.53139136181022,1.6913431744465417,3.154394790653431,0.11839402221125793,3.036000768442173
2025-10-14 00:00:00-05:00,8.75921305016027,8.75921305016027,28.00244285952685,28.00244285952685,-19.243229809366582,-19.243229809366582,21.072359102210026,1.829129292843446,2.9501302743094038,0.12803905049904124,2.8220912238103626
2025-10-15 00:00:00-05:00,8.458327891301114,8.458327891301114,28.348796913314327,28.348796913314327,-19.89046902201321,-19.89046902201321,21.70856304312254,1.8180940211093264,3.039198826037156,0.12726658147765285,2.911932244559503
2025-10-16 00:00:00-05:00,8.521456563275649,8.521456563275649,28.385769902159975,28.385769902159975,-19.864313338884326,-19.864313338884326,21.633068789481932,1.7687554505976035,3.0286296305274707,0.12381288154183226,2.9048167489856382
2025-10-17 00:00:00-05:00,8.703619443340092,8.703619443340092,26.633060000917837,26.633060000917837,-17.929440557577745,-17.929440557577745,19.947209356791877,2.0177687992141307,2.792609309950863,0.14124381594498917,2.6513654940058737
2025-10-18 00:00:00-05:00,8.585393834508928,8.585393834508928,34.08728899753152,34.08728899753152,-25.501895163022596,-25.501895163022596,26.756437858026555,1.2545426950039618,3.745901300123718,0.08781798865027733,3.6580833114734403
2025-10-19 00:00:00-05:00,8.404421976336593,8.404421976336593,30.203606290663554,30.203606290663554,-21.79918431432696,-21.79918431432696,23.356517872300714,1.557333557973754,3.2699125021221,0.10901334905816279,3.160899153063937
2025-10-20 00:00:00-05:00,8.211372798949943,8.211372798949943,26.59301921978005,26.59301921978005,-18.381646420830105,-18.381646420830105,20.146451606695983,1.7648051858658786,2.820503224937438,0.12353636301061152,2.6969668619268266
2025-10-21 00:00:00-05:00,8.078969552056174,8.078969552056174,28.522988993874247,28.522988993874247,-20.444019441818075,-20.444019441818075,22.205339885455576,1.761320443637504,3.108747583963781,0.1232924310546253,2.9854551529091555
2025-10-22 00:00:00-05:00,8.110723471295874,8.110723471295874,29.082389215381664,29.082389215381664,-20.97166574408579,-20.97166574408579,22.634094228731033,1.6624284846452422,3.168773192022345,0.11636999392516696,3.052403198097178
2025-10-23 00:00:00-05:00,8.092779073853334,8.092779073853334,28.129727419902714,28.129727419902714,-20.036948346049382,-20.036948346049382,21.68393962081046,1.6469912747610782,3.0357515469134646,0.11528938923327549,2.920462157680189
2025-10-24 00:00:00-05:00,8.047127449903781,8.047127449903781,28.78109179685724,28.78109179685724,-20.73396434695346,-20.73396434695346,22.142757290949216,1.408792943995758,3.0999860207328904,0.09861550607970307,3.0013705146531873
2025-10-25 00:00:00-05:00,7.936442402462943,7.936442402462943,31.953404294483544,31.953404294483544,-24.0169618920206,-24.0169618920206,25.205933759207966,1.1889718671873664,3.5288307262891156,0.08322803070311566,3.445602695586
2025-10-26 00:00:00-05:00,7.723023203781274,7.723023203781274,29.719259571306843,29.719259571306843,-21.996236367525572,-21.996236367525572,23.333347760508403,1.3371113929828322,3.266668686471177,0.09359779750879826,3.1730708889623784
2025-10-27 00:00:00-05:00,7.547890093355801,7.547890093355801,27.989494834390396,27.989494834390396,-20.441604741034595,-20.441604741034595,21.853720458195284,1.4121157171606897,3.05952086414734,0.09884810020124829,2.9606727639460915
2025-10-28 00:00:00-05:00,7.489883876411847,7.489883876411847,26.01426300405265,26.01426300405265,-18.524379127640806,-18.524379127640806,19.97010083823597,1.4457217105951656,2.795814117353036,0.10120051974166161,2.6946135976113745
2025-10-29 00:00:00-05:00,7.372282650453811,7.372282650453811,31.21095126272813,31.21095126272813,-23.83866861227432,-23.83866861227432,24.743655571357486,0.9049869590831656,3.4641117799900485,0.0633490871358216,3.4007626928542267
2025-10-30 00:00:00-05:00,7.478508912773429,7.478508912773429,30.787130569876084,30.787130569876084,-23.308621657102655,-23.308621657102655,24.44997331400951,1.1413516569068576,3.422996263961332,0.07989461598348004,3.3431016479778517
2025-10-31 00:00:00-05:00,7.345232396412011,7.345232396412011,29.514433052575647,29.514433052575647,-22.169200656163635,-22.169200656163635,23.24526850256202,1.0760678463983815,3.254337590358683,0.07532474924788671,3.1790128411107963
2025-11-01 00:00:00-05:00,7.053273738560895,7.053273738560895,30.80000561646593,30.80000561646593,-23.746731877905038,-23.746731877905038,24.636421324299626,0.8896894463945874,3.449098985401948,0.06227826124762112,3.386820724154327
2025-11-02 00:00:00-05:00,7.261251934398647,7.261251934398647,30.445944913935058,30.445944913935058,-23.18469297953641,-23.18469297953641,23.8969662878826,0.7122733083461844,3.345575280303564,0.04985913158423291,3.295716148719331
2025-11-03 00:00:00-06:00,7.153735045821707,7.153735045821707,29.4804160935336,29.4804160935336,-22.326681047711894,-22.326681047711894,22.865081207469807,0.5384001597579133,3.201111369045773,0.037688011183053934,3.1634233578627193
2025-11-04 00:00:00-06:00,7.048651140697872,7.048651140697872,28.971458149170033,28.971458149170033,-21.922807008472162,-21.922807008472162,22.548515880033086,0.6257088715609231,3.1567922232046324,0.04379962100926462,3.1129926021953676
2025-11-05 00:00:00-06:00,7.024550868465168,7.024550868465168,29.60385955194299,29.60385955194299,-22.57930868347782,-22.57930868347782,23.032777050274838,0.4534683667970192,3.2245887870384777,0.03174278567579135,3.1928460013626863
2025-11-06 00:00:00-06:00,7.175865562196119,7.175865562196119,28.64826593916944,28.64826593916944,-21.472400376973322,-21.472400376973322,22.186369395354703,0.7139690183813818,3.1060917153496588,0.04997783128669673,3.0561138840629622
2025-11-07 00:00:00-06:00,7.115123888259997,7.115123888259997,30.059781937873232,30.059781937873232,-22.944658049613235,-22.944658049613235,23.441284634951632,0.49662658533839654,3.281779848893229,0.03476386097368776,3.247015987919541
2025-11-08 00:00:00-06:00,6.979252384676997,6.979252384676997,29.42522574095716,29.42522574095716,-22.445973356280163,-22.445973356280163,22.750906769336755,0.3049334130565925,3.185126947707146,0.021345338913961478,3.1637816087931845
2025-11-09 00:00:00-06:00,6.837528525028113,6.837528525028113,29.916124741364257,29.916124741364257,-23.078596216336145,-23.078596216336145,23.426097433762106,0.3475012174259615,3.279653640726695,0.02432508521981731,3.255328555506878
2025-11-10 00:00:00-06:00,7.135092290958306,7.135092290958306,31.415081110500253,31.415081110500253,-24.27998881954195,-24.27998881954195,24.591146238838462,0.31115741929651386,3.442760473437385,0.02178101935075597,3.420979454086629
2025-11-11 00:00:00-06:00,7.247899287252977,7.247899287252977,32.065939087251714,32.065939087251714,-24.818039799998736,-24.818039799998736,25.050519022831605,0.23247922283286748,3.507072663196425,0.016273545598300725,3.490799117598124
2025-11-12 00:00:00-06:00,7.227870130486061,7.227870130486061,29.29432439369856,29.29432439369856,-22.066454263212496,-22.066454263212496,22.50813403387781,0.44167977066531106,3.1511387647428934,0.030917583946571778,3.120221180796322
2025-11-13 00:00:00-06:00,7.22338805817406,7.22338805817406,29.20792833631355,29.20792833631355,-21.984540278139487,-21.984540278139487,22.357800594161187,0.3732603160216983,3.1300920831825665,0.02612822212151888,3.1039638610610476
2025-11-14 00:00:00-06:00,7.163390869990318,7.163390869990318,26.092795417084716,26.092795417084716,-18.9294045470944,-18.9294045470944,19.644208884438086,0.7148043373436879,2.7501892438213322,0.050036303614058156,2.700152940207274
2025-11-15 00:00:00-06:00,7.223094374184782,7.223094374184782,34.99147587556824,34.99147587556824,-27.768381501383455,-27.768381501383455,27.924776229372142,0.15639472798868692,3.9094686721121,0.010947630959208086,3.898521041152892
2025-11-16 00:00:00-06:00,7.403509343775267,7.403509343775267,29.153193306706342,29.153193306706342,-21.749683962931076,-21.749683962931076,22.308844912860536,0.5591609499294576,3.123238287800475,0.03914126649506204,3.0840970213054133
2025-11-17 00:00:00-06:00,7.357617893813721,7.357617893813721,26.554745873596627,26.554745873596627,-19.197127979782906,-19.197127979782906,19.943394293264376,0.7462663134814704,2.792075201057013,0.05223864194370294,2.73983655911331
2025-11-18 00:00:00-06:00,7.297426456357151,7.297426456357151,28.598654132746812,28.598654132746812,-21.30122767638966,-21.30122767638966,21.899936540003786,0.5987088636141242,3.0659911156005304,0.0419096204529887,3.024081495147542
2025-11-19 00:00:00-06:00,7.25914339844965,7.25914339844965,27.427830534830903,27.427830534830903,-20.168687136381255,-20.168687136381255,20.82013420285312,0.6514470664718655,2.9148187883994368,0.04560129465303059,2.8692174937464063
2025-11-20 00:00:00-06:00,7.3620123655023875,7.3620123655023875,28.876327925532372,28.876327925532372,-21.514315560029985,-21.514315560029985,22.111361102355676,0.5970455423256922,3.095590554329795,0.041793187962798455,3.0537973663669966
2025-11-21 00:00:00-06:00,7.547379397825364,7.547379397825364,31.32199423601722,31.32199423601722,-23.774614838191855,-23.774614838191855,24.063081761855052,0.2884669236631965,3.3688314466597076,0.020192684656423755,3.348638762003284
2025-11-22 00:00:00-06:00,7.774145572953661,7.774145572953661,30.108896446979454,30.108896446979454,-22.334750874025794,-22.334750874025794,22.903746772682414,0.5689958986566197,3.2065245481755382,0.039829712905963384,3.166694835269575
2025-11-23 00:00:00-06:00,7.824122105610578,7.824122105610578,31.586028583725362,31.586028583725362,-23.761906478114785,-23.761906478114785,24.31853289420432,0.5566264160895349,3.4045946051886053,0.03896384912626744,3.365630756062338
2025-11-24 00:00:00-06:00,7.745671002695625,7.745671002695625,29.813005853422272,29.813005853422272,-22.06733485072665,-22.06733485072665,22.67185984542644,0.6045249946997898,3.1740603783597017,0.04231674962898529,3.1317436287307165
2025-11-25 00:00:00-06:00,7.68267342141703,7.68267342141703,29.187884597344212,29.187884597344212,-21.505211175927183,-21.505211175927183,22.250537122811046,0.7453259468838613,3.115075197193547,0.0521728162818703,3.0629023809116767
2025-11-26 00:00:00-06:00,7.632197220441134,7.632197220441134,29.064753110675735,29.064753110675735,-21.4325558902346,-21.4325558902346,22.080231323359982,0.6476754331253812,3.0912323852703976,0.04533728031877669,3.045895104951621
2025-11-27 00:00:00-06:00,7.876210254138024,7.876210254138024,29.6186894002892,29.6186894002892,-21.742479146151172,-21.742479146151172,22.47011911943374,0.7276399732825658,3.145816676720724,0.050934798129779614,3.0948818785909444
2025-11-28 00:00:00-06:00,7.48535741645155,7.48535741645155,28.390965990779172,28.390965990779172,-20.905608574327623,-20.905608574327623,21.608524807416078,0.7029162330884557,3.025193473038251,0.04920413631619191,2.9759893367220593
2025-11-29 00:00:00-06:00,7.410732605852505,7.410732605852505,33.64250179826516,33.64250179826516,-26.231769192412653,-26.231769192412653,26.569010465083625,0.3372412726709726,3.7196614651117077,0.023606889086968084,3.6960545760247396
2025-11-30 00:00:00-06:00,7.645280143826538,7.645280143826538,33.90092019163151,33.90092019163151,-26.255640047804977,-26.255640047804977,26.69222380309185,0.43658375528687077,3.736911332432859,0.030560862870080956,3.706350469562778
2025-12-01 00:00:00-06:00,7.620952441629347,7.620952441629347,26.629399979443434,26.629399979443434,-19.008447537814085,-19.008447537814085,19.88729868599583,0.8788511481817431,2.7842218160394165,0.061519580372722024,2.7227022356666946
2025-12-02 00:00:00-06:00,7.618233975442086,7.618233975442086,27.98714622240205,27.98714622240205,-20.368912246959965,-20.368912246959965,21.242577074673093,0.8736648277131283,2.9739607904542336,0.06115653793991899,2.9128042525143147
2025-12-03 00:00:00-06:00,7.584675671757376,7.584675671757376,29.258453377560915,29.258453377560915,-21.673777705803538,-21.673777705803538,22.371607503498044,0.6978297976945036,3.1320250504897267,0.04884808583861525,3.0831769646511114
2025-12-04 00:00:00-06:00,7.498739111385764,7.498739111385764,26.919653954797695,26.919653954797695,-19.42091484341193,-19.42091484341193,20.324723147009884,0.9038083035979534,2.845461240581384,0.06326658125185675,2.782194659329527
2025-12-05 00:00:00-06:00,7.172741110538449,7.172741110538449,31.153982770311952,31.153982770311952,-23.981241659773506,-23.981241659773506,24.37733601940188,0.39609435962837736,3.4128270427162635,0.027726605173986417,3.385100437542277
2025-12-06 00:00:00-06:00,7.297600377851038,7.297600377851038,30.882399730456598,30.882399730456598,-23.58479935260556,-23.58479935260556,24.10934603187688,0.5245466792713177,3.3753084444627635,0.036718267548992246,3.338590176913771
2025-12-07 00:00:00-06:00,7.364800907118497,7.364800907118497,32.058354216036314,32.058354216036314,-24.693553308917814,-24.693553308917814,25.11360966746657,0.42005635854875756,3.51590535344532,0.029403945098413032,3.486501408346907
2025-12-08 00:00:00-06:00,7.371152965654137,7.371152965654137,28.74668158688214,28.74668158688214,-21.375528621228003,-21.375528621228003,22.107325835717955,0.7317972144899535,3.095025617000514,0.05122580501429675,3.0437998119862173
2025-12-09 00:00:00-06:00,7.259393744471895,7.259393744471895,30.113328456821908,30.113328456821908,-22.85393471235001,-22.85393471235001,23.352823013675795,0.498888301325783,3.269395221914612,0.034922181092804816,3.234473040821807
2025-12-10 00:00:00-06:00,7.453450161455542,7.453450161455542,29.52004879739019,29.52004879739019,-22.066598635934646,-22.066598635934646,22.75124025247615,0.6846416165415045,3.1851736353466613,0.04792491315790531,3.137248722188756
2025-12-11 00:00:00-06:00,7.53950633903655,7.53950633903655,28.997121682066748,28.997121682066748,-21.4576153430302,-21.4576153430302,22.28228308738625,0.8246677443560535,3.1195196322340752,0.05772674210492375,3.0617928901291513
2025-12-12 00:00:00-06:00,7.695042220432407,7.695042220432407,30.758886304654094,30.758886304654094,-23.06384408422169,-23.06384408422169,23.634321604721933,0.5704775205002431,3.308805024661071,0.03993342643501702,3.268871598226054
2025-12-13 00:00:00-06:00,7.719382515505104,7.719382515505104,32.26245972977951,32.26245972977951,-24.5430772142744,-24.5430772142744,25.146187984649693,0.6031107703752896,3.5204663178509574,0.04221775392627027,3.478248563924687
2025-12-14 00:00:00-06:00,7.4997484254076685,7.4997484254076685,34.779685701986246,34.779685701986246,-27.27993727657858,-27.27993727657858,27.68379083268237,0.4038535561037896,3.875730716575532,0.028269748927265272,3.8474609676482667
2025-12-15 00:00:00-06:00,7.3372047975101875,7.3372047975101875,31.485448924978535,31.485448924978535,-24.14824412746835,-24.14824412746835,24.58804523902941,0.43980111156106116,3.4423263334641176,0.030786077809274285,3.4115402556548435
2025-12-16 00:00:00-06:00,7.251194751425497,7.251194751425497,27.6798400963534,27.6798400963534,-20.4286453449279,-20.4286453449279,21.216926305106558,0.7882809601786575,2.970369682714918,0.05517966721250603,2.915190015502412
2025-12-17 00:00:00-06:00,7.241619984710536,7.241619984710536,28.535155458755966,28.535155458755966,-21.29353547404543,-21.29353547404543,21.988376095929144,0.6948406218837135,3.0783726534300806,0.04863884353185995,3.0297338098982207
2025-12-18 00:00:00-06:00,7.213887996431882,7.213887996431882,30.084448076795315,30.084448076795315,-22.870560080363436,-22.870560080363436,23.36418194848722,0.4936218681237886,3.2709854727882113,0.03455353076866521,3.236431942019546
2025-12-19 00:00:00-06:00,7.570643509125962,7.570643509125962,31.050041965534994,31.050041965534994,-23.479398456409033,-23.479398456409033,24.13694320606916,0.6575447496601278,3.3791720488496826,0.04602813247620895,3.3331439163734737
