timestamp_local,PV_P_kW,PV_E_kWh,Load_kW,Load_E_kWh,Net_P_kW,Net_E_kWh,Import_kWh,Export_kWh,Buy_$,Sell_$,NetBill_$
2022-12-31 00:00:00-08:00,0.00918756,0.00918756,6.2891112363254775,6.2891112363254775,-6.2799236763254775,-6.2799236763254775,6.2799236763254775,0.0,0.6907916043958026,0.0,0.6907916043958026
2023-01-01 00:00:00-08:00,2.8607683976999994,2.8607683976999994,29.260515917627856,29.260515917627856,-26.399747519927857,-26.399747519927857,26.399747519927857,0.0,2.9039722271920643,0.0,2.9039722271920643
2023-01-02 00:00:00-08:00,5.2728284637,5.2728284637,23.079336721207408,23.079336721207408,-17.806508257507407,-17.806508257507407,18.202114891519745,0.3956066340123376,2.0022326380671718,0.021758364870678566,1.9804742731964933
2023-01-03 00:00:00-08:00,4.0418559738,4.0418559738,22.79466117418235,22.79466117418235,-18.75280520038235,-18.75280520038235,19.04832922908066,0.29552402869830946,2.095316215198873,0.016253821578407022,2.079062393620466
2023-01-04 00:00:00-08:00,1.7675664938999995,1.7675664938999995,23.57456318471926,23.57456318471926,-21.80699669081926,-21.80699669081926,21.80699669081926,0.0,2.398769635990119,0.0,2.398769635990119
2023-01-05 00:00:00-08:00,1.0219452074999993,1.0219452074999993,26.42300538804058,26.42300538804058,-25.40106018054058,-25.40106018054058,25.40106018054058,0.0,2.7941166198594636,0.0,2.7941166198594636
2023-01-06 00:00:00-08:00,1.6190653355999995,1.6190653355999995,25.03519516558161,25.03519516558161,-23.416129829981607,-23.416129829981607,23.416129829981607,0.0,2.575774281297977,0.0,2.575774281297977
2023-01-07 00:00:00-08:00,0.8182416932999995,0.8182416932999995,27.089672438603838,27.089672438603838,-26.27143074530384,-26.27143074530384,26.27143074530384,0.0,2.8898573819834223,0.0,2.8898573819834223
2023-01-08 00:00:00-08:00,0.8219355389999996,0.8219355389999996,26.280755382335407,26.280755382335407,-25.45881984333541,-25.45881984333541,25.45881984333541,0.0,2.800470182766895,0.0,2.800470182766895
2023-01-09 00:00:00-08:00,0.9355340267999995,0.9355340267999995,26.934361487928854,26.934361487928854,-25.998827461128855,-25.998827461128855,25.998827461128855,0.0,2.859871020724174,0.0,2.859871020724174
2023-01-10 00:00:00-08:00,5.772628133999999,5.772628133999999,26.332424535717347,26.332424535717347,-20.55979640171735,-20.55979640171735,20.924899728737145,0.3651033270197957,2.301738970161086,0.020080682986088765,2.2816582871749973
2023-01-11 00:00:00-08:00,3.880066506299999,3.880066506299999,25.854566211183645,25.854566211183645,-21.974499704883645,-21.974499704883645,21.974499704883645,0.0,2.417194967537201,0.0,2.417194967537201
2023-01-12 00:00:00-08:00,0.6100421417999994,0.6100421417999994,24.14726633217817,24.14726633217817,-23.537224190378172,-23.537224190378172,23.537224190378172,0.0,2.589094660941599,0.0,2.589094660941599
2023-01-13 00:00:00-08:00,0.7670697110999996,0.7670697110999996,25.874942197738473,25.874942197738473,-25.107872486638474,-25.107872486638474,25.107872486638474,0.0,2.761865973530232,0.0,2.761865973530232
2023-01-14 00:00:00-08:00,4.837066205399999,4.837066205399999,26.34897810304089,26.34897810304089,-21.51191189764089,-21.51191189764089,21.78563547053629,0.27372357289539734,2.3964199017589918,0.015054796509246854,2.381365105249745
2023-01-15 00:00:00-08:00,0.9887732747999993,0.9887732747999993,26.048003190196397,26.048003190196397,-25.059229915396397,-25.059229915396397,25.059229915396397,0.0,2.7565152906936037,0.0,2.7565152906936037
2023-01-16 00:00:00-08:00,4.902135449399999,4.902135449399999,26.556883092900694,26.556883092900694,-21.654747643500695,-21.654747643500695,22.098320042402776,0.44357239890208205,2.4308152046643055,0.024396481939614512,2.406418722724691
2023-01-17 00:00:00-08:00,1.4460273953999994,1.4460273953999994,26.791552639691407,26.791552639691407,-25.345525244291405,-25.345525244291405,25.345525244291405,0.0,2.7880077768720546,0.0,2.7880077768720546
2023-01-18 00:00:00-08:00,0.8738596682999997,0.8738596682999997,23.279769038114054,23.279769038114054,-22.405909369814054,-22.405909369814054,22.405909369814054,0.0,2.464650030679546,0.0,2.464650030679546
2023-01-19 00:00:00-08:00,1.8682795691999994,1.8682795691999994,26.498452266756036,26.498452266756036,-24.630172697556038,-24.630172697556038,24.630172697556038,0.0,2.7093189967311644,0.0,2.7093189967311644
2023-01-20 00:00:00-08:00,4.935323490299999,4.935323490299999,25.494191186042745,25.494191186042745,-20.558867695742748,-20.558867695742748,20.99432048226489,0.43545278652214264,2.309375253049138,0.023949903258717844,2.28542534979042
2023-01-21 00:00:00-08:00,1.1652260615999996,1.1652260615999996,27.305317363587466,27.305317363587466,-26.140091301987468,-26.140091301987468,26.140091301987468,0.0,2.8754100432186216,0.0,2.8754100432186216
2023-01-22 00:00:00-08:00,3.0680964323999995,3.0680964323999995,27.595197146802313,27.595197146802313,-24.527100714402312,-24.527100714402312,24.527100714402312,0.0,2.697981078584254,0.0,2.697981078584254
2023-01-23 00:00:00-08:00,3.8806303310999994,3.8806303310999994,23.852050071078924,23.852050071078924,-19.971419739978924,-19.971419739978924,20.266082809259128,0.29466306928020314,2.229269109018504,0.016206468810411174,2.2130626402080926
2023-01-24 00:00:00-08:00,1.3306530716999994,1.3306530716999994,24.84973588368785,24.84973588368785,-23.519082811987847,-23.519082811987847,23.519082811987847,0.0,2.5870991093186633,0.0,2.5870991093186633
2023-01-25 00:00:00-08:00,1.0633087538999992,1.0633087538999992,25.273786038304586,25.273786038304586,-24.210477284404586,-24.210477284404586,24.210477284404586,0.0,2.6631525012845043,0.0,2.6631525012845043
2023-01-26 00:00:00-08:00,0.9497916521999993,0.9497916521999993,22.911606126540033,22.911606126540033,-21.961814474340034,-21.961814474340034,21.961814474340034,0.0,2.415799592177404,0.0,2.415799592177404
2023-01-27 00:00:00-08:00,2.1945817673999994,2.1945817673999994,23.01095159053778,23.01095159053778,-20.81636982313778,-20.81636982313778,20.81636982313778,0.0,2.289800680545156,0.0,2.289800680545156
2023-01-28 00:00:00-08:00,2.507308829999999,2.507308829999999,24.027958946574703,24.027958946574703,-21.520650116574704,-21.520650116574704,21.683425796893488,0.16277568031878364,2.3851768376582836,0.0089526624175331,2.3762241752407505
2023-01-29 00:00:00-08:00,7.702316657099999,7.702316657099999,27.10412399489546,27.10412399489546,-19.40180733779546,-19.40180733779546,20.347024840499092,0.9452175027036316,2.2381727324549003,0.05198696264869974,2.1861857698062006
2023-01-30 00:00:00-08:00,5.354299789199999,5.354299789199999,21.958134096642834,21.958134096642834,-16.603834307442835,-16.603834307442835,16.85172332442317,0.24788901698033705,1.8536895656865486,0.013633895933918538,1.84005566975263
2023-01-31 00:00:00-08:00,1.6897469723999994,1.6897469723999994,26.88174441168495,26.88174441168495,-25.19199743928495,-25.19199743928495,25.19199743928495,0.0,2.7711197183213447,0.0,2.7711197183213447
2023-02-01 00:00:00-08:00,4.566745758599999,4.566745758599999,26.562872179240713,26.562872179240713,-21.996126420640714,-21.996126420640714,22.223783700574558,0.22765727993384377,2.444616207063201,0.012521150396361407,2.4320950566668396
2023-02-02 00:00:00-08:00,4.9088447577,4.9088447577,23.653048169485743,23.653048169485743,-18.744203411785744,-18.744203411785744,19.105249842644177,0.36104643085843396,2.1015774826908595,0.019857553697213867,2.0817199289936457
2023-02-03 00:00:00-08:00,1.1069086940999997,1.1069086940999997,21.976165908586008,21.976165908586008,-20.86925721448601,-20.86925721448601,20.86925721448601,0.0,2.295618293593461,0.0,2.295618293593461
2023-02-04 00:00:00-08:00,1.4099310548999997,1.4099310548999997,25.41113456943395,25.41113456943395,-24.00120351453395,-24.00120351453395,24.00120351453395,0.0,2.6401323865987347,0.0,2.6401323865987347
2023-02-05 00:00:00-08:00,1.4407335215999992,1.4407335215999992,25.87558005942338,25.87558005942338,-24.434846537823383,-24.434846537823383,24.434846537823383,0.0,2.687833119160572,0.0,2.687833119160572
2023-02-06 00:00:00-08:00,1.2425085827999993,1.2425085827999993,22.907151696936857,22.907151696936857,-21.664643114136858,-21.664643114136858,21.664643114136858,0.0,2.3831107425550546,0.0,2.3831107425550546
2023-02-07 00:00:00-08:00,2.3377469210999995,2.3377469210999995,22.215313033542873,22.215313033542873,-19.877566112442874,-19.877566112442874,19.976040262653747,0.09847415021087352,2.197364428891912,0.005416078261598044,2.191948350630314
2023-02-08 00:00:00-08:00,4.142697739199999,4.142697739199999,24.072442893327846,24.072442893327846,-19.92974515412785,-19.92974515412785,20.326664826801366,0.39691967267351813,2.2359331309481503,0.021830581997043498,2.214102548951107
2023-02-09 00:00:00-08:00,3.751599142799999,3.751599142799999,24.83447409252332,24.83447409252332,-21.08287494972332,-21.08287494972332,21.909351361473266,0.8264764117499461,2.4100286497620593,0.045456202646247036,2.3645724471158123
2023-02-10 00:00:00-08:00,5.2431318629999994,5.2431318629999994,25.369726892072237,25.369726892072237,-20.126595029072234,-20.126595029072234,20.41578200394384,0.2891869748716048,2.245736020433822,0.015905283617938262,2.229830736815884
2023-02-11 00:00:00-08:00,4.561866707399999,4.561866707399999,24.086732307237796,24.086732307237796,-19.524865599837796,-19.524865599837796,19.646977593592442,0.12211199375464654,2.1611675352951685,0.00671615965650556,2.1544513756386627
2023-02-12 00:00:00-08:00,4.3428164228999995,4.3428164228999995,25.55606990569307,25.55606990569307,-21.213253482793075,-21.213253482793075,21.332947133215768,0.11969365042269553,2.3466241846537343,0.006583150773248254,2.3400410338804862
2023-02-13 00:00:00-08:00,1.9068923042999995,1.9068923042999995,24.69262590691915,24.69262590691915,-22.78573360261915,-22.78573360261915,22.78573360261915,0.0,2.5064306962881067,0.0,2.5064306962881067
2023-02-14 00:00:00-08:00,4.4835217011,4.4835217011,23.763598589181324,23.763598589181324,-19.28007688808132,-19.28007688808132,19.619535084130273,0.3394581960489515,2.15814885925433,0.018670200782692332,2.1394786584716377
2023-02-15 00:00:00-08:00,7.688246859899999,7.688246859899999,22.99522930933309,22.99522930933309,-15.306982449433091,-15.306982449433091,16.525414524628683,1.2184320751955915,1.817795597709155,0.06701376413575753,1.7507818335733976
2023-02-16 00:00:00-08:00,2.3123745917999994,2.3123745917999994,24.348428518698597,24.348428518698597,-22.036053926898596,-22.036053926898596,22.036053926898596,0.0,2.4239659319588456,0.0,2.4239659319588456
2023-02-17 00:00:00-08:00,2.1336328097999995,2.1336328097999995,24.192177674461796,24.192177674461796,-22.058544864661798,-22.058544864661798,22.058544864661798,0.0,2.4264399351127977,0.0,2.4264399351127977
2023-02-18 00:00:00-08:00,2.0550318461999995,2.0550318461999995,29.184644938999224,29.184644938999224,-27.129613092799225,-27.129613092799225,27.129613092799225,0.0,2.984257440207915,0.0,2.984257440207915
2023-02-19 00:00:00-08:00,1.1147167160999991,1.1147167160999991,26.239291212280946,26.239291212280946,-25.124574496180948,-25.124574496180948,25.124574496180948,0.0,2.763703194579904,0.0,2.763703194579904
2023-02-20 00:00:00-08:00,1.1383197839999992,1.1383197839999992,24.722932730736563,24.722932730736563,-23.584612946736566,-23.584612946736566,23.584612946736566,0.0,2.5943074241410224,0.0,2.5943074241410224
2023-02-21 00:00:00-08:00,3.5397560249999995,3.5397560249999995,22.78646398898073,22.78646398898073,-19.246707963980732,-19.246707963980732,19.741182416342944,0.4944744523622136,2.171530065797724,0.027196094879921747,2.144333970917802
2023-02-22 00:00:00-08:00,3.4787296880999996,3.4787296880999996,25.675418847868283,25.675418847868283,-22.196689159768283,-22.196689159768283,22.196689159768283,0.0,2.441635807574511,0.0,2.441635807574511
2023-02-23 00:00:00-08:00,6.8687617760999995,6.8687617760999995,21.768404632906464,21.768404632906464,-14.899642856806466,-14.899642856806466,16.348735613678546,1.44909275687208,1.79836091750464,0.0797001016279644,1.7186608158766756
2023-02-24 00:00:00-08:00,8.6393104038,8.6393104038,26.24869820972232,26.24869820972232,-17.60938780592232,-17.60938780592232,19.224949193096446,1.6155613871741235,2.114744411240609,0.0888558762945768,2.0258885349460325
2023-02-25 00:00:00-08:00,4.2938665488,4.2938665488,25.949040218909236,25.949040218909236,-21.655173670109235,-21.655173670109235,21.655173670109235,0.0,2.382069103712016,0.0,2.382069103712016
2023-02-26 00:00:00-08:00,5.750911855799999,5.750911855799999,24.922373722981057,24.922373722981057,-19.17146186718106,-19.17146186718106,19.538782364105455,0.3673204969243963,2.1492660600516,0.020202627330841796,2.1290634327207583
2023-02-27 00:00:00-08:00,2.7029249309249996,2.7029249309249996,24.16835865932485,24.16835865932485,-21.465433728399848,-21.465433728399848,21.465433728399848,0.0,2.3611977101239834,0.0,2.3611977101239834
2023-02-28 00:00:00-08:00,3.068275646924999,3.068275646924999,26.399554142418488,26.399554142418488,-23.33127849549349,-23.33127849549349,23.39767095350465,0.06639245801116328,2.5737438048855115,0.0036515851906139805,2.5700922196948977
2023-03-01 00:00:00-08:00,4.4848188567,4.4848188567,26.585706104413482,26.585706104413482,-22.100887247713484,-22.100887247713484,22.100887247713484,0.0,2.4310975972484834,0.0,2.4310975972484834
2023-03-02 00:00:00-08:00,3.128129006624999,3.128129006624999,24.860301195664967,24.860301195664967,-21.732172189039968,-21.732172189039968,21.732172189039968,0.0,2.3905389407943964,0.0,2.3905389407943964
2023-03-03 00:00:00-08:00,2.2519949912999992,2.2519949912999992,22.306777635537113,22.306777635537113,-20.054782644237115,-20.054782644237115,20.054782644237115,0.0,2.2060260908660827,0.0,2.2060260908660827
2023-03-04 00:00:00-08:00,1.9251407834999992,1.9251407834999992,26.0821850337459,26.0821850337459,-24.157044250245903,-24.157044250245903,24.157044250245903,0.0,2.6572748675270494,0.0,2.6572748675270494
2023-03-05 00:00:00-08:00,5.439997251224999,5.439997251224999,28.467440184016187,28.467440184016187,-23.02744293279119,-23.02744293279119,23.18843976507781,0.16099683228662287,2.550728374158559,0.008854825775764259,2.541873548382795
2023-03-06 00:00:00-08:00,5.314237512524999,5.314237512524999,24.753363672155814,24.753363672155814,-19.439126159630813,-19.439126159630813,19.439126159630813,0.0,2.1383038775593897,0.0,2.1383038775593897
2023-03-07 00:00:00-08:00,6.404503925699999,6.404503925699999,26.157263910731295,26.157263910731295,-19.752759985031297,-19.752759985031297,20.062049335206343,0.3092893501750455,2.206825426872698,0.017010914259627502,2.1898145126130704
2023-03-08 00:00:00-08:00,3.7930481441999992,3.7930481441999992,22.225089350687018,22.225089350687018,-18.432041206487018,-18.432041206487018,18.54493558315916,0.11289437667214325,2.0399429141475074,0.006209190716967879,2.0337337234305397
2023-03-09 00:00:00-08:00,3.3470279372249996,3.3470279372249996,23.26996685952201,23.26996685952201,-19.92293892229701,-19.92293892229701,19.92293892229701,0.0,2.191523281452671,0.0,2.191523281452671
2023-03-10 00:00:00-08:00,3.6162776240999994,3.6162776240999994,21.750885619933165,21.750885619933165,-18.134607995833164,-18.134607995833164,18.194312365646088,0.059704369812922986,2.0013743602210696,0.003283740339710764,1.9980906198813588
2023-03-11 00:00:00-08:00,4.560886871325,4.560886871325,26.894106592752397,26.894106592752397,-22.333219721427398,-22.333219721427398,22.73506371253188,0.40184399110448266,2.5008570083785067,0.022101419510746546,2.47875558886776
2023-03-12 00:00:00-08:00,2.831857661024999,2.831857661024999,27.665771410206627,27.665771410206627,-24.833913749181626,-24.833913749181626,24.833913749181626,0.0,2.7317305124099787,0.0,2.7317305124099787
2023-03-13 00:00:00-07:00,3.7453135292999993,3.7453135292999993,26.89317009808667,26.89317009808667,-23.147856568786672,-23.147856568786672,23.712453396477564,0.5645968276908937,2.608369873612532,0.031052825522999154,2.5773170480895327
2023-03-14 00:00:00-07:00,9.049816964699998,9.049816964699998,23.94359562189289,23.94359562189289,-14.893778657192893,-14.893778657192893,17.65495783484,2.7611791776471106,1.9420453618324,0.15186485477059108,1.7901805070618089
2023-03-15 00:00:00-07:00,6.401375769824999,6.401375769824999,26.639675609196125,26.639675609196125,-20.238299839371127,-20.238299839371127,21.25507759583945,1.016777756468323,2.3380585355423396,0.055922776605757764,2.282135758936582
2023-03-16 00:00:00-07:00,8.106102075599999,8.106102075599999,24.492042699080564,24.492042699080564,-16.385940623480565,-16.385940623480565,18.20537266717027,1.819432043689704,2.0025909933887296,0.10006876240293372,1.9025222309857959
2023-03-17 00:00:00-07:00,8.043125951925,8.043125951925,24.048524510068063,24.048524510068063,-16.005398558143064,-16.005398558143064,18.09175427147201,2.086355713328943,1.990092969861921,0.11474956423309188,1.8753434056288292
2023-03-18 00:00:00-07:00,9.3618745974,9.3618745974,27.105130620722736,27.105130620722736,-17.743256023322736,-17.743256023322736,20.069358646047277,2.32610262272454,2.2076294510652006,0.1279356442498497,2.0796938068153508
2023-03-19 00:00:00-07:00,3.2123495767499994,3.2123495767499994,26.727034227591243,26.727034227591243,-23.514684650841247,-23.514684650841247,23.514684650841247,0.0,2.586615311592537,0.0,2.586615311592537
2023-03-20 00:00:00-07:00,3.914336609999999,3.914336609999999,22.526714410529213,22.526714410529213,-18.612377800529213,-18.612377800529213,19.320465563374107,0.7080877628448927,2.1252512119711517,0.0389448269564691,2.086306385014683
2023-03-21 00:00:00-07:00,7.814509370999999,7.814509370999999,24.471942216183486,24.471942216183486,-16.65743284518349,-16.65743284518349,19.143523789286295,2.486090944102805,2.1057876168214924,0.1367350019256543,1.969052614895838
2023-03-22 00:00:00-07:00,9.7079330466,9.7079330466,22.899663019912293,22.899663019912293,-13.191729973312293,-13.191729973312293,16.30210804463148,3.1103780713191878,1.7932318849094628,0.17107079392255534,1.6221610909869075
2023-03-23 00:00:00-07:00,3.1812591314249996,3.1812591314249996,25.162727666465965,25.162727666465965,-21.981468535040964,-21.981468535040964,21.99897452425315,0.01750598921218538,2.4198871976678467,0.0009628294066701959,2.4189243682611763
2023-03-24 00:00:00-07:00,2.9234771120249996,2.9234771120249996,26.96714405985879,26.96714405985879,-24.043666947833792,-24.043666947833792,24.043666947833792,0.0,2.6448033642617172,0.0,2.6448033642617172
2023-03-25 00:00:00-07:00,7.779598148249999,7.779598148249999,25.761618323543253,25.761618323543253,-17.982020175293254,-17.982020175293254,19.877672196226175,1.8956520209329213,2.1865439415848793,0.10426086115131067,2.0822830804335686
2023-03-26 00:00:00-07:00,5.831171852624999,5.831171852624999,25.839949740143737,25.839949740143737,-20.008777887518736,-20.008777887518736,21.53668782031584,1.527909932797104,2.3690356602347427,0.08403504630384072,2.285000613930902
2023-03-27 00:00:00-07:00,8.74037586015,8.74037586015,22.934986506447665,22.934986506447665,-14.194610646297663,-14.194610646297663,16.28468305714475,2.0900724108470854,1.7913151362859225,0.11495398259658969,1.6763611536893328
2023-03-28 00:00:00-07:00,4.408537176899999,4.408537176899999,22.242411000073865,22.242411000073865,-17.833873823173864,-17.833873823173864,18.067463818073904,0.23358999490003968,1.9874210199881295,0.012847449719502182,1.9745735702686273
2023-03-29 00:00:00-07:00,6.782579910449999,6.782579910449999,23.001625463325322,23.001625463325322,-16.219045552875322,-16.219045552875322,17.83799224341358,1.6189466905382592,1.9621791467754939,0.08904206797960426,1.8731370787958896
2023-03-30 00:00:00-07:00,6.6103046459999995,6.6103046459999995,25.769254538755327,25.769254538755327,-19.158949892755327,-19.158949892755327,20.574889564077285,1.4159396713219554,2.2632378520485013,0.07787668192270755,2.185361170125794
2023-03-31 00:00:00-07:00,2.392134865199999,2.392134865199999,25.962806796841804,25.962806796841804,-23.570671931641805,-23.570671931641805,23.570671931641805,0.0,2.5927739124805984,0.0,2.5927739124805984
2023-04-01 00:00:00-07:00,7.198985250449999,7.198985250449999,26.032108385682644,26.032108385682644,-18.833123135232647,-18.833123135232647,20.922569770683744,2.089446635451097,2.3014826747752117,0.11491956494981034,2.1865631098254013
2023-04-02 00:00:00-07:00,5.158559742749999,5.158559742749999,28.685913402198963,28.685913402198963,-23.527353659448966,-23.527353659448966,23.995835276405106,0.4684816169561399,2.6395418804045616,0.025766488932587695,2.613775391471974
2023-04-03 00:00:00-07:00,7.004302290449999,7.004302290449999,23.490496965968603,23.490496965968603,-16.486194675518604,-16.486194675518604,19.224073685444793,2.737879009926187,2.1146481053989272,0.15058334554594027,1.964064759852987
2023-04-04 00:00:00-07:00,8.926000467299998,8.926000467299998,22.868365919087527,22.868365919087527,-13.942365451787527,-13.942365451787527,16.838380847443524,2.8960153956559953,1.8522218932187877,0.15928084676107973,1.692941046457708
2023-04-05 00:00:00-07:00,5.863070210849999,5.863070210849999,22.983670218614023,22.983670218614023,-17.120600007764022,-17.120600007764022,17.913787668144767,0.7931876603807448,1.9705166434959245,0.04362532132094097,1.9268913221749835
2023-04-06 00:00:00-07:00,2.7207081737999994,2.7207081737999994,22.171710102585685,22.171710102585685,-19.451001928785686,-19.451001928785686,19.451001928785686,0.0,2.1396102121664256,0.0,2.1396102121664256
2023-04-07 00:00:00-07:00,6.373007004149999,6.373007004149999,26.04568411193778,26.04568411193778,-19.672677107787784,-19.672677107787784,21.06715209595077,1.3944749881629876,2.3173867305545848,0.07669612434896432,2.2406906062056207
2023-04-08 00:00:00-07:00,2.7920287952999994,2.7920287952999994,27.85803599962154,27.85803599962154,-25.06600720432154,-25.06600720432154,25.06600720432154,0.0,2.7572607924753694,0.0,2.7572607924753694
2023-04-09 00:00:00-07:00,2.5628514830999993,2.5628514830999993,24.74444756049119,24.74444756049119,-22.18159607739119,-22.18159607739119,22.18159607739119,0.0,2.439975568513031,0.0,2.439975568513031
2023-04-10 00:00:00-07:00,2.291780960099999,2.291780960099999,23.406686633279826,23.406686633279826,-21.114905673179827,-21.114905673179827,21.114905673179827,0.0,2.322639624049781,0.0,2.322639624049781
2023-04-11 00:00:00-07:00,9.0324631548,9.0324631548,22.723260983316266,22.723260983316266,-13.690797828516267,-13.690797828516267,16.282531757254528,2.5917339287382597,1.7910784932979982,0.14254536608060428,1.648533127217394
2023-04-12 00:00:00-07:00,9.664718056199998,9.664718056199998,25.351627116078628,25.351627116078628,-15.68690905987863,-15.68690905987863,18.43858296697042,2.7516739070917895,2.028244126366746,0.15134206489004842,1.8769020614766974
2023-04-13 00:00:00-07:00,5.659173944999999,5.659173944999999,24.711241904371587,24.711241904371587,-19.052067959371588,-19.052067959371588,19.958251202762412,0.9061832433908243,2.195407632303865,0.04984007838649534,2.14556755391737
2023-04-14 00:00:00-07:00,9.883890242999998,9.883890242999998,22.98887764998228,22.98887764998228,-13.10498740698228,-13.10498740698228,16.134523754218886,3.0295363472366064,1.7747976129640775,0.16662449909801336,1.608173113866064
2023-04-15 00:00:00-07:00,3.3489197036999987,3.3489197036999987,24.89100825672174,24.89100825672174,-21.542088553021742,-21.542088553021742,21.542088553021742,0.0,2.3696297408323916,0.0,2.3696297408323916
2023-04-16 00:00:00-07:00,5.052213391499999,5.052213391499999,27.405045646019794,27.405045646019794,-22.352832254519793,-22.352832254519793,23.2808349677656,0.9280027132458052,2.560891846454216,0.05104014922851929,2.5098516972256966
2023-04-17 00:00:00-07:00,4.543241545799999,4.543241545799999,25.57922144173387,25.57922144173387,-21.03597989593387,-21.03597989593387,21.16989399982725,0.13391410389337677,2.3286883399809972,0.007365275714135722,2.3213230642668616
2023-04-18 00:00:00-07:00,6.187092215849999,6.187092215849999,23.10923314293961,23.10923314293961,-16.922140927089607,-16.922140927089607,17.639808240714764,0.7176673136251559,1.940378906478624,0.039471702249383574,1.9009072042292405
2023-04-19 00:00:00-07:00,9.619699981499998,9.619699981499998,22.28982793273203,22.28982793273203,-12.670127951232034,-12.670127951232034,15.48702173328639,2.8168937820543567,1.703572390661503,0.15492915801298962,1.5486432326485133
2023-04-20 00:00:00-07:00,2.947355529299999,2.947355529299999,25.746304594552747,25.746304594552747,-22.79894906525275,-22.79894906525275,22.79894906525275,0.0,2.5078843971778024,0.0,2.5078843971778024
2023-04-21 00:00:00-07:00,3.717988480349999,3.717988480349999,22.313781563213272,22.313781563213272,-18.59579308286327,-18.59579308286327,18.61161624732895,0.015823164465676443,2.0472777872061845,0.0008702740456122043,2.046407513160572
2023-04-22 00:00:00-07:00,5.020212740399999,5.020212740399999,26.592209600228593,26.592209600228593,-21.57199685982859,-21.57199685982859,22.072593893098094,0.5005970332695018,2.4279853282407906,0.027532836829822598,2.400452491410968
2023-04-23 00:00:00-07:00,3.8091959707499994,3.8091959707499994,27.058247262775872,27.058247262775872,-23.24905129202587,-23.24905129202587,23.24905129202587,0.0,2.557395642122846,0.0,2.557395642122846
2023-04-24 00:00:00-07:00,6.902456481449999,6.902456481449999,25.800918159644205,25.800918159644205,-18.898461678194206,-18.898461678194206,20.194887557082353,1.2964258788881466,2.2214376312790587,0.07130342333884807,2.150134207940211
2023-04-25 00:00:00-07:00,8.6158975671,8.6158975671,25.495680097603927,25.495680097603927,-16.879782530503928,-16.879782530503928,19.545122557493674,2.665340026989747,2.149963481324304,0.1465937014844361,2.003369779839868
2023-04-26 00:00:00-07:00,9.49609989855,9.49609989855,26.138198313241624,26.138198313241624,-16.642098414691628,-16.642098414691628,18.872003368368443,2.2299049536768165,2.075920370520529,0.12264477245222491,1.953275598068304
2023-04-27 00:00:00-07:00,10.74927048705,10.74927048705,23.913598104105606,23.913598104105606,-13.164327617055607,-13.164327617055607,16.430026031280292,3.265698414224685,1.8073028634408321,0.17961341278235768,1.6276894506584745
2023-04-28 00:00:00-07:00,10.65237741495,10.65237741495,25.705218317806168,25.705218317806168,-15.052840902856168,-15.052840902856168,17.94239343455123,2.889552531695064,1.9736632778006356,0.15892538924322852,1.814737888557407
2023-04-29 00:00:00-07:00,10.667587964849998,10.667587964849998,27.41547450382547,27.41547450382547,-16.74788653897547,-16.74788653897547,19.552668257888996,2.8047817189135253,2.1507935083677894,0.1542629945402439,1.9965305138275455
2023-04-30 00:00:00-07:00,3.425686211699999,3.425686211699999,24.372923469720973,24.372923469720973,-20.947237258020973,-20.947237258020973,20.947237258020973,0.0,2.304196098382307,0.0,2.304196098382307
2023-05-01 00:00:00-07:00,2.690251251749999,2.690251251749999,24.715795717896768,24.715795717896768,-22.02554446614677,-22.02554446614677,22.02554446614677,0.0,2.4228098912761444,0.0,2.4228098912761444
2023-05-02 00:00:00-07:00,8.908506723149998,8.908506723149998,22.546015122339742,22.546015122339742,-13.637508399189743,-13.637508399189743,16.17666136288493,2.5391529636951873,1.7794327499173421,0.1396534130032353,1.6397793369141067
2023-05-03 00:00:00-07:00,10.30102524585,10.30102524585,25.98180553782962,25.98180553782962,-15.680780291979621,-15.680780291979621,18.426703145267577,2.7459228532879534,2.0269373459794333,0.15102575693083745,1.8759115890485958
2023-05-04 00:00:00-07:00,2.922588176849999,2.922588176849999,25.72733568220493,25.72733568220493,-22.804747505354932,-22.804747505354932,22.804747505354932,0.0,2.5085222255890427,0.0,2.5085222255890427
2023-05-05 00:00:00-07:00,2.536297162649999,2.536297162649999,23.526163629518123,23.526163629518123,-20.989866466868122,-20.989866466868122,20.989866466868122,0.0,2.3088853113554935,0.0,2.3088853113554935
2023-05-06 00:00:00-07:00,5.563990277999999,5.563990277999999,26.71149101835396,26.71149101835396,-21.147500740353962,-21.147500740353962,21.539816603472012,0.39231586311804784,2.3693798263819215,0.02157737247149263,2.347802453910429
2023-05-07 00:00:00-07:00,6.924659512949999,6.924659512949999,26.373964652366283,26.373964652366283,-19.449305139416282,-19.449305139416282,20.69257955719624,1.2432744177799577,2.2761837512915863,0.06838009297789767,2.2078036583136886
2023-05-08 00:00:00-07:00,9.173709537299999,9.173709537299999,25.64380895744179,25.64380895744179,-16.470099420141793,-16.470099420141793,18.243695961352238,1.7735965412104429,2.0068065557487462,0.09754780976657436,1.909258745982172
2023-05-09 00:00:00-07:00,8.7555404439,8.7555404439,24.9046924946866,24.9046924946866,-16.1491520507866,-16.1491520507866,18.540359297172866,2.391207246386262,2.0394395226890154,0.13151639855124442,1.907923124137771
2023-05-10 00:00:00-07:00,10.927584416249998,10.927584416249998,26.326845545431873,26.326845545431873,-15.399261129181877,-15.399261129181877,18.433419695174386,3.034158565992512,2.0276761664691825,0.16687872112958815,1.8607974453395943
2023-05-11 00:00:00-07:00,10.71985218885,10.71985218885,22.8260571959302,22.8260571959302,-12.1062050070802,-12.1062050070802,15.38935792913729,3.2831529220570896,1.692829372205102,0.18057341071313993,1.5122559614919622
2023-05-12 00:00:00-07:00,10.718368706249999,10.718368706249999,23.77656583796226,23.77656583796226,-13.05819713171226,-13.05819713171226,16.235125571225872,3.176928439513612,1.7858638128348459,0.17473106417324866,1.6111327486615972
2023-05-13 00:00:00-07:00,10.579773309299998,10.579773309299998,25.411827749068532,25.411827749068532,-14.832054439768534,-14.832054439768534,17.83574398983744,3.0036895500689065,1.9619318388821183,0.16520292525378985,1.7967289136283284
2023-05-14 00:00:00-07:00,10.464075315179564,10.464075315179564,24.236794907810598,24.236794907810598,-13.772719592631036,-13.772719592631036,16.688683350706945,2.915963758075911,1.835755168577764,0.1603780066941751,1.6753771618835889
2023-05-15 00:00:00-07:00,8.226349821,8.226349821,21.666489992813887,21.666489992813887,-13.440140171813887,-13.440140171813887,15.19744849913503,1.7573083273211434,1.6717193349048534,0.0966519580026629,1.5750673769021906
2023-05-16 00:00:00-07:00,9.864534581549998,9.864534581549998,22.91572428465653,22.91572428465653,-13.051189703106532,-13.051189703106532,15.892342448010938,2.841152744904405,1.748157669281203,0.15626340096974228,1.5918942683114607
2023-05-17 00:00:00-07:00,8.312956157699999,8.312956157699999,21.979284331130295,21.979284331130295,-13.666328173430298,-13.666328173430298,15.490986248366772,1.8246580749364751,1.704008487320345,0.10035619412150613,1.6036522931988388
2023-05-18 00:00:00-07:00,9.1153339389,9.1153339389,26.514582273084038,26.514582273084038,-17.39924833418404,-17.39924833418404,18.959122581042426,1.5598742468583862,2.0855034839146667,0.08579308357721124,1.9997104003374555
2023-05-19 00:00:00-07:00,9.742012271099998,9.742012271099998,26.311150525005303,26.311150525005303,-16.5691382539053,-16.5691382539053,18.911014989397678,2.3418767354923746,2.0802116488337448,0.12880322045208062,1.9514084283816642
2023-05-20 00:00:00-07:00,9.50540524065,9.50540524065,24.11958649982647,24.11958649982647,-14.614181259176474,-14.614181259176474,16.787964082254703,2.173782823078228,1.8466760490480174,0.11955805526930254,1.7271179937787149
2023-05-21 00:00:00-07:00,3.303680492249999,3.303680492249999,25.160030873611497,25.160030873611497,-21.856350381361498,-21.856350381361498,21.856350381361498,0.0,2.4041985419497647,0.0,2.4041985419497647
2023-05-22 00:00:00-07:00,4.450332005099999,4.450332005099999,22.513521114188844,22.513521114188844,-18.063189109088846,-18.063189109088846,18.084075597112015,0.020886488023170002,1.9892483156823217,0.0011487568412743502,1.9880995588410475
2023-05-23 00:00:00-07:00,7.190868660299999,7.190868660299999,25.287042365587862,25.287042365587862,-18.096173705287864,-18.096173705287864,19.179632017301316,1.083458312013454,2.1097595219031446,0.05959020716073997,2.0501693147424045
2023-05-24 00:00:00-07:00,8.83849272885,8.83849272885,23.308666828565983,23.308666828565983,-14.470174099715983,-14.470174099715983,17.44209821579956,2.9719241160835788,1.9186308037379518,0.16345582638459683,1.755174977353355
2023-05-25 00:00:00-07:00,9.951030555749998,9.951030555749998,23.217952028508172,23.217952028508172,-13.266921472758172,-13.266921472758172,16.354905825960408,3.0879843532022346,1.7990396408556448,0.16983913942612291,1.6292005014295219
2023-05-26 00:00:00-07:00,10.02086285085,10.02086285085,21.97237959040175,21.97237959040175,-11.951516739551753,-11.951516739551753,15.271528880107645,3.320012140555892,1.679868176811841,0.18260066773057407,1.497267509081267
2023-05-27 00:00:00-07:00,7.967696271299999,7.967696271299999,26.836077640775354,26.836077640775354,-18.868381369475355,-18.868381369475355,21.205495853430584,2.337114483955228,2.3326045438773644,0.12854129661753755,2.204063247259827
2023-05-28 00:00:00-07:00,7.732522996199999,7.732522996199999,28.780405663661202,28.780405663661202,-21.047882667461206,-21.047882667461206,23.3110513710572,2.263168703595997,2.564215650816292,0.12447427869777983,2.439741372118512
2023-05-29 00:00:00-07:00,7.636174343999999,7.636174343999999,23.17280106593186,23.17280106593186,-15.53662672193186,-15.53662672193186,18.270261535070482,2.7336348131386212,2.009728768857753,0.15034991472262416,1.8593788541351288
2023-05-30 00:00:00-07:00,8.071880928299999,8.071880928299999,23.91656874429136,23.91656874429136,-15.844687815991364,-15.844687815991364,18.417762860047368,2.5730750440560053,2.0259539146052106,0.1415191274230803,1.8844347871821303
2023-05-31 00:00:00-07:00,6.7031866088999985,6.7031866088999985,25.115200568176274,25.115200568176274,-18.412013959276273,-18.412013959276273,20.133219564803397,1.7212056055271239,2.214654152128374,0.09466630830399181,2.119987843824382
2023-06-01 00:00:00-07:00,9.83048855625,9.83048855625,22.73550954733296,22.73550954733296,-12.90502099108296,-12.90502099108296,15.958151406436984,3.0531304153540253,1.7553966547080684,0.1679221728444714,1.587474481863597
2023-06-02 00:00:00-07:00,10.26689829615,10.26689829615,25.102464275414004,25.102464275414004,-14.835565979264006,-14.835565979264006,17.825534345333672,2.9899683660696685,1.9608087779867038,0.16444826013383176,1.796360517852872
2023-06-03 00:00:00-07:00,10.2555266211,10.2555266211,29.15124146352046,29.15124146352046,-18.89571484242046,-18.89571484242046,21.489250913091972,2.593536070671513,2.363817600440117,0.1426444838869332,2.2211731165531834
2023-06-04 00:00:00-07:00,10.724560100549999,10.724560100549999,27.605115858964467,27.605115858964467,-16.88055575841447,-16.88055575841447,19.93581913203639,3.055263373621921,2.192940104524003,0.16803948554920567,2.0249006189747973
2023-06-05 00:00:00-07:00,10.607816874824998,10.607816874824998,25.863728284842924,25.863728284842924,-15.255911410017928,-15.255911410017928,18.444576347604,3.1886649375860703,2.02890339823644,0.17537657156723388,1.853526826669206
2023-06-06 00:00:00-07:00,10.313571250124998,10.313571250124998,24.80652467045444,24.80652467045444,-14.49295342032944,-14.49295342032944,17.67154966714742,3.178596246817981,1.9438704633862163,0.17482279357498895,1.7690476698112274
2023-06-07 00:00:00-07:00,8.931633461775,8.931633461775,22.564444515066608,22.564444515066608,-13.632811053291608,-13.632811053291608,16.344407745442567,2.7115966921509598,1.7978848519986823,0.14913781806830279,1.6487470339303796
2023-06-08 00:00:00-07:00,8.864450087399998,8.864450087399998,24.787157922314,24.787157922314,-15.922707834914002,-15.922707834914002,18.60739637830199,2.684688543387989,2.0468136016132186,0.1476578698863394,1.8991557317268792
2023-06-09 00:00:00-07:00,2.684098738799999,2.684098738799999,25.62832086832355,25.62832086832355,-22.94422212952355,-22.94422212952355,22.94422212952355,0.0,2.5238644342475904,0.0,2.5238644342475904
2023-06-10 00:00:00-07:00,3.770572070474999,3.770572070474999,25.50974514095197,25.50974514095197,-21.739173070476973,-21.739173070476973,21.884908121118336,0.1457350506413635,2.407339893323017,0.008015427785274993,2.3993244655377417
2023-06-11 00:00:00-07:00,7.490116158524998,7.490116158524998,26.893439612043473,26.893439612043473,-19.403323453518475,-19.403323453518475,21.169711007067257,1.7663875535487816,2.328668210777398,0.09715131544518299,2.231516895332215
2023-06-12 00:00:00-07:00,10.014430314824999,10.014430314824999,26.83454301765186,26.83454301765186,-16.82011270282686,-16.82011270282686,19.52007898104667,2.6999662782198093,2.1472086879151338,0.14849814530208952,1.9987105426130443
2023-06-13 00:00:00-07:00,4.087288954799998,4.087288954799998,22.595000847233884,22.595000847233884,-18.507711892433882,-18.507711892433882,18.61568598640337,0.1079740939694867,2.0477254585043707,0.005938575168321769,2.041786883336049
2023-06-14 00:00:00-07:00,6.092691581924999,6.092691581924999,23.52205871126641,23.52205871126641,-17.42936712934141,-17.42936712934141,18.201467234253357,0.7721001049119443,2.0021613957678692,0.04246550577015693,1.9596958899977124
2023-06-15 00:00:00-07:00,10.009630708425,10.009630708425,25.841620876141757,25.841620876141757,-15.831990167716759,-15.831990167716759,18.662112254549598,2.8301220868328407,2.052832348000456,0.15565671477580625,1.8971756332246497
2023-06-16 00:00:00-07:00,5.402177570924999,5.402177570924999,26.209364146984644,26.209364146984644,-20.807186576059646,-20.807186576059646,20.893099968601945,0.08591339254229635,2.298240996546214,0.0047252365898263,2.2935157599563873
2023-06-17 00:00:00-07:00,4.023853945199999,4.023853945199999,26.899214034390468,26.899214034390468,-22.87536008919047,-22.87536008919047,22.901361690271944,0.026001601081473702,2.5191497859299137,0.0014300880594810537,2.5177196978704326
2023-06-18 00:00:00-07:00,5.448888138599999,5.448888138599999,27.96872705238525,27.96872705238525,-22.519838913785254,-22.519838913785254,22.679625091358055,0.159786177572803,2.494758760049386,0.008788239766504165,2.485970520282882
2023-06-19 00:00:00-07:00,6.039218633399999,6.039218633399999,21.96136797125176,21.96136797125176,-15.922149337851762,-15.922149337851762,16.448994472917143,0.5268451350653804,1.8093893920208857,0.028976482428595924,1.7804129095922898
2023-06-20 00:00:00-07:00,4.371780186224999,4.371780186224999,25.708272693145624,25.708272693145624,-21.336492506920628,-21.336492506920628,21.39761270382739,0.061120196906766844,2.353737397421013,0.0033616108298721763,2.350375786591141
2023-06-21 00:00:00-07:00,8.169007463999998,8.169007463999998,22.094784133520363,22.094784133520363,-13.925776669520365,-13.925776669520365,15.876041133676395,1.9502644641560285,1.7463645247044035,0.10726454552858157,1.6390999791758218
2023-06-22 00:00:00-07:00,9.966137950799999,9.966137950799999,24.968502200699906,24.968502200699906,-15.002364249899907,-15.002364249899907,17.92561521638891,2.923250966489003,1.97181767380278,0.16077880315689516,1.8110388706458849
2023-06-23 00:00:00-07:00,10.038037492125,10.038037492125,23.05074731962969,23.05074731962969,-13.01270982750469,-13.01270982750469,16.184371652415745,3.1716618249110575,1.780280881765732,0.17444140037010816,1.6058394813956238
2023-06-24 00:00:00-07:00,9.168827815124999,9.168827815124999,28.64025099113664,28.64025099113664,-19.47142317601164,-19.47142317601164,21.820977936853378,2.3495547608417384,2.4003075730538717,0.1292255118462956,2.271082061207576
2023-06-25 00:00:00-07:00,9.993896696024999,9.993896696024999,24.077947754085393,24.077947754085393,-14.084051058060394,-14.084051058060394,17.019696950210673,2.935645892150278,1.872166664523174,0.1614605240682653,1.7107061404549087
2023-06-26 00:00:00-07:00,9.415280396924999,9.415280396924999,24.902446777451626,24.902446777451626,-15.487166380526629,-15.487166380526629,18.067504565460116,2.5803381849334874,1.9874255022006126,0.1419186001713418,1.845506902029271
2023-06-27 00:00:00-07:00,8.473704817725,8.473704817725,25.15432571492508,25.15432571492508,-16.680620897200082,-16.680620897200082,18.964042823757495,2.2834219265574127,2.0860447106133244,0.1255882059606577,1.9604565046526667
2023-06-28 00:00:00-07:00,9.697670759025,9.697670759025,25.52471326810874,25.52471326810874,-15.82704250908374,-15.82704250908374,18.46301376415778,2.6359712550740397,2.0309315140573556,0.1449784190290722,1.8859530950282835
2023-06-29 00:00:00-07:00,10.0086750387,10.0086750387,25.436581782149894,25.436581782149894,-15.427906743449896,-15.427906743449896,18.308743524681546,2.8808367812316513,2.0139617877149703,0.15844602296774082,1.8555157647472293
2023-06-30 00:00:00-07:00,10.129950797625,10.129950797625,25.949534908666614,25.949534908666614,-15.819584111041616,-15.819584111041616,18.61595577733968,2.796371666298063,2.0477551355073644,0.15380044164639348,1.893954693860971
2023-07-01 00:00:00-07:00,10.103481039824999,10.103481039824999,24.649190138625865,24.649190138625865,-14.545709098800867,-14.545709098800867,17.548725840439147,3.003016741638281,1.9303598424483062,0.16516592079010547,1.7651939216582007
2023-07-02 00:00:00-07:00,10.337505788924998,10.337505788924998,26.024994768276592,26.024994768276592,-15.687488979351594,-15.687488979351594,18.706437862866096,3.018948883514504,2.0577081649152706,0.16604218859329772,1.891665976321973
2023-07-03 00:00:00-07:00,10.150623421199999,10.150623421199999,24.61563362838314,24.61563362838314,-14.46501020718314,-14.46501020718314,17.35713659440505,2.892126387221909,1.9092850253845552,0.159066951297205,1.7502180740873503
2023-07-04 00:00:00-07:00,9.320892833699999,9.320892833699999,24.572103006028684,24.572103006028684,-15.251210172328685,-15.251210172328685,17.607856597867237,2.35664642553855,1.936864225765396,0.12961555340462025,1.807248672360776
2023-07-05 00:00:00-07:00,9.374318287199998,9.374318287199998,26.05435131231317,26.05435131231317,-16.680033025113172,-16.680033025113172,19.285011656223,2.6049786311098257,2.1213512821845297,0.14327382471104042,1.9780774574734894
2023-07-06 00:00:00-07:00,9.556498351799998,9.556498351799998,25.952435241929933,25.952435241929933,-16.39593689012993,-16.39593689012993,18.86050535028029,2.464568460150358,2.074655588530832,0.1355512653082697,1.9391043232225622
2023-07-07 00:00:00-07:00,8.573321739599999,8.573321739599999,23.879719969997904,23.879719969997904,-15.306398230397905,-15.306398230397905,17.79287483218377,2.4864766017858644,1.9572162315402146,0.13675621309822253,1.8204600184419921
2023-07-08 00:00:00-07:00,8.529427792349999,8.529427792349999,26.530442676012854,26.530442676012854,-18.001014883662855,-18.001014883662855,20.567413247234725,2.5663983635718735,2.2624154571958197,0.14115190999645305,2.1212635471993666
2023-07-09 00:00:00-07:00,9.199075726799999,9.199075726799999,25.170927748690424,25.170927748690424,-15.971852021890424,-15.971852021890424,18.60405412797542,2.632202106084995,2.046445954077296,0.14477111583467472,1.9016748382426214
2023-07-10 00:00:00-07:00,5.145508249199999,5.145508249199999,24.047872624552102,24.047872624552102,-18.902364375352104,-18.902364375352104,19.503510672195873,0.6011462968437697,2.145386173941546,0.03306304632640734,2.1123231276151384
2023-07-11 00:00:00-07:00,9.57194726715,9.57194726715,25.729603605628945,25.729603605628945,-16.157656338478947,-16.157656338478947,18.800730416338062,2.643074077859114,2.068080345797187,0.1453690742822513,1.9227112715149357
2023-07-12 00:00:00-07:00,8.910206019449998,8.910206019449998,23.423576324236627,23.423576324236627,-14.51337030478663,-14.51337030478663,16.946903914813667,2.433533610027037,1.8641594306295035,0.13384434855148705,1.7303150820780164
2023-07-13 00:00:00-07:00,10.01085608115,10.01085608115,21.576344269694633,21.576344269694633,-11.565488188544636,-11.565488188544636,14.841125449172024,3.2756372606273882,1.6325237994089226,0.18016004933450636,1.4523637500744162
2023-07-14 00:00:00-07:00,9.9833698125,9.9833698125,22.847933149358365,22.847933149358365,-12.864563336858366,-12.864563336858366,16.11159576290225,3.2470324260438845,1.7722755339192475,0.17858678343241366,1.5936887504868338
2023-07-15 00:00:00-07:00,9.83169562905,9.83169562905,28.57760317913718,28.57760317913718,-18.745907550087182,-18.745907550087182,21.168630432924495,2.422722882837312,2.3285493476216943,0.13324975855605217,2.195299589065642
2023-07-16 00:00:00-07:00,8.393516295299998,8.393516295299998,28.26914550841394,28.26914550841394,-19.87562921311394,-19.87562921311394,21.442533594042022,1.566904380928083,2.3586786953446226,0.08617974095104457,2.272498954393578
2023-07-17 00:00:00-07:00,7.095200175899999,7.095200175899999,22.678391315958923,22.678391315958923,-15.583191140058926,-15.583191140058926,17.18869391601729,1.6055027759583653,1.8907563307619017,0.08830265267771009,1.8024536780841918
2023-07-18 00:00:00-07:00,10.0586674017,10.0586674017,22.595490374585733,22.595490374585733,-12.536822972885732,-12.536822972885732,15.80349427601861,3.266671303132877,1.738384370362047,0.17966692167230824,1.5587174486897388
2023-07-19 00:00:00-07:00,9.878237454149998,9.878237454149998,25.61223238201044,25.61223238201044,-15.733994927860442,-15.733994927860442,18.56524822536945,2.831253297509008,2.0421773047906395,0.15571893136299544,1.886458373427644
2023-07-20 00:00:00-07:00,9.203484616199999,9.203484616199999,24.916592618642575,24.916592618642575,-15.713108002442576,-15.713108002442576,18.059700276641372,2.3465922741987946,1.986567030430551,0.1290625750809337,1.8575044553496172
2023-07-21 00:00:00-07:00,8.082884670299999,8.082884670299999,25.860419271066338,25.860419271066338,-17.777534600766337,-17.777534600766337,20.371495613877663,2.593961013111324,2.240864517526543,0.14266785572112284,2.0981966618054204
2023-07-22 00:00:00-07:00,9.606931451999998,9.606931451999998,28.753669822668435,28.753669822668435,-19.146738370668437,-19.146738370668437,21.65862933564866,2.5118909649802226,2.3824492269213526,0.13815400307391223,2.2442952238474403
2023-07-23 00:00:00-07:00,9.945393223049999,9.945393223049999,26.84034858362418,26.84034858362418,-16.89495536057418,-16.89495536057418,19.70493248189724,2.80997712132306,2.1675425730086966,0.1545487416727683,2.0129938313359284
2023-07-24 00:00:00-07:00,4.034442221999999,4.034442221999999,25.119388116235587,25.119388116235587,-21.084945894235585,-21.084945894235585,21.36435202063258,0.2794061263969941,2.350078722269584,0.015367336951834674,2.3347113853177492
2023-07-25 00:00:00-07:00,7.77613657815,7.77613657815,24.192942854640446,24.192942854640446,-16.416806276490444,-16.416806276490444,18.308294846757722,1.8914885702672781,2.0139124331433496,0.1040318713647003,1.9098805617786492
2023-07-26 00:00:00-07:00,9.83606948055,9.83606948055,26.651506392683594,26.651506392683594,-16.815436912133592,-16.815436912133592,19.42389749581943,2.6084605836858343,2.136628724540137,0.1434653321027209,1.9931633924374164
2023-07-27 00:00:00-07:00,9.7643064816,9.7643064816,23.22909835890415,23.22909835890415,-13.464791877304151,-13.464791877304151,16.60923088882079,3.1444390115166385,1.8270153977702868,0.17294414563341512,1.6540712521368717
2023-07-28 00:00:00-07:00,9.520003390049999,9.520003390049999,24.117557092415648,24.117557092415648,-14.59755370236565,-14.59755370236565,17.388071745264583,2.790518042898932,1.9126878919791042,0.15347849235944125,1.759209399619663
2023-07-29 00:00:00-07:00,8.431743762,8.431743762,25.2931492289382,25.2931492289382,-16.8614054669382,-16.8614054669382,18.529940080343053,1.66853461340485,2.038293408837736,0.09176940373726675,1.9465240051004693
2023-07-30 00:00:00-07:00,8.80277531715,8.80277531715,29.052893426218652,29.052893426218652,-20.250118109068655,-20.250118109068655,22.32879068905936,2.0786725799907058,2.45616697579653,0.11432699189948882,2.341839983897041
2023-07-31 00:00:00-07:00,10.029906525149999,10.029906525149999,27.016147443918513,27.016147443918513,-16.986240918768512,-16.986240918768512,19.77504744938246,2.788806530613947,2.1752552194320707,0.15338435918376708,2.0218708602483035
2023-08-01 00:00:00-07:00,10.0319703633,10.0319703633,26.148422882534035,26.148422882534035,-16.116452519234034,-16.116452519234034,18.98794823093562,2.871495711701582,2.088674305402918,0.15793226414358702,1.9307420412593312
2023-08-02 00:00:00-07:00,9.8876962035,9.8876962035,23.66646662330387,23.66646662330387,-13.77877041980387,-13.77877041980387,16.796792887498082,3.0180224676942125,1.8476472176247891,0.1659912357231817,1.6816559819016075
2023-08-03 00:00:00-07:00,9.780917849549997,9.780917849549997,23.24195388533455,23.24195388533455,-13.461036035784552,-13.461036035784552,16.4555634165561,2.9945273807715465,1.810111975821171,0.16469900594243506,1.6454129698787359
2023-08-04 00:00:00-07:00,9.4795871589,9.4795871589,23.37048135356284,23.37048135356284,-13.89089419466284,-13.89089419466284,16.76614235989135,2.87524816522851,1.8442756595880485,0.15813864908756806,1.6861370105004805
2023-08-05 00:00:00-07:00,2.298471182099999,2.298471182099999,28.147483766305605,28.147483766305605,-25.849012584205607,-25.849012584205607,25.849012584205607,0.0,2.843391384262617,0.0,2.843391384262617
2023-08-06 00:00:00-07:00,4.8899676348,4.8899676348,24.186892845887837,24.186892845887837,-19.296925211087835,-19.296925211087835,20.05423726750626,0.7573120564184249,2.2059660994256887,0.04165216310301337,2.1643139363226753
2023-08-07 00:00:00-07:00,6.267035014649999,6.267035014649999,23.09949804914927,23.09949804914927,-16.832463034499266,-16.832463034499266,18.956874265536815,2.124411231037547,2.0852561692090497,0.1168426177070651,1.9684135515019845
2023-08-08 00:00:00-07:00,8.11816872255,8.11816872255,23.792073336760836,23.792073336760836,-15.673904614210839,-15.673904614210839,18.24950609653973,2.5756014823288904,2.0074456706193704,0.14165808152808898,1.8657875890912814
2023-08-09 00:00:00-07:00,6.090558709499999,6.090558709499999,25.393144980728493,25.393144980728493,-19.302586271228495,-19.302586271228495,21.160790487782542,1.8582042165540493,2.32768695365608,0.10220123191047271,2.225485721745607
2023-08-10 00:00:00-07:00,5.483607125399999,5.483607125399999,22.76263412536324,22.76263412536324,-17.27902699996324,-17.27902699996324,18.03723045710463,0.7582034571413916,1.9840953502815093,0.04170119014277654,1.9423941601387327
2023-08-11 00:00:00-07:00,9.4219394832,9.4219394832,23.498258688625366,23.498258688625366,-14.076319205425367,-14.076319205425367,16.926760455860336,2.850441250434969,1.861943650144637,0.1567742687739233,1.7051693813707136
2023-08-12 00:00:00-07:00,10.005038731349998,10.005038731349998,26.047163967585917,26.047163967585917,-16.04212523623592,-16.04212523623592,18.69518122034584,2.6530559841099213,2.0564699342380424,0.14591807912604568,1.9105518551119967
2023-08-13 00:00:00-07:00,9.979945472699999,9.979945472699999,27.011048014916305,27.011048014916305,-17.031102542216306,-17.031102542216306,19.52437275126392,2.49327020904761,2.147681002639031,0.13712986149761855,2.0105511411414128
2023-08-14 00:00:00-07:00,9.878683592699998,9.878683592699998,22.57326179309973,22.57326179309973,-12.694578200399729,-12.694578200399729,15.544708582999831,2.850130382600104,1.7099179441299814,0.15675717104300574,1.5531607730869756
2023-08-15 00:00:00-07:00,9.980114832899998,9.980114832899998,25.388582719283903,25.388582719283903,-15.408467886383905,-15.408467886383905,17.95449415468446,2.546026268300557,1.9749943570152908,0.14003144475653062,1.83496291225876
2023-08-16 00:00:00-07:00,9.847436480549998,9.847436480549998,23.669127094371508,23.669127094371508,-13.82169061382151,-13.82169061382151,16.64331870452448,2.8216280907029674,1.8307650574976926,0.15518954498866322,1.6755755125090293
2023-08-17 00:00:00-07:00,8.954090021249998,8.954090021249998,25.8397991864096,25.8397991864096,-16.8857091651596,-16.8857091651596,18.83638098691447,1.9506718217548706,2.072001908560592,0.10728695019651789,1.964714958364074
2023-08-18 00:00:00-07:00,9.341021784599999,9.341021784599999,26.22771989697787,26.22771989697787,-16.88669811237787,-16.88669811237787,19.55025665615422,2.663558543776353,2.1505282321769643,0.1464957199076994,2.004032512269265
2023-08-19 00:00:00-07:00,8.860106420549998,8.860106420549998,26.689871474789193,26.689871474789193,-17.829765054239193,-17.829765054239193,19.481113863000346,1.6513488087611523,2.142922524930038,0.09082418448186337,2.0520983404481745
2023-08-20 00:00:00-07:00,6.2701600931999995,6.2701600931999995,26.117077216620242,26.117077216620242,-19.846917123420244,-19.846917123420244,20.430347472411267,0.5834303489910239,2.2473382219652396,0.032088669194506314,2.215249552770733
2023-08-21 00:00:00-07:00,6.417247342499999,6.417247342499999,23.708026104775662,23.708026104775662,-17.29077876227566,-17.29077876227566,18.147227845946688,0.8564490836710261,1.9961950630541356,0.047104699601906434,1.9490903634522292
2023-08-22 00:00:00-07:00,7.896434459849999,7.896434459849999,25.737301960598533,25.737301960598533,-17.840867500748534,-17.840867500748534,19.718194032605993,1.877326531857461,2.1690013435866593,0.10325295925216035,2.065748384334499
2023-08-23 00:00:00-07:00,6.7590306589499995,6.7590306589499995,25.34449230557496,25.34449230557496,-18.58546164662496,-18.58546164662496,19.442174577407798,0.8567129307828375,2.138639203514858,0.047119211193056065,2.0915199923218015
2023-08-24 00:00:00-07:00,9.0819716049,9.0819716049,22.726058412056503,22.726058412056503,-13.644086807156505,-13.644086807156505,15.982340051448778,2.338253244292274,1.7580574056593656,0.12860392843607507,1.6294534772232905
2023-08-25 00:00:00-07:00,6.694689264749999,6.694689264749999,26.546717840184726,26.546717840184726,-19.852028575434726,-19.852028575434726,21.409794082159046,1.5577655067243192,2.355077349037495,0.08567710286983755,2.2694002461676575
2023-08-26 00:00:00-07:00,8.669575907999999,8.669575907999999,26.29040175384345,26.29040175384345,-17.620825845843452,-17.620825845843452,19.53123592129106,1.9104100754476063,2.148435951342017,0.10507255414961834,2.0433633971923983
2023-08-27 00:00:00-07:00,8.858968749899999,8.858968749899999,28.8873323357765,28.8873323357765,-20.028363585876498,-20.028363585876498,21.62267529750834,1.5943117116318408,2.3784942827259177,0.08768714413975125,2.2908071385861666
2023-08-28 00:00:00-07:00,2.456297681399999,2.456297681399999,23.980141051227545,23.980141051227545,-21.523843369827546,-21.523843369827546,21.523843369827546,0.0,2.36762277068103,0.0,2.36762277068103
2023-08-29 00:00:00-07:00,2.1665206106999992,2.1665206106999992,23.176166815595078,23.176166815595078,-21.00964620489508,-21.00964620489508,21.00964620489508,0.0,2.3110610825384588,0.0,2.3110610825384588
2023-08-30 00:00:00-07:00,5.10768315,5.10768315,24.67845458473624,24.67845458473624,-19.57077143473624,-19.57077143473624,20.24339238728414,0.6726209525478989,2.2267731626012552,0.03699415239013444,2.189779010211121
2023-08-31 00:00:00-07:00,4.705794667799999,4.705794667799999,22.791235449975787,22.791235449975787,-18.085440782175787,-18.085440782175787,18.530504695372578,0.44506391319679084,2.0383555164909835,0.024478515225823495,2.01387700126516
2023-09-01 00:00:00-07:00,8.9121359646,8.9121359646,25.707902148113316,25.707902148113316,-16.795766183513315,-16.795766183513315,19.002173992105927,2.206407808592611,2.090239139131652,0.12135242947259361,1.9688867096590583
2023-09-02 00:00:00-07:00,9.4952534526,9.4952534526,27.188175540463284,27.188175540463284,-17.692922087863284,-17.692922087863284,19.9836365209517,2.290714433088413,2.198200017304687,0.1259892938198627,2.072210723484824
2023-09-03 00:00:00-07:00,2.1375954026999993,2.1375954026999993,28.002248710844835,28.002248710844835,-25.864653308144835,-25.864653308144835,25.864653308144835,0.0,2.845111863895932,0.0,2.845111863895932
2023-09-04 00:00:00-07:00,3.8812316426999987,3.8812316426999987,23.54199822413194,23.54199822413194,-19.660766581431943,-19.660766581431943,19.84217088529033,0.1814043038583878,2.1826387973819363,0.009977236712211329,2.172661560669725
2023-09-05 00:00:00-07:00,8.5002053292,8.5002053292,24.527562654196117,24.527562654196117,-16.02735732499612,-16.02735732499612,17.992358504420267,1.9650011794241458,1.9791594354862294,0.10807506486832802,1.8710843706179014
2023-09-06 00:00:00-07:00,9.470750939099998,9.470750939099998,24.88727275613609,24.88727275613609,-15.416521817036088,-15.416521817036088,17.901299377663094,2.4847775606270064,1.9691429315429403,0.13666276583448536,1.8324801657084548
2023-09-07 00:00:00-07:00,4.6851712253999995,4.6851712253999995,26.3540972952423,26.3540972952423,-21.668926069842303,-21.668926069842303,21.70627306785033,0.037346998008025045,2.3876900374635364,0.0020540848904413776,2.385635952573095
2023-09-08 00:00:00-07:00,9.526920655049999,9.526920655049999,25.28544158047071,25.28544158047071,-15.75852092542071,-15.75852092542071,18.143574255513183,2.3850533300924734,1.9957931681064502,0.13117793315508605,1.8646152349513643
2023-09-09 00:00:00-07:00,9.406911960899999,9.406911960899999,29.592628849492097,29.592628849492097,-20.185716888592097,-20.185716888592097,22.242935551443654,2.0572186628515547,2.446722910658802,0.11314702645683551,2.3335758842019665
2023-09-10 00:00:00-07:00,7.987964434199999,7.987964434199999,24.550825658862703,24.550825658862703,-16.562861224662704,-16.562861224662704,18.121071732609682,1.558210507946978,1.993317890587065,0.08570157793708379,1.9076163126499812
2023-09-11 00:00:00-07:00,4.5963965794499995,4.5963965794499995,23.79205198297337,23.79205198297337,-19.195655403523368,-19.195655403523368,19.333990403016877,0.13833499949350614,2.1267389443318563,0.0076084249721428375,2.1191305193597136
2023-09-12 00:00:00-07:00,2.8830192171749993,2.8830192171749993,23.9185539348229,23.9185539348229,-21.035534717647902,-21.035534717647902,21.035534717647902,0.0,2.313908818941269,0.0,2.313908818941269
2023-09-13 00:00:00-07:00,7.820684374949999,7.820684374949999,24.295159856483476,24.295159856483476,-16.474475481533478,-16.474475481533478,18.535854128171373,2.0613786466378943,2.038943954098851,0.11337582556508419,1.925568128533767
2023-09-14 00:00:00-07:00,9.4127599908,9.4127599908,25.572103814720553,25.572103814720553,-16.159343823920555,-16.159343823920555,18.623303122215958,2.4639592982954044,2.0485633434437553,0.13551776140624724,1.913045582037508
2023-09-15 00:00:00-07:00,9.357996539475,9.357996539475,25.75118286620875,25.75118286620875,-16.39318632673375,-16.39318632673375,18.85927276992332,2.466086443189568,2.074520004691565,0.13563475437542624,1.938885250316139
2023-09-16 00:00:00-07:00,7.8902505296999985,7.8902505296999985,25.792850579392613,25.792850579392613,-17.902600049692612,-17.902600049692612,19.2929290415783,1.3903289918856852,2.122222194573613,0.07646809455371269,2.0457541000199004
2023-09-17 00:00:00-07:00,7.081458285599998,7.081458285599998,25.184115250417893,25.184115250417893,-18.102656964817893,-18.102656964817893,19.587357960361945,1.4847009955440513,2.154609375639814,0.08165855475492283,2.0729508208848912
2023-09-18 00:00:00-07:00,5.248960056,5.248960056,23.689735187914106,23.689735187914106,-18.44077513191411,-18.44077513191411,19.65288799331894,1.2121128614048329,2.1618176792650834,0.06666620737726581,2.0951514718878177
2023-09-19 00:00:00-07:00,6.754358439900001,6.754358439900001,22.275948327785613,22.275948327785613,-15.521589887885611,-15.521589887885611,17.02836161819725,1.5067717303116364,1.8731197780016973,0.08287244516714,1.7902473328345572
2023-09-20 00:00:00-07:00,5.3729552333249995,5.3729552333249995,25.038062350243656,25.038062350243656,-19.66510711691866,-19.66510711691866,20.820592341905986,1.1554852249873266,2.2902651576096584,0.06355168737430296,2.2267134702353553
2023-09-21 00:00:00-07:00,9.115521145425,9.115521145425,23.617563701645913,23.617563701645913,-14.502042556220914,-14.502042556220914,16.698893723039028,2.196851166818112,1.836878309534293,0.12082681417499615,1.716051495359297
2023-09-22 00:00:00-07:00,8.818429364999998,8.818429364999998,23.301759428932016,23.301759428932016,-14.483330063932016,-14.483330063932016,16.744080884967747,2.26075082103573,1.8418488973464522,0.12434129515696514,1.717507602189487
2023-09-23 00:00:00-07:00,2.299556535524999,2.299556535524999,25.453519417891783,25.453519417891783,-23.153962882366784,-23.153962882366784,23.153962882366784,0.0,2.5469359170603463,0.0,2.5469359170603463
2023-09-24 00:00:00-07:00,2.7809266781249993,2.7809266781249993,26.903365410726348,26.903365410726348,-24.12243873260135,-24.12243873260135,24.12243873260135,0.0,2.6534682605861484,0.0,2.6534682605861484
2023-09-25 00:00:00-07:00,1.7758096208999994,1.7758096208999994,25.310243701084914,25.310243701084914,-23.534434080184916,-23.534434080184916,23.534434080184916,0.0,2.588787748820341,0.0,2.588787748820341
2023-09-26 00:00:00-07:00,2.839192008524999,2.839192008524999,24.416642598676198,24.416642598676198,-21.5774505901512,-21.5774505901512,21.68790091134881,0.1104503211976069,2.385669100248369,0.0060747676658683795,2.3795943325825006
2023-09-27 00:00:00-07:00,2.5925866316999993,2.5925866316999993,22.603229029823833,22.603229029823833,-20.010642398123835,-20.010642398123835,20.010642398123835,0.0,2.2011706637936217,0.0,2.2011706637936217
2023-09-28 00:00:00-07:00,3.285472959224999,3.285472959224999,25.93093463947009,25.93093463947009,-22.645461680245095,-22.645461680245095,22.645461680245095,0.0,2.4910007848269604,0.0,2.4910007848269604
2023-09-29 00:00:00-07:00,7.880823919799998,7.880823919799998,24.261583832573976,24.261583832573976,-16.380759912773975,-16.380759912773975,18.12370091177597,1.742940999001994,1.9936071002953566,0.09586175494510966,1.8977453453502469
2023-09-30 00:00:00-07:00,6.5331602082,6.5331602082,25.90429957191055,25.90429957191055,-19.37113936371055,-19.37113936371055,21.135856307252624,1.764716943542074,2.324944193797789,0.09705943189481407,2.227884761902975
2023-10-01 00:00:00-07:00,7.906078242899999,7.906078242899999,26.40902445710477,26.40902445710477,-18.502946214204773,-18.502946214204773,20.262065703747407,1.7591194895426354,2.2288272274122147,0.09675157192484495,2.1320756554873697
2023-10-02 00:00:00-07:00,2.200585781699999,2.200585781699999,25.67194295194262,25.67194295194262,-23.47135717024262,-23.47135717024262,23.47135717024262,0.0,2.581849288726688,0.0,2.581849288726688
2023-10-03 00:00:00-07:00,4.9320667907999995,4.9320667907999995,23.118499425933777,23.118499425933777,-18.186432635133777,-18.186432635133777,18.72010047838416,0.5336678432503867,2.0592110526222576,0.02935173137877127,2.029859321243486
2023-10-04 00:00:00-07:00,6.128729459324999,6.128729459324999,24.440272906940407,24.440272906940407,-18.31154344761541,-18.31154344761541,19.882577551617885,1.5710341040024773,2.1870835306779672,0.08640687572013625,2.100676654957831
2023-10-05 00:00:00-07:00,6.986436202125,6.986436202125,23.70684250134799,23.70684250134799,-16.72040629922299,-16.72040629922299,18.56302153634317,1.8426152371201812,2.041932368997749,0.10134383804160997,1.9405885309561388
2023-10-06 00:00:00-07:00,8.303042054699999,8.303042054699999,22.470956504381913,22.470956504381913,-14.167914449681914,-14.167914449681914,16.274477068632915,2.1065626189510005,1.7901924775496207,0.11586094404230503,1.6743315335073157
2023-10-07 00:00:00-07:00,8.030920720725,8.030920720725,27.284010818268264,27.284010818268264,-19.253090097543264,-19.253090097543264,20.67859717008405,1.425507072540785,2.2746456887092457,0.07840288898974318,2.1962427997195024
2023-10-08 00:00:00-07:00,6.163394670899999,6.163394670899999,26.06113925660393,26.06113925660393,-19.89774458570393,-19.89774458570393,20.96411840275151,1.0663738170475792,2.306053024302666,0.05865055993761686,2.247402464365049
2023-10-09 00:00:00-07:00,1.9137818693249993,1.9137818693249993,22.219466370406167,22.219466370406167,-20.305684501081167,-20.305684501081167,20.305684501081167,0.0,2.2336252951189284,0.0,2.2336252951189284
2023-10-10 00:00:00-07:00,2.3859861578999992,2.3859861578999992,24.097919292302542,24.097919292302542,-21.711933134402546,-21.711933134402546,21.928550521444333,0.21661738704178735,2.412140557358877,0.011913956287298305,2.4002266010715783
2023-10-11 00:00:00-07:00,3.0214303343999998,3.0214303343999998,22.901314810746662,22.901314810746662,-19.879884476346664,-19.879884476346664,19.879884476346664,0.0,2.186787292398133,0.0,2.186787292398133
2023-10-12 00:00:00-07:00,6.917631322499999,6.917631322499999,25.292689608942062,25.292689608942062,-18.375058286442062,-18.375058286442062,20.136935150580353,1.761876864138288,2.215062866563839,0.09690322752760584,2.118159639036233
2023-10-13 00:00:00-07:00,3.7803217292999998,3.7803217292999998,22.952743108962146,22.952743108962146,-19.172421379662147,-19.172421379662147,19.344418433877042,0.17199705421489464,2.1278860277264746,0.009459837981819205,2.1184261897446555
2023-10-14 00:00:00-07:00,2.478921620624999,2.478921620624999,25.79134866714885,25.79134866714885,-23.31242704652385,-23.31242704652385,23.31242704652385,0.0,2.5643669751176237,0.0,2.5643669751176237
2023-10-15 00:00:00-07:00,2.044751077799999,2.044751077799999,26.31168796102175,26.31168796102175,-24.266936883221753,-24.266936883221753,24.266936883221753,0.0,2.669363057154393,0.0,2.669363057154393
2023-10-16 00:00:00-07:00,2.3589098045999997,2.3589098045999997,24.89661542959018,24.89661542959018,-22.53770562499018,-22.53770562499018,22.53770562499018,0.0,2.47914761874892,0.0,2.47914761874892
2023-10-17 00:00:00-07:00,2.2422528128249994,2.2422528128249994,24.655550856554378,24.655550856554378,-22.413298043729377,-22.413298043729377,22.413298043729377,0.0,2.4654627848102315,0.0,2.4654627848102315
2023-10-18 00:00:00-07:00,7.588397198699999,7.588397198699999,26.318051090011227,26.318051090011227,-18.729653891311226,-18.729653891311226,20.11306329132383,1.383409400012603,2.2124369620456212,0.07608751700069316,2.136349445044928
2023-10-19 00:00:00-07:00,4.466297366325,4.466297366325,23.449746393934575,23.449746393934575,-18.983449027609577,-18.983449027609577,19.41128128711333,0.42783225950375214,2.1352409415824662,0.02353077427270637,2.11171016730976
2023-10-20 00:00:00-07:00,4.150019012624999,4.150019012624999,24.493052452275993,24.493052452275993,-20.343033439650995,-20.343033439650995,20.79130541144579,0.44827197179479383,2.287043595259037,0.02465495844871366,2.262388636810323
2023-10-21 00:00:00-07:00,1.9841445125999995,1.9841445125999995,25.92637950491148,25.92637950491148,-23.94223499231148,-23.94223499231148,23.94223499231148,0.0,2.633645849154263,0.0,2.633645849154263
2023-10-22 00:00:00-07:00,2.5134300026999994,2.5134300026999994,28.369615060765025,28.369615060765025,-25.856185058065023,-25.856185058065023,25.856185058065023,0.0,2.8441803563871524,0.0,2.8441803563871524
2023-10-23 00:00:00-07:00,2.148087639824999,2.148087639824999,22.796744532070413,22.796744532070413,-20.648656892245413,-20.648656892245413,20.648656892245413,0.0,2.2713522581469956,0.0,2.2713522581469956
2023-10-24 00:00:00-07:00,2.271422962799999,2.271422962799999,25.90021842343087,25.90021842343087,-23.628795460630872,-23.628795460630872,23.628795460630872,0.0,2.599167500669396,0.0,2.599167500669396
2023-10-25 00:00:00-07:00,4.532309874225,4.532309874225,23.407254857820604,23.407254857820604,-18.874944983595604,-18.874944983595604,19.7979226730047,0.9229776894090957,2.177771494030517,0.05076377291750027,2.1270077211130167
2023-10-26 00:00:00-07:00,6.1167997908,6.1167997908,25.019597969254324,25.019597969254324,-18.902798178454326,-18.902798178454326,19.72744050941684,0.8246423309625167,2.1700184560358524,0.045355328202938416,2.124663127832914
2023-10-27 00:00:00-07:00,8.3156777091,8.3156777091,26.979864338503635,26.979864338503635,-18.664186629403638,-18.664186629403638,20.204779925892854,1.5405932964892193,2.222525791848214,0.08473263130690706,2.137793160541307
2023-10-28 00:00:00-07:00,8.2619600589,8.2619600589,28.75552053123144,28.75552053123144,-20.493560472331442,-20.493560472331442,21.788663929988992,1.2951034576575502,2.3967530322987893,0.07123069017116526,2.325522342127624
2023-10-29 00:00:00-07:00,8.090119120499999,8.090119120499999,26.304611750932906,26.304611750932906,-18.21449263043291,-18.21449263043291,19.74700676642772,1.532514135994809,2.1721707443070493,0.08428827747971449,2.0878824668273346
2023-10-30 00:00:00-07:00,8.063041544099999,8.063041544099999,25.46131102857931,25.46131102857931,-17.398269484479307,-17.398269484479307,19.017223566017183,1.6189540815378745,2.09189459226189,0.08904247448458309,2.002852117777307
2023-10-31 00:00:00-07:00,4.195935248399999,4.195935248399999,22.31034055710381,22.31034055710381,-18.114405308703812,-18.114405308703812,18.13965176965566,0.02524646095185007,1.9953616946621227,0.0013885553523517538,1.9939731393097708
2023-11-01 00:00:00-07:00,1.5828113771999994,1.5828113771999994,24.30478473536995,24.30478473536995,-22.72197335816995,-22.72197335816995,22.72197335816995,0.0,2.4994170693986946,0.0,2.4994170693986946
2023-11-02 00:00:00-07:00,5.0002256637,5.0002256637,26.610913469578655,26.610913469578655,-21.610687805878655,-21.610687805878655,22.602335525202587,0.9916477193239341,2.4862569077722845,0.05454062456281638,2.431716283209468
2023-11-03 00:00:00-07:00,3.160323161999999,3.160323161999999,25.583825162489216,25.583825162489216,-22.423502000489215,-22.423502000489215,22.423502000489215,0.0,2.4665852200538136,0.0,2.4665852200538136
2023-11-04 00:00:00-07:00,2.878014018599999,2.878014018599999,28.115714908013565,28.115714908013565,-25.237700889413567,-25.237700889413567,25.338338819012264,0.10063792959869877,2.787217270091349,0.005535086127928432,2.7816821839634205
2023-11-05 00:00:00-07:00,2.064798386099999,2.064798386099999,25.899837827482322,25.899837827482322,-23.835039441382325,-23.835039441382325,23.835039441382325,0.0,2.6218543385520556,0.0,2.6218543385520556
2023-11-06 00:00:00-08:00,1.3781274551999994,1.3781274551999994,21.81959125055656,21.81959125055656,-20.44146379535656,-20.44146379535656,20.44146379535656,0.0,2.2485610174892217,0.0,2.2485610174892217
2023-11-07 00:00:00-08:00,1.5200140886999995,1.5200140886999995,23.170213069908026,23.170213069908026,-21.650198981208028,-21.650198981208028,21.650198981208028,0.0,2.381521887932883,0.0,2.381521887932883
2023-11-08 00:00:00-08:00,6.946011403199999,6.946011403199999,25.793702927192765,25.793702927192765,-18.84769152399277,-18.84769152399277,19.913819739664316,1.0661282156715481,2.1905201713630746,0.05863705186193515,2.1318831195011394
2023-11-09 00:00:00-08:00,1.8033889571999993,1.8033889571999993,22.773681257748844,22.773681257748844,-20.970292300548845,-20.970292300548845,20.970292300548845,0.0,2.306732153060373,0.0,2.306732153060373
2023-11-10 00:00:00-08:00,1.7029416347999995,1.7029416347999995,23.173682885362222,23.173682885362222,-21.470741250562224,-21.470741250562224,21.470741250562224,0.0,2.3617815375618445,0.0,2.3617815375618445
2023-11-11 00:00:00-08:00,2.369898567,2.369898567,26.571290159019593,26.571290159019593,-24.201391592019593,-24.201391592019593,24.201391592019593,0.0,2.662153075122155,0.0,2.662153075122155
2023-11-12 00:00:00-08:00,1.6057969496999993,1.6057969496999993,28.625248920658837,28.625248920658837,-27.019451970958837,-27.019451970958837,27.019451970958837,0.0,2.972139716805472,0.0,2.972139716805472
2023-11-13 00:00:00-08:00,3.9775200605999994,3.9775200605999994,23.939857027103574,23.939857027103574,-19.962336966503575,-19.962336966503575,20.324192639694296,0.3618556731907199,2.2356611903663723,0.019902062025489595,2.2157591283408826
2023-11-14 00:00:00-08:00,7.3322222759999995,7.3322222759999995,21.947834319185162,21.947834319185162,-14.615612043185163,-14.615612043185163,16.033587021075636,1.4179749778904736,1.76369457231832,0.07798862378397604,1.685705948534344
2023-11-15 00:00:00-08:00,4.079216810699999,4.079216810699999,24.485763991433682,24.485763991433682,-20.406547180733682,-20.406547180733682,20.832976350492658,0.42642916975897405,2.2916273985541924,0.023453604336743573,2.2681737942174487
2023-11-16 00:00:00-08:00,6.9870421719,6.9870421719,23.75625326334166,23.75625326334166,-16.769211091441658,-16.769211091441658,17.88261179884449,1.1134007074028303,1.967087297872894,0.061237038907155664,1.9058502589657382
2023-11-17 00:00:00-08:00,6.866073275399999,6.866073275399999,24.427229916244862,24.427229916244862,-17.56115664084486,-17.56115664084486,18.58258613624897,1.0214294954041083,2.0440844749873865,0.05617862224722596,1.9879058527401605
2023-11-18 00:00:00-08:00,4.657343475599999,4.657343475599999,29.181350395042575,29.181350395042575,-24.524006919442574,-24.524006919442574,24.88708357531523,0.3630766558726541,2.7375791932846756,0.019969216072995975,2.7176099772116795
2023-11-19 00:00:00-08:00,1.5097716170999993,1.5097716170999993,28.079007591282682,28.079007591282682,-26.569235974182686,-26.569235974182686,26.569235974182686,0.0,2.9226159571600956,0.0,2.9226159571600956
2023-11-20 00:00:00-08:00,5.303767690799999,5.303767690799999,24.19407958117466,24.19407958117466,-18.89031189037466,-18.89031189037466,19.4441225263618,0.5538106359871384,2.138853477899798,0.030459584979292614,2.1083938929205055
2023-11-21 00:00:00-08:00,3.3714566846999996,3.3714566846999996,24.03337382351541,24.03337382351541,-20.66191713881541,-20.66191713881541,20.784256415847945,0.12233927703253533,2.286268205743274,0.006728660236789443,2.2795395455064846
2023-11-22 00:00:00-08:00,2.7058728185999996,2.7058728185999996,23.07906009334654,23.07906009334654,-20.37318727474654,-20.37318727474654,20.37318727474654,0.0,2.2410506002221195,0.0,2.2410506002221195
2023-11-23 00:00:00-08:00,5.210289621899999,5.210289621899999,22.385232632455704,22.385232632455704,-17.174943010555705,-17.174943010555705,17.59185111625234,0.4169081056966343,1.9351036227877574,0.022929945813314884,1.9121736769744424
2023-11-24 00:00:00-08:00,6.743903975099999,6.743903975099999,22.93912370074302,22.93912370074302,-16.19521972564302,-16.19521972564302,17.280235359629394,1.0850156339863712,1.9008258895592334,0.05967585986925042,1.841150029689983
2023-11-25 00:00:00-08:00,6.066097986599999,6.066097986599999,25.124444876577087,25.124444876577087,-19.058346889977088,-19.058346889977088,19.599271277924377,0.5409243879472881,2.1559198405716815,0.029750841337100847,2.1261689992345807
2023-11-26 00:00:00-08:00,6.118411561199999,6.118411561199999,24.849779536655394,24.849779536655394,-18.731367975455395,-18.731367975455395,19.325958475371856,0.5945904999164605,2.125855432290904,0.03270247749540533,2.0931529547954986
2023-11-27 00:00:00-08:00,5.4579300579,5.4579300579,22.80497741785468,22.80497741785468,-17.347047359954683,-17.347047359954683,17.758829918002466,0.41178255804778247,1.9534712909802712,0.022648040692628036,1.9308232502876432
2023-11-28 00:00:00-08:00,5.672132362799999,5.672132362799999,23.92014582713432,23.92014582713432,-18.24801346433432,-18.24801346433432,18.771854273817457,0.5238408094831373,2.06490397011992,0.02881124452157255,2.0360927255983476
2023-11-29 00:00:00-08:00,1.3137057764999995,1.3137057764999995,23.334642483045098,23.334642483045098,-22.0209367065451,-22.0209367065451,22.0209367065451,0.0,2.4223030377199612,0.0,2.4223030377199612
2023-11-30 00:00:00-08:00,1.5933398381999997,1.5933398381999997,24.382518683773515,24.382518683773515,-22.789178845573513,-22.789178845573513,22.789178845573513,0.0,2.5068096730130867,0.0,2.5068096730130867
2023-12-01 00:00:00-08:00,2.6406723194999997,2.6406723194999997,22.943694032337774,22.943694032337774,-20.303021712837772,-20.303021712837772,20.30491968674717,0.0018979739093949455,2.2335411655421886,0.000104388565016722,2.2334367769771717
2023-12-02 00:00:00-08:00,3.3132303449999996,3.3132303449999996,24.491524266429366,24.491524266429366,-21.178293921429365,-21.178293921429365,21.178293921429365,0.0,2.32961233135723,0.0,2.32961233135723
2023-12-03 00:00:00-08:00,1.0371647213999993,1.0371647213999993,27.09746946956205,27.09746946956205,-26.06030474816205,-26.06030474816205,26.06030474816205,0.0,2.8666335222978256,0.0,2.8666335222978256
2023-12-04 00:00:00-08:00,0.5473594115999993,0.5473594115999993,22.37713394385105,22.37713394385105,-21.82977453225105,-21.82977453225105,21.82977453225105,0.0,2.4012751985476157,0.0,2.4012751985476157
2023-12-05 00:00:00-08:00,0.5300035334999993,0.5300035334999993,22.491875279619,22.491875279619,-21.961871746118998,-21.961871746118998,21.961871746118998,0.0,2.41580589207309,0.0,2.41580589207309
2023-12-06 00:00:00-08:00,0.7619628446999995,0.7619628446999995,24.826043945819297,24.826043945819297,-24.0640811011193,-24.0640811011193,24.0640811011193,0.0,2.647048921123123,0.0,2.647048921123123
2023-12-07 00:00:00-08:00,1.0293494714999993,1.0293494714999993,26.420751028285846,26.420751028285846,-25.391401556785848,-25.391401556785848,25.391401556785848,0.0,2.7930541712464434,0.0,2.7930541712464434
2023-12-08 00:00:00-08:00,3.3774831089999995,3.3774831089999995,26.485510794202984,26.485510794202984,-23.108027685202984,-23.108027685202984,23.13089706109966,0.022869375896674038,2.5443986767209625,0.001257815674317072,2.5431408610466453
2023-12-09 00:00:00-08:00,0.5903670986999994,0.5903670986999994,24.885759175179448,24.885759175179448,-24.295392076479448,-24.295392076479448,24.295392076479448,0.0,2.6724931284127393,0.0,2.6724931284127393
2023-12-10 00:00:00-08:00,4.9023364374,4.9023364374,27.09914038482473,27.09914038482473,-22.19680394742473,-22.19680394742473,22.568332240118696,0.37152829269396964,2.4825165464130565,0.02043405609816833,2.4620824903148884
2023-12-11 00:00:00-08:00,1.3090225184999997,1.3090225184999997,24.594234833121693,24.594234833121693,-23.285212314621695,-23.285212314621695,23.285212314621695,0.0,2.5613733546083863,0.0,2.5613733546083863
2023-12-12 00:00:00-08:00,4.655594763899999,4.655594763899999,27.055336172582766,27.055336172582766,-22.399741408682768,-22.399741408682768,22.489112752154558,0.08937134347179199,2.4738024027370016,0.004915423890948559,2.468886978846053
2023-12-13 00:00:00-08:00,5.076807497099999,5.076807497099999,25.229263624201447,25.229263624201447,-20.15245612710145,-20.15245612710145,20.71995985851635,0.5675037314149036,2.2791955844367986,0.0312127052278197,2.247982879208979
2023-12-14 00:00:00-08:00,0.9884690927999994,0.9884690927999994,23.95583472665493,23.95583472665493,-22.967365633854932,-22.967365633854932,22.967365633854932,0.0,2.5264102197240423,0.0,2.5264102197240423
2023-12-15 00:00:00-08:00,4.544788311,4.544788311,23.941388433939693,23.941388433939693,-19.396600122939695,-19.396600122939695,19.630394242275177,0.23379411933548155,2.1593433666502695,0.012858676563451486,2.146484690086818
2023-12-16 00:00:00-08:00,1.6696558133999995,1.6696558133999995,25.467317722229698,25.467317722229698,-23.7976619088297,-23.7976619088297,23.7976619088297,0.0,2.6177428099712667,0.0,2.6177428099712667
2023-12-17 00:00:00-08:00,4.5994822947,4.5994822947,25.152821077486614,25.152821077486614,-20.553338782786614,-20.553338782786614,21.069009503032216,0.5156707202456019,2.3175910453335438,0.028361889613508103,2.2892291557200357
2023-12-18 00:00:00-08:00,1.3575189977999995,1.3575189977999995,23.94164187077252,23.94164187077252,-22.58412287297252,-22.58412287297252,22.58412287297252,0.0,2.4842535160269774,0.0,2.4842535160269774
2023-12-19 00:00:00-08:00,1.1650517063999994,1.1650517063999994,22.669030451820593,22.669030451820593,-21.503978745420593,-21.503978745420593,21.503978745420593,0.0,2.3654376619962654,0.0,2.3654376619962654
2023-12-20 00:00:00-08:00,4.997851818299999,4.997851818299999,26.286507952858333,26.286507952858333,-21.288656134558334,-21.288656134558334,21.697143139693488,0.40848700513515473,2.3866857453662838,0.02246678528243351,2.3642189600838504
2023-12-21 00:00:00-08:00,3.659872650299999,3.659872650299999,22.950325311098286,22.950325311098286,-19.290452660798287,-19.290452660798287,19.51726555950032,0.22681289870203464,2.146899211545035,0.012474709428611905,2.134424502116423
2023-12-22 00:00:00-08:00,0.9286898615999994,0.9286898615999994,26.098273102064674,26.098273102064674,-25.169583240464675,-25.169583240464675,25.169583240464675,0.0,2.7686541564511145,0.0,2.7686541564511145
2023-12-23 00:00:00-08:00,5.5079183925,5.5079183925,26.04459478671583,26.04459478671583,-20.53667639421583,-20.53667639421583,20.813188955005305,0.2765125607894748,2.2894507850505836,0.015208190843421112,2.2742425942071627
2023-12-24 00:00:00-08:00,2.1071649068999996,2.1071649068999996,28.101008547360863,28.101008547360863,-25.993843640460863,-25.993843640460863,25.993843640460863,0.0,2.8593228004506948,0.0,2.8593228004506948
2023-12-25 00:00:00-08:00,0.7846197083999994,0.7846197083999994,25.120468408933394,25.120468408933394,-24.335848700533393,-24.335848700533393,24.335848700533393,0.0,2.6769433570586734,0.0,2.6769433570586734
2023-12-26 00:00:00-08:00,5.4214014339,5.4214014339,24.80038597346768,24.80038597346768,-19.37898453956768,-19.37898453956768,19.950099646148146,0.5711151065804662,2.194510961076296,0.031411330861925636,2.1630996302143704
2023-12-27 00:00:00-08:00,0.7241147819999993,0.7241147819999993,26.138995863549294,26.138995863549294,-25.414881081549296,-25.414881081549296,25.414881081549296,0.0,2.7956369189704224,0.0,2.7956369189704224
2023-12-28 00:00:00-08:00,1.4851463372999993,1.4851463372999993,23.177476652735443,23.177476652735443,-21.69233031543544,-21.69233031543544,21.69233031543544,0.0,2.3861563346978985,0.0,2.3861563346978985
2023-12-29 00:00:00-08:00,1.0523729249999993,1.0523729249999993,22.75156871509849,22.75156871509849,-21.69919579009849,-21.69919579009849,21.69919579009849,0.0,2.386911536910834,0.0,2.386911536910834
2023-12-30 00:00:00-08:00,0.9801673271999995,0.9801673271999995,27.569187442575902,27.569187442575902,-26.589020115375902,-26.589020115375902,26.589020115375902,0.0,2.9247922126913495,0.0,2.9247922126913495
2023-12-31 00:00:00-08:00,4.4109738405,4.4109738405,29.414149823685335,29.414149823685335,-25.003175983185336,-25.003175983185336,25.003175983185336,0.0,2.750349358150387,0.0,2.750349358150387
2024-01-01 00:00:00-08:00,2.6282767058999994,2.6282767058999994,21.828612661237383,21.828612661237383,-19.200335955337383,-19.200335955337383,19.200335955337383,0.0,2.1120369550871123,0.0,2.1120369550871123
2024-01-02 00:00:00-08:00,0.7077400055999994,0.7077400055999994,22.76162146692043,22.76162146692043,-22.053881461320433,-22.053881461320433,22.053881461320433,0.0,2.425926960745248,0.0,2.425926960745248
2024-01-03 00:00:00-08:00,2.0618307215999994,2.0618307215999994,25.23823758227452,25.23823758227452,-23.176406860674522,-23.176406860674522,23.275241193205,0.09883433253047846,2.5602765312525504,0.0054358882891763155,2.554840642963374
2024-01-04 00:00:00-08:00,1.2178705643999996,1.2178705643999996,24.51438563766257,24.51438563766257,-23.296515073262572,-23.296515073262572,23.296515073262572,0.0,2.562616658058883,0.0,2.562616658058883
2024-01-05 00:00:00-08:00,0.7875255239999996,0.7875255239999996,25.550530775265447,25.550530775265447,-24.763005251265447,-24.763005251265447,24.763005251265447,0.0,2.7239305776391993,0.0,2.7239305776391993
2024-01-06 00:00:00-08:00,2.9289904586999995,2.9289904586999995,28.455972190519393,28.455972190519393,-25.526981731819394,-25.526981731819394,25.526981731819394,0.0,2.807967990500133,0.0,2.807967990500133
2024-01-07 00:00:00-08:00,1.2868031870999996,1.2868031870999996,24.525115316365003,24.525115316365003,-23.238312129265005,-23.238312129265005,23.238312129265005,0.0,2.5562143342191503,0.0,2.5562143342191503
2024-01-08 00:00:00-08:00,0.7482264920999995,0.7482264920999995,22.873937723739257,22.873937723739257,-22.125711231639258,-22.125711231639258,22.125711231639258,0.0,2.4338282354803185,0.0,2.4338282354803185
2024-01-09 00:00:00-08:00,0.8679164201999997,0.8679164201999997,25.45165494916236,25.45165494916236,-24.58373852896236,-24.58373852896236,24.58373852896236,0.0,2.70421123818586,0.0,2.70421123818586
2024-01-10 00:00:00-08:00,1.7827382825999993,1.7827382825999993,25.49522509533009,25.49522509533009,-23.71248681273009,-23.71248681273009,23.71248681273009,0.0,2.60837354940031,0.0,2.60837354940031
2024-01-11 00:00:00-08:00,3.8378341592999994,3.8378341592999994,23.480986094669245,23.480986094669245,-19.643151935369243,-19.643151935369243,19.643151935369243,0.0,2.160746712890617,0.0,2.160746712890617
2024-01-12 00:00:00-08:00,4.9752135414,4.9752135414,23.285699400124823,23.285699400124823,-18.310485858724824,-18.310485858724824,19.137547341489576,0.8270614827647516,2.105130207563853,0.045488381552061335,2.059641826011792
2024-01-13 00:00:00-08:00,3.1472012996999994,3.1472012996999994,26.986585764448296,26.986585764448296,-23.839384464748296,-23.839384464748296,23.839384464748296,0.0,2.6223322911223126,0.0,2.6223322911223126
2024-01-14 00:00:00-08:00,5.4183051009,5.4183051009,27.542794836284433,27.542794836284433,-22.124489735384433,-22.124489735384433,22.442547718238924,0.3180579828544893,2.468680249006282,0.01749318905699691,2.451187059949285
2024-01-15 00:00:00-08:00,5.3537079357,5.3537079357,25.164972188983946,25.164972188983946,-19.811264253283944,-19.811264253283944,19.998487966140775,0.18722371285683048,2.1998336762754853,0.010297304207125676,2.1895363720683596
2024-01-16 00:00:00-08:00,3.8015220968999994,3.8015220968999994,25.600776320703233,25.600776320703233,-21.79925422380323,-21.79925422380323,21.91241100932172,0.11315678551848851,2.4103652110253893,0.0062236232035168685,2.4041415878218726
2024-01-17 00:00:00-08:00,1.0480198715999995,1.0480198715999995,22.920058961980082,22.920058961980082,-21.872039090380085,-21.872039090380085,21.872039090380085,0.0,2.4059242999418093,0.0,2.4059242999418093
2024-01-18 00:00:00-08:00,0.8061770051999995,0.8061770051999995,23.814660826893945,23.814660826893945,-23.008483821693947,-23.008483821693947,23.008483821693947,0.0,2.530933220386334,0.0,2.530933220386334
2024-01-19 00:00:00-08:00,1.2786378146999997,1.2786378146999997,26.72716852974209,26.72716852974209,-25.448530715042093,-25.448530715042093,25.448530715042093,0.0,2.7993383786546304,0.0,2.7993383786546304
2024-01-20 00:00:00-08:00,4.381497370799999,4.381497370799999,24.25596925907581,24.25596925907581,-19.87447188827581,-19.87447188827581,20.276758306425343,0.4022864181495352,2.2304434137067877,0.022125752998224436,2.208317660708563
2024-01-21 00:00:00-08:00,1.0132159346999996,1.0132159346999996,28.981304183064065,28.981304183064065,-27.968088248364065,-27.968088248364065,27.968088248364065,0.0,3.076489707320047,0.0,3.076489707320047
2024-01-22 00:00:00-08:00,0.9148260500999997,0.9148260500999997,27.33848906505766,27.33848906505766,-26.42366301495766,-26.42366301495766,26.42366301495766,0.0,2.9066029316453426,0.0,2.9066029316453426
2024-01-23 00:00:00-08:00,4.453847672075317,4.453847672075317,24.465143327800693,24.465143327800693,-20.011295655725377,-20.011295655725377,20.236392890950967,0.22509723522559177,2.2260032180046063,0.012380347937407547,2.2136228700671987
2024-01-24 00:00:00-08:00,1.7702804960999994,1.7702804960999994,23.260031179275217,23.260031179275217,-21.489750683175217,-21.489750683175217,21.489750683175217,0.0,2.3638725751492737,0.0,2.3638725751492737
2024-01-25 00:00:00-08:00,2.0588576678999995,2.0588576678999995,24.127783611433166,24.127783611433166,-22.068925943533166,-22.068925943533166,22.068925943533166,0.0,2.427581853788648,0.0,2.427581853788648
2024-01-26 00:00:00-08:00,1.5073035956999992,1.5073035956999992,24.239861156849027,24.239861156849027,-22.73255756114903,-22.73255756114903,22.73255756114903,0.0,2.5005813317263934,0.0,2.5005813317263934
2024-01-27 00:00:00-08:00,1.2674651552999994,1.2674651552999994,26.94841033485144,26.94841033485144,-25.680945179551443,-25.680945179551443,25.680945179551443,0.0,2.824903969750659,0.0,2.824903969750659
2024-01-28 00:00:00-08:00,1.4310072548999995,1.4310072548999995,29.048375840223482,29.048375840223482,-27.617368585323483,-27.617368585323483,27.617368585323483,0.0,3.037910544385583,0.0,3.037910544385583
2024-01-29 00:00:00-08:00,1.6333752545999995,1.6333752545999995,25.338589415445345,25.338589415445345,-23.705214160845344,-23.705214160845344,23.705214160845344,0.0,2.6075735576929877,0.0,2.6075735576929877
2024-01-30 00:00:00-08:00,1.7122282901999994,1.7122282901999994,21.878395574770273,21.878395574770273,-20.166167284570275,-20.166167284570275,20.166167284570275,0.0,2.2182784013027304,0.0,2.2182784013027304
2024-01-31 00:00:00-08:00,0.7796158280999994,0.7796158280999994,25.085704805199587,25.085704805199587,-24.306088977099584,-24.306088977099584,24.306088977099584,0.0,2.673669787480954,0.0,2.673669787480954
2024-02-01 00:00:00-08:00,3.1331531510999993,3.1331531510999993,24.182500902862387,24.182500902862387,-21.049347751762387,-21.049347751762387,21.387305868935595,0.33795811717320856,2.3526036455829153,0.018587696444526472,2.3340159491383887
2024-02-02 00:00:00-08:00,4.8534081687,4.8534081687,22.294101314275068,22.294101314275068,-17.44069314557507,-17.44069314557507,18.248558653454577,0.8078655078795068,2.0073414518800035,0.044432602933372874,1.9629088489466306
2024-02-03 00:00:00-08:00,5.235979760099999,5.235979760099999,28.753920825489743,28.753920825489743,-23.517941065389742,-23.517941065389742,23.800283555883514,0.2823424904937706,2.6180311911471867,0.015528836977157382,2.602502354170029
2024-02-04 00:00:00-08:00,5.439640684499999,5.439640684499999,28.291716927798614,28.291716927798614,-22.852076243298615,-22.852076243298615,23.501237458484713,0.6491612151860974,2.5851361204333183,0.035703866835235354,2.549432253598083
2024-02-05 00:00:00-08:00,1.7694468116999993,1.7694468116999993,23.69681416842171,23.69681416842171,-21.92736735672171,-21.92736735672171,21.92736735672171,0.0,2.412010409239388,0.0,2.412010409239388
2024-02-06 00:00:00-08:00,1.8303932366999993,1.8303932366999993,21.67381360247574,21.67381360247574,-19.84342036577574,-19.84342036577574,19.84342036577574,0.0,2.1827762402353312,0.0,2.1827762402353312
2024-02-07 00:00:00-08:00,4.3684129737,4.3684129737,26.547452765592137,26.547452765592137,-22.179039791892137,-22.179039791892137,22.222140313108074,0.04310052121593677,2.444435434441888,0.0023705286668765225,2.4420649057750117
2024-02-08 00:00:00-08:00,2.4082557335999994,2.4082557335999994,23.802880859344633,23.802880859344633,-21.394625125744632,-21.394625125744632,21.404127990190887,0.009502864446255033,2.3544540789209973,0.0005226575445440268,2.3539314213764535
2024-02-09 00:00:00-08:00,4.2987283091999995,4.2987283091999995,22.19417750300383,22.19417750300383,-17.89544919380383,-17.89544919380383,18.68554762868843,0.7900984348845994,2.0554102391557274,0.043455413918652964,2.0119548252370745
2024-02-10 00:00:00-08:00,5.674341797099999,5.674341797099999,28.140820944949517,28.140820944949517,-22.466479147849515,-22.466479147849515,22.542087983625642,0.07560883577612637,2.4796296781988207,0.0041584859676869505,2.475471192231134
2024-02-11 00:00:00-08:00,1.9211867333999995,1.9211867333999995,29.55767753904506,29.55767753904506,-27.63649080564506,-27.63649080564506,27.63649080564506,0.0,3.0400139886209567,0.0,3.0400139886209567
2024-02-12 00:00:00-08:00,2.2381772579999994,2.2381772579999994,23.204981160208334,23.204981160208334,-20.966803902208333,-20.966803902208333,20.966803902208333,0.0,2.3063484292429166,0.0,2.3063484292429166
2024-02-13 00:00:00-08:00,4.3781399991,4.3781399991,23.270333724028767,23.270333724028767,-18.892193724928767,-18.892193724928767,19.07908447471322,0.1868907497844533,2.098699292218454,0.010278991238144932,2.0884203009803093
2024-02-14 00:00:00-08:00,3.4888005152999995,3.4888005152999995,23.055368382548323,23.055368382548323,-19.566567867248324,-19.566567867248324,19.566567867248324,0.0,2.1523224653973156,0.0,2.1523224653973156
2024-02-15 00:00:00-08:00,2.4706258334999998,2.4706258334999998,22.724227669705765,22.724227669705765,-20.253601836205764,-20.253601836205764,20.253601836205764,0.0,2.227896201982634,0.0,2.227896201982634
2024-02-16 00:00:00-08:00,6.627593064599999,6.627593064599999,25.147141055023717,25.147141055023717,-18.519547990423717,-18.519547990423717,18.824612306206383,0.3050643157826683,2.0707073536827023,0.016778537368046756,2.0539288163146554
2024-02-17 00:00:00-08:00,3.0864332366999996,3.0864332366999996,25.549736660248477,25.549736660248477,-22.463303423548474,-22.463303423548474,22.463303423548474,0.0,2.470963376590332,0.0,2.470963376590332
2024-02-18 00:00:00-08:00,2.288198597399999,2.288198597399999,26.488132010921166,26.488132010921166,-24.19993341352117,-24.19993341352117,24.19993341352117,0.0,2.6619926754873284,0.0,2.6619926754873284
2024-02-19 00:00:00-08:00,1.731810693599999,1.731810693599999,26.184023392792245,26.184023392792245,-24.452212699192245,-24.452212699192245,24.452212699192245,0.0,2.689743396911147,0.0,2.689743396911147
2024-02-20 00:00:00-08:00,2.895884546399999,2.895884546399999,24.575866257131153,24.575866257131153,-21.679981710731152,-21.679981710731152,21.679981710731152,0.0,2.3847979881804267,0.0,2.3847979881804267
2024-02-21 00:00:00-08:00,2.0098367108999993,2.0098367108999993,24.233548214609915,24.233548214609915,-22.223711503709914,-22.223711503709914,22.223711503709914,0.0,2.4446082654080907,0.0,2.4446082654080907
2024-02-22 00:00:00-08:00,6.408327141899999,6.408327141899999,21.797764013715287,21.797764013715287,-15.38943687181529,-15.38943687181529,16.603783834895584,1.214346963080295,1.8264162218385143,0.06678908296941623,1.759627138869098
2024-02-23 00:00:00-08:00,6.775120006199999,6.775120006199999,22.242369633875043,22.242369633875043,-15.467249627675043,-15.467249627675043,16.65324306816894,1.1859934404938972,1.8318567374985835,0.06522963922716435,1.7666270982714192
2024-02-24 00:00:00-08:00,2.0566011779999993,2.0566011779999993,27.888754912411393,27.888754912411393,-25.832153734411392,-25.832153734411392,25.832153734411392,0.0,2.841536910785253,0.0,2.841536910785253
2024-02-25 00:00:00-08:00,2.3734601255249994,2.3734601255249994,27.901744357634538,27.901744357634538,-25.528284232109538,-25.528284232109538,25.528284232109538,0.0,2.808111265532049,0.0,2.808111265532049
2024-02-26 00:00:00-08:00,4.448362583924999,4.448362583924999,25.47166829548974,25.47166829548974,-21.02330571156474,-21.02330571156474,21.02330571156474,0.0,2.3125636282721214,0.0,2.3125636282721214
2024-02-27 00:00:00-08:00,2.4727981886999992,2.4727981886999992,25.29754428366688,25.29754428366688,-22.824746094966883,-22.824746094966883,22.824746094966883,0.0,2.510722070446357,0.0,2.510722070446357
2024-02-28 00:00:00-08:00,2.0720907128249992,2.0720907128249992,25.576477135063158,25.576477135063158,-23.50438642223816,-23.50438642223816,23.50438642223816,0.0,2.5854825064461977,0.0,2.5854825064461977
2024-02-29 00:00:00-08:00,2.8498551947999995,2.8498551947999995,24.215783352480877,24.215783352480877,-21.365928157680877,-21.365928157680877,21.365928157680877,0.0,2.3502520973448964,0.0,2.3502520973448964
2024-03-01 00:00:00-08:00,3.1915729640249992,3.1915729640249992,22.898021409158932,22.898021409158932,-19.706448445133933,-19.706448445133933,19.767079612837414,0.06063116770348109,2.1743787574121156,0.0033347142236914602,2.171044043188424
2024-03-02 00:00:00-08:00,4.774089758307157,4.774089758307157,27.53982594377479,27.53982594377479,-22.765736185467635,-22.765736185467635,22.860560953072206,0.09482476760456948,2.5146617048379425,0.005215362218251322,2.5094463426196914
2024-03-03 00:00:00-08:00,3.5048151791999995,3.5048151791999995,26.488813719503355,26.488813719503355,-22.983998540303354,-22.983998540303354,22.991710653848195,0.007712113544840915,2.5290881719233016,0.0004241662449662503,2.528664005678335
2024-03-04 00:00:00-08:00,4.210910161199999,4.210910161199999,23.22978309377291,23.22978309377291,-19.018872932572908,-19.018872932572908,19.054384635919366,0.0355117033464557,2.0959823099511303,0.0019531436840550635,2.094029166267075
2024-03-05 00:00:00-08:00,8.596838706524998,8.596838706524998,24.518393348504972,24.518393348504972,-15.921554641979975,-15.921554641979975,17.892956971617647,1.9714023296376704,1.9682252668779412,0.10842712813007187,1.8597981387478693
2024-03-06 00:00:00-08:00,4.378017011399999,4.378017011399999,26.37114590059154,26.37114590059154,-21.99312888919154,-21.99312888919154,21.99312888919154,0.0,2.4192441778110694,0.0,2.4192441778110694
2024-03-07 00:00:00-08:00,7.6284173034,7.6284173034,21.727080944015846,21.727080944015846,-14.098663640615845,-14.098663640615845,15.867627239302555,1.76896359868671,1.745438996323281,0.09729299792776905,1.648145998395512
2024-03-08 00:00:00-08:00,3.6295039082249994,3.6295039082249994,26.749407933524324,26.749407933524324,-23.119904025299324,-23.119904025299324,23.119904025299324,0.0,2.543189442782926,0.0,2.543189442782926
2024-03-09 00:00:00-08:00,3.803996481524999,3.803996481524999,24.536150373922755,24.536150373922755,-20.732153892397754,-20.732153892397754,20.78722426381301,0.05507037141525323,2.286594669019431,0.0030288704278389274,2.2835657985915923
2024-03-10 00:00:00-08:00,2.7414861905249994,2.7414861905249994,26.093467980721677,26.093467980721677,-23.351981790196678,-23.351981790196678,23.351981790196678,0.0,2.5687179969216345,0.0,2.5687179969216345
2024-03-11 00:00:00-07:00,2.530508126399999,2.530508126399999,22.849264779192932,22.849264779192932,-20.31875665279293,-20.31875665279293,20.31875665279293,0.0,2.2350632318072226,0.0,2.2350632318072226
2024-03-12 00:00:00-07:00,5.7234770073,5.7234770073,25.316056226790913,25.316056226790913,-19.59257921949091,-19.59257921949091,20.80461806015215,1.2120388406612401,2.288507986616737,0.06666213623636821,2.2218458503803684
2024-03-13 00:00:00-07:00,7.064043949799999,7.064043949799999,25.372433126153823,25.372433126153823,-18.308389176353824,-18.308389176353824,19.786076185408916,1.4776870090550953,2.1764683803949807,0.08127278549803024,2.0951955948969503
2024-03-14 00:00:00-07:00,9.210305469599998,9.210305469599998,22.3859242045905,22.3859242045905,-13.175618734990499,-13.175618734990499,15.889468299187012,2.7138495641965137,1.7478415129105713,0.14926172603080826,1.598579786879763
2024-03-15 00:00:00-07:00,9.159345,9.159345,22.676363424288628,22.676363424288628,-13.517018424288628,-13.517018424288628,16.31426933663563,2.7972509123470015,1.7945696270299192,0.1538488001790851,1.640720826850834
2024-03-16 00:00:00-07:00,9.239272630199999,9.239272630199999,26.850467130775904,26.850467130775904,-17.611194500575905,-17.611194500575905,20.05264439838661,2.4414498978107053,2.205790883822527,0.13427974437958878,2.071511139442938
2024-03-17 00:00:00-07:00,9.163771730999999,9.163771730999999,25.691432568422474,25.691432568422474,-16.527660837422474,-16.527660837422474,18.939628896415094,2.4119680589926222,2.0833591786056602,0.13265824324459422,1.950700935361066
2024-03-18 00:00:00-07:00,9.455901514199999,9.455901514199999,23.613325331440777,23.613325331440777,-14.157423817240776,-14.157423817240776,17.19389839286283,3.0364745756220537,1.8913288232149115,0.16700610165921295,1.7243227215556984
2024-03-19 00:00:00-07:00,9.335991559724999,9.335991559724999,22.94861658316395,22.94861658316395,-13.612625023438953,-13.612625023438953,16.48329849514556,2.870673471706609,1.8131628344660118,0.1578870409438635,1.6552757935221483
2024-03-20 00:00:00-07:00,2.6029539607499994,2.6029539607499994,23.195637030726154,23.195637030726154,-20.592683069976154,-20.592683069976154,20.592683069976154,0.0,2.265195137697377,0.0,2.265195137697377
2024-03-21 00:00:00-07:00,4.9336887442499995,4.9336887442499995,25.72049312888248,25.72049312888248,-20.786804384632482,-20.786804384632482,21.220538808485834,0.4337344238533516,2.3342592689334416,0.02385539331193434,2.3104038756215073
2024-03-22 00:00:00-07:00,2.4535910198249997,2.4535910198249997,25.06026187610124,25.06026187610124,-22.60667085627624,-22.60667085627624,22.60667085627624,0.0,2.4867337941903864,0.0,2.4867337941903864
2024-03-23 00:00:00-07:00,2.6282918063249996,2.6282918063249996,28.228531915807324,28.228531915807324,-25.600240109482325,-25.600240109482325,25.600240109482325,0.0,2.8160264120430556,0.0,2.8160264120430556
2024-03-24 00:00:00-07:00,7.8481315692,7.8481315692,28.69732248164758,28.69732248164758,-20.849190912447575,-20.849190912447575,23.0201069117341,2.170915999286523,2.532211760290751,0.11940037996075875,2.4128113803299924
2024-03-25 00:00:00-07:00,3.7808432248499995,3.7808432248499995,24.17714976764151,24.17714976764151,-20.39630654279151,-20.39630654279151,20.524315317849275,0.1280087750577667,2.2576746849634204,0.007040482628177168,2.250634202335243
2024-03-26 00:00:00-07:00,6.984704609774999,6.984704609774999,24.109593737438885,24.109593737438885,-17.124889127663888,-17.124889127663888,19.398273426390816,2.2733842987269273,2.1338100769029897,0.125036136429981,2.008773940473009
2024-03-27 00:00:00-07:00,3.140975483099999,3.140975483099999,24.980123929774923,24.980123929774923,-21.839148446674926,-21.839148446674926,21.900019332012903,0.0608708853379768,2.409002126521419,0.003347898693588724,2.4056542278278306
2024-03-28 00:00:00-07:00,4.1768930069999985,4.1768930069999985,23.797776986023713,23.797776986023713,-19.620883979023713,-19.620883979023713,20.300678741533677,0.6797947625099627,2.2330746615687045,0.03738871193804795,2.1956859496306564
2024-03-29 00:00:00-07:00,9.6121990089,9.6121990089,23.94007494528219,23.94007494528219,-14.327875936382194,-14.327875936382194,17.2146622259233,2.8867862895411043,1.8936128448515628,0.15877324592476075,1.734839598926802
2024-03-30 00:00:00-07:00,7.601203933199999,7.601203933199999,26.3102525706689,26.3102525706689,-18.709048637468904,-18.709048637468904,19.40166234118263,0.6926137037137235,2.134182857530089,0.038093753704254794,2.0960891038258342
2024-03-31 00:00:00-07:00,9.847819069199998,9.847819069199998,25.895473206920684,25.895473206920684,-16.047654137720684,-16.047654137720684,18.66963863306894,2.621984495348254,2.0536602496375833,0.14420914724415396,1.9094511023934293
2024-04-01 00:00:00-07:00,8.9766930942,8.9766930942,24.77147691814687,24.77147691814687,-15.794783823946872,-15.794783823946872,18.185857422007828,2.3910735980609545,2.000444316420861,0.1315090478933525,1.8689352685275085
2024-04-02 00:00:00-07:00,8.62204072995,8.62204072995,26.389431463867755,26.389431463867755,-17.767390733917754,-17.767390733917754,19.40635989910004,1.6389691651822853,2.1346995889010043,0.09014330408502569,2.044556284815979
2024-04-03 00:00:00-07:00,6.351735384899999,6.351735384899999,24.39533651721256,24.39533651721256,-18.04360113231256,-18.04360113231256,19.033844953362493,0.9902438210499331,2.0937229448698744,0.05446341015774632,2.0392595347121283
2024-04-04 00:00:00-07:00,3.036556586249999,3.036556586249999,26.95370293813333,26.95370293813333,-23.91714635188333,-23.91714635188333,23.91714635188333,0.0,2.6308860987071663,0.0,2.6308860987071663
2024-04-05 00:00:00-07:00,3.3829272377999993,3.3829272377999993,24.84448553059921,24.84448553059921,-21.46155829279921,-21.46155829279921,21.51278504621941,0.05122675342019789,2.366406355084135,0.002817471438110884,2.363588883646024
2024-04-06 00:00:00-07:00,3.960023100749999,3.960023100749999,27.902303631531236,27.902303631531236,-23.942280530781236,-23.942280530781236,23.942280530781236,0.0,2.633650858385936,0.0,2.633650858385936
2024-04-07 00:00:00-07:00,5.907487812299999,5.907487812299999,27.449820287741225,27.449820287741225,-21.542332475441224,-21.542332475441224,21.775653124719604,0.2333206492783767,2.3953218437191564,0.012832635710310718,2.382489208008846
2024-04-08 00:00:00-07:00,2.729383964999999,2.729383964999999,22.02290188331347,22.02290188331347,-19.29351791831347,-19.29351791831347,19.29351791831347,0.0,2.1222869710144816,0.0,2.1222869710144816
2024-04-09 00:00:00-07:00,5.327835536699999,5.327835536699999,22.416206710177946,22.416206710177946,-17.088371173477945,-17.088371173477945,18.282375859546214,1.1940046860682676,2.0110613445500833,0.06567025773375472,1.9453910868163287
2024-04-10 00:00:00-07:00,8.940428273699998,8.940428273699998,22.635353447682178,22.635353447682178,-13.694925173982178,-13.694925173982178,15.630084634439962,1.9351594604577835,1.7193093097883958,0.10643377032517809,1.6128755394632177
2024-04-11 00:00:00-07:00,5.031291364199999,5.031291364199999,25.161638616615377,25.161638616615377,-20.13034725241538,-20.13034725241538,20.317890198735498,0.18754294632011864,2.2349679218609046,0.010314862047606526,2.2246530598132983
2024-04-12 00:00:00-07:00,9.0570823029,9.0570823029,24.24596099384987,24.24596099384987,-15.18887869094987,-15.18887869094987,17.954737041534866,2.765858350584995,1.9750210745688352,0.15212220928217474,1.8228988652866605
2024-04-13 00:00:00-07:00,7.394473284299999,7.394473284299999,28.62997181895971,28.62997181895971,-21.235498534659712,-21.235498534659712,22.068489457480887,0.8329909228211763,2.4275338403228974,0.045814500755164696,2.3817193395677325
2024-04-14 00:00:00-07:00,10.6155026658,10.6155026658,26.45166937896916,26.45166937896916,-15.836166713169161,-15.836166713169161,18.642614201465147,2.8064474882959836,2.050687562161166,0.1543546118562791,1.896332950304887
2024-04-15 00:00:00-07:00,4.7876755400999995,4.7876755400999995,22.44261246619649,22.44261246619649,-17.65493692609649,-17.65493692609649,18.407001650945652,0.7520647248491616,2.024770181604022,0.04136355986670389,1.9834066217373179
2024-04-16 00:00:00-07:00,8.530270983449999,8.530270983449999,26.160681796002805,26.160681796002805,-17.630410812552807,-17.630410812552807,20.07478645149324,2.4443756389404347,2.2082265096642564,0.1344406601417239,2.0737858495225323
2024-04-17 00:00:00-07:00,10.937948163749999,10.937948163749999,25.410808259823874,25.410808259823874,-14.472860096073873,-14.472860096073873,17.69458894839164,3.221728852317766,1.9464047843230805,0.17719508687747712,1.7692096974456033
2024-04-18 00:00:00-07:00,10.91857001535,10.91857001535,25.834721252350615,25.834721252350615,-14.916151237000616,-14.916151237000616,18.018203694304134,3.102052457303521,1.9820024063734547,0.17061288515169365,1.811389521221761
2024-04-19 00:00:00-07:00,10.8739893393,10.8739893393,23.154587033635035,23.154587033635035,-12.280597694335036,-12.280597694335036,15.682248215066705,3.401650520731669,1.7250473036573375,0.1870907786402418,1.5379565250170957
2024-04-20 00:00:00-07:00,7.468292528999999,7.468292528999999,26.609525208620493,26.609525208620493,-19.141232679620494,-19.141232679620494,19.724228728192514,0.5829960485720206,2.1696651601011765,0.03206478267146113,2.1376003774297154
2024-04-21 00:00:00-07:00,7.616449179449999,7.616449179449999,26.345314859320332,26.345314859320332,-18.728865679870335,-18.728865679870335,20.45247888244368,1.7236132025733424,2.2497726770688047,0.09479872614153383,2.1549739509272707
2024-04-22 00:00:00-07:00,10.285882210799999,10.285882210799999,25.844068359111944,25.844068359111944,-15.558186148311945,-15.558186148311945,18.443024218138326,2.8848380698263822,2.028732663995216,0.15866609384045102,1.870066570154765
2024-04-23 00:00:00-07:00,10.050620175899999,10.050620175899999,24.066401184113612,24.066401184113612,-14.015781008213612,-14.015781008213612,16.937339303254628,2.9215582950410175,1.863107323358009,0.16068570622725598,1.7024216171307531
2024-04-24 00:00:00-07:00,3.726439624799999,3.726439624799999,22.66184167467503,22.66184167467503,-18.935402049875034,-18.935402049875034,19.014291455552222,0.07888940567718872,2.0915720601107446,0.004338917312245379,2.087233142798499
2024-04-25 00:00:00-07:00,3.8137484488499993,3.8137484488499993,23.57613503654031,23.57613503654031,-19.76238658769031,-19.76238658769031,19.76238658769031,0.0,2.1738625246459344,0.0,2.1738625246459344
2024-04-26 00:00:00-07:00,6.972237229499999,6.972237229499999,25.271758952876326,25.271758952876326,-18.299521723376326,-18.299521723376326,19.355400440803663,1.0558787174273376,2.129094048488403,0.05807332945850357,2.0710207190298995
2024-04-27 00:00:00-07:00,4.06972947105,4.06972947105,25.379799235181117,25.379799235181117,-21.310069764131118,-21.310069764131118,21.66647047842035,0.35640071428923187,2.3833117526262386,0.019602039285907754,2.363709713340331
2024-04-28 00:00:00-07:00,4.483340964449999,4.483340964449999,24.99320659437085,24.99320659437085,-20.50986562992085,-20.50986562992085,20.50986562992085,0.0,2.2560852192912932,0.0,2.2560852192912932
2024-04-29 00:00:00-07:00,7.727962738049999,7.727962738049999,24.413087518850077,24.413087518850077,-16.685124780800077,-16.685124780800077,18.17197771648389,1.4868529356838152,1.998917548813228,0.08177691146260983,1.9171406373506181
2024-04-30 00:00:00-07:00,8.8216572096,8.8216572096,25.44624853866647,25.44624853866647,-16.624591329066472,-16.624591329066472,19.00949042317297,2.3848990941064967,2.0910439465490267,0.13116945017585732,1.9598744963731694
2024-05-01 00:00:00-07:00,10.37939913675,10.37939913675,25.501467090972394,25.501467090972394,-15.122067954222393,-15.122067954222393,17.91481751764847,2.7927495634260775,1.9706299269413317,0.15360122598843426,1.8170287009528974
2024-05-02 00:00:00-07:00,10.852450661699999,10.852450661699999,24.41878678836396,24.41878678836396,-13.56633612666396,-13.56633612666396,16.76967928646442,3.203343159800459,1.8446647215110863,0.17618387378902525,1.668480847722061
2024-05-03 00:00:00-07:00,7.574141227049998,7.574141227049998,25.479076121001093,25.479076121001093,-17.904934893951093,-17.904934893951093,18.787801528141376,0.8828666341902809,2.0666581680955516,0.04855766488046545,2.018100503215086
2024-05-04 00:00:00-07:00,3.726841494149999,3.726841494149999,26.133170839301453,26.133170839301453,-22.406329345151455,-22.406329345151455,22.406329345151455,0.0,2.46469622796666,0.0,2.46469622796666
2024-05-05 00:00:00-07:00,2.924193337649999,2.924193337649999,29.301773054136103,29.301773054136103,-26.377579716486103,-26.377579716486103,26.377579716486103,0.0,2.9015337688134712,0.0,2.9015337688134712
2024-05-06 00:00:00-07:00,8.6942593944,8.6942593944,24.116580800065787,24.116580800065787,-15.422321405665787,-15.422321405665787,17.48173794880542,2.0594165431396325,1.9229911743685963,0.11326790987267979,1.8097232644959165
2024-05-07 00:00:00-07:00,7.7512211766,7.7512211766,23.93623324046027,23.93623324046027,-16.18501206386027,-16.18501206386027,17.85072505003099,1.6657129861707227,1.9635797555034091,0.09161421423938974,1.8719655412640195
2024-05-08 00:00:00-07:00,10.796975709749999,10.796975709749999,23.274910986836524,23.274910986836524,-12.477935277086525,-12.477935277086525,15.808646245325678,3.3307109682391522,1.7389510869858245,0.18318910325315338,1.555761983732671
2024-05-09 00:00:00-07:00,10.897507513799999,10.897507513799999,24.320266448326525,24.320266448326525,-13.422758934526524,-13.422758934526524,16.616705260030074,3.193946325503548,1.827837578603308,0.17566704790269513,1.652170530700613
2024-05-10 00:00:00-07:00,10.724659974899998,10.724659974899998,26.606154190264732,26.606154190264732,-15.881494215364732,-15.881494215364732,18.726881591556584,2.8453873761918533,2.0599569750712243,0.15649630569055192,1.9034606693806724
2024-05-11 00:00:00-07:00,10.5577986357,10.5577986357,30.131294414857912,30.131294414857912,-19.573495779157913,-19.573495779157913,22.02725307565122,2.453757296493307,2.4229978383216344,0.1349566513071319,2.2880411870145023
2024-05-12 00:00:00-07:00,10.563273035549999,10.563273035549999,28.52049428123358,28.52049428123358,-17.957221245683584,-17.957221245683584,20.51195590105511,2.5547346553715253,2.256315149116062,0.14051040604543388,2.115804743070628
2024-05-13 00:00:00-07:00,4.969148612399999,4.969148612399999,27.152813692938878,27.152813692938878,-22.18366508053888,-22.18366508053888,22.37107215084707,0.18740707030819048,2.4608179365931777,0.010307388866950477,2.4505105477262275
2024-05-14 00:00:00-07:00,10.399180152149999,10.399180152149999,22.634282215221265,22.634282215221265,-12.235102063071267,-12.235102063071267,15.396023901338225,3.160921838266959,1.6935626291472048,0.17385070110468276,1.519711928042522
2024-05-15 00:00:00-07:00,10.407371162399999,10.407371162399999,22.462139106596393,22.462139106596393,-12.054767944196394,-12.054767944196394,15.261553863712507,3.206785919516113,1.6787709250083758,0.17637322557338622,1.5023976994349895
2024-05-16 00:00:00-07:00,5.189263755299999,5.189263755299999,24.32810644495747,24.32810644495747,-19.138842689657473,-19.138842689657473,19.96827668516074,0.8294339955032675,2.1965104353676814,0.04561886975267971,2.1508915656150016
2024-05-17 00:00:00-07:00,7.758432794249999,7.758432794249999,24.145861544082926,24.145861544082926,-16.387428749832928,-16.387428749832928,17.61277931240421,1.2253505625712828,1.9374057243644631,0.06739428094142055,1.8700114434230426
2024-05-18 00:00:00-07:00,5.181136433999998,5.181136433999998,27.55178292484513,27.55178292484513,-22.370646490845132,-22.370646490845132,22.45682988074816,0.08618338990302898,2.4702512868822977,0.0047400864446665945,2.465511200437631
2024-05-19 00:00:00-07:00,9.1593723186,9.1593723186,27.462351687900433,27.462351687900433,-18.302979369300438,-18.302979369300438,20.35624599919059,2.0532666298901536,2.239187059910965,0.11292966464395846,2.1262573952670065
2024-05-20 00:00:00-07:00,10.251772732799997,10.251772732799997,25.979311137012253,25.979311137012253,-15.727538404212256,-15.727538404212256,18.520490330463122,2.792951926250868,2.0372539363509437,0.15361235594379774,1.8836415804071458
2024-05-21 00:00:00-07:00,2.938668207749999,2.938668207749999,23.27377993804814,23.27377993804814,-20.33511173029814,-20.33511173029814,20.33511173029814,0.0,2.2368622903327955,0.0,2.2368622903327955
2024-05-22 00:00:00-07:00,7.0244725904999985,7.0244725904999985,25.6451626842749,25.6451626842749,-18.6206900937749,-18.6206900937749,19.82433906887255,1.2036489750976496,2.1806772975759805,0.06620069363037073,2.1144766039456098
2024-05-23 00:00:00-07:00,8.035743535649999,8.035743535649999,23.342105681277378,23.342105681277378,-15.306362145627379,-15.306362145627379,17.88527538516947,2.5789132395420915,1.9673802923686419,0.14184022817481504,1.8255400641938269
2024-05-24 00:00:00-07:00,3.816427954499999,3.816427954499999,25.299936302145987,25.299936302145987,-21.48350834764599,-21.48350834764599,21.48350834764599,0.0,2.363185918241059,0.0,2.363185918241059
2024-05-25 00:00:00-07:00,4.704236983799999,4.704236983799999,25.17145222506587,25.17145222506587,-20.46721524126587,-20.46721524126587,20.563112650798946,0.09589740953307713,2.2619423915878842,0.005274357524319242,2.256668034063565
2024-05-26 00:00:00-07:00,4.188873819599999,4.188873819599999,26.496786677304478,26.496786677304478,-22.30791285770448,-22.30791285770448,22.373047687533553,0.06513482982907381,2.461035245628691,0.0035824156405990597,2.457452829988092
2024-05-27 00:00:00-07:00,6.397252030799999,6.397252030799999,26.66047207444193,26.66047207444193,-20.263220043641933,-20.263220043641933,20.619950135157815,0.3567300915158822,2.2681945148673597,0.01962015503337352,2.2485743598339862
2024-05-28 00:00:00-07:00,4.860109429649999,4.860109429649999,23.994900485332987,23.994900485332987,-19.13479105568299,-19.13479105568299,19.439559840386647,0.30476878470365637,2.138351582442531,0.0167622831587011,2.12158929928383
2024-05-29 00:00:00-07:00,5.275575769105695,5.275575769105695,23.092375208419707,23.092375208419707,-17.81679943931401,-17.81679943931401,18.315162424249912,0.4983629849358995,2.0146678666674904,0.027409964171474472,1.987257902496016
2024-05-30 00:00:00-07:00,8.228560213799998,8.228560213799998,23.476588306363478,23.476588306363478,-15.24802809256348,-15.24802809256348,17.89898909407641,2.6509610015129312,1.968888800348405,0.14580285508321122,1.823085945265194
2024-05-31 00:00:00-07:00,10.353836785499999,10.353836785499999,23.957990353125027,23.957990353125027,-13.604153567625028,-13.604153567625028,16.836407501877865,3.2322539342528387,1.852004825206565,0.17777396638390613,1.6742308588226589
2024-06-01 00:00:00-07:00,5.381913532949999,5.381913532949999,24.460814530075762,24.460814530075762,-19.078900997125764,-19.078900997125764,19.652123618798246,0.5732226216724812,2.161733598067807,0.031527244191986464,2.130206353875821
2024-06-02 00:00:00-07:00,3.3860171731499986,3.3860171731499986,28.505468126748834,28.505468126748834,-25.119450953598836,-25.119450953598836,25.179294588101182,0.05984363450234759,2.76972240469113,0.0032913998976291173,2.766431004793501
2024-06-03 00:00:00-07:00,7.0052217578999985,7.0052217578999985,25.520304008125652,25.520304008125652,-18.515082250225657,-18.515082250225657,19.555112600131277,1.040030349905623,2.1510623860144404,0.05720166924480926,2.093860716769631
2024-06-04 00:00:00-07:00,6.664585362299999,6.664585362299999,24.056353345338884,24.056353345338884,-17.391767983038886,-17.391767983038886,19.13043163651719,1.738663653478305,2.104347480016891,0.09562650094130679,2.008720979075584
2024-06-05 00:00:00-07:00,10.035636460424998,10.035636460424998,22.124655899361684,22.124655899361684,-12.089019438936685,-12.089019438936685,15.481401220911879,3.392381781975196,1.7029541343003067,0.18658099800863578,1.516373136291671
2024-06-06 00:00:00-07:00,10.15465090185,10.15465090185,22.238266611762853,22.238266611762853,-12.083615709912854,-12.083615709912854,15.59580933906623,3.512193629153376,1.7155390272972852,0.1931706496034357,1.5223683776938495
2024-06-07 00:00:00-07:00,10.402709322149999,10.402709322149999,25.561762289852403,25.561762289852403,-15.159052967702403,-15.159052967702403,18.33102034967059,3.17196738196819,2.016412238463765,0.17445820600825046,1.8419540324555146
2024-06-08 00:00:00-07:00,7.240418343449998,7.240418343449998,28.067363040209546,28.067363040209546,-20.826944696759547,-20.826944696759547,21.423938813945796,0.5969941171862485,2.3566332695340377,0.03283467644524367,2.323798593088794
2024-06-09 00:00:00-07:00,9.685506696074999,9.685506696074999,26.18274919407746,26.18274919407746,-16.49724249800246,-16.49724249800246,19.229404321162253,2.73216182315979,2.115234475327848,0.15026890027378845,1.9649655750540593
2024-06-10 00:00:00-07:00,8.429119755524999,8.429119755524999,22.935721668183046,22.935721668183046,-14.506601912658047,-14.506601912658047,17.21898398004906,2.7123820673910113,1.8940882378053967,0.14918101370650563,1.744907224098891
2024-06-11 00:00:00-07:00,8.0454504582,8.0454504582,25.3930458339136,25.3930458339136,-17.3475953757136,-17.3475953757136,19.235128506457592,1.8875331307439929,2.115864135710335,0.10381432219091961,2.0120498135194156
2024-06-12 00:00:00-07:00,9.4342615839,9.4342615839,22.67869494567918,22.67869494567918,-13.244433361779178,-13.244433361779178,16.31248005739871,3.0680466956195316,1.794372806313858,0.16874256825907424,1.6256302380547838
2024-06-13 00:00:00-07:00,8.110226832524999,8.110226832524999,22.08516583358386,22.08516583358386,-13.974939001058864,-13.974939001058864,15.9599537443062,1.9850147432473353,1.755594911873682,0.10917581087860344,1.6464191009950786
2024-06-14 00:00:00-07:00,6.1063083116999985,6.1063083116999985,24.000879340403888,24.000879340403888,-17.894571028703886,-17.894571028703886,18.14145545976197,0.24688443105808372,1.9955601005738168,0.013578643708194605,1.9819814568656222
2024-06-15 00:00:00-07:00,7.9739844362999985,7.9739844362999985,27.54624231970311,27.54624231970311,-19.572257883403115,-19.572257883403115,20.85981085658139,1.2875529731782769,2.294579194223953,0.07081541352480523,2.223763780699148
2024-06-16 00:00:00-07:00,8.772618805199999,8.772618805199999,26.88533340646123,26.88533340646123,-18.112714601261228,-18.112714601261228,20.482425593536576,2.369710992275347,2.2530668152890234,0.1303341045751441,2.1227327107138794
2024-06-17 00:00:00-07:00,4.563029562299999,4.563029562299999,24.933836440324107,24.933836440324107,-20.37080687802411,-20.37080687802411,20.42735085008423,0.056543972060123626,2.2470085935092654,0.0031099184633067993,2.2438986750459584
2024-06-18 00:00:00-07:00,8.836552674224999,8.836552674224999,22.34221712538876,22.34221712538876,-13.505664451163762,-13.505664451163762,16.13231886295235,2.626654411788586,1.7745550749247585,0.14446599264837223,1.6300890822763863
2024-06-19 00:00:00-07:00,10.374428370599999,10.374428370599999,23.9320804472604,23.9320804472604,-13.5576520766604,-13.5576520766604,16.780246692167,3.222594615506602,1.84582713613837,0.17724270385286311,1.668584432285507
2024-06-20 00:00:00-07:00,10.244283613199999,10.244283613199999,23.745940782125363,23.745940782125363,-13.501657168925364,-13.501657168925364,16.709032297806168,3.2073751288808037,1.8379935527586784,0.1764056320884442,1.6615879206702342
2024-06-21 00:00:00-07:00,9.4584982689,9.4584982689,25.908742447236246,25.908742447236246,-16.450244178336245,-16.450244178336245,18.67325078732526,2.223006608989011,2.0540575866057784,0.12226536349439561,1.9317922231113829
2024-06-22 00:00:00-07:00,6.631325884799999,6.631325884799999,25.85208583815948,25.85208583815948,-19.22075995335948,-19.22075995335948,20.199603185139946,0.9788432317804663,2.221956350365394,0.05383637774792564,2.1681199726174682
2024-06-23 00:00:00-07:00,7.726641818399999,7.726641818399999,26.676235681580646,26.676235681580646,-18.94959386318065,-18.94959386318065,20.273061096336875,1.3234672331562254,2.2300367205970564,0.07279069782359239,2.157246022773464
2024-06-24 00:00:00-07:00,8.315065751399999,8.315065751399999,25.009270678015774,25.009270678015774,-16.694204926615775,-16.694204926615775,19.183031284783358,2.4888263581675805,2.110133441326169,0.13688544969921693,1.9732479916269523
2024-06-25 00:00:00-07:00,10.171175952825,10.171175952825,22.405908760060974,22.405908760060974,-12.234732807235973,-12.234732807235973,15.633219850467954,3.398487043231981,1.719654183551475,0.18691678737775896,1.532737396173716
2024-06-26 00:00:00-07:00,5.705333398799999,5.705333398799999,26.487756408894764,26.487756408894764,-20.782423010094764,-20.782423010094764,21.125403651964064,0.3429806418692967,2.323794401716047,0.01886393530281132,2.3049304664132357
2024-06-27 00:00:00-07:00,3.996178726499999,3.996178726499999,25.234177582900507,25.234177582900507,-21.23799885640051,-21.23799885640051,21.547646501955303,0.3096476455547924,2.3702411152150833,0.017030620505513582,2.3532104947095696
2024-06-28 00:00:00-07:00,8.387579321999999,8.387579321999999,22.534218927749173,22.534218927749173,-14.146639605749176,-14.146639605749176,16.611351219660296,2.46471161391112,1.8272486341626326,0.1355591387651116,1.691689495397521
2024-06-29 00:00:00-07:00,6.175610885024999,6.175610885024999,27.64282988189475,27.64282988189475,-21.467218996869754,-21.467218996869754,21.773168844814002,0.305949847944247,2.3950485729295403,0.016827241636933585,2.3782213312926066
2024-06-30 00:00:00-07:00,6.7556148302249985,6.7556148302249985,26.965279311677115,26.965279311677115,-20.209664481452116,-20.209664481452116,21.55016870816804,1.3405042267159277,2.3705185578984844,0.07372773246937603,2.2967908254291083
2024-07-01 00:00:00-07:00,7.519130793224999,7.519130793224999,22.07358232835623,22.07358232835623,-14.554451535131232,-14.554451535131232,16.432012009156225,1.8775604740249947,1.8075213210071848,0.1032658260713747,1.70425549493581
2024-07-02 00:00:00-07:00,9.239572334924999,9.239572334924999,23.353538311201394,23.353538311201394,-14.113965976276397,-14.113965976276397,16.89955927465033,2.785593298373931,1.8589515202115363,0.1532076314105662,1.7057438888009702
2024-07-03 00:00:00-07:00,10.126721976299999,10.126721976299999,23.6470811720846,23.6470811720846,-13.520359195784602,-13.520359195784602,16.704397675803232,3.184038480018632,1.8374837443383556,0.17512211640102476,1.6623616279373308
2024-07-04 00:00:00-07:00,10.222279692525,10.222279692525,25.527539201949608,25.527539201949608,-15.30525950942461,-15.30525950942461,18.338682273505196,3.033422764080585,2.0172550500855717,0.16683825202443217,1.8504167980611395
2024-07-05 00:00:00-07:00,10.148416592399998,10.148416592399998,23.234175445616362,23.234175445616362,-13.085758853216364,-13.085758853216364,16.341227298495294,3.2554684452789298,1.7975350028344823,0.17905076449034113,1.6184842383441411
2024-07-06 00:00:00-07:00,10.146158406899998,10.146158406899998,26.40188739751285,26.40188739751285,-16.255728990612855,-16.255728990612855,19.226662773493814,2.970933782880958,2.1149329050843195,0.16340135805845268,1.951531547025867
2024-07-07 00:00:00-07:00,9.990638031599998,9.990638031599998,24.874083107252602,24.874083107252602,-14.883445075652604,-14.883445075652604,17.83607899248854,2.952633916835936,1.9619686891737396,0.16239486542597648,1.799573823747763
2024-07-08 00:00:00-07:00,9.954738499499998,9.954738499499998,24.623534876091405,24.623534876091405,-14.668796376591407,-14.668796376591407,17.699352678180006,3.030556301588598,1.9469287945998006,0.1666805965873729,1.7802481980124276
2024-07-09 00:00:00-07:00,9.918758542499997,9.918758542499997,22.86702318463425,22.86702318463425,-12.948264642134252,-12.948264642134252,16.093178385107226,3.144913742972975,1.770249622361795,0.17297025586351364,1.5972793664982814
2024-07-10 00:00:00-07:00,9.9334426464,9.9334426464,24.287940976572365,24.287940976572365,-14.354498330172367,-14.354498330172367,17.383776404464538,3.029278074292169,1.912215404491099,0.16661029408606928,1.7456051104050299
2024-07-11 00:00:00-07:00,10.02683921445,10.02683921445,25.55034646216829,25.55034646216829,-15.523507247718289,-15.523507247718289,18.35402642267618,2.8305191749578924,2.01894290649438,0.1556785546226841,1.8632643518716958
2024-07-12 00:00:00-07:00,9.946386995849998,9.946386995849998,22.658331976371834,22.658331976371834,-12.711944980521833,-12.711944980521833,15.924366036643507,3.2124210561216735,1.7516802640307858,0.17668315808669205,1.5749971059440937
2024-07-13 00:00:00-07:00,9.927615232349998,9.927615232349998,27.282397084963986,27.282397084963986,-17.354781852613986,-17.354781852613986,19.864436119432142,2.5096542668181567,2.1850879731375357,0.1380309846749986,2.047056988462537
2024-07-14 00:00:00-07:00,9.8328598056,9.8328598056,25.574230368781656,25.574230368781656,-15.741370563181656,-15.741370563181656,18.622655918015028,2.88128535483337,2.048492150981653,0.15847069451583534,1.8900214564658175
2024-07-15 00:00:00-07:00,9.06240047535,9.06240047535,22.304077358134037,22.304077358134037,-13.24167688278404,-13.24167688278404,16.18174502654377,2.94006814375973,1.7799919529198147,0.16170374790678516,1.6182882050130296
2024-07-16 00:00:00-07:00,9.93540713805,9.93540713805,26.156918472991357,26.156918472991357,-16.221511334941354,-16.221511334941354,19.03616672134402,2.8146553864026638,2.093978339347842,0.1548060462521465,1.9391722930956956
2024-07-17 00:00:00-07:00,7.507779170399999,7.507779170399999,24.74070045786093,24.74070045786093,-17.232921287460933,-17.232921287460933,19.08592894863907,1.853007661178134,2.0994521843502976,0.10191542136479738,1.9975367629855
2024-07-18 00:00:00-07:00,9.855362059199999,9.855362059199999,22.28787769761029,22.28787769761029,-12.43251563841029,-12.43251563841029,15.653509875594638,3.2209942371843474,1.7218860863154102,0.17715468304513912,1.544731403270271
2024-07-19 00:00:00-07:00,9.913745440349999,9.913745440349999,23.24028971376956,23.24028971376956,-13.326544273419563,-13.326544273419563,16.496158672570736,3.169614399151174,1.814577453982781,0.17432879195331458,1.6402486620294665
2024-07-20 00:00:00-07:00,9.947194073099999,9.947194073099999,25.948915528779033,25.948915528779033,-16.001721455679032,-16.001721455679032,18.8632407720891,2.861519316410068,2.074956484929801,0.15738356240255374,1.9175729225272473
2024-07-21 00:00:00-07:00,5.361362523449999,5.361362523449999,25.946628937686782,25.946628937686782,-20.58526641423678,-20.58526641423678,21.992451484977664,1.407185070740882,2.4191696633475432,0.07739517889074851,2.3417744844567947
2024-07-22 00:00:00-07:00,4.113181020599998,4.113181020599998,24.338383011272,24.338383011272,-20.225201990672,-20.225201990672,20.266844407986582,0.04164241731458013,2.2293528848785242,0.002290332952301907,2.227062551926222
2024-07-23 00:00:00-07:00,10.031238128699998,10.031238128699998,24.232771045799062,24.232771045799062,-14.201532917099064,-14.201532917099064,17.277798521956914,3.0762656048578485,1.9005578374152605,0.16919460826718166,1.731363229148079
2024-07-24 00:00:00-07:00,9.0529684938,9.0529684938,21.742823336041027,21.742823336041027,-12.68985484224103,-12.68985484224103,15.196160981186313,2.506306138945285,1.6715777079304945,0.13784683764199068,1.5337308702885037
2024-07-25 00:00:00-07:00,7.733269211399998,7.733269211399998,25.401421995360298,25.401421995360298,-17.668152783960302,-17.668152783960302,19.211330820237354,1.5431780362770517,2.113246390226109,0.08487479199523784,2.028371598230871
2024-07-26 00:00:00-07:00,9.823114399949999,9.823114399949999,24.836589447263197,24.836589447263197,-15.013475047313198,-15.013475047313198,17.841485964636277,2.8280109173230796,1.9625634561099905,0.15554060045276938,1.8070228556572212
2024-07-27 00:00:00-07:00,7.9323350341499985,7.9323350341499985,26.59513114637693,26.59513114637693,-18.662796112226932,-18.662796112226932,19.89978943600687,1.2369933237799395,2.1889768379607557,0.06803463280789668,2.120942205152859
2024-07-28 00:00:00-07:00,7.6892380893,7.6892380893,25.19798589183374,25.19798589183374,-17.50874780253374,-17.50874780253374,19.862780543846974,2.3540327413132336,2.184905859823167,0.12947180077222784,2.0554340590509392
2024-07-29 00:00:00-07:00,3.262700930399999,3.262700930399999,23.376272893466478,23.376272893466478,-20.113571963066477,-20.113571963066477,20.113571963066477,0.0,2.2124929159373123,0.0,2.2124929159373123
2024-07-30 00:00:00-07:00,5.768705927699999,5.768705927699999,25.744143660353952,25.744143660353952,-19.975437732653955,-19.975437732653955,21.144284860598013,1.1688471279440602,2.3258713346657816,0.06428659203692332,2.2615847426288584
2024-07-31 00:00:00-07:00,8.8401138021,8.8401138021,23.59671070845715,23.59671070845715,-14.75659690635715,-14.75659690635715,17.454572734889414,2.697975828532265,1.9200030008378355,0.14838867056927457,1.771614330268561
2024-08-01 00:00:00-07:00,9.420176010599999,9.420176010599999,25.743520756426992,25.743520756426992,-16.323344745826994,-16.323344745826994,18.92562504623204,2.602280300405045,2.0818187550855245,0.14312541652227748,1.938693338563247
2024-08-02 00:00:00-07:00,7.391690113499998,7.391690113499998,26.976203458751666,26.976203458751666,-19.58451334525167,-19.58451334525167,21.014303200020937,1.4297898547692678,2.311573352002303,0.07863844201230973,2.2329349099899933
2024-08-03 00:00:00-07:00,8.86484873295,8.86484873295,25.739386727579117,25.739386727579117,-16.87453799462912,-16.87453799462912,19.014100467691684,2.139562473062564,2.091551051446085,0.11767593601844102,1.9738751154276442
2024-08-04 00:00:00-07:00,9.6656140188,9.6656140188,27.486604589051645,27.486604589051645,-17.820990570251645,-17.820990570251645,20.325781695994678,2.5047911257430338,2.2358359865594144,0.13776351191586686,2.0980724746435477
2024-08-05 00:00:00-07:00,9.740318997149998,9.740318997149998,22.607779960747926,22.607779960747926,-12.867460963597928,-12.867460963597928,16.026023527981334,3.1585625643834048,1.7628625880779467,0.17372094104108726,1.5891416470368593
2024-08-06 00:00:00-07:00,6.118201077299999,6.118201077299999,25.827813155517013,25.827813155517013,-19.709612078217013,-19.709612078217013,21.360754705219072,1.651142627002057,2.349683017574098,0.09081284448511313,2.258870173088985
2024-08-07 00:00:00-07:00,9.19154159415,9.19154159415,23.28964540282511,23.28964540282511,-14.09810380867511,-14.09810380867511,16.82536167080565,2.727257862130538,1.8507897837886214,0.14999918241717958,1.7007906013714418
2024-08-08 00:00:00-07:00,8.525390466149998,8.525390466149998,23.94944128659435,23.94944128659435,-15.42405082044435,-15.42405082044435,17.552723490877444,2.128672670433092,1.9307995839965189,0.11707699687382006,1.8137225871226987
2024-08-09 00:00:00-07:00,6.331493595599999,6.331493595599999,23.738446217042185,23.738446217042185,-17.406952621442183,-17.406952621442183,18.5602233888544,1.1532707674122158,2.041624572773984,0.06342989220767187,1.978194680566312
2024-08-10 00:00:00-07:00,8.02873116585,8.02873116585,28.097680231042897,28.097680231042897,-20.068949065192896,-20.068949065192896,21.801625587463533,1.7326765222706348,2.3981788146209886,0.09529720872488491,2.3028816058961037
2024-08-11 00:00:00-07:00,6.705441208799999,6.705441208799999,28.64169226672221,28.64169226672221,-21.936251057922213,-21.936251057922213,23.518088759707716,1.581837701785503,2.586989763567849,0.08700107359820267,2.4999886899696464
2024-08-12 00:00:00-07:00,8.023033675799999,8.023033675799999,24.068275166901778,24.068275166901778,-16.04524149110178,-16.04524149110178,17.782669070585563,1.7374275794837817,1.9560935977644118,0.09555851687160799,1.8605350808928038
2024-08-13 00:00:00-07:00,5.837007669749999,5.837007669749999,21.53458043504912,21.53458043504912,-15.69757276529912,-15.69757276529912,16.335035627355147,0.6374628620560282,1.7968539190090662,0.03506045741308155,1.7617934615959847
2024-08-14 00:00:00-07:00,9.148116449249999,9.148116449249999,25.027236338392072,25.027236338392072,-15.879119889142073,-15.879119889142073,18.302109695023965,2.4229898058818913,2.013232066452636,0.133264439323504,1.8799676271291321
2024-08-15 00:00:00-07:00,6.5408322190499995,6.5408322190499995,22.21312768375012,22.21312768375012,-15.672295464700122,-15.672295464700122,17.216554514135147,1.5442590494350268,1.8938209965548662,0.08493424771892648,1.8088867488359397
2024-08-16 00:00:00-07:00,6.253839821699999,6.253839821699999,23.89834452721003,23.89834452721003,-17.64450470551003,-17.64450470551003,18.96374424535183,1.3192395398417989,2.0860118669887013,0.07255817469129894,2.0134536922974022
2024-08-17 00:00:00-07:00,7.999451775899999,7.999451775899999,25.710027156981717,25.710027156981717,-17.710575381081718,-17.710575381081718,19.18750118860214,1.4769258075204235,2.1106251307462354,0.08123091941362329,2.029394211332612
2024-08-18 00:00:00-07:00,8.924833039949998,8.924833039949998,28.30704332399296,28.30704332399296,-19.382210284042962,-19.382210284042962,20.743194962269765,1.3609846782268016,2.2817514458496744,0.07485415730247409,2.2068972885472005
2024-08-19 00:00:00-07:00,7.736957798849999,7.736957798849999,26.100911845302637,26.100911845302637,-18.36395404645264,-18.36395404645264,19.070716352614664,0.7067623061620234,2.097778798787613,0.03887192683891129,2.0589068719487016
2024-08-20 00:00:00-07:00,4.735136943449999,4.735136943449999,25.40395872776028,25.40395872776028,-20.668821784310282,-20.668821784310282,21.23189931714958,0.5630775328392986,2.335508924886454,0.030969264306161426,2.304539660580293
2024-08-21 00:00:00-07:00,3.526892466299999,3.526892466299999,23.32678800817433,23.32678800817433,-19.79989554187433,-19.79989554187433,19.79989554187433,0.0,2.1779885096061764,0.0,2.1779885096061764
2024-08-22 00:00:00-07:00,4.093008623999999,4.093008623999999,26.078177502744833,26.078177502744833,-21.985168878744837,-21.985168878744837,22.057245249387226,0.07207637064238936,2.4262969774325946,0.003964200385331415,2.4223327770472634
2024-08-23 00:00:00-07:00,2.2711594940999995,2.2711594940999995,23.317163272337293,23.317163272337293,-21.046003778237292,-21.046003778237292,21.046003778237292,0.0,2.3150604156061023,0.0,2.3150604156061023
2024-08-24 00:00:00-07:00,2.875197460949999,2.875197460949999,27.18089105795967,27.18089105795967,-24.305693597009668,-24.305693597009668,24.305693597009668,0.0,2.6736262956710637,0.0,2.6736262956710637
2024-08-25 00:00:00-07:00,9.55673856135,9.55673856135,24.59177196908267,24.59177196908267,-15.035033407732671,-15.035033407732671,17.612700374323786,2.577666966591114,1.9373970411756165,0.14177168316251126,1.7956253580131052
2024-08-26 00:00:00-07:00,4.481247358799999,4.481247358799999,26.155488896376518,26.155488896376518,-21.674241537576517,-21.674241537576517,21.77452726200906,0.10028572443254291,2.3951979988209966,0.00551571484378986,2.3896822839772067
2024-08-27 00:00:00-07:00,8.0169625557,8.0169625557,22.202024953498135,22.202024953498135,-14.185062397798134,-14.185062397798134,15.638200938779683,1.453138540981548,1.720202103265765,0.07992261975398514,1.64027948351178
2024-08-28 00:00:00-07:00,10.2644297496,10.2644297496,24.141099570262288,24.141099570262288,-13.876669820662288,-13.876669820662288,16.752633965552494,2.8759641448902062,1.8427897362107744,0.15817802796896135,1.684611708241813
2024-08-29 00:00:00-07:00,10.051801479899998,10.051801479899998,22.87255443059981,22.87255443059981,-12.82075295069981,-12.82075295069981,15.696174464055126,2.8754215133553163,1.726579191046064,0.15814818323454238,1.5684310078115216
2024-08-30 00:00:00-07:00,9.920004304617164,9.920004304617164,24.44730661569308,24.44730661569308,-14.527302311075916,-14.527302311075916,17.198419116485322,2.671116805409406,1.8918261028133854,0.14691142429751733,1.744914678515868
2024-08-31 00:00:00-07:00,9.738656295299998,9.738656295299998,26.446354041473143,26.446354041473143,-16.707697746173142,-16.707697746173142,19.012935177013738,2.305237430840596,2.0914228694715113,0.12678805869623277,1.9646348107752787
2024-09-01 00:00:00-07:00,8.075890004399998,8.075890004399998,28.09406185917216,28.09406185917216,-20.018171854772163,-20.018171854772163,21.058920469312717,1.0407486145405551,2.316481251624399,0.05724117379973053,2.2592400778246686
2024-09-02 00:00:00-07:00,3.013973204399999,3.013973204399999,23.56312002255063,23.56312002255063,-20.549146818150636,-20.549146818150636,20.66249424754941,0.11334742939877857,2.2728743672304352,0.006234108616932821,2.2666402586135024
2024-09-03 00:00:00-07:00,7.298179001999999,7.298179001999999,26.291745083585727,26.291745083585727,-18.99356608158573,-18.99356608158573,20.77458824427807,1.7810221626923421,2.2852047068705876,0.09795621894807882,2.187248487922509
2024-09-04 00:00:00-07:00,9.519691438799999,9.519691438799999,25.484967520990292,25.484967520990292,-15.965276082190295,-15.965276082190295,18.271599623934524,2.30632354174423,2.0098759586327977,0.12684779479593264,1.883028163836865
2024-09-05 00:00:00-07:00,8.8650339543,8.8650339543,24.89687493969829,24.89687493969829,-16.03184098539829,-16.03184098539829,18.002116129392476,1.9702751439941864,1.9802327742331725,0.10836513291968025,1.8718676413134923
2024-09-06 00:00:00-07:00,7.4554758153,7.4554758153,26.629001978981986,26.629001978981986,-19.173526163681988,-19.173526163681988,20.180968929852927,1.0074427661709398,2.219906582283822,0.05540935213940169,2.1644972301444203
2024-09-07 00:00:00-07:00,3.1529729789999994,3.1529729789999994,29.04184789430707,29.04184789430707,-25.88887491530707,-25.88887491530707,25.88887491530707,0.0,2.847776240683778,0.0,2.847776240683778
2024-09-08 00:00:00-07:00,5.900705695799998,5.900705695799998,28.339486016462487,28.339486016462487,-22.438780320662488,-22.438780320662488,23.136127038584306,0.6973467179218182,2.544973974244274,0.038354069485700006,2.506619904758574
2024-09-09 00:00:00-07:00,5.71138895745,5.71138895745,24.279023999656932,24.279023999656932,-18.56763504220693,-18.56763504220693,20.1366618865995,1.5690268443925688,2.215032807525945,0.08629647644159129,2.1287363310843537
2024-09-10 00:00:00-07:00,6.503465415825,6.503465415825,24.539551587376554,24.539551587376554,-18.036086171551556,-18.036086171551556,19.652315836953132,1.6162296654015758,2.1617547420648444,0.08889263159708667,2.072862110467758
2024-09-11 00:00:00-07:00,4.906091099924999,4.906091099924999,25.330914347040732,25.330914347040732,-20.424823247115732,-20.424823247115732,20.961484118617186,0.5366608715014546,2.3057632530478904,0.02951634793258,2.2762469051153102
2024-09-12 00:00:00-07:00,5.122340594099999,5.122340594099999,24.34006273226846,24.34006273226846,-19.21772213816846,-19.21772213816846,19.65872187547806,0.4409997373095983,2.162459406302587,0.024254985552027906,2.138204420750559
2024-09-13 00:00:00-07:00,5.9749960688999995,5.9749960688999995,26.284089682465694,26.284089682465694,-20.309093613565693,-20.309093613565693,20.45061104028216,0.14151742671646372,2.2495672144310372,0.007783458469405505,2.241783755961632
2024-09-14 00:00:00-07:00,3.0225504388499993,3.0225504388499993,29.088418905088428,29.088418905088428,-26.065868466238427,-26.065868466238427,26.065868466238427,0.0,2.867245531286227,0.0,2.867245531286227
2024-09-15 00:00:00-07:00,4.889769888149999,4.889769888149999,27.475525170717724,27.475525170717724,-22.585755282567725,-22.585755282567725,23.28900027319816,0.7032449906304342,2.5617900300517973,0.03867847448467388,2.5231115555671235
2024-09-16 00:00:00-07:00,7.814836602899999,7.814836602899999,26.653600012297435,26.653600012297435,-18.838763409397437,-18.838763409397437,20.823835813553984,1.985072404156547,2.290621939490938,0.10917898222861008,2.181442957262328
2024-09-17 00:00:00-07:00,3.212347072499999,3.212347072499999,24.945532870343662,24.945532870343662,-21.733185797843664,-21.733185797843664,21.861026372209746,0.12784057436608387,2.404712900943072,0.007031231590134613,2.3976816693529375
2024-09-18 00:00:00-07:00,5.816354933699999,5.816354933699999,24.072741946801706,24.072741946801706,-18.256387013101705,-18.256387013101705,19.893190313942366,1.6368033008406602,2.1882509345336603,0.09002418154623631,2.098226752987424
2024-09-19 00:00:00-07:00,7.632661279499999,7.632661279499999,22.69293738356982,22.69293738356982,-15.060276104069821,-15.060276104069821,16.861905333400323,1.8016292293305016,1.8548095866740355,0.09908960761317759,1.755719979060858
2024-09-20 00:00:00-07:00,6.471758927024999,6.471758927024999,24.70281148036867,24.70281148036867,-18.23105255334367,-18.23105255334367,19.681290721696698,1.4502381683530283,2.164941979386637,0.07976309925941656,2.0851788801272204
2024-09-21 00:00:00-07:00,8.649590304824999,8.649590304824999,28.702378134303533,28.702378134303533,-20.052787829478532,-20.052787829478532,21.702621889119158,1.649834059640624,2.387288407803107,0.09074087328023432,2.296547534522873
2024-09-22 00:00:00-07:00,5.060517254324999,5.060517254324999,27.941900193339762,27.941900193339762,-22.881382939014763,-22.881382939014763,23.019498492257128,0.13811555324236324,2.532144834148284,0.007596355428329978,2.524548478719954
2024-09-23 00:00:00-07:00,4.908102449399999,4.908102449399999,25.17524266637152,25.17524266637152,-20.26714021697152,-20.26714021697152,21.4708397491587,1.2036995321871804,2.3617923724074568,0.06620347427029492,2.295588898137162
2024-09-24 00:00:00-07:00,7.730776141424999,7.730776141424999,22.894553676160154,22.894553676160154,-15.163777534735155,-15.163777534735155,17.107186050281175,1.94340851554602,1.8817904655309292,0.1068874683550311,1.774902997175898
2024-09-25 00:00:00-07:00,2.0660141144249993,2.0660141144249993,22.349218137382493,22.349218137382493,-20.283204022957495,-20.283204022957495,20.283204022957495,0.0,2.2311524425253246,0.0,2.2311524425253246
2024-09-26 00:00:00-07:00,4.163887757699999,4.163887757699999,22.20457246990626,22.20457246990626,-18.04068471220626,-18.04068471220626,18.232027355443414,0.19134264323715316,2.0055230090987757,0.010523845378043423,1.9949991637207323
2024-09-27 00:00:00-07:00,6.372434159324999,6.372434159324999,24.37780163269329,24.37780163269329,-18.005367473368292,-18.005367473368292,19.705276794711484,1.6999093213431924,2.1675804474182634,0.09349501267387558,2.074085434744388
2024-09-28 00:00:00-07:00,3.5142572945249992,3.5142572945249992,26.225617630583642,26.225617630583642,-22.711360336058643,-22.711360336058643,22.775538508562676,0.06417817250403524,2.5053092359418945,0.003529799487721938,2.5017794364541723
2024-09-29 00:00:00-07:00,6.432894165824998,6.432894165824998,26.366286386978604,26.366286386978604,-19.933392221153607,-19.933392221153607,20.66057416589816,0.727181944744554,2.2726631582487977,0.03999500696095047,2.2326681512878475
2024-09-30 00:00:00-07:00,8.446710323025,8.446710323025,24.697336409229,24.697336409229,-16.250626086204,-16.250626086204,18.25394153181103,2.0033154456070297,2.0079335684992135,0.11018234950838664,1.8977512189908268
2024-10-01 00:00:00-07:00,5.825922310799999,5.825922310799999,24.210712020178317,24.210712020178317,-18.384789709378317,-18.384789709378317,18.776843427727876,0.3920537183495594,2.065452777050066,0.021562954509225764,2.0438898225408404
2024-10-02 00:00:00-07:00,5.382201897,5.382201897,22.039814123763367,22.039814123763367,-16.65761222676337,-16.65761222676337,17.8327138518036,1.1751016250402335,1.961598523698396,0.06463058937721285,1.8969679343211832
2024-10-03 00:00:00-07:00,8.0802243711,8.0802243711,22.183796180425436,22.183796180425436,-14.103571809325434,-14.103571809325434,16.206818295628423,2.1032464863029885,1.7827500125191265,0.11567855674666437,1.6670714557724622
2024-10-04 00:00:00-07:00,4.043610778724999,4.043610778724999,23.074077351963627,23.074077351963627,-19.030466573238627,-19.030466573238627,19.805165648005733,0.7746990747671058,2.1785682212806305,0.04260844911219082,2.1359597721684396
2024-10-05 00:00:00-07:00,4.681696224824999,4.681696224824999,24.31641042606755,24.31641042606755,-19.63471420124255,-19.63471420124255,19.93378407560991,0.2990698743673618,2.1927162483170903,0.0164488430902049,2.1762674052268856
2024-10-06 00:00:00-07:00,7.9084163807999985,7.9084163807999985,25.456125828693967,25.456125828693967,-17.54770944789397,-17.54770944789397,19.15821006362541,1.6105006157314428,2.1074031069987953,0.08857753386522935,2.018825573133566
2024-10-07 00:00:00-07:00,8.092444705425,8.092444705425,22.596330138249954,22.596330138249954,-14.503885432824953,-14.503885432824953,16.53589253052922,2.032007097704269,1.8189481783582144,0.11176039037373478,1.7071877879844797
2024-10-08 00:00:00-07:00,3.375600403725,3.375600403725,25.82597600442214,25.82597600442214,-22.45037560069714,-22.45037560069714,22.733703203864295,0.2833276031671531,2.5007073524250725,0.01558301817419342,2.485124334250879
2024-10-09 00:00:00-07:00,5.778230376824999,5.778230376824999,27.026578942888882,27.026578942888882,-21.248348566063882,-21.248348566063882,22.064329705825788,0.8159811397619031,2.4270762676408366,0.04487896268690467,2.382197304953932
2024-10-10 00:00:00-07:00,5.5056537053999985,5.5056537053999985,23.583468786533455,23.583468786533455,-18.077815081133455,-18.077815081133455,19.622383503990413,1.5445684228569565,2.1584621854389456,0.0849512632571326,2.073510922181813
2024-10-11 00:00:00-07:00,3.1443860906999994,3.1443860906999994,24.565744611963307,24.565744611963307,-21.421358521263308,-21.421358521263308,21.464907980921637,0.04354945965832879,2.36113987790138,0.0023952202812080837,2.3587446576201723
2024-10-12 00:00:00-07:00,7.529936198625,7.529936198625,24.634276015284023,24.634276015284023,-17.104339816659024,-17.104339816659024,18.740816929706323,1.6364771130473004,2.0614898622676954,0.09000624121760152,1.971483621050094
2024-10-13 00:00:00-07:00,6.5367292706999995,6.5367292706999995,25.599282942914943,25.599282942914943,-19.062553672214943,-19.062553672214943,19.719132520369943,0.6565788481549999,2.169104577240694,0.03611183664852499,2.1329927405921687
2024-10-14 00:00:00-07:00,2.500409533499999,2.500409533499999,23.566767479205932,23.566767479205932,-21.066357945705935,-21.066357945705935,21.09746609921439,0.031108153508456415,2.320721270913583,0.0017109484429651029,2.319010322470618
2024-10-15 00:00:00-07:00,2.006531956799999,2.006531956799999,22.71541519739326,22.71541519739326,-20.70888324059326,-20.70888324059326,20.70888324059326,0.0,2.2779771564652584,0.0,2.2779771564652584
2024-10-16 00:00:00-07:00,3.4582009455,3.4582009455,26.779999931460356,26.779999931460356,-23.321798985960356,-23.321798985960356,23.818840377138645,0.49704139117829005,2.620072441485251,0.027337276514805952,2.592735164970445
2024-10-17 00:00:00-07:00,3.9846922346249993,3.9846922346249993,25.516766539645346,25.516766539645346,-21.532074305020345,-21.532074305020345,21.973858780328342,0.44178447530799736,2.4171244658361175,0.024298146141939855,2.3928263196941777
2024-10-18 00:00:00-07:00,1.3126722482249993,1.3126722482249993,23.708274374682013,23.708274374682013,-22.395602126457014,-22.395602126457014,22.395602126457014,0.0,2.4635162339102714,0.0,2.4635162339102714
2024-10-19 00:00:00-07:00,0.9253631072249993,0.9253631072249993,26.926435383231432,26.926435383231432,-26.001072276006433,-26.001072276006433,26.001072276006433,0.0,2.8601179503607077,0.0,2.8601179503607077
2024-10-20 00:00:00-07:00,2.539785684824999,2.539785684824999,25.33528354121948,25.33528354121948,-22.79549785639448,-22.79549785639448,22.79549785639448,0.0,2.507504764203393,0.0,2.507504764203393
2024-10-21 00:00:00-07:00,2.2630764689999996,2.2630764689999996,24.886169347625007,24.886169347625007,-22.62309287862501,-22.62309287862501,22.62309287862501,0.0,2.488540216648751,0.0,2.488540216648751
2024-10-22 00:00:00-07:00,6.629384184525,6.629384184525,25.460893499547534,25.460893499547534,-18.831509315022537,-18.831509315022537,19.86294034829494,1.0314310332724062,2.1849234383124436,0.05672870682998234,2.1281947314824614
2024-10-23 00:00:00-07:00,3.5627480396999993,3.5627480396999993,23.57700167944065,23.57700167944065,-20.01425363974065,-20.01425363974065,20.733211012475756,0.7189573727351073,2.280653211372333,0.0395426555004309,2.241110555871902
2024-10-24 00:00:00-07:00,6.160143924224999,6.160143924224999,25.402654009906897,25.402654009906897,-19.2425100856819,-19.2425100856819,20.27538476145526,1.0328746757733605,2.2302923237600787,0.05680810716753482,2.1734842165925436
2024-10-25 00:00:00-07:00,4.3689471849,4.3689471849,25.456954685849556,25.456954685849556,-21.088007500949555,-21.088007500949555,21.427497077778014,0.3394895768284576,2.3570246785555815,0.01867192672556517,2.3383527518300165
2024-10-26 00:00:00-07:00,1.9094327207999993,1.9094327207999993,27.137079073072538,27.137079073072538,-25.22764635227254,-25.22764635227254,25.22764635227254,0.0,2.7750410987499796,0.0,2.7750410987499796
2024-10-27 00:00:00-07:00,3.0769148348999993,3.0769148348999993,24.736445947040334,24.736445947040334,-21.659531112140336,-21.659531112140336,21.659531112140336,0.0,2.3825484223354367,0.0,2.3825484223354367
2024-10-28 00:00:00-07:00,2.505566128499999,2.505566128499999,24.93654807128879,24.93654807128879,-22.43098194278879,-22.43098194278879,22.43098194278879,0.0,2.467408013706767,0.0,2.467408013706767
2024-10-29 00:00:00-07:00,4.124893085999999,4.124893085999999,23.52865864734168,23.52865864734168,-19.40376556134168,-19.40376556134168,20.371731423786827,0.967965862445147,2.240890456616551,0.05323812243448309,2.187652334182068
2024-10-30 00:00:00-07:00,1.0900575215999992,1.0900575215999992,25.51263330069835,25.51263330069835,-24.422575779098352,-24.422575779098352,24.422575779098352,0.0,2.6864833357008187,0.0,2.6864833357008187
2024-10-31 00:00:00-07:00,2.6390931974999994,2.6390931974999994,26.248377650147926,26.248377650147926,-23.609284452647927,-23.609284452647927,23.609284452647927,0.0,2.597021289791272,0.0,2.597021289791272
2024-11-01 00:00:00-07:00,1.5076118816999993,1.5076118816999993,22.3181287899317,22.3181287899317,-20.8105169082317,-20.8105169082317,20.8105169082317,0.0,2.289156859905487,0.0,2.289156859905487
2024-11-02 00:00:00-07:00,3.1919180543999994,3.1919180543999994,25.038144401272923,25.038144401272923,-21.846226346872925,-21.846226346872925,21.846226346872925,0.0,2.4030848981560218,0.0,2.4030848981560218
2024-11-03 00:00:00-07:00,3.1345922564999995,3.1345922564999995,28.559186315078794,28.559186315078794,-25.424594058578794,-25.424594058578794,25.424594058578794,0.0,2.7967053464436673,0.0,2.7967053464436673
2024-11-04 00:00:00-08:00,4.231182209399999,4.231182209399999,24.039000959435665,24.039000959435665,-19.807818750035665,-19.807818750035665,19.943153364187264,0.13533461415160014,2.193746870060599,0.007443403778338008,2.186303466282261
2024-11-05 00:00:00-08:00,3.6413229834,3.6413229834,21.81718198280847,21.81718198280847,-18.175858999408472,-18.175858999408472,18.591989927837837,0.41613092842936317,2.045118892062162,0.022887201063614974,2.022231690998547
2024-11-06 00:00:00-08:00,5.9609188062,5.9609188062,27.029319527314126,27.029319527314126,-21.068400721114127,-21.068400721114127,21.681556153008408,0.6131554318942828,2.3849711768309247,0.03372354875418555,2.3512476280767394
2024-11-07 00:00:00-08:00,6.753950648099999,6.753950648099999,25.79745694456988,25.79745694456988,-19.04350629646988,-19.04350629646988,19.86655800525269,0.8230517087828096,2.1853213805777956,0.04526784398305453,2.140053536594741
2024-11-08 00:00:00-08:00,3.5218732445999996,3.5218732445999996,23.88901732944173,23.88901732944173,-20.367144084841733,-20.367144084841733,20.367144084841733,0.0,2.2403858493325908,0.0,2.2403858493325908
2024-11-09 00:00:00-08:00,1.0515693401999995,1.0515693401999995,28.71284679946264,28.71284679946264,-27.66127745926264,-27.66127745926264,27.66127745926264,0.0,3.0427405205188904,0.0,3.0427405205188904
2024-11-10 00:00:00-08:00,1.7905915970999993,1.7905915970999993,27.162930871280818,27.162930871280818,-25.37233927418082,-25.37233927418082,25.37233927418082,0.0,2.7909573201598903,0.0,2.7909573201598903
2024-11-11 00:00:00-08:00,1.6908566237999993,1.6908566237999993,25.369720558950153,25.369720558950153,-23.67886393515015,-23.67886393515015,23.67886393515015,0.0,2.6046750328665165,0.0,2.6046750328665165
2024-11-12 00:00:00-08:00,2.3391568313999995,2.3391568313999995,25.880769891043624,25.880769891043624,-23.541613059643623,-23.541613059643623,23.660024848999385,0.11841178935575963,2.6026027333899324,0.0065126484145667796,2.5960900849753656
2024-11-13 00:00:00-08:00,1.4702795621999993,1.4702795621999993,22.858981956187392,22.858981956187392,-21.388702393987394,-21.388702393987394,21.388702393987394,0.0,2.3527572633386136,0.0,2.3527572633386136
2024-11-14 00:00:00-08:00,1.6222507415999996,1.6222507415999996,23.27419593055248,23.27419593055248,-21.65194518895248,-21.65194518895248,21.65194518895248,0.0,2.381713970784773,0.0,2.381713970784773
2024-11-15 00:00:00-08:00,3.5660883851999996,3.5660883851999996,22.801811532160432,22.801811532160432,-19.23572314696043,-19.23572314696043,19.449548725706297,0.2138255787458656,2.1394503598276926,0.011760406831022608,2.12768995299667
2024-11-16 00:00:00-08:00,0.9472474799999993,0.9472474799999993,26.800209047550066,26.800209047550066,-25.852961567550064,-25.852961567550064,25.852961567550064,0.0,2.843825772430507,0.0,2.843825772430507
2024-11-17 00:00:00-08:00,1.1138760008999993,1.1138760008999993,27.007597848913658,27.007597848913658,-25.893721848013662,-25.893721848013662,25.893721848013662,0.0,2.848309403281503,0.0,2.848309403281503
2024-11-18 00:00:00-08:00,2.3803624331999997,2.3803624331999997,22.987701632001986,22.987701632001986,-20.607339198801984,-20.607339198801984,20.607339198801984,0.0,2.2668073118682184,0.0,2.2668073118682184
2024-11-19 00:00:00-08:00,1.8053919548999993,1.8053919548999993,22.275537172482533,22.275537172482533,-20.470145217582534,-20.470145217582534,20.488348913286874,0.018203695704340384,2.253718380461556,0.0010012032637387212,2.2527171771978174
2024-11-20 00:00:00-08:00,2.656405521899999,2.656405521899999,25.908996499143893,25.908996499143893,-23.252590977243894,-23.252590977243894,23.56138194704287,0.3087909697989777,2.5917520141747157,0.016983503338943773,2.574768510835772
2024-11-21 00:00:00-08:00,2.6613823643999996,2.6613823643999996,23.773308532919867,23.773308532919867,-21.11192616851987,-21.11192616851987,21.156030964576267,0.04410479605640122,2.3271634061033892,0.002425763783102067,2.324737642320287
2024-11-22 00:00:00-08:00,3.8615757074999992,3.8615757074999992,26.505742897335427,26.505742897335427,-22.64416718983543,-22.64416718983543,22.725025311796735,0.08085812196130449,2.499752784297641,0.004447196707871747,2.4953055875897694
2024-11-23 00:00:00-08:00,2.6182202777999994,2.6182202777999994,28.28850732948335,28.28850732948335,-25.67028705168335,-25.67028705168335,25.694833520572843,0.02454646888949419,2.8264316872630126,0.0013500557889221804,2.8250816314740903
2024-11-24 00:00:00-08:00,1.2840918254999991,1.2840918254999991,27.178802927921744,27.178802927921744,-25.894711102421745,-25.894711102421745,25.894711102421745,0.0,2.848418221266392,0.0,2.848418221266392
2024-11-25 00:00:00-08:00,1.5157743272999995,1.5157743272999995,22.1163180974363,22.1163180974363,-20.6005437701363,-20.6005437701363,20.6005437701363,0.0,2.266059814714993,0.0,2.266059814714993
2024-11-26 00:00:00-08:00,1.8451690865999995,1.8451690865999995,25.71599653009611,25.71599653009611,-23.87082744349611,-23.87082744349611,23.87082744349611,0.0,2.625791018784572,0.0,2.625791018784572
2024-11-27 00:00:00-08:00,3.1672268621999993,3.1672268621999993,22.167614440843437,22.167614440843437,-19.000387578643437,-19.000387578643437,19.26629388917387,0.2659063105304324,2.119292327809126,0.014624847079173782,2.104667480729952
2024-11-28 00:00:00-08:00,4.358688375599999,4.358688375599999,24.050509501303708,24.050509501303708,-19.691821125703708,-19.691821125703708,19.851962324154922,0.16014119845121444,2.1837158556570415,0.008807765914816794,2.1749080897422246
2024-11-29 00:00:00-08:00,2.6590061726999994,2.6590061726999994,25.312456914169978,25.312456914169978,-22.653450741469978,-22.653450741469978,22.653450741469978,0.0,2.4918795815616974,0.0,2.4918795815616974
2024-11-30 00:00:00-08:00,5.160609195299999,5.160609195299999,26.634245745473144,26.634245745473144,-21.473636550173147,-21.473636550173147,21.95434065622435,0.4807041060512044,2.4149774721846784,0.026438725832816243,2.388538746351862
2024-12-01 00:00:00-08:00,6.378908824799999,6.378908824799999,24.75445521420963,24.75445521420963,-18.375546389409635,-18.375546389409635,19.15039712206671,0.7748507326570753,2.106543683427338,0.04261679029613914,2.063926893131199
2024-12-02 00:00:00-08:00,4.162470036299999,4.162470036299999,22.16216844700558,22.16216844700558,-17.999698410705584,-17.999698410705584,18.35107604357063,0.3513776328650483,2.0186183647927693,0.019325769807577657,1.9992925949851916
2024-12-03 00:00:00-08:00,4.871534084099999,4.871534084099999,25.474219012779994,25.474219012779994,-20.60268492867999,-20.60268492867999,20.88163112308393,0.27894619440393986,2.2969794235392325,0.015342040692216693,2.281637382847016
2024-12-04 00:00:00-08:00,2.8121769350999997,2.8121769350999997,25.35392217214645,25.35392217214645,-22.541745237046452,-22.541745237046452,22.59613025374211,0.05438501669565876,2.4855743279116322,0.002991175918261232,2.482583151993371
2024-12-05 00:00:00-08:00,4.0331426418,4.0331426418,22.37158177336777,22.37158177336777,-18.338439131567768,-18.338439131567768,18.53931824743178,0.20087911586401158,2.0393250072174958,0.011048351372520637,2.028276655844975
2024-12-06 00:00:00-08:00,1.4398794629999996,1.4398794629999996,24.645162403632142,24.645162403632142,-23.20528294063214,-23.20528294063214,23.20528294063214,0.0,2.5525811234695355,0.0,2.5525811234695355
2024-12-07 00:00:00-08:00,0.7843298606999995,0.7843298606999995,25.453148085242123,25.453148085242123,-24.66881822454212,-24.66881822454212,24.66881822454212,0.0,2.7135700046996334,0.0,2.7135700046996334
2024-12-08 00:00:00-08:00,1.7855271719999994,1.7855271719999994,27.08297744175234,27.08297744175234,-25.29745026975234,-25.29745026975234,25.29745026975234,0.0,2.7827195296727574,0.0,2.7827195296727574
2024-12-09 00:00:00-08:00,3.0589326648,3.0589326648,23.016444870524385,23.016444870524385,-19.957512205724385,-19.957512205724385,20.07233342067493,0.1148212149505442,2.207956676274242,0.006315166822279931,2.2016415094519624
2024-12-10 00:00:00-08:00,5.1211622115,5.1211622115,21.654809615821673,21.654809615821673,-16.533647404321673,-16.533647404321673,17.11382404163752,0.5801766373158482,1.8825206445801272,0.031909715052371654,1.8506109295277555
2024-12-11 00:00:00-08:00,2.9832996221999997,2.9832996221999997,26.718441232470433,26.718441232470433,-23.735141610270436,-23.735141610270436,23.837706045566005,0.10256443529557047,2.6221476650122604,0.005641043941256376,2.616506621071004
2024-12-12 00:00:00-08:00,0.9804764825999994,0.9804764825999994,26.37033337661263,26.37033337661263,-25.38985689401263,-25.38985689401263,25.38985689401263,0.0,2.7928842583413895,0.0,2.7928842583413895
2024-12-13 00:00:00-08:00,0.8685872459999994,0.8685872459999994,22.836790244868904,22.836790244868904,-21.968202998868904,-21.968202998868904,21.968202998868904,0.0,2.4165023298755792,0.0,2.4165023298755792
2024-12-14 00:00:00-08:00,1.8502089173999996,1.8502089173999996,25.09773159432736,25.09773159432736,-23.24752267692736,-23.24752267692736,23.256543059674865,0.009020382747504996,2.558219736564235,0.0004961210511127748,2.5577236155131224
2024-12-15 00:00:00-08:00,5.3673757461,5.3673757461,28.745289101439372,28.745289101439372,-23.37791335533937,-23.37791335533937,23.565785721591915,0.18787236625254305,2.592236429375111,0.010332980143889867,2.5819034492312207
2024-12-16 00:00:00-08:00,2.1941652626999995,2.1941652626999995,25.782400320253416,25.782400320253416,-23.588235057553415,-23.588235057553415,23.588235057553415,0.0,2.594705856330876,0.0,2.594705856330876
2024-12-17 00:00:00-08:00,0.6591648752999995,0.6591648752999995,23.277390120652793,23.277390120652793,-22.618225245352793,-22.618225245352793,22.618225245352793,0.0,2.488004776988807,0.0,2.488004776988807
2024-12-18 00:00:00-08:00,2.8471964399999994,2.8471964399999994,24.716478056406686,24.716478056406686,-21.869281616406685,-21.869281616406685,21.869281616406685,0.0,2.4056209778047353,0.0,2.4056209778047353
2024-12-19 00:00:00-08:00,1.1724571313999994,1.1724571313999994,24.605023631891026,24.605023631891026,-23.432566500491024,-23.432566500491024,23.432566500491024,0.0,2.5775823150540127,0.0,2.5775823150540127
2024-12-20 00:00:00-08:00,0.7965290357999995,0.7965290357999995,25.921717796361293,25.921717796361293,-25.125188760561294,-25.125188760561294,25.125188760561294,0.0,2.7637707636617423,0.0,2.7637707636617423
2024-12-21 00:00:00-08:00,0.7117559774999997,0.7117559774999997,26.22177070937424,26.22177070937424,-25.51001473187424,-25.51001473187424,25.51001473187424,0.0,2.8061016205061664,0.0,2.8061016205061664
2024-12-22 00:00:00-08:00,0.7137587402999996,0.7137587402999996,25.88260082946243,25.88260082946243,-25.16884208916243,-25.16884208916243,25.16884208916243,0.0,2.768572629807867,0.0,2.768572629807867
2024-12-23 00:00:00-08:00,3.3843997259999994,3.3843997259999994,24.62297877985096,24.62297877985096,-21.238579053850962,-21.238579053850962,21.64459696623323,0.4060179123822691,2.3809056662856554,0.0223309851810248,2.3585746811046304
2024-12-24 00:00:00-08:00,3.947108756399999,3.947108756399999,23.71548839414824,23.71548839414824,-19.768379637748243,-19.768379637748243,19.982386409249177,0.21400677150093517,2.1980625050174094,0.011770372432551435,2.186292132584858
2024-12-25 00:00:00-08:00,0.6330800888999994,0.6330800888999994,22.82065925515908,22.82065925515908,-22.18757916625908,-22.18757916625908,22.18757916625908,0.0,2.440633708288499,0.0,2.440633708288499
2024-12-26 00:00:00-08:00,2.8664541926999996,2.8664541926999996,24.52479261874887,24.52479261874887,-21.658338426048868,-21.658338426048868,21.814819434684317,0.1564810086354485,2.399630137815275,0.008606455474949667,2.3910236823403253
2024-12-27 00:00:00-08:00,0.9738960452999994,0.9738960452999994,26.380783398181727,26.380783398181727,-25.406887352881725,-25.406887352881725,25.406887352881725,0.0,2.79475760881699,0.0,2.79475760881699
2024-12-28 00:00:00-08:00,1.3368365333999994,1.3368365333999994,26.713827787102566,26.713827787102566,-25.376991253702567,-25.376991253702567,25.376991253702567,0.0,2.7914690379072824,0.0,2.7914690379072824
2024-12-29 00:00:00-08:00,1.1470616522999992,1.1470616522999992,27.994913285569318,27.994913285569318,-26.84785163326932,-26.84785163326932,26.84785163326932,0.0,2.953263679659625,0.0,2.953263679659625
2024-12-30 00:00:00-08:00,2.1591359729999997,2.1591359729999997,22.00364325233568,22.00364325233568,-19.844507279335684,-19.844507279335684,19.844507279335684,0.0,2.182895800726925,0.0,2.182895800726925
2024-12-31 00:00:00-08:00,3.3094201778999994,3.3094201778999994,26.42060488672112,26.42060488672112,-23.11118470882112,-23.11118470882112,23.200952519019793,0.08976781019867197,2.552104777092177,0.004937229560926958,2.54716754753125
2025-01-01 00:00:00-08:00,1.7984094956999999,1.7984094956999999,22.060695190327007,22.060695190327007,-20.262285694627007,-20.262285694627007,20.262285694627007,0.0,2.228851426408971,0.0,2.228851426408971
2025-01-02 00:00:00-08:00,0.9290728673999994,0.9290728673999994,22.741643143735352,22.741643143735352,-21.81257027633535,-21.81257027633535,21.81257027633535,0.0,2.3993827303968884,0.0,2.3993827303968884
2025-01-03 00:00:00-08:00,0.8352752561999996,0.8352752561999996,27.000841017495954,27.000841017495954,-26.165565761295955,-26.165565761295955,26.165565761295955,0.0,2.878212233742555,0.0,2.878212233742555
2025-01-04 00:00:00-08:00,0.8146709783999997,0.8146709783999997,24.43298504066676,24.43298504066676,-23.618314062266762,-23.618314062266762,23.618314062266762,0.0,2.598014546849344,0.0,2.598014546849344
2025-01-05 00:00:00-08:00,1.3581829466999995,1.3581829466999995,26.078303281493753,26.078303281493753,-24.720120334793755,-24.720120334793755,24.720120334793755,0.0,2.719213236827313,0.0,2.719213236827313
2025-01-06 00:00:00-08:00,1.7800909406999994,1.7800909406999994,26.433168025868735,26.433168025868735,-24.653077085168736,-24.653077085168736,24.653077085168736,0.0,2.711838479368561,0.0,2.711838479368561
2025-01-07 00:00:00-08:00,2.3247934307999993,2.3247934307999993,25.551811445533684,25.551811445533684,-23.227018014733684,-23.227018014733684,23.227018014733684,0.0,2.5549719816207053,0.0,2.5549719816207053
2025-01-08 00:00:00-08:00,5.179052479499999,5.179052479499999,26.154289284948003,26.154289284948003,-20.975236805448002,-20.975236805448002,21.24435219669059,0.26911539124258504,2.3368787416359647,0.014801346518342178,2.3220773951176223
2025-01-09 00:00:00-08:00,4.711682298599999,4.711682298599999,23.975687494223685,23.975687494223685,-19.26400519562369,-19.26400519562369,19.707028956861357,0.4430237612376694,2.1677731852547493,0.024366306868071817,2.1434068783866773
2025-01-10 00:00:00-08:00,1.1126786183999995,1.1126786183999995,23.363502308878992,23.363502308878992,-22.250823690478995,-22.250823690478995,22.250823690478995,0.0,2.4475906059526893,0.0,2.4475906059526893
2025-01-11 00:00:00-08:00,3.3670494800999995,3.3670494800999995,25.050548840553567,25.050548840553567,-21.683499360453567,-21.683499360453567,21.840030171788673,0.1565308113351036,2.402403318896754,0.008609194623430698,2.3937941242733234
2025-01-12 00:00:00-08:00,1.4674197113999996,1.4674197113999996,27.944735308743343,27.944735308743343,-26.477315597343345,-26.477315597343345,26.477315597343345,0.0,2.912504715707768,0.0,2.912504715707768
2025-01-13 00:00:00-08:00,1.2497897483999996,1.2497897483999996,23.264453938030837,23.264453938030837,-22.014664189630835,-22.014664189630835,22.014664189630835,0.0,2.421613060859392,0.0,2.421613060859392
2025-01-14 00:00:00-08:00,1.553784479099999,1.553784479099999,22.272138404241787,22.272138404241787,-20.718353925141788,-20.718353925141788,20.718353925141788,0.0,2.2790189317655964,0.0,2.2790189317655964
2025-01-15 00:00:00-08:00,1.4136860474999995,1.4136860474999995,25.601927819817746,25.601927819817746,-24.18824177231775,-24.18824177231775,24.18824177231775,0.0,2.660706594954952,0.0,2.660706594954952
2025-01-16 00:00:00-08:00,1.1139655625999996,1.1139655625999996,25.250340838655912,25.250340838655912,-24.136375276055915,-24.136375276055915,24.136375276055915,0.0,2.6550012803661507,0.0,2.6550012803661507
2025-01-17 00:00:00-08:00,1.9652975918999995,1.9652975918999995,23.717359374939402,23.717359374939402,-21.7520617830394,-21.7520617830394,21.7520617830394,0.0,2.392726796134334,0.0,2.392726796134334
2025-01-18 00:00:00-08:00,6.671431992599999,6.671431992599999,28.923422070547314,28.923422070547314,-22.251990077947315,-22.251990077947315,22.7487040437368,0.49671396578948546,2.502357444811048,0.0273192681184217,2.4750381766926264
2025-01-19 00:00:00-08:00,6.929524838699999,6.929524838699999,29.268116247986203,29.268116247986203,-22.338591409286202,-22.338591409286202,22.883431975764186,0.5448405664779824,2.5171775173340603,0.029966231156289033,2.487211286177771
2025-01-20 00:00:00-08:00,5.357851687799999,5.357851687799999,26.20718810318764,26.20718810318764,-20.84933641538764,-20.84933641538764,20.924303870472222,0.07496745508458291,2.3016734257519444,0.00412321002965206,2.2975502157222922
2025-01-21 00:00:00-08:00,6.7124264166,6.7124264166,24.829931380620348,24.829931380620348,-18.11750496402035,-18.11750496402035,18.859119462761413,0.7416144987410652,2.0745031409037553,0.04078879743075859,2.0337143434729965
2025-01-22 00:00:00-08:00,6.148542902399999,6.148542902399999,24.254925989613294,24.254925989613294,-18.106383087213295,-18.106383087213295,18.559141953012148,0.4527588657988541,2.0415056148313364,0.024901737618936975,2.0166038772123995
2025-01-23 00:00:00-08:00,3.7390010777999994,3.7390010777999994,23.363532668986398,23.363532668986398,-19.6245315911864,-19.6245315911864,19.77739098922696,0.15285939804055904,2.1755130088149657,0.008407266892230748,2.167105741922735
2025-01-24 00:00:00-08:00,6.632247770099999,6.632247770099999,25.20625467215679,25.20625467215679,-18.574006902056787,-18.574006902056787,19.2586264609865,0.6846195589297093,2.1184489107085147,0.03765407574113401,2.0807948349673806
2025-01-25 00:00:00-08:00,7.2858308651999995,7.2858308651999995,27.94126606008172,27.94126606008172,-20.655435194881722,-20.655435194881722,21.434142501714547,0.7787073068328277,2.3577556751886,0.04282890187580553,2.3149267733127945
2025-01-26 00:00:00-08:00,7.2106381548,7.2106381548,27.20450427706535,27.20450427706535,-19.99386612226535,-19.99386612226535,20.718790772635014,0.7249246503696629,2.2790669849898517,0.03987085577033146,2.23919612921952
2025-01-27 00:00:00-08:00,7.3304322327,7.3304322327,24.03796836085469,24.03796836085469,-16.70753612815469,-16.70753612815469,17.701493280496294,0.9939571523416035,1.9471642608545923,0.0546676433787882,1.892496617475804
2025-01-28 00:00:00-08:00,7.308421624799999,7.308421624799999,25.692360086903527,25.692360086903527,-18.38393846210353,-18.38393846210353,19.314405558271744,0.9304670961682143,2.124584611409892,0.051175690289251785,2.0734089211206403
2025-01-29 00:00:00-08:00,5.8634698095,5.8634698095,25.501354938593245,25.501354938593245,-19.637885129093245,-19.637885129093245,20.393913050163956,0.75602792107071,2.2433304355180352,0.04158153565888905,2.201748899859146
2025-01-30 00:00:00-08:00,1.7011438802999994,1.7011438802999994,25.11721753309655,25.11721753309655,-23.416073652796552,-23.416073652796552,23.416073652796552,0.0,2.5757681018076206,0.0,2.5757681018076206
2025-01-31 00:00:00-08:00,1.1793989069999993,1.1793989069999993,23.475660544317375,23.475660544317375,-22.296261637317375,-22.296261637317375,22.296261637317375,0.0,2.4525887801049113,0.0,2.4525887801049113
2025-02-01 00:00:00-08:00,3.4607065346999994,3.4607065346999994,26.211456766048983,26.211456766048983,-22.75075023134898,-22.75075023134898,22.777901811494804,0.027151580145822196,2.5055691992644284,0.0014933369080202207,2.5040758623564083
2025-02-02 00:00:00-08:00,2.497875478199999,2.497875478199999,25.00712114753066,25.00712114753066,-22.509245669330664,-22.509245669330664,22.509245669330664,0.0,2.476017023626373,0.0,2.476017023626373
2025-02-03 00:00:00-08:00,2.1860461412999994,2.1860461412999994,26.24307275318793,26.24307275318793,-24.05702661188793,-24.05702661188793,24.05702661188793,0.0,2.6462729273076726,0.0,2.6462729273076726
2025-02-04 00:00:00-08:00,4.7211148215,4.7211148215,25.07574742579104,25.07574742579104,-20.35463260429104,-20.35463260429104,20.460816996215428,0.10618439192438867,2.250689869583697,0.0058401415558413765,2.2448497280278557
2025-02-05 00:00:00-08:00,1.9441734884999993,1.9441734884999993,23.321073824550417,23.321073824550417,-21.37690033605042,-21.37690033605042,21.37690033605042,0.0,2.351459036965546,0.0,2.351459036965546
2025-02-06 00:00:00-08:00,3.4898181344999992,3.4898181344999992,22.890522721578165,22.890522721578165,-19.400704587078167,-19.400704587078167,19.563085269626825,0.16238068254865834,2.1519393796589505,0.00893093754017621,2.1430084421187745
2025-02-07 00:00:00-08:00,4.1215514472,4.1215514472,23.382704212494037,23.382704212494037,-19.26115276529404,-19.26115276529404,19.53746000483075,0.2763072395367115,2.1491206005313823,0.015196898174519132,2.133923702356863
2025-02-08 00:00:00-08:00,2.1103505342999993,2.1103505342999993,28.2787795270326,28.2787795270326,-26.1684289927326,-26.1684289927326,26.1684289927326,0.0,2.878527189200586,0.0,2.878527189200586
2025-02-09 00:00:00-08:00,2.920108533299999,2.920108533299999,28.470137626702414,28.470137626702414,-25.55002909340241,-25.55002909340241,25.55002909340241,0.0,2.8105032002742654,0.0,2.8105032002742654
2025-02-10 00:00:00-08:00,3.646759816799999,3.646759816799999,24.009969297270732,24.009969297270732,-20.363209480470733,-20.363209480470733,20.620327244920908,0.2571177644501747,2.2682359969413,0.014141477044759609,2.2540945198965403
2025-02-11 00:00:00-08:00,8.6190953796,8.6190953796,22.004844766391916,22.004844766391916,-13.385749386791918,-13.385749386791918,15.50955012648368,2.1238007396917626,1.7060505139132047,0.11680904068304694,1.5892414732301579
2025-02-12 00:00:00-08:00,8.7171760737,8.7171760737,24.841786718838833,24.841786718838833,-16.124610645138834,-16.124610645138834,17.94673665712936,1.8221260119905276,1.9741410322842297,0.10021693065947902,1.8739241016247505
2025-02-13 00:00:00-08:00,1.9944930131999994,1.9944930131999994,23.5781885924899,23.5781885924899,-21.583695579289902,-21.583695579289902,21.583695579289902,0.0,2.374206513721889,0.0,2.374206513721889
2025-02-14 00:00:00-08:00,2.191173227999999,2.191173227999999,23.51705751021037,23.51705751021037,-21.32588428221037,-21.32588428221037,21.32588428221037,0.0,2.345847271043141,0.0,2.345847271043141
2025-02-15 00:00:00-08:00,1.5557532083999992,1.5557532083999992,26.426698105701337,26.426698105701337,-24.87094489730134,-24.87094489730134,24.87094489730134,0.0,2.7358039387031474,0.0,2.7358039387031474
2025-02-16 00:00:00-08:00,2.2078373957999995,2.2078373957999995,26.340508471352646,26.340508471352646,-24.132671075552647,-24.132671075552647,24.132671075552647,0.0,2.6545938183107913,0.0,2.6545938183107913
2025-02-17 00:00:00-08:00,2.588748308999999,2.588748308999999,25.743646102532743,25.743646102532743,-23.154897793532747,-23.154897793532747,23.154897793532747,0.0,2.547038757288602,0.0,2.547038757288602
2025-02-18 00:00:00-08:00,3.5483234948999995,3.5483234948999995,24.69773313931697,24.69773313931697,-21.14940964441697,-21.14940964441697,21.14940964441697,0.0,2.3264350608858666,0.0,2.3264350608858666
2025-02-19 00:00:00-08:00,2.4046119458999993,2.4046119458999993,26.614375330998822,26.614375330998822,-24.209763385098825,-24.209763385098825,24.209763385098825,0.0,2.6630739723608707,0.0,2.6630739723608707
2025-02-20 00:00:00-08:00,2.1096841256999994,2.1096841256999994,26.544078598930355,26.544078598930355,-24.434394473230356,-24.434394473230356,24.434394473230356,0.0,2.6877833920553393,0.0,2.6877833920553393
2025-02-21 00:00:00-08:00,1.5128252387999994,1.5128252387999994,24.044937154321186,24.044937154321186,-22.532111915521188,-22.532111915521188,22.532111915521188,0.0,2.478532310707331,0.0,2.478532310707331
2025-02-22 00:00:00-08:00,1.2544994069999993,1.2544994069999993,28.5272170408742,28.5272170408742,-27.2727176338742,-27.2727176338742,27.2727176338742,0.0,2.999998939726162,0.0,2.999998939726162
2025-02-23 00:00:00-08:00,1.7524673081999993,1.7524673081999993,29.14901502383476,29.14901502383476,-27.396547715634764,-27.396547715634764,27.396547715634764,0.0,3.0136202487198243,0.0,3.0136202487198243
2025-02-24 00:00:00-08:00,1.7738368760249994,1.7738368760249994,25.682291170479665,25.682291170479665,-23.908454294454668,-23.908454294454668,23.908454294454668,0.0,2.6299299723900136,0.0,2.6299299723900136
2025-02-25 00:00:00-08:00,3.9913844600249995,3.9913844600249995,25.42238520807152,25.42238520807152,-21.43100074804652,-21.43100074804652,21.70765937811428,0.27665863006775726,2.387842531592571,0.01521622465372665,2.372626306938844
2025-02-26 00:00:00-08:00,5.3544437153999995,5.3544437153999995,22.57227183927884,22.57227183927884,-17.217828123878842,-17.217828123878842,17.33365166671689,0.11582354283804813,1.906701683338858,0.006370294856092648,1.9003313884827653
2025-02-27 00:00:00-08:00,7.854265534499999,7.854265534499999,21.339853689512722,21.339853689512722,-13.485588155012723,-13.485588155012723,15.059067053773225,1.5734788987605024,1.6564973759150547,0.08654133943182764,1.569956036483227
2025-02-28 00:00:00-08:00,7.779641562224999,7.779641562224999,26.498216548408536,26.498216548408536,-18.718574986183537,-18.718574986183537,20.07166680323765,1.3530918170541153,2.2078833483561415,0.07442004993797634,2.133463298418165
2025-03-01 00:00:00-08:00,6.694449667424999,6.694449667424999,24.45373682408393,24.45373682408393,-17.75928715665893,-17.75928715665893,18.436830414112688,0.6775432574537557,2.0280513455523956,0.03726487915995656,1.990786466392439
2025-03-02 00:00:00-08:00,2.5761104534249992,2.5761104534249992,24.27256574283408,24.27256574283408,-21.69645528940908,-21.69645528940908,21.69645528940908,0.0,2.386610081834999,0.0,2.386610081834999
2025-03-03 00:00:00-08:00,3.0891633491249992,3.0891633491249992,25.9387892320668,25.9387892320668,-22.8496258829418,-22.8496258829418,22.8496258829418,0.0,2.5134588471235983,0.0,2.5134588471235983
2025-03-04 00:00:00-08:00,2.725078582124999,2.725078582124999,25.558538806601785,25.558538806601785,-22.833460224476784,-22.833460224476784,22.833460224476784,0.0,2.5116806246924464,0.0,2.5116806246924464
2025-03-05 00:00:00-08:00,7.551472929525,7.551472929525,23.97297167347647,23.97297167347647,-16.42149874395147,-16.42149874395147,17.689642835033844,1.2681440910823736,1.9458607118537228,0.06974792500953055,1.8761127868441922
2025-03-06 00:00:00-08:00,6.414481532699999,6.414481532699999,23.403703218316334,23.403703218316334,-16.989221685616336,-16.989221685616336,18.33251435867308,1.3432926730567463,2.0165765794540387,0.07388109701812104,1.9426954824359177
2025-03-07 00:00:00-08:00,5.522242118624999,5.522242118624999,26.05095470800439,26.05095470800439,-20.528712589379392,-20.528712589379392,20.98028814887873,0.4515755594993415,2.3078316963766605,0.02483665577246378,2.2829950406041966
2025-03-08 00:00:00-08:00,2.4226172145,2.4226172145,24.49903322532464,24.49903322532464,-22.076416010824644,-22.076416010824644,22.076416010824644,0.0,2.428405761190711,0.0,2.428405761190711
2025-03-09 00:00:00-08:00,2.8268615432249993,2.8268615432249993,23.39531956532056,23.39531956532056,-20.568458022095562,-20.568458022095562,20.568458022095562,0.0,2.262530382430512,0.0,2.262530382430512
2025-03-10 00:00:00-07:00,3.1422938687999995,3.1422938687999995,22.827712884872522,22.827712884872522,-19.685419016072522,-19.685419016072522,19.7030508088773,0.01763179280478039,2.167335588976503,0.0009697486042629214,2.16636584037224
2025-03-11 00:00:00-07:00,3.461775704999999,3.461775704999999,25.66565148907695,25.66565148907695,-22.203875784076953,-22.203875784076953,22.214700971974615,0.010825187897662236,2.4436171069172077,0.0005953853343714229,2.4430217215828365
2025-03-12 00:00:00-07:00,2.906622237824999,2.906622237824999,27.450954048699042,27.450954048699042,-24.54433181087404,-24.54433181087404,24.5477236536942,0.0033918428201566986,2.700249601906362,0.00018655135510861842,2.7000630505512535
2025-03-13 00:00:00-07:00,5.417286020999999,5.417286020999999,23.477632476337583,23.477632476337583,-18.060346455337584,-18.060346455337584,19.069417658035277,1.009071202697694,2.0976359423838806,0.05549891614837317,2.0421370262355074
2025-03-14 00:00:00-07:00,4.5648817191,4.5648817191,22.27654374291955,22.27654374291955,-17.71166202381955,-17.71166202381955,18.067496831754323,0.3558348079347734,1.9874246514929754,0.019570914436412536,1.967853737056563
2025-03-15 00:00:00-07:00,3.866201968499999,3.866201968499999,23.811114277374642,23.811114277374642,-19.944912308874642,-19.944912308874642,20.495022096968082,0.5501097880934391,2.2544524306664893,0.030256038345139152,2.22419639232135
2025-03-16 00:00:00-07:00,5.887040072399999,5.887040072399999,27.195969382234008,27.195969382234008,-21.30892930983401,-21.30892930983401,22.802147186380743,1.4932178765467334,2.508236190501882,0.08212698321007034,2.4261092072918116
2025-03-17 00:00:00-07:00,5.500064075625,5.500064075625,24.070021936053415,24.070021936053415,-18.569957860428413,-18.569957860428413,18.913502326607652,0.34354446617923884,2.080485255926842,0.018894945639858135,2.061590310286984
2025-03-18 00:00:00-07:00,6.101843931224999,6.101843931224999,25.67528160006754,25.67528160006754,-19.57343766884254,-19.57343766884254,20.455060397670227,0.8816227288276879,2.250056643743725,0.048489250085522836,2.201567393658202
2025-03-19 00:00:00-07:00,2.9468512273499994,2.9468512273499994,25.544360594583267,25.544360594583267,-22.59750936723327,-22.59750936723327,22.59750936723327,0.0,2.4857260303956594,0.0,2.4857260303956594
2025-03-20 00:00:00-07:00,2.795417931825,2.795417931825,22.365401324179654,22.365401324179654,-19.569983392354654,-19.569983392354654,19.569983392354654,0.0,2.152698173159012,0.0,2.152698173159012
2025-03-21 00:00:00-07:00,3.6327122702999994,3.6327122702999994,25.85860970861207,25.85860970861207,-22.22589743831207,-22.22589743831207,22.618305635160844,0.3924081968487726,2.4880136198676928,0.021582450826682493,2.46643116904101
2025-03-22 00:00:00-07:00,5.51573071965,5.51573071965,28.552728041663283,28.552728041663283,-23.036997322013285,-23.036997322013285,23.478824681949316,0.44182735993603084,2.582670715014425,0.024300504796481697,2.558370210217943
2025-03-23 00:00:00-07:00,2.1405217025249996,2.1405217025249996,26.6025320487863,26.6025320487863,-24.4620103462613,-24.4620103462613,24.4620103462613,0.0,2.6908211380887432,0.0,2.6908211380887432
2025-03-24 00:00:00-07:00,1.9973542133249993,1.9973542133249993,25.4638340673696,25.4638340673696,-23.4664798540446,-23.4664798540446,23.4664798540446,0.0,2.581312783944906,0.0,2.581312783944906
2025-03-25 00:00:00-07:00,8.690646793725,8.690646793725,25.501922305665282,25.501922305665282,-16.81127551194028,-16.81127551194028,18.96971205260282,2.158436540662537,2.0866683257863103,0.11871400973643953,1.967954316049871
2025-03-26 00:00:00-07:00,5.3707349321999995,5.3707349321999995,22.315728331807406,22.315728331807406,-16.944993399607405,-16.944993399607405,18.024532833271778,1.079539433664372,1.9826986116598955,0.05937466885154046,1.923323942808355
2025-03-27 00:00:00-07:00,3.797370629549999,3.797370629549999,24.275559782748683,24.275559782748683,-20.478189153198684,-20.478189153198684,20.483952595644016,0.005763442445332334,2.2532347855208417,0.0003169893344932784,2.2529177961863485
2025-03-28 00:00:00-07:00,3.796673492249999,3.796673492249999,23.30801464802808,23.30801464802808,-19.51134115577808,-19.51134115577808,19.778441747297503,0.26710059151942134,2.175628592202725,0.014690532533568173,2.160938059669157
2025-03-29 00:00:00-07:00,5.4092356186499995,5.4092356186499995,25.514842696545887,25.514842696545887,-20.10560707789589,-20.10560707789589,21.082685393765633,0.9770783158697418,2.3190953933142198,0.0537393073728358,2.265356085941384
2025-03-30 00:00:00-07:00,7.347167141849999,7.347167141849999,25.4217889935846,25.4217889935846,-18.074621851734598,-18.074621851734598,19.287231613798525,1.2126097620639256,2.121595477517838,0.06669353691351591,2.054901940604322
2025-03-31 00:00:00-07:00,4.71677311485,4.71677311485,22.911847624832873,22.911847624832873,-18.195074509982874,-18.195074509982874,18.555222191997807,0.3601476820149316,2.0410744411197586,0.019808122510821237,2.0212663186089372
2025-04-01 00:00:00-07:00,4.706688895649999,4.706688895649999,21.858400115302075,21.858400115302075,-17.151711219652075,-17.151711219652075,17.95530039757113,0.8035891779190544,1.9750830437328242,0.04419740478554799,1.9308856389472762
2025-04-02 00:00:00-07:00,6.7855055129999995,6.7855055129999995,24.359153596125367,24.359153596125367,-17.573648083125367,-17.573648083125367,19.69735511348894,2.1237070303635694,2.1667090624837835,0.11680388666999632,2.049905175813787
2025-04-03 00:00:00-07:00,7.540174711349999,7.540174711349999,22.09959435407633,22.09959435407633,-14.559419642726331,-14.559419642726331,17.008309025005037,2.4488893822787055,1.870913992750554,0.13468891602532881,1.7362250767252252
2025-04-04 00:00:00-07:00,9.65506118625,9.65506118625,25.318536842029395,25.318536842029395,-15.663475655779395,-15.663475655779395,18.0835735366424,2.4200978808630045,1.9891930890306642,0.13310538344746525,1.856087705583199
2025-04-05 00:00:00-07:00,9.306161155799998,9.306161155799998,28.01245493341446,28.01245493341446,-18.70629377761446,-18.70629377761446,21.013530647385345,2.307236869770886,2.311488371212388,0.12689802783739873,2.1845903433749894
2025-04-06 00:00:00-07:00,2.4152707615499995,2.4152707615499995,26.77185668285933,26.77185668285933,-24.356585921309332,-24.356585921309332,24.356585921309332,0.0,2.6792244513440266,0.0,2.6792244513440266
2025-04-07 00:00:00-07:00,4.363752592799999,4.363752592799999,25.52407177627056,25.52407177627056,-21.16031918347056,-21.16031918347056,21.16031918347056,0.0,2.3276351101817614,0.0,2.3276351101817614
2025-04-08 00:00:00-07:00,4.723731151199999,4.723731151199999,25.364971055665325,25.364971055665325,-20.641239904465326,-20.641239904465326,21.20236278425354,0.5611228797882174,2.3322599062678897,0.030861758388351958,2.301398147879538
2025-04-09 00:00:00-07:00,7.743375103499999,7.743375103499999,23.831730205734857,23.831730205734857,-16.08835510223486,-16.08835510223486,17.569647869941477,1.4812927677066159,1.9326612656935624,0.08147110222386388,1.8511901634696986
2025-04-10 00:00:00-07:00,2.189926477280235,2.189926477280235,24.794857757403673,24.794857757403673,-22.604931280123438,-22.604931280123438,22.604931280123438,0.0,2.486542440813578,0.0,2.486542440813578
2025-04-11 00:00:00-07:00,5.956220927699999,5.956220927699999,23.65615996746876,23.65615996746876,-17.69993903976876,-17.69993903976876,18.659073313824138,0.9591342740553757,2.052498064520655,0.05275238507304566,1.9997456794476094
2025-04-12 00:00:00-07:00,7.755646063499999,7.755646063499999,24.623665840385108,24.623665840385108,-16.86801977688511,-16.86801977688511,18.66680829167441,1.7987885147893004,2.0533489120841852,0.09893336831341153,1.9544155437707738
2025-04-13 00:00:00-07:00,10.108425455999999,10.108425455999999,26.689376139056098,26.689376139056098,-16.5809506830561,-16.5809506830561,18.975367814887367,2.3944171318312684,2.0872904596376105,0.13169294225071976,1.9555975173868907
2025-04-14 00:00:00-07:00,10.664530340399999,10.664530340399999,25.74996903811727,25.74996903811727,-15.085438697717274,-15.085438697717274,18.15070985315423,3.0652711554369563,1.9965780838469651,0.1685899135490326,1.8279881702979326
2025-04-15 00:00:00-07:00,10.239300436499999,10.239300436499999,24.14043661754329,24.14043661754329,-13.901136181043292,-13.901136181043292,16.694760500537775,2.7936243194944828,1.8364236550591553,0.15364933757219656,1.6827743174869587
2025-04-16 00:00:00-07:00,10.871060361749999,10.871060361749999,25.648389004432957,25.648389004432957,-14.777328642682958,-14.777328642682958,17.776886729243355,2.999558086560396,1.955457540216769,0.1649756947608218,1.7904818454559472
2025-04-17 00:00:00-07:00,10.953049620149999,10.953049620149999,24.678748862075803,24.678748862075803,-13.725699241925804,-13.725699241925804,17.029631370672664,3.303932128746861,1.873259450773993,0.18171626708107735,1.6915431836929158
2025-04-18 00:00:00-07:00,10.452492937349998,10.452492937349998,25.802209172120133,25.802209172120133,-15.349716234770135,-15.349716234770135,18.03267728307908,2.6829610483089468,1.983594501138699,0.14756285765699206,1.836031643481707
2025-04-19 00:00:00-07:00,5.330894975549999,5.330894975549999,25.081316228752485,25.081316228752485,-19.750421253202486,-19.750421253202486,21.293014342429565,1.5425930892270796,2.342231577667252,0.08484261990748938,2.257388957759763
2025-04-20 00:00:00-07:00,4.2699373843499995,4.2699373843499995,26.30315366757424,26.30315366757424,-22.033216283224238,-22.033216283224238,22.153350560997175,0.12013427777293612,2.4368685617096895,0.006607385277511486,2.430261176432178
2025-04-21 00:00:00-07:00,7.023404621699999,7.023404621699999,22.958021976155653,22.958021976155653,-15.934617354455654,-15.934617354455654,17.3324901828821,1.3978728284264466,1.906573920117031,0.07688300556345457,1.8296909145535765
2025-04-22 00:00:00-07:00,10.502236113299999,10.502236113299999,23.45343081731525,23.45343081731525,-12.951194704015252,-12.951194704015252,16.262857102460742,3.3116623984454887,1.7889142812706817,0.18214143191450188,1.60677284935618
2025-04-23 00:00:00-07:00,10.4447351907,10.4447351907,24.651436452434446,24.651436452434446,-14.206701261734446,-14.206701261734446,17.208466940763394,3.001765679028948,1.8929313634839733,0.16509711234659213,1.7278342511373812
2025-04-24 00:00:00-07:00,10.489183473599999,10.489183473599999,24.241450760168256,24.241450760168256,-13.752267286568255,-13.752267286568255,16.802612053656937,3.0503447670886814,1.848287325902263,0.16776896218987747,1.6805183637123855
2025-04-25 00:00:00-07:00,9.307497168449999,9.307497168449999,21.969879012593154,21.969879012593154,-12.662381844143157,-12.662381844143157,15.087187161378242,2.4248053172350854,1.6595905877516066,0.1333642924479297,1.526226295303677
2025-04-26 00:00:00-07:00,9.13722713865,9.13722713865,24.50818781068449,24.50818781068449,-15.37096067203449,-15.37096067203449,17.931495699728867,2.560535027694378,1.9724645269701753,0.1408294265231908,1.8316351004469844
2025-04-27 00:00:00-07:00,4.737716862299999,4.737716862299999,26.353006176482566,26.353006176482566,-21.615289314182565,-21.615289314182565,21.78568829836008,0.1703989841775122,2.3964257128196085,0.00937194412976317,2.3870537686898454
2025-04-28 00:00:00-07:00,3.580363486349999,3.580363486349999,25.04791506900655,25.04791506900655,-21.46755158265655,-21.46755158265655,21.46755158265655,0.0,2.3614306740922206,0.0,2.3614306740922206
2025-04-29 00:00:00-07:00,4.652348325749999,4.652348325749999,23.74069968971713,23.74069968971713,-19.088351363967128,-19.088351363967128,19.60910580462123,0.5207544406541017,2.1570016385083353,0.028641494235975593,2.1283601442723596
2025-04-30 00:00:00-07:00,8.83078395615,8.83078395615,26.045737157127387,26.045737157127387,-17.214953200977387,-17.214953200977387,19.546599235074748,2.331646034097359,2.150125915858222,0.12824053187535472,2.0218853839828674
2025-05-01 00:00:00-07:00,10.79185674465,10.79185674465,25.242060245928236,25.242060245928236,-14.450203501278239,-14.450203501278239,17.550194541877893,3.0999910405996536,1.9305213996065682,0.17049950723298093,1.7600218923735873
2025-05-02 00:00:00-07:00,9.6570556803,9.6570556803,22.564958476353965,22.564958476353965,-12.907902796053966,-12.907902796053966,15.535807699071867,2.6279049030179014,1.7089388468979054,0.14453476966598458,1.5644040772319208
2025-05-03 00:00:00-07:00,5.896967682149999,5.896967682149999,23.958736215352445,23.958736215352445,-18.061768533202446,-18.061768533202446,19.248608147875014,1.186839614672569,2.1173468962662514,0.0652761788069913,2.05207071745926
2025-05-04 00:00:00-07:00,10.0545339447,10.0545339447,25.81600936388352,25.81600936388352,-15.76147541918352,-15.76147541918352,18.666125772449423,2.904650353265903,2.0532738349694366,0.15975576942962466,1.893518065539812
2025-05-05 00:00:00-07:00,10.790629386749998,10.790629386749998,23.439788810254406,23.439788810254406,-12.649159423504406,-12.649159423504406,15.98126590604298,3.332106482538574,1.7579392496647277,0.18326585653962157,1.574673393125106
2025-05-06 00:00:00-07:00,8.5751127873,8.5751127873,23.546037548073194,23.546037548073194,-14.970924760773196,-14.970924760773196,16.518366656863478,1.5474418960902812,1.8170203322549825,0.08510930428496546,1.731911027970017
2025-05-07 00:00:00-07:00,5.565290103899999,5.565290103899999,23.056994026164134,23.056994026164134,-17.491703922264136,-17.491703922264136,18.290559965067363,0.7988560428032283,2.01196159615741,0.04393708235417756,1.9680245138032324
2025-05-08 00:00:00-07:00,9.730415686049998,9.730415686049998,23.392313684795074,23.392313684795074,-13.661897998745074,-13.661897998745074,15.776983923449839,2.1150859247047653,1.7354682315794823,0.1163297258587621,1.6191385057207202
2025-05-09 00:00:00-07:00,9.963825747749999,9.963825747749999,25.012581498054875,25.012581498054875,-15.048755750304878,-15.048755750304878,17.36247727576351,2.313721525458633,1.909872500333986,0.12725468390022482,1.7826178164337612
2025-05-10 00:00:00-07:00,5.566114141199999,5.566114141199999,26.673259076499765,26.673259076499765,-21.107144935299765,-21.107144935299765,21.43542161273409,0.32827667743432276,2.35789637740075,0.018055217258887753,2.3398411601418623
2025-05-11 00:00:00-07:00,5.180747072399999,5.180747072399999,27.51175989843831,27.51175989843831,-22.33101282603831,-22.33101282603831,22.37334024951422,0.04232742347591001,2.4610674274465643,0.0023280082911750506,2.458739419155389
2025-05-12 00:00:00-07:00,9.603621621899999,9.603621621899999,25.589324711509544,25.589324711509544,-15.985703089609546,-15.985703089609546,18.3688216888989,2.3831185992893573,2.0205703857788793,0.13107152296091465,1.8894988628179645
2025-05-13 00:00:00-07:00,5.214000673349998,5.214000673349998,24.186698819102222,24.186698819102222,-18.972698145752226,-18.972698145752226,19.29855592728715,0.32585778153492456,2.1228411520015866,0.01792217798442085,2.1049189740171657
2025-05-14 00:00:00-07:00,5.2321343768999995,5.2321343768999995,23.750227134595445,23.750227134595445,-18.518092757695445,-18.518092757695445,18.99431718298269,0.4762244252872451,2.089374890128096,0.02619234339079848,2.0631825467372975
2025-05-15 00:00:00-07:00,4.422272271687527,4.422272271687527,27.108855172031685,27.108855172031685,-22.686582900344156,-22.686582900344156,22.712720744289584,0.02613784394542701,2.4983992818718543,0.0014375814169984855,2.4969617004548557
2025-05-16 00:00:00-07:00,4.405155097499999,4.405155097499999,22.791368649479633,22.791368649479633,-18.386213551979637,-18.386213551979637,18.505642181020384,0.11942862904074952,2.0356206399122425,0.006568574597241224,2.0290520653150015
2025-05-17 00:00:00-07:00,4.226642816849999,4.226642816849999,24.429105222720025,24.429105222720025,-20.202462405870026,-20.202462405870026,20.413032811131956,0.21057040526192905,2.245433609224515,0.011581372289406098,2.233852236935109
2025-05-18 00:00:00-07:00,8.1996549264,8.1996549264,26.667523146144017,26.667523146144017,-18.467868219744016,-18.467868219744016,19.362790840699052,0.8949226209550355,2.129906992476896,0.04922074415252695,2.080686248324369
2025-05-19 00:00:00-07:00,8.86220737425,8.86220737425,26.782571176396527,26.782571176396527,-17.920363802146525,-17.920363802146525,19.296734486397376,1.3763706842508485,2.1226407935037113,0.07570038763379668,2.0469404058699148
2025-05-20 00:00:00-07:00,7.404344869049999,7.404344869049999,26.329541794874576,26.329541794874576,-18.92519692582458,-18.92519692582458,20.093699594412218,1.1685026685876387,2.210306955385344,0.06426764677232014,2.1460393086130236
2025-05-21 00:00:00-07:00,8.396836517699999,8.396836517699999,23.031213952699886,23.031213952699886,-14.63437743499989,-14.63437743499989,17.49900561226792,2.8646281772680298,1.924890617349471,0.15755454974974165,1.7673360675997294
2025-05-22 00:00:00-07:00,9.827363241449998,9.827363241449998,22.29229198584104,22.29229198584104,-12.464928744391042,-12.464928744391042,15.721467138805433,3.256538394414393,1.7293613852685976,0.17910961169279163,1.550251773575806
2025-05-23 00:00:00-07:00,9.371225807099998,9.371225807099998,22.718643598108596,22.718643598108596,-13.3474177910086,-13.3474177910086,16.20981970766765,2.86240191665905,1.7830801678434414,0.15743210541624778,1.6256480624271936
2025-05-24 00:00:00-07:00,10.14144443505,10.14144443505,24.896303851014522,24.896303851014522,-14.754859415964523,-14.754859415964523,17.800481015386115,3.0456215994215943,1.9580529116924728,0.16750918796818767,1.7905437237242852
2025-05-25 00:00:00-07:00,8.600743004399998,8.600743004399998,29.577374606293972,29.577374606293972,-20.976631601893974,-20.976631601893974,22.60310036629675,1.6264687644027782,2.4863410402926425,0.0894557820421528,2.3968852582504896
2025-05-26 00:00:00-07:00,7.848666692999998,7.848666692999998,23.74952282523623,23.74952282523623,-15.900856132236232,-15.900856132236232,18.034001354830075,2.1331452225938423,1.9837401490313082,0.11732298724266133,1.866417161788647
2025-05-27 00:00:00-07:00,10.104248026799999,10.104248026799999,24.562479886360958,24.562479886360958,-14.458231859560959,-14.458231859560959,17.605974539849903,3.147742680288945,1.9366571993834893,0.173125847415892,1.7635313519675972
2025-05-28 00:00:00-07:00,9.921409911449999,9.921409911449999,22.392826728272883,22.392826728272883,-12.471416816822884,-12.471416816822884,15.672575891547481,3.201159074724597,1.723983348070223,0.1760637491098528,1.54791959896037
2025-05-29 00:00:00-07:00,7.398588965849998,7.398588965849998,26.322904632509438,26.322904632509438,-18.924315666659442,-18.924315666659442,21.135752591527044,2.211436924867603,2.324932785067975,0.12162903086771816,2.203303754200257
2025-05-30 00:00:00-07:00,9.6363813834,9.6363813834,22.610247201382215,22.610247201382215,-12.973865817982215,-12.973865817982215,15.905164980441,2.931299162458785,1.7495681478485101,0.16122145393523318,1.5883466939132769
2025-05-31 00:00:00-07:00,3.9989632877999988,3.9989632877999988,25.096380227096823,25.096380227096823,-21.097416939296824,-21.097416939296824,21.129228710303828,0.03181177100700128,2.324215158133421,0.0017496474053850704,2.322465510728036
2025-06-01 00:00:00-07:00,9.987899042249998,9.987899042249998,26.231794426824905,26.231794426824905,-16.243895384574905,-16.243895384574905,19.034631444831806,2.7907360602568976,2.093809458931499,0.15349048331412937,1.9403189756173695
2025-06-02 00:00:00-07:00,10.05414427665,10.05414427665,25.44092586642231,25.44092586642231,-15.386781589772314,-15.386781589772314,18.24296655094227,2.8561849611699563,2.00672632060365,0.1570901728643476,1.8496361477393022
2025-06-03 00:00:00-07:00,10.05612621435,10.05612621435,25.940931025865403,25.940931025865403,-15.884804811515403,-15.884804811515403,18.654069789232395,2.7692649777169906,2.0519476768155633,0.1523095737744345,1.899638103041129
2025-06-04 00:00:00-07:00,7.424231705549999,7.424231705549999,23.249174003644224,23.249174003644224,-15.824942298094225,-15.824942298094225,18.172586046257276,2.3476437481630503,1.9989844650883004,0.12912040614896778,1.8698640589393327
2025-06-05 00:00:00-07:00,10.0236669318,10.0236669318,25.10843826099163,25.10843826099163,-15.084771329191632,-15.084771329191632,18.10510181056078,3.020330481369145,1.9915611991616857,0.16611817647530297,1.8254430226863827
2025-06-06 00:00:00-07:00,9.622871689724999,9.622871689724999,26.336370044713767,26.336370044713767,-16.71349835498877,-16.71349835498877,19.369308604420592,2.655810249431823,2.1306239464862653,0.14606956371875027,1.984554382767515
2025-06-07 00:00:00-07:00,9.900324394424999,9.900324394424999,27.130315635524237,27.130315635524237,-17.22999124109924,-17.22999124109924,19.934281847658266,2.704290606559027,2.192771003242409,0.14873598336074648,2.0440350198816626
2025-06-08 00:00:00-07:00,9.85012191135,9.85012191135,25.16597110452179,25.16597110452179,-15.315849193171793,-15.315849193171793,18.125913607036278,2.8100644138644846,1.9938504967739905,0.15455354276254665,1.8392969540114439
2025-06-09 00:00:00-07:00,9.964032917399999,9.964032917399999,25.504856202490846,25.504856202490846,-15.540823285090847,-15.540823285090847,18.315637436929087,2.7748141518382408,2.0147201180621996,0.15261477835110324,1.8621053397110965
2025-06-10 00:00:00-07:00,9.961402098824998,9.961402098824998,26.865846515152594,26.865846515152594,-16.904444416327596,-16.904444416327596,19.701304425796863,2.796860009469268,2.167143486837655,0.15382730052080976,2.013316186316845
2025-06-11 00:00:00-07:00,8.569331128124999,8.569331128124999,26.20556490479297,26.20556490479297,-17.636233776667968,-17.636233776667968,19.716627786676565,2.080394010008596,2.168829056534422,0.11442167055047277,2.0544073859839496
2025-06-12 00:00:00-07:00,5.9819729546249985,5.9819729546249985,22.19129429640284,22.19129429640284,-16.20932134177784,-16.20932134177784,17.761260533364467,1.5519391915866265,1.9537386586700913,0.08535665553726446,1.8683820031328269
2025-06-13 00:00:00-07:00,5.530066559999999,5.530066559999999,25.109531940494083,25.109531940494083,-19.579465380494085,-19.579465380494085,20.56807386711831,0.9886084866242241,2.2624881253830145,0.05437346676433232,2.208114658618682
2025-06-14 00:00:00-07:00,8.175707017199999,8.175707017199999,24.74373192445719,24.74373192445719,-16.568024907257193,-16.568024907257193,18.52346033618018,1.955435428922986,2.0375806369798197,0.10754894859076423,1.9300316883890556
2025-06-15 00:00:00-07:00,10.229631028424999,10.229631028424999,26.715456905290008,26.715456905290008,-16.485825876865007,-16.485825876865007,19.175645254549217,2.6898193776842096,2.109320978000414,0.14794006577263152,1.9613809122277823
2025-06-16 00:00:00-07:00,8.748429323624999,8.748429323624999,25.911923901258,25.911923901258,-17.163494577633,-17.163494577633,19.175715688047994,2.0122211104149916,2.1093287256852795,0.11067216107282454,1.998656564612455
2025-06-17 00:00:00-07:00,9.7218539982,9.7218539982,23.61452257152587,23.61452257152587,-13.892668573325873,-13.892668573325873,16.718054580512145,2.825386007186271,1.838986003856336,0.15539623039524492,1.683589773461091
2025-06-18 00:00:00-07:00,8.098388623799998,8.098388623799998,26.40558352540841,26.40558352540841,-18.307194901608412,-18.307194901608412,20.169628821423707,1.862433919815298,2.2186591703566076,0.10243386558984138,2.116225304766766
2025-06-19 00:00:00-07:00,7.726046826824999,7.726046826824999,25.743922470266362,25.743922470266362,-18.01787564344136,-18.01787564344136,19.08867111628834,1.0707954728469762,2.099753822791717,0.05889375100658369,2.0408600717851333
2025-06-20 00:00:00-07:00,6.312399572924999,6.312399572924999,26.13694477981733,26.13694477981733,-19.82454520689233,-19.82454520689233,20.764860111926286,0.940314905033956,2.2841346123118913,0.05171731977686758,2.2324172925350236
2025-06-21 00:00:00-07:00,3.9305575829249992,3.9305575829249992,24.7884218654189,24.7884218654189,-20.857864282493903,-20.857864282493903,21.01805770903232,0.16019342653841612,2.3119863479935554,0.008810638459612887,2.3031757095339427
2025-06-22 00:00:00-07:00,6.234914411999998,6.234914411999998,25.82127252525149,25.82127252525149,-19.586358113251492,-19.586358113251492,20.359108725214274,0.772750611962781,2.23950195977357,0.04250128365795296,2.1970006761156173
2025-06-23 00:00:00-07:00,9.833045111324997,9.833045111324997,21.95875295114659,21.95875295114659,-12.125707839821592,-12.125707839821592,15.340185160148675,3.2144773203270827,1.6874203676163542,0.17679625261798954,1.5106241149983646
2025-06-24 00:00:00-07:00,7.777406288924999,7.777406288924999,22.460416201210105,22.460416201210105,-14.683009912285106,-14.683009912285106,16.238872815436427,1.5558629031513205,1.786276009698007,0.08557245967332262,1.7007035500246843
2025-06-25 00:00:00-07:00,6.661215804824999,6.661215804824999,21.757375303383846,21.757375303383846,-15.096159498558848,-15.096159498558848,16.67207949936347,1.5759200008046221,1.8339287449299817,0.08667560004425422,1.7472531448857276
2025-06-26 00:00:00-07:00,4.082233885199999,4.082233885199999,25.59262342392703,25.59262342392703,-21.510389538727033,-21.510389538727033,21.510389538727033,0.0,2.3661428492599734,0.0,2.3661428492599734
2025-06-27 00:00:00-07:00,4.544926814924999,4.544926814924999,24.689528990237545,24.689528990237545,-20.144602175312546,-20.144602175312546,20.280938540689203,0.13633636537665644,2.230903239475812,0.007498500095716104,2.223404739380096
2025-06-28 00:00:00-07:00,8.996229781199998,8.996229781199998,28.954479751520523,28.954479751520523,-19.958249970320523,-19.958249970320523,22.251158371987323,2.2929084016668,2.4476274209186055,0.126109962091674,2.3215174588269316
2025-06-29 00:00:00-07:00,10.233781041824999,10.233781041824999,27.92659549329507,27.92659549329507,-17.692814451470074,-17.692814451470074,20.447534434368443,2.7547199828983686,2.249228787780529,0.15150959905941028,2.0977191887211184
2025-06-30 00:00:00-07:00,10.052881749224998,10.052881749224998,23.459150438037888,23.459150438037888,-13.406268688812888,-13.406268688812888,16.422472447184465,3.016203758371577,1.806471969190291,0.16589120671043675,1.6405807624798543
2025-07-01 00:00:00-07:00,10.1241121266,10.1241121266,26.321602010021635,26.321602010021635,-16.197489883421635,-16.197489883421635,19.01495196140523,2.817462077983597,2.0916447157545752,0.15496041428909782,1.9366843014654773
2025-07-02 00:00:00-07:00,8.873009240624999,8.873009240624999,23.489713050890508,23.489713050890508,-14.61670381026551,-14.61670381026551,17.115100304107166,2.498396493841656,1.8826610334517884,0.1374118071612911,1.7452492262904973
2025-07-03 00:00:00-07:00,8.5700653668,8.5700653668,22.312707628340412,22.312707628340412,-13.742642261540412,-13.742642261540412,16.50292169684968,2.760279435309268,1.8153213866534648,0.15181536894200973,1.6635060177114551
2025-07-04 00:00:00-07:00,7.683533980199999,7.683533980199999,23.085451910539227,23.085451910539227,-15.401917930339229,-15.401917930339229,17.065893860467522,1.663975930128294,1.8772483246514275,0.09151867615705617,1.7857296484943714
2025-07-05 00:00:00-07:00,9.806817824999998,9.806817824999998,27.529970988118553,27.529970988118553,-17.723153163118557,-17.723153163118557,20.272685677342512,2.549532514223954,2.2299954245076763,0.14022428828231748,2.089771136225359
2025-07-06 00:00:00-07:00,10.0301635098,10.0301635098,26.347596056749833,26.347596056749833,-16.317432546949835,-16.317432546949835,19.097398650383212,2.7799661034333805,2.1007138515421535,0.15289813568883592,1.9478157158533176
2025-07-07 00:00:00-07:00,9.9883490175,9.9883490175,24.560943583405518,24.560943583405518,-14.57259456590552,-14.57259456590552,17.61896497804927,3.046370412143749,1.9380861475854196,0.1675503726679062,1.7705357749175135
2025-07-08 00:00:00-07:00,9.737578985849998,9.737578985849998,25.83403673074429,25.83403673074429,-16.09645774489429,-16.09645774489429,18.733477485084748,2.6370197401904583,2.0606825233593224,0.14503608571047522,1.9156464376488471
2025-07-09 00:00:00-07:00,4.354564126949999,4.354564126949999,26.931557768036132,26.931557768036132,-22.576993641086133,-22.576993641086133,22.784416187107468,0.20742254602133364,2.5062857805818215,0.01140824003117335,2.494877540550648
2025-07-10 00:00:00-07:00,7.850128560749998,7.850128560749998,25.126472746606012,25.126472746606012,-17.276344185856015,-17.276344185856015,19.40880387651908,2.1324596906630653,2.1349684264170987,0.11728528298646859,2.01768314343063
2025-07-11 00:00:00-07:00,9.972312966899999,9.972312966899999,25.037444577718794,25.037444577718794,-15.065131610818796,-15.065131610818796,17.962638344233046,2.897506733414252,1.975890217865635,0.15936287033778385,1.8165273475278512
2025-07-12 00:00:00-07:00,9.830500880399999,9.830500880399999,25.666789928068855,25.666789928068855,-15.836289047668854,-15.836289047668854,18.569274732668397,2.732985684999541,2.0426202205935238,0.15031421267497475,1.892306007918549
2025-07-13 00:00:00-07:00,9.649683611099999,9.649683611099999,25.790130061522554,25.790130061522554,-16.14044645042256,-16.14044645042256,18.641607608461648,2.501161158039089,2.050576836930781,0.1375638636921499,1.9130129732386312
2025-07-14 00:00:00-07:00,7.125764351399999,7.125764351399999,25.320113148627502,25.320113148627502,-18.1943487972275,-18.1943487972275,18.959975709660874,0.7656269124333726,2.085597328062696,0.04210948018383549,2.0434878478788607
2025-07-15 00:00:00-07:00,9.90799882785,9.90799882785,24.7775494721251,24.7775494721251,-14.869550644275101,-14.869550644275101,17.751939935757672,2.8823892914825713,1.952713392933344,0.15853141103154142,1.7941819819018026
2025-07-16 00:00:00-07:00,9.67426208235,9.67426208235,24.47201286648475,24.47201286648475,-14.79775078413475,-14.79775078413475,17.60383200716715,2.8060812230324,1.9364215207883864,0.154334467266782,1.7820870535216045
2025-07-17 00:00:00-07:00,9.8239454424,9.8239454424,23.636649154246253,23.636649154246253,-13.812703711846254,-13.812703711846254,16.846993395041537,3.034289683195281,1.853169273454569,0.16688593257574047,1.6862833408788287
2025-07-18 00:00:00-07:00,6.229495972349999,6.229495972349999,23.722881373932804,23.722881373932804,-17.493385401582806,-17.493385401582806,18.52370092263106,1.030315521048255,2.037607101489417,0.05666735365765403,1.9809397478317627
2025-07-19 00:00:00-07:00,7.375467965399999,7.375467965399999,28.48003079523732,28.48003079523732,-21.10456282983732,-21.10456282983732,22.78077448807785,1.6762116582405275,2.5058851936885636,0.09219164120322902,2.4136935524853347
2025-07-20 00:00:00-07:00,5.971076299349999,5.971076299349999,29.105235463532704,29.105235463532704,-23.1341591641827,-23.1341591641827,23.48104268964613,0.3468835254634265,2.5829146958610743,0.019078593900488456,2.563836101960586
2025-07-21 00:00:00-07:00,9.574018604549998,9.574018604549998,25.210643398683377,25.210643398683377,-15.636624794133379,-15.636624794133379,18.325080072286177,2.688455278152797,2.0157588079514794,0.14786504029840383,1.8678937676530756
2025-07-22 00:00:00-07:00,8.7839236377,8.7839236377,23.320373120224343,23.320373120224343,-14.536449482524343,-14.536449482524343,17.17122097580955,2.6347714932852067,1.8888343073390506,0.14491243213068636,1.7439218752083643
2025-07-23 00:00:00-07:00,9.59448623805,9.59448623805,25.745067167334486,25.745067167334486,-16.150580929284487,-16.150580929284487,18.779590427850707,2.6290094985662162,2.065754947063578,0.1445955224211419,1.921159424642436
2025-07-24 00:00:00-07:00,9.107579879339994,9.107579879339994,26.72666395051962,26.72666395051962,-17.619084071179625,-17.619084071179625,20.07413762447559,2.455053553295965,2.208155138692315,0.13502794543127808,2.073127193261037
2025-07-25 00:00:00-07:00,6.622117414649999,6.622117414649999,25.784626155170933,25.784626155170933,-19.162508740520934,-19.162508740520934,21.14215522447208,1.9796464839511463,2.325637074691929,0.10888055661731305,2.216756518074616
2025-07-26 00:00:00-07:00,7.346153626649999,7.346153626649999,29.32485499825832,29.32485499825832,-21.978701371608324,-21.978701371608324,23.80736683625351,1.8286654646451863,2.6188103519878863,0.10057660055548524,2.518233751432401
2025-07-27 00:00:00-07:00,9.130079778299999,9.130079778299999,25.827659149812774,25.827659149812774,-16.697579371512777,-16.697579371512777,19.12504075634257,2.427461384829794,2.1037544831976827,0.13351037616563866,1.970244107032044
2025-07-28 00:00:00-07:00,9.878186849399999,9.878186849399999,25.604496288136158,25.604496288136158,-15.726309438736157,-15.726309438736157,18.579191749303472,2.8528823105673125,2.043711092423382,0.15690852708120218,1.8868025653421796
2025-07-29 00:00:00-07:00,9.962424904049998,9.962424904049998,26.082614102634864,26.082614102634864,-16.120189198584864,-16.120189198584864,18.981691649636513,2.861502451051651,2.0879860814600164,0.1573826348078408,1.9306034466521755
2025-07-30 00:00:00-07:00,8.777000821499998,8.777000821499998,25.76961334217341,25.76961334217341,-16.992612520673415,-16.992612520673415,18.957427199619772,1.9648146789463583,2.085316991958175,0.1080648073420497,1.977252184616125
2025-07-31 00:00:00-07:00,6.088977890549999,6.088977890549999,23.451402606844304,23.451402606844304,-17.362424716294306,-17.362424716294306,17.604491057778713,0.2420663414844073,1.9364940163556583,0.013313648781642403,1.923180367574016
2025-08-01 00:00:00-07:00,8.333526276449998,8.333526276449998,24.8095697292514,24.8095697292514,-16.476043452801402,-16.476043452801402,18.53205937491448,2.0560159221130756,2.0385265312405925,0.11308087571621916,1.9254456555243733
2025-08-02 00:00:00-07:00,5.122737566999999,5.122737566999999,28.38173788345383,28.38173788345383,-23.259000316453832,-23.259000316453832,23.843008233358766,0.5840079169049333,2.622730905669464,0.03212043542977133,2.590610470239693
2025-08-03 00:00:00-07:00,4.536963882449999,4.536963882449999,28.611397737298244,28.611397737298244,-24.074433854848245,-24.074433854848245,24.325855877236194,0.2514220223879505,2.6758441464959812,0.013828211231337276,2.6620159352646438
2025-08-04 00:00:00-07:00,5.943466007549999,5.943466007549999,25.52112208787753,25.52112208787753,-19.577656080327532,-19.577656080327532,20.515646837964464,0.9379907576369313,2.256721152176091,0.05158949167003122,2.20513166050606
2025-08-05 00:00:00-07:00,7.491689909549999,7.491689909549999,26.389047414531028,26.389047414531028,-18.89735750498103,-18.89735750498103,19.828292737976966,0.9309352329959341,2.1811122011774664,0.051201437814776374,2.12991076336269
2025-08-06 00:00:00-07:00,6.118209725399999,6.118209725399999,26.78260182669219,26.78260182669219,-20.66439210129219,-20.66439210129219,22.57480822079323,1.9104161195010396,2.4832289042872553,0.10507288657255719,2.3781560177146983
2025-08-07 00:00:00-07:00,7.500374815949999,7.500374815949999,24.88317155285883,24.88317155285883,-17.382796736908833,-17.382796736908833,19.890696530719367,2.5078997938105356,2.1879766183791305,0.13793448865957947,2.050042129719551
2025-08-08 00:00:00-07:00,9.152701602749998,9.152701602749998,24.554116747049907,24.554116747049907,-15.40141514429991,-15.40141514429991,17.903987646716665,2.5025725024167533,1.9694386411388332,0.13764148763292144,1.8317971535059117
2025-08-09 00:00:00-07:00,9.22057829055,9.22057829055,28.281666001484243,28.281666001484243,-19.061087710934245,-19.061087710934245,21.100761783124867,2.03967407219062,2.321083796143735,0.11218207397048409,2.208901722173251
2025-08-10 00:00:00-07:00,9.54774692685,9.54774692685,27.44856674044813,27.44856674044813,-17.90081981359813,-17.90081981359813,20.34461116265419,2.4437913490560623,2.2379072278919607,0.13440852419808344,2.1034987036938775
2025-08-11 00:00:00-07:00,9.959248444499998,9.959248444499998,21.6673816677251,21.6673816677251,-11.708133223225099,-11.708133223225099,14.786099511254228,3.0779662880291285,1.6264709462379652,0.16928814584160207,1.4571828003963632
2025-08-12 00:00:00-07:00,9.999263338199999,9.999263338199999,24.263104976598406,24.263104976598406,-14.263841638398409,-14.263841638398409,17.071334226661005,2.8074925882625954,1.8778467649327106,0.15441209235444275,1.7234346725782679
2025-08-13 00:00:00-07:00,6.9890671813499985,6.9890671813499985,23.33859032945393,23.33859032945393,-16.34952314810393,-16.34952314810393,18.30875128929131,1.9592281411873773,2.0139626418220438,0.10775754776530576,1.906205094056738
2025-08-14 00:00:00-07:00,6.743451083849999,6.743451083849999,24.54029638635088,24.54029638635088,-17.796845302500884,-17.796845302500884,19.509075926349432,1.712230623848548,2.1459983518984376,0.09417268431167014,2.051825667586767
2025-08-15 00:00:00-07:00,2.6585430875999987,2.6585430875999987,24.86450563864168,24.86450563864168,-22.205962551041683,-22.205962551041683,22.205962551041683,0.0,2.442655880614585,0.0,2.442655880614585
2025-08-16 00:00:00-07:00,7.811223373799999,7.811223373799999,25.531390936602417,25.531390936602417,-17.720167562802416,-17.720167562802416,19.045508392925502,1.325340830123087,2.0950059232218052,0.07289374565676977,2.0221121775650355
2025-08-17 00:00:00-07:00,6.485575925249998,6.485575925249998,26.991867935114175,26.991867935114175,-20.506292009864175,-20.506292009864175,21.13732208539048,0.6310300755263024,2.325105429392953,0.03470665415394663,2.2903987752390065
2025-08-18 00:00:00-07:00,6.685369057799999,6.685369057799999,24.661872868153335,24.661872868153335,-17.976503810353336,-17.976503810353336,19.087748477467905,1.1112446671145682,2.0996523325214693,0.06111845669130125,2.038533875830168
2025-08-19 00:00:00-07:00,7.585067230649999,7.585067230649999,22.685066897341457,22.685066897341457,-15.099999666691456,-15.099999666691456,16.232125098859555,1.1321254321680998,1.7855337608745512,0.06226689876924549,1.7232668621053058
2025-08-20 00:00:00-07:00,9.932267687399998,9.932267687399998,24.93795504391251,24.93795504391251,-15.00568735651251,-15.00568735651251,17.674294560140137,2.6686072036276265,1.944172401615415,0.14677339619951946,1.7973990054158955
2025-08-21 00:00:00-07:00,10.39920731955,10.39920731955,23.91885540304549,23.91885540304549,-13.519648083495492,-13.519648083495492,16.568049877762263,3.0484017942667725,1.822485486553849,0.1676620986846725,1.6548233878691765
2025-08-22 00:00:00-07:00,10.2713567427,10.2713567427,25.21967559401192,25.21967559401192,-14.948318851311923,-14.948318851311923,17.770865522249093,2.82254667093717,1.9547952074474002,0.15524006690154435,1.7995551405458559
2025-08-23 00:00:00-07:00,9.274311102599999,9.274311102599999,28.948664346291107,28.948664346291107,-19.674353243691108,-19.674353243691108,21.344212499826625,1.6698592561355174,2.347863374980929,0.09184225908745346,2.2560211158934753
2025-08-24 00:00:00-07:00,9.296407154699999,9.296407154699999,25.039409222247166,25.039409222247166,-15.743002067547167,-15.743002067547167,17.986684446897435,2.2436823793502665,1.9785352891587178,0.12340253086426466,1.8551327582944532
2025-08-25 00:00:00-07:00,9.06817459545,9.06817459545,24.20898993763541,24.20898993763541,-15.14081534218541,-15.14081534218541,17.289297331568136,2.1484819893827236,1.901822706472495,0.1181665094160498,1.7836561970564453
2025-08-26 00:00:00-07:00,9.018876123,9.018876123,22.257101664864365,22.257101664864365,-13.238225541864365,-13.238225541864365,15.608156894566228,2.3699313527018644,1.716897258402285,0.13034622439860255,1.5865510340036826
2025-08-27 00:00:00-07:00,4.253483021399999,4.253483021399999,23.24446523274369,23.24446523274369,-18.99098221134369,-18.99098221134369,19.414363419377914,0.42338120803422374,2.1355799761315706,0.023285966441882307,2.112294009689688
2025-08-28 00:00:00-07:00,8.3102521239,8.3102521239,25.869411778340428,25.869411778340428,-17.55915965444043,-17.55915965444043,19.35558266882549,1.796423014385063,2.129114093570804,0.09880326579117847,2.0303108277796253
2025-08-29 00:00:00-07:00,4.544684414999999,4.544684414999999,22.539676876383048,22.539676876383048,-17.99499246138305,-17.99499246138305,18.313052865275857,0.31806040389280854,2.0144358151803443,0.01749332221410447,1.9969424929662398
2025-08-30 00:00:00-07:00,4.176374428799999,4.176374428799999,26.53949358752624,26.53949358752624,-22.363119158726242,-22.363119158726242,22.363119158726242,0.0,2.4599431074598868,0.0,2.4599431074598868
2025-08-31 00:00:00-07:00,6.194924188199999,6.194924188199999,24.699270189442412,24.699270189442412,-18.50434600124241,-18.50434600124241,19.73774707114047,1.2334010698980564,2.1711521778254514,0.0678370588443931,2.103315118981058
2025-09-01 00:00:00-07:00,4.899882485699998,4.899882485699998,24.11200884442335,24.11200884442335,-19.21212635872335,-19.21212635872335,19.94334858642998,0.7312222277066288,2.1937683445072977,0.04021722252386459,2.1535511219834333
2025-09-02 00:00:00-07:00,7.656853765499998,7.656853765499998,24.108383121083865,24.108383121083865,-16.451529355583865,-16.451529355583865,18.368885854120396,1.9173564985365292,2.020577443953244,0.10545460741950911,1.9151228365337347
2025-09-03 00:00:00-07:00,8.584676346599998,8.584676346599998,23.09016393226726,23.09016393226726,-14.50548758566726,-14.50548758566726,16.52140396437606,2.0159163787088,1.8173544360813665,0.110875400828984,1.7064790352523824
2025-09-04 00:00:00-07:00,5.084181839699999,5.084181839699999,25.82467336832576,25.82467336832576,-20.740491528625764,-20.740491528625764,20.740491528625764,0.0,2.2814540681488342,0.0,2.2814540681488342
2025-09-05 00:00:00-07:00,6.333195086999999,6.333195086999999,24.00289307125858,24.00289307125858,-17.66969798425858,-17.66969798425858,18.361132968670763,0.6914349844121824,2.019724626553784,0.038028924142670034,1.981695702411114
2025-09-06 00:00:00-07:00,3.5055959462999993,3.5055959462999993,29.017636174319957,29.017636174319957,-25.51204022801996,-25.51204022801996,25.609173683048507,0.09713345502854842,2.8170091051353356,0.005342340026570163,2.8116667651087655
2025-09-07 00:00:00-07:00,4.5875254405499994,4.5875254405499994,28.20214600655648,28.20214600655648,-23.61462056600648,-23.61462056600648,24.219771354279192,0.6051507882727146,2.664174848970711,0.033283293354999306,2.6308915556157118
2025-09-08 00:00:00-07:00,7.0729158879,7.0729158879,23.450884209323576,23.450884209323576,-16.377968321423577,-16.377968321423577,18.11772695589957,1.739758634475995,1.9929499651489528,0.09568672489617973,1.8972632402527732
2025-09-09 00:00:00-07:00,3.8233873003499994,3.8233873003499994,24.06221793205387,24.06221793205387,-20.238830631703866,-20.238830631703866,20.679491984625766,0.4406613529218975,2.2747441183088344,0.024236374410704364,2.25050774389813
2025-09-10 00:00:00-07:00,8.6986933803,8.6986933803,25.917013553369866,25.917013553369866,-17.218320173069866,-17.218320173069866,19.225133532580895,2.0068133595110282,2.1147646885838984,0.11037473477310655,2.004389953810792
2025-09-11 00:00:00-07:00,4.257022290749999,4.257022290749999,24.10620005573381,24.10620005573381,-19.84917776498381,-19.84917776498381,20.60257180470217,0.75339403971836,2.2662828985172387,0.041436672184509804,2.224846226332729
2025-09-12 00:00:00-07:00,5.624381104424999,5.624381104424999,22.361826404676467,22.361826404676467,-16.73744530025147,-16.73744530025147,17.4017136443697,0.664268344118232,1.914188500880667,0.03653475892650276,1.8776537419541641
2025-09-13 00:00:00-07:00,9.0061505937,9.0061505937,26.101280175904446,26.101280175904446,-17.095129582204446,-17.095129582204446,19.216426480526536,2.1212968983220897,2.113806912857919,0.11667132940771494,1.997135583450204
2025-09-14 00:00:00-07:00,2.6745135315749993,2.6745135315749993,24.70064183699517,24.70064183699517,-22.02612830542017,-22.02612830542017,22.02612830542017,0.0,2.4228741135962184,0.0,2.4228741135962184
2025-09-15 00:00:00-07:00,8.836903533149998,8.836903533149998,23.86605135159023,23.86605135159023,-15.029147818440233,-15.029147818440233,17.303738543742973,2.2745907253027404,1.903411239811727,0.12510248989165074,1.7783087499200763
2025-09-16 00:00:00-07:00,8.910750983399998,8.910750983399998,23.370909633930673,23.370909633930673,-14.460158650530673,-14.460158650530673,16.81397787620403,2.3538192256733588,1.8495375663824434,0.12946005741203473,1.7200775089704086
2025-09-17 00:00:00-07:00,9.159472016099999,9.159472016099999,26.736313125280496,26.736313125280496,-17.576841109180496,-17.576841109180496,19.60347082443028,2.0266297152497823,2.156381790687331,0.11146463433873803,2.0449171563485926
2025-09-18 00:00:00-07:00,9.5162830047,9.5162830047,23.973534683045514,23.973534683045514,-14.457251678345516,-14.457251678345516,17.123291613323264,2.6660399349777486,1.883562077465559,0.14663219642377617,1.7369298810417828
2025-09-19 00:00:00-07:00,9.210970844099998,9.210970844099998,23.98655047579416,23.98655047579416,-14.775579631694162,-14.775579631694162,17.125313352877814,2.3497337211836515,1.8837844688165595,0.12923535466510083,1.7545491141514586
2025-09-20 00:00:00-07:00,8.929171786725,8.929171786725,25.53069815004757,25.53069815004757,-16.60152636332257,-16.60152636332257,18.647959034629725,2.046432671307154,2.05127549380927,0.11255379692189348,1.9387216968873764
2025-09-21 00:00:00-07:00,4.515924597524999,4.515924597524999,28.486373403199078,28.486373403199078,-23.970448805674078,-23.970448805674078,25.028529455429076,1.0580806497549986,2.7531382400971984,0.05819443573652492,2.6949438043606735
2025-09-22 00:00:00-07:00,8.916765381224998,8.916765381224998,23.035393685051947,23.035393685051947,-14.118628303826947,-14.118628303826947,16.43283347176217,2.3142051679352225,1.8076116818938386,0.12728128423643723,1.6803303976574013
2025-09-23 00:00:00-07:00,7.959927669299999,7.959927669299999,22.468516453202124,22.468516453202124,-14.508588783902123,-14.508588783902123,16.369503055124888,1.8609142712227624,1.8006453360637376,0.10235028491725194,1.6982950511464856
2025-09-24 00:00:00-07:00,8.271081808424999,8.271081808424999,26.829424114468623,26.829424114468623,-18.558342306043624,-18.558342306043624,20.184389525023132,1.6260472189795063,2.2202828477525447,0.08943259704387285,2.1308502507086717
2025-09-25 00:00:00-07:00,5.5758483972,5.5758483972,23.708779596476674,23.708779596476674,-18.132931199276676,-18.132931199276676,18.259652497148743,0.12672129787206932,2.0085617746863615,0.006969671382963813,2.001592103303398
2025-09-26 00:00:00-07:00,6.523450537725,6.523450537725,23.773789803905128,23.773789803905128,-17.250339266180127,-17.250339266180127,18.75661406205722,1.5062747958770912,2.0632275468262944,0.08284511377324001,1.9803824330530544
2025-09-27 00:00:00-07:00,7.1763610088249985,7.1763610088249985,27.710748080650394,27.710748080650394,-20.534387071825396,-20.534387071825396,22.040931586384716,1.5065445145593177,2.4245024745023187,0.08285994830076247,2.3416425262015563
2025-09-28 00:00:00-07:00,7.301859773624999,7.301859773624999,25.77924830987702,25.77924830987702,-18.477388536252022,-18.477388536252022,20.08202853250326,1.6046399962512368,2.2090231385753585,0.08825519979381802,2.1207679387815404
2025-09-29 00:00:00-07:00,2.121425794111448,2.121425794111448,23.583915407813667,23.583915407813667,-21.462489613702218,-21.462489613702218,21.462489613702218,0.0,2.360873857507244,0.0,2.360873857507244
2025-09-30 00:00:00-07:00,6.646485262442307,6.646485262442307,23.60803326608874,23.60803326608874,-16.96154800364643,-16.96154800364643,18.361192424349383,1.399644420702952,2.019731166678432,0.07698044313866235,1.9427507235397699
2025-10-01 00:00:00-07:00,6.508285233026142,6.508285233026142,24.23254477231999,24.23254477231999,-17.724259539293847,-17.724259539293847,18.9372164797107,1.212956940416851,2.083093812768177,0.06671263172292681,2.0163811810452503
2025-10-02 00:00:00-07:00,6.455014099490217,6.455014099490217,23.288308349888958,23.288308349888958,-16.83329425039874,-16.83329425039874,18.212840261650275,1.3795460112515348,2.0034124287815303,0.07587503061883441,1.9275373981626958
2025-10-03 00:00:00-07:00,6.4246375913427585,6.4246375913427585,24.372964119527644,24.372964119527644,-17.948326528184886,-17.948326528184886,19.202633830605254,1.2543073024203677,2.112289721366578,0.06898690163312023,2.0433028197334577
2025-10-04 00:00:00-07:00,6.358405841104691,6.358405841104691,27.971000806132345,27.971000806132345,-21.612594965027657,-21.612594965027657,22.44927684734189,0.8366818823142345,2.469420453207608,0.04601750352728289,2.423402949680325
2025-10-05 00:00:00-07:00,6.143319397591589,6.143319397591589,24.05271530009003,24.05271530009003,-17.909395902498442,-17.909395902498442,18.976260664716236,1.0668647622177965,2.087388673118786,0.05867756192197881,2.0287111111968072
2025-10-06 00:00:00-07:00,5.874653575860726,5.874653575860726,24.181333228491365,24.181333228491365,-18.30667965263064,-18.30667965263064,19.28770086783259,0.9810212152019495,2.121647095461585,0.053956166836107225,2.067690928625478
2025-10-07 00:00:00-07:00,5.738703247571982,5.738703247571982,25.42837285151025,25.42837285151025,-19.68966960393827,-19.68966960393827,20.458869887752535,0.7692002838142631,2.250475687652779,0.04230601560978447,2.2081696720429944
2025-10-08 00:00:00-07:00,5.789412694700968,5.789412694700968,22.573343177559373,22.573343177559373,-16.783930482858405,-16.783930482858405,17.865780868389137,1.0818503855307307,1.965235895522805,0.05950177120419019,1.905734124318615
2025-10-09 00:00:00-07:00,5.713538965392019,5.713538965392019,26.872596741749586,26.872596741749586,-21.159057776357567,-21.159057776357567,21.916334345765424,0.7572765694078571,2.4107967780341966,0.04165021131743214,2.3691465667167644
2025-10-10 00:00:00-07:00,5.615658459462715,5.615658459462715,23.70095066422329,23.70095066422329,-18.085292204760574,-18.085292204760574,18.953258911623035,0.8679667068624608,2.084858480278534,0.047738168877435344,2.0371203114010985
2025-10-11 00:00:00-07:00,5.41223772243091,5.41223772243091,28.65739282802481,28.65739282802481,-23.245155105593902,-23.245155105593902,23.78658972991332,0.541434624319418,2.616524870290465,0.029778904337567993,2.5867459659528973
2025-10-12 00:00:00-07:00,5.140704740368497,5.140704740368497,25.180162676839075,25.180162676839075,-20.03945793647058,-20.03945793647058,20.594926540093184,0.5554686036226042,2.26544191941025,0.03055077319924323,2.234891146211007
2025-10-13 00:00:00-07:00,5.094173352258332,5.094173352258332,25.497981457686492,25.497981457686492,-20.403808105428162,-20.403808105428162,20.98708764657331,0.5832795411451501,2.3085796411230644,0.032080374762983255,2.276499266360081
2025-10-14 00:00:00-07:00,4.993506212693822,4.993506212693822,26.39882377347851,26.39882377347851,-21.405317560784688,-21.405317560784688,21.98011630562532,0.5747987448406305,2.417812793618785,0.03161393096623468,2.38619886265255
2025-10-15 00:00:00-07:00,4.933320811614544,4.933320811614544,24.24927801539442,24.24927801539442,-19.315957203779877,-19.315957203779877,19.90013397404878,0.5841767702689029,2.189014737145366,0.03212972236478966,2.1568850147805763
2025-10-16 00:00:00-07:00,4.933004717545583,4.933004717545583,23.715328648409997,23.715328648409997,-18.78232393086441,-18.78232393086441,19.413292942920897,0.6309690120564856,2.135462223721299,0.03470329566310671,2.100758928058192
2025-10-17 00:00:00-07:00,4.920095015778499,4.920095015778499,24.60611554392212,24.60611554392212,-19.68602052814362,-19.68602052814362,20.236328933692477,0.5503084055488563,2.2259961827061723,0.030266962305187096,2.195729220400985
2025-10-18 00:00:00-07:00,4.892920248552572,4.892920248552572,26.535616907264416,26.535616907264416,-21.642696658711845,-21.642696658711845,22.00261929246796,0.3599226337561126,2.4202881221714754,0.019795744856586195,2.4004923773148894
2025-10-19 00:00:00-07:00,4.871703931973405,4.871703931973405,28.48254543989898,28.48254543989898,-23.610841507925574,-23.610841507925574,23.88527354940947,0.2744320414838916,2.6273800904350417,0.015093762281614038,2.6122863281534277
2025-10-20 00:00:00-07:00,5.313367497699406,5.313367497699406,26.926290952605047,26.926290952605047,-21.61292345490564,-21.61292345490564,22.026855142627856,0.4139316877222128,2.4229540656890642,0.022766242824721703,2.4001878228643427
2025-10-21 00:00:00-07:00,5.243439026043635,5.243439026043635,23.555598806290607,23.555598806290607,-18.312159780246972,-18.312159780246972,18.939721048194347,0.6275612679473751,2.083369315301378,0.03451586973710563,2.0488534455642724
2025-10-22 00:00:00-07:00,5.150439786924227,5.150439786924227,21.709127861451798,21.709127861451798,-16.55868807452757,-16.55868807452757,17.242916448292757,0.6842283737651869,1.8967208093122032,0.037632560557085276,1.859088248755118
2025-10-23 00:00:00-07:00,5.060776750510768,5.060776750510768,22.22826177092834,22.22826177092834,-17.167485020417576,-17.167485020417576,17.694793959171452,0.527308938753877,1.9464273355088597,0.029001991631463234,1.9174253438773965
2025-10-24 00:00:00-07:00,4.924445706822262,4.924445706822262,24.507634634771705,24.507634634771705,-19.583188927949443,-19.583188927949443,19.967992917596316,0.3848039896468748,2.196479220935595,0.021164219430578113,2.175315001505017
2025-10-25 00:00:00-07:00,4.782696932963025,4.782696932963025,27.850354178311918,27.850354178311918,-23.067657245348894,-23.067657245348894,23.296446181579494,0.22878893623060148,2.562609079973744,0.012583391492683081,2.5500256884810613
2025-10-26 00:00:00-07:00,4.832426233295066,4.832426233295066,27.589066335858274,27.589066335858274,-22.75664010256321,-22.75664010256321,22.921532083204536,0.16489198064132637,2.521368529152499,0.00906905893527295,2.512299470217226
2025-10-27 00:00:00-07:00,4.837460033764107,4.837460033764107,25.11436954347034,25.11436954347034,-20.276909509706233,-20.276909509706233,20.66016953191833,0.3832600222120979,2.2726186485110165,0.021079301221665382,2.2515393472893512
2025-10-28 00:00:00-07:00,4.887439568327037,4.887439568327037,25.198392265106744,25.198392265106744,-20.310952696779704,-20.310952696779704,20.696801788183436,0.38584909140372947,2.276648196700178,0.02122170002720512,2.255426496672973
2025-10-29 00:00:00-07:00,4.855149172298337,4.855149172298337,23.704963673575875,23.704963673575875,-18.84981450127754,-18.84981450127754,19.36893999901352,0.5191254977359813,2.130583399891487,0.02855190237547897,2.102031497516008
2025-10-30 00:00:00-07:00,4.787834333859385,4.787834333859385,21.948424118472097,21.948424118472097,-17.160589784612714,-17.160589784612714,17.644830039767164,0.48424025515445057,1.940931304374388,0.026633214033494782,1.9142980903408933
2025-10-31 00:00:00-07:00,4.679851131214095,4.679851131214095,26.076410217817617,26.076410217817617,-21.39655908660352,-21.39655908660352,21.600461325645643,0.20390223904212212,2.3760507458210207,0.011214623147316716,2.364836122673704
2025-11-01 00:00:00-07:00,4.648271943433951,4.648271943433951,26.21232713138809,26.21232713138809,-21.56405518795414,-21.56405518795414,21.747021578953962,0.1829663909998207,2.392172373684936,0.01006315150499014,2.382109222179946
2025-11-02 00:00:00-07:00,4.574097559771695,4.574097559771695,28.383404131574256,28.383404131574256,-23.809306571802562,-23.809306571802562,23.982774627063723,0.17346805526115938,2.6381052089770094,0.009540743039363767,2.6285644659376457
2025-11-03 00:00:00-08:00,4.526916393206674,4.526916393206674,23.39124337063325,23.39124337063325,-18.864326977426575,-18.864326977426575,19.107851756562138,0.2435247791355601,2.1018636932218353,0.013393862852455805,2.0884698303693794
2025-11-04 00:00:00-08:00,4.6507831304630685,4.6507831304630685,24.82545940334263,24.82545940334263,-20.174676272879562,-20.174676272879562,20.42171333742644,0.24703706454687424,2.2463884671169083,0.013587038550078083,2.2328014285668303
2025-11-05 00:00:00-08:00,4.571958316291575,4.571958316291575,26.311037562693187,26.311037562693187,-21.739079246401612,-21.739079246401612,21.944967446276788,0.20588819987517776,2.4139464190904465,0.011323850993134777,2.402622568097312
2025-11-06 00:00:00-08:00,4.653423152325727,4.653423152325727,24.117737067945466,24.117737067945466,-19.46431391561974,-19.46431391561974,19.75092976624517,0.28661585062543116,2.172602274286969,0.015763871784398715,2.1568384025025704
2025-11-07 00:00:00-08:00,4.595686890596567,4.595686890596567,26.225501554116352,26.225501554116352,-21.629814663519785,-21.629814663519785,21.84821340701875,0.218398743498965,2.4033034747720627,0.012011930892443075,2.39129154387962
2025-11-08 00:00:00-08:00,4.434847226959303,4.434847226959303,29.02837321958531,29.02837321958531,-24.593525992626006,-24.593525992626006,24.715896204312344,0.1223702116863401,2.718748582474358,0.006730361642748706,2.712018220831609
2025-11-09 00:00:00-08:00,4.201044901087726,4.201044901087726,28.386181261565326,28.386181261565326,-24.185136360477603,-24.185136360477603,24.290859384988565,0.10572302451096471,2.671994532348742,0.005814766348103059,2.666179766000639
2025-11-10 00:00:00-08:00,4.102651369833892,4.102651369833892,26.735773463705765,26.735773463705765,-22.633122093871872,-22.633122093871872,22.754278646201254,0.12115655232938138,2.502970651082138,0.006663610378115976,2.4963070407040218
2025-11-11 00:00:00-08:00,4.028882135491684,4.028882135491684,24.245182259219263,24.245182259219263,-20.216300123727578,-20.216300123727578,20.371415767109855,0.15511564338227607,2.2408557343820843,0.008531360386025184,2.232324373996059
2025-11-12 00:00:00-08:00,4.067620375936478,4.067620375936478,22.169651823496647,22.169651823496647,-18.10203144756017,-18.10203144756017,18.29045745783927,0.18842601027910277,2.01195032036232,0.010363430565350653,2.001586889796969
2025-11-13 00:00:00-08:00,4.1180892707171575,4.1180892707171575,24.215256886534803,24.215256886534803,-20.097167615817646,-20.097167615817646,20.260963363460426,0.1637957476427792,2.228705969980647,0.009008766120352856,2.219697203860294
2025-11-14 00:00:00-08:00,4.218188109073649,4.218188109073649,22.7337954961011,22.7337954961011,-18.51560738702745,-18.51560738702745,18.696251456474833,0.18064406944738487,2.0565876602122315,0.009935423819606168,2.0466522363926254
2025-11-15 00:00:00-08:00,4.348894227422277,4.348894227422277,24.033355264310845,24.033355264310845,-19.684461036888568,-19.684461036888568,19.853290253559898,0.16882921667133166,2.1838619278915887,0.009285606916923242,2.1745763209746656
2025-11-16 00:00:00-08:00,4.434051792175831,4.434051792175831,24.79154858035211,24.79154858035211,-20.357496788176277,-20.357496788176277,20.521786158096724,0.16428936992044646,2.2573964773906394,0.009035915345624555,2.248360562045015
2025-11-17 00:00:00-08:00,4.50862268540265,4.50862268540265,24.3216084232278,24.3216084232278,-19.812985737825148,-19.812985737825148,20.016618677570605,0.20363293974545554,2.2018280545327666,0.011199811686000054,2.1906282428467665
2025-11-18 00:00:00-08:00,4.485404032490106,4.485404032490106,24.710299189718878,24.710299189718878,-20.224895157228772,-20.224895157228772,20.368574022486808,0.14367886525803553,2.2405431424735487,0.007902337589191955,2.232640804884357
2025-11-19 00:00:00-08:00,4.3708908015911,4.3708908015911,26.151367029014576,26.151367029014576,-21.780476227423474,-21.780476227423474,21.910657328561015,0.1301811011375415,2.4101723061417117,0.007159960562564783,2.403012345579147
2025-11-20 00:00:00-08:00,4.33518777773426,4.33518777773426,24.68297271087231,24.68297271087231,-20.34778493313805,-20.34778493313805,20.46349240027027,0.11570746713221558,2.2509841640297297,0.0063639106922718566,2.244620253337458
2025-11-21 00:00:00-08:00,4.42770110629987,4.42770110629987,25.601579543414775,25.601579543414775,-21.173878437114904,-21.173878437114904,21.260418621636116,0.08654018452121298,2.3386460483799727,0.004759710148666714,2.333886338231306
2025-11-22 00:00:00-08:00,4.604645278821194,4.604645278821194,25.733948130590978,25.733948130590978,-21.129302851769783,-21.129302851769783,21.252128946912382,0.12282609514259762,2.3377341841603623,0.00675543523284287,2.3309787489275196
2025-11-23 00:00:00-08:00,4.655860035406787,4.655860035406787,24.395200208775556,24.395200208775556,-19.739340173368767,-19.739340173368767,19.933723110487257,0.19438293711848947,2.1927095421535983,0.010691061541516922,2.1820184806120815
2025-11-24 00:00:00-08:00,4.690887717732422,4.690887717732422,25.58374229988649,25.58374229988649,-20.89285458215407,-20.89285458215407,21.027824687993824,0.13497010583975466,2.313060715679321,0.007423355821186506,2.3056373598581343
2025-11-25 00:00:00-08:00,4.5263989868591885,4.5263989868591885,24.979250803488725,24.979250803488725,-20.452851816629536,-20.452851816629536,20.533496501001373,0.08064468437183697,2.258684615110151,0.004435457640451034,2.2542491574697
2025-11-26 00:00:00-08:00,4.507930951406997,4.507930951406997,26.098013647560055,26.098013647560055,-21.590082696153058,-21.590082696153058,21.672342929630453,0.0822602334773957,2.3839577222593498,0.004524312841256763,2.379433409418093
2025-11-27 00:00:00-08:00,4.291696612705996,4.291696612705996,26.181827910263078,26.181827910263078,-21.890131297557083,-21.890131297557083,21.984055392702732,0.09392409514565003,2.4182460931973004,0.005165825233010752,2.4130802679642898
2025-11-28 00:00:00-08:00,4.158255149704228,4.158255149704228,26.30270917204773,26.30270917204773,-22.144454022343503,-22.144454022343503,22.1836818689344,0.039227846590897786,2.440205005582784,0.002157531562499378,2.438047474020285
2025-11-29 00:00:00-08:00,4.043097344335462,4.043097344335462,26.41794067283001,26.41794067283001,-22.37484332849455,-22.37484332849455,22.37484332849455,0.0,2.4612327661344002,0.0,2.4612327661344002
2025-11-30 00:00:00-08:00,4.151370656735622,4.151370656735622,25.593381651769345,25.593381651769345,-21.442010995033723,-21.442010995033723,21.459921260171352,0.017910265137627113,2.360591338618849,0.0009850645825694913,2.3596062740362793
2025-12-01 00:00:00-08:00,4.123246955661483,4.123246955661483,22.695850782757415,22.695850782757415,-18.572603827095932,-18.572603827095932,18.632367318574023,0.05976349147809279,2.0495604050431426,0.0032869920312951035,2.0462734130118476
2025-12-02 00:00:00-08:00,4.149714661130376,4.149714661130376,21.618053410427326,21.618053410427326,-17.468338749296947,-17.468338749296947,17.593840527933576,0.12550177863662804,1.9353224580726933,0.006902597825014542,1.9284198602476788
2025-12-03 00:00:00-08:00,4.205983017084238,4.205983017084238,22.47808077376234,22.47808077376234,-18.2720977566781,-18.2720977566781,18.376981561124307,0.10488380444620732,2.021467971723674,0.005768609244541403,2.0156993624791326
2025-12-04 00:00:00-08:00,4.020845589627013,4.020845589627013,25.445356258305015,25.445356258305015,-21.424510668678003,-21.424510668678003,21.43278643716529,0.008275768487290225,2.357606508088182,0.0004551672668009624,2.357151340821381
2025-12-05 00:00:00-08:00,3.926672169174851,3.926672169174851,23.574322026067,23.574322026067,-19.64764985689215,-19.64764985689215,19.71014874993333,0.06249889304118339,2.1681163624926665,0.0034374391172650866,2.1646789233754014
2025-12-06 00:00:00-08:00,3.8905860985982983,3.8905860985982983,25.205012843221173,25.205012843221173,-21.314426744622875,-21.314426744622875,21.331100679166447,0.01667393454357502,2.346421074708309,0.0009170663998966261,2.3455040083084127
2025-12-07 00:00:00-08:00,3.840439587039458,3.840439587039458,28.86188011517537,28.86188011517537,-25.021440528135912,-25.021440528135912,25.021440528135912,0.0,2.7523584580949505,0.0,2.7523584580949505
2025-12-08 00:00:00-08:00,3.646514861168841,3.646514861168841,25.811510344008017,25.811510344008017,-22.164995482839178,-22.164995482839178,22.164995482839178,0.0,2.4381495031123097,0.0,2.4381495031123097
2025-12-09 00:00:00-08:00,3.5539896748648196,3.5539896748648196,22.430578052149876,22.430578052149876,-18.876588377285056,-18.876588377285056,18.910909674591426,0.0343212973063719,2.080200064205057,0.0018876713518504546,2.0783123928532063
2025-12-10 00:00:00-08:00,3.53869936030006,3.53869936030006,23.005069405703193,23.005069405703193,-19.466370045403135,-19.466370045403135,19.510983789444186,0.044613744041051284,2.1462082168388603,0.0024537559222578206,2.1437544609166026
2025-12-11 00:00:00-08:00,3.6403559006734336,3.6403559006734336,26.162251866021307,26.162251866021307,-22.521895965347873,-22.521895965347873,22.574817509534995,0.052921544187122194,2.4832299260488493,0.0029106849302917206,2.4803192411185577
2025-12-12 00:00:00-08:00,3.454973746584351,3.454973746584351,24.408115043565356,24.408115043565356,-20.953141296981006,-20.953141296981006,20.96776587002369,0.014624573042686162,2.306454245702606,0.0008043515173477389,2.305649894185258
2025-12-13 00:00:00-08:00,3.399542668668939,3.399542668668939,29.379971581656264,29.379971581656264,-25.980428912987325,-25.980428912987325,25.980428912987325,0.0,2.857847180428606,0.0,2.857847180428606
2025-12-14 00:00:00-08:00,3.406071862236926,3.406071862236926,29.14142389614769,29.14142389614769,-25.735352033910765,-25.735352033910765,25.735352033910765,0.0,2.830888723730184,0.0,2.830888723730184
2025-12-15 00:00:00-08:00,3.3522646648957086,3.3522646648957086,25.62004563004614,25.62004563004614,-22.26778096515043,-22.26778096515043,22.26778096515043,0.0,2.449455906166547,0.0,2.449455906166547
2025-12-16 00:00:00-08:00,3.4900929027546796,3.4900929027546796,22.179358410923655,22.179358410923655,-18.689265508168976,-18.689265508168976,18.78734301995704,0.09807751178806112,2.066607732195274,0.005394263148343362,2.0612134690469306
2025-12-17 00:00:00-08:00,3.4349264062083864,3.4349264062083864,23.882123057520154,23.882123057520154,-20.447196651311767,-20.447196651311767,20.485101566680413,0.03790491536864443,2.2533611723348455,0.0020847703452754438,2.25127640198957
2025-12-18 00:00:00-08:00,3.4435352725426513,3.4435352725426513,24.452869245692447,24.452869245692447,-21.009333973149797,-21.009333973149797,21.057847978150086,0.048514005000290406,2.3163632775965093,0.002668270275015972,2.3136950073214932
2025-12-19 00:00:00-08:00,3.3384665654819807,3.3384665654819807,25.757676081714532,25.757676081714532,-22.419209516232552,-22.419209516232552,22.45163448814945,0.03242497191689564,2.4696797936964394,0.0017833734554292603,2.46789642024101
